frame,object_id,track_id,track_age,track_iou,track_centroid_distance,class_name,confidence,box_x1,box_y1,box_x2,box_y2,area,point_name,x,y,method,video_path
0,0,0,1,,,lunar_lander_agent,1.0,223.0,249.0,535.0,312.0,6726,centroid,427.4289245605469,293.36114501953125,mask PCA skeleton + low contact point,generated_videos/control_points_1_lunar.mp4
0,0,0,1,,,lunar_lander_agent,1.0,223.0,249.0,535.0,312.0,6726,axis_front,223.0,311.0,mask PCA skeleton + low contact point,generated_videos/control_points_1_lunar.mp4
0,0,0,1,,,lunar_lander_agent,1.0,223.0,249.0,535.0,312.0,6726,axis_back,534.0,253.0,mask PCA skeleton + low contact point,generated_videos/control_points_1_lunar.mp4
0,0,0,1,,,lunar_lander_agent,1.0,223.0,249.0,535.0,312.0,6726,axis_left,534.0,311.0,mask PCA skeleton + low contact point,generated_videos/control_points_1_lunar.mp4
0,0,0,1,,,lunar_lander_agent,1.0,223.0,249.0,535.0,312.0,6726,axis_right,243.0,249.0,mask PCA skeleton + low contact point,generated_videos/control_points_1_lunar.mp4
0,0,0,1,,,lunar_lander_agent,1.0,223.0,249.0,535.0,312.0,6726,contact_low,379.0,310.0,mask PCA skeleton + low contact point,generated_videos/control_points_1_lunar.mp4
1,0,0,2,1.0,0.093044743511902,lunar_lander_agent,1.0,223.0,249.0,535.0,312.0,6729,centroid,427.3389892578125,293.33734130859375,mask PCA skeleton + low contact point,generated_videos/control_points_1_lunar.mp4
1,0,0,2,1.0,0.093044743511902,lunar_lander_agent,1.0,223.0,249.0,535.0,312.0,6729,axis_front,223.0,311.0,mask PCA skeleton + low contact point,generated_videos/control_points_1_lunar.mp4
1,0,0,2,1.0,0.093044743511902,lunar_lander_agent,1.0,223.0,249.0,535.0,312.0,6729,axis_back,534.0,253.0,mask PCA skeleton + low contact point,generated_videos/control_points_1_lunar.mp4
1,0,0,2,1.0,0.093044743511902,lunar_lander_agent,1.0,223.0,249.0,535.0,312.0,6729,axis_left,534.0,311.0,mask PCA skeleton + low contact point,generated_videos/control_points_1_lunar.mp4
1,0,0,2,1.0,0.093044743511902,lunar_lander_agent,1.0,223.0,249.0,535.0,312.0,6729,axis_right,243.0,249.0,mask PCA skeleton + low contact point,generated_videos/control_points_1_lunar.mp4
1,0,0,2,1.0,0.093044743511902,lunar_lander_agent,1.0,223.0,249.0,535.0,312.0,6729,contact_low,379.0,310.0,mask PCA skeleton + low contact point,generated_videos/control_points_1_lunar.mp4
2,0,0,3,1.0,0.02669311516116428,lunar_lander_agent,1.0,223.0,249.0,535.0,312.0,6730,centroid,427.3130798339844,293.3309020996094,mask PCA skeleton + low contact point,generated_videos/control_points_1_lunar.mp4
2,0,0,3,1.0,0.02669311516116428,lunar_lander_agent,1.0,223.0,249.0,535.0,312.0,6730,axis_front,223.0,311.0,mask PCA skeleton + low contact point,generated_videos/control_points_1_lunar.mp4
2,0,0,3,1.0,0.02669311516116428,lunar_lander_agent,1.0,223.0,249.0,535.0,312.0,6730,axis_back,534.0,253.0,mask PCA skeleton + low contact point,generated_videos/control_points_1_lunar.mp4
2,0,0,3,1.0,0.02669311516116428,lunar_lander_agent,1.0,223.0,249.0,535.0,312.0,6730,axis_left,534.0,311.0,mask PCA skeleton + low contact point,generated_videos/control_points_1_lunar.mp4
2,0,0,3,1.0,0.02669311516116428,lunar_lander_agent,1.0,223.0,249.0,535.0,312.0,6730,axis_right,243.0,249.0,mask PCA skeleton + low contact point,generated_videos/control_points_1_lunar.mp4
2,0,0,3,1.0,0.02669311516116428,lunar_lander_agent,1.0,223.0,249.0,535.0,312.0,6730,contact_low,379.0,310.0,mask PCA skeleton + low contact point,generated_videos/control_points_1_lunar.mp4
3,0,0,4,1.0,0.0,lunar_lander_agent,1.0,223.0,249.0,535.0,312.0,6730,centroid,427.3130798339844,293.3309020996094,mask PCA skeleton + low contact point,generated_videos/control_points_1_lunar.mp4
3,0,0,4,1.0,0.0,lunar_lander_agent,1.0,223.0,249.0,535.0,312.0,6730,axis_front,223.0,311.0,mask PCA skeleton + low contact point,generated_videos/control_points_1_lunar.mp4
3,0,0,4,1.0,0.0,lunar_lander_agent,1.0,223.0,249.0,535.0,312.0,6730,axis_back,534.0,253.0,mask PCA skeleton + low contact point,generated_videos/control_points_1_lunar.mp4
3,0,0,4,1.0,0.0,lunar_lander_agent,1.0,223.0,249.0,535.0,312.0,6730,axis_left,534.0,311.0,mask PCA skeleton + low contact point,generated_videos/control_points_1_lunar.mp4
3,0,0,4,1.0,0.0,lunar_lander_agent,1.0,223.0,249.0,535.0,312.0,6730,axis_right,243.0,249.0,mask PCA skeleton + low contact point,generated_videos/control_points_1_lunar.mp4
3,0,0,4,1.0,0.0,lunar_lander_agent,1.0,223.0,249.0,535.0,312.0,6730,contact_low,379.0,310.0,mask PCA skeleton + low contact point,generated_videos/control_points_1_lunar.mp4
4,0,0,5,1.0,0.0,lunar_lander_agent,1.0,223.0,249.0,535.0,312.0,6730,centroid,427.3130798339844,293.3309020996094,mask PCA skeleton + low contact point,generated_videos/control_points_1_lunar.mp4
4,0,0,5,1.0,0.0,lunar_lander_agent,1.0,223.0,249.0,535.0,312.0,6730,axis_front,223.0,311.0,mask PCA skeleton + low contact point,generated_videos/control_points_1_lunar.mp4
4,0,0,5,1.0,0.0,lunar_lander_agent,1.0,223.0,249.0,535.0,312.0,6730,axis_back,534.0,253.0,mask PCA skeleton + low contact point,generated_videos/control_points_1_lunar.mp4
4,0,0,5,1.0,0.0,lunar_lander_agent,1.0,223.0,249.0,535.0,312.0,6730,axis_left,534.0,311.0,mask PCA skeleton + low contact point,generated_videos/control_points_1_lunar.mp4
4,0,0,5,1.0,0.0,lunar_lander_agent,1.0,223.0,249.0,535.0,312.0,6730,axis_right,243.0,249.0,mask PCA skeleton + low contact point,generated_videos/control_points_1_lunar.mp4
4,0,0,5,1.0,0.0,lunar_lander_agent,1.0,223.0,249.0,535.0,312.0,6730,contact_low,379.0,310.0,mask PCA skeleton + low contact point,generated_videos/control_points_1_lunar.mp4
5,0,0,6,1.0,0.0,lunar_lander_agent,1.0,223.0,249.0,535.0,312.0,6730,centroid,427.3130798339844,293.3309020996094,mask PCA skeleton + low contact point,generated_videos/control_points_1_lunar.mp4
5,0,0,6,1.0,0.0,lunar_lander_agent,1.0,223.0,249.0,535.0,312.0,6730,axis_front,223.0,311.0,mask PCA skeleton + low contact point,generated_videos/control_points_1_lunar.mp4
5,0,0,6,1.0,0.0,lunar_lander_agent,1.0,223.0,249.0,535.0,312.0,6730,axis_back,534.0,253.0,mask PCA skeleton + low contact point,generated_videos/control_points_1_lunar.mp4
5,0,0,6,1.0,0.0,lunar_lander_agent,1.0,223.0,249.0,535.0,312.0,6730,axis_left,534.0,311.0,mask PCA skeleton + low contact point,generated_videos/control_points_1_lunar.mp4
5,0,0,6,1.0,0.0,lunar_lander_agent,1.0,223.0,249.0,535.0,312.0,6730,axis_right,243.0,249.0,mask PCA skeleton + low contact point,generated_videos/control_points_1_lunar.mp4
5,0,0,6,1.0,0.0,lunar_lander_agent,1.0,223.0,249.0,535.0,312.0,6730,contact_low,379.0,310.0,mask PCA skeleton + low contact point,generated_videos/control_points_1_lunar.mp4
6,0,1,1,,,lunar_lander_agent,1.0,285.0,33.0,292.0,38.0,25,centroid,287.760009765625,34.599998474121094,mask PCA skeleton + low contact point,generated_videos/control_points_1_lunar.mp4
6,0,1,1,,,lunar_lander_agent,1.0,285.0,33.0,292.0,38.0,25,axis_front,285.0,36.0,mask PCA skeleton + low contact point,generated_videos/control_points_1_lunar.mp4
6,0,1,1,,,lunar_lander_agent,1.0,285.0,33.0,292.0,38.0,25,axis_back,291.0,33.0,mask PCA skeleton + low contact point,generated_videos/control_points_1_lunar.mp4
6,0,1,1,,,lunar_lander_agent,1.0,285.0,33.0,292.0,38.0,25,axis_left,288.0,37.0,mask PCA skeleton + low contact point,generated_videos/control_points_1_lunar.mp4
6,0,1,1,,,lunar_lander_agent,1.0,285.0,33.0,292.0,38.0,25,axis_right,286.0,33.0,mask PCA skeleton + low contact point,generated_videos/control_points_1_lunar.mp4
6,0,1,1,,,lunar_lander_agent,1.0,285.0,33.0,292.0,38.0,25,contact_low,288.0,36.0,mask PCA skeleton + low contact point,generated_videos/control_points_1_lunar.mp4
7,0,1,2,0.3048780487804878,3.5130652965434535,lunar_lander_agent,1.0,287.0,33.0,296.0,41.0,48,centroid,290.7916564941406,36.375,mask PCA skeleton + low contact point,generated_videos/control_points_1_lunar.mp4
7,0,1,2,0.3048780487804878,3.5130652965434535,lunar_lander_agent,1.0,287.0,33.0,296.0,41.0,48,axis_front,288.0,40.0,mask PCA skeleton + low contact point,generated_videos/control_points_1_lunar.mp4
7,0,1,2,0.3048780487804878,3.5130652965434535,lunar_lander_agent,1.0,287.0,33.0,296.0,41.0,48,axis_back,295.0,33.0,mask PCA skeleton + low contact point,generated_videos/control_points_1_lunar.mp4
7,0,1,2,0.3048780487804878,3.5130652965434535,lunar_lander_agent,1.0,287.0,33.0,296.0,41.0,48,axis_left,292.0,40.0,mask PCA skeleton + low contact point,generated_videos/control_points_1_lunar.mp4
7,0,1,2,0.3048780487804878,3.5130652965434535,lunar_lander_agent,1.0,287.0,33.0,296.0,41.0,48,axis_right,289.0,34.0,mask PCA skeleton + low contact point,generated_videos/control_points_1_lunar.mp4
7,0,1,2,0.3048780487804878,3.5130652965434535,lunar_lander_agent,1.0,287.0,33.0,296.0,41.0,48,contact_low,290.0,40.0,mask PCA skeleton + low contact point,generated_videos/control_points_1_lunar.mp4
8,0,1,3,0.3783783783783784,3.254722079066914,lunar_lander_agent,1.0,289.0,33.0,300.0,45.0,78,centroid,293.3717956542969,38.35897445678711,mask PCA skeleton + low contact point,generated_videos/control_points_1_lunar.mp4
8,0,1,3,0.3783783783783784,3.254722079066914,lunar_lander_agent,1.0,289.0,33.0,300.0,45.0,78,axis_front,290.0,44.0,mask PCA skeleton + low contact point,generated_videos/control_points_1_lunar.mp4
8,0,1,3,0.3783783783783784,3.254722079066914,lunar_lander_agent,1.0,289.0,33.0,300.0,45.0,78,axis_back,299.0,33.0,mask PCA skeleton + low contact point,generated_videos/control_points_1_lunar.mp4
8,0,1,3,0.3783783783783784,3.254722079066914,lunar_lander_agent,1.0,289.0,33.0,300.0,45.0,78,axis_left,294.0,44.0,mask PCA skeleton + low contact point,generated_videos/control_points_1_lunar.mp4
8,0,1,3,0.3783783783783784,3.254722079066914,lunar_lander_agent,1.0,289.0,33.0,300.0,45.0,78,axis_right,292.0,34.0,mask PCA skeleton + low contact point,generated_videos/control_points_1_lunar.mp4
8,0,1,3,0.3783783783783784,3.254722079066914,lunar_lander_agent,1.0,289.0,33.0,300.0,45.0,78,contact_low,292.0,44.0,mask PCA skeleton + low contact point,generated_videos/control_points_1_lunar.mp4
9,0,1,4,0.09863013698630137,27.299088912336995,lunar_lander_agent,1.0,291.0,33.0,354.0,50.0,556,centroid,320.6708679199219,38.325538635253906,mask PCA skeleton + low contact point,generated_videos/control_points_1_lunar.mp4
9,0,1,4,0.09863013698630137,27.299088912336995,lunar_lander_agent,1.0,291.0,33.0,354.0,50.0,556,axis_front,291.0,47.0,mask PCA skeleton + low contact point,generated_videos/control_points_1_lunar.mp4
9,0,1,4,0.09863013698630137,27.299088912336995,lunar_lander_agent,1.0,291.0,33.0,354.0,50.0,556,axis_back,353.0,44.0,mask PCA skeleton + low contact point,generated_videos/control_points_1_lunar.mp4
9,0,1,4,0.09863013698630137,27.299088912336995,lunar_lander_agent,1.0,291.0,33.0,354.0,50.0,556,axis_left,294.0,49.0,mask PCA skeleton + low contact point,generated_videos/control_points_1_lunar.mp4
9,0,1,4,0.09863013698630137,27.299088912336995,lunar_lander_agent,1.0,291.0,33.0,354.0,50.0,556,axis_right,297.0,33.0,mask PCA skeleton + low contact point,generated_videos/control_points_1_lunar.mp4
9,0,1,4,0.09863013698630137,27.299088912336995,lunar_lander_agent,1.0,291.0,33.0,354.0,50.0,556,contact_low,295.0,45.0,mask PCA skeleton + low contact point,generated_videos/control_points_1_lunar.mp4
10,0,1,5,0.12952898550724637,24.60786924043652,lunar_lander_agent,1.0,292.0,37.0,303.0,53.0,100,centroid,296.92999267578125,44.79999923706055,mask PCA skeleton + low contact point,generated_videos/control_points_1_lunar.mp4
10,0,1,5,0.12952898550724637,24.60786924043652,lunar_lander_agent,1.0,292.0,37.0,303.0,53.0,100,axis_front,293.0,52.0,mask PCA skeleton + low contact point,generated_videos/control_points_1_lunar.mp4
10,0,1,5,0.12952898550724637,24.60786924043652,lunar_lander_agent,1.0,292.0,37.0,303.0,53.0,100,axis_back,302.0,38.0,mask PCA skeleton + low contact point,generated_videos/control_points_1_lunar.mp4
10,0,1,5,0.12952898550724637,24.60786924043652,lunar_lander_agent,1.0,292.0,37.0,303.0,53.0,100,axis_left,298.0,50.0,mask PCA skeleton + low contact point,generated_videos/control_points_1_lunar.mp4
10,0,1,5,0.12952898550724637,24.60786924043652,lunar_lander_agent,1.0,292.0,37.0,303.0,53.0,100,axis_right,292.0,48.0,mask PCA skeleton + low contact point,generated_videos/control_points_1_lunar.mp4
10,0,1,5,0.12952898550724637,24.60786924043652,lunar_lander_agent,1.0,292.0,37.0,303.0,53.0,100,contact_low,295.0,52.0,mask PCA skeleton + low contact point,generated_videos/control_points_1_lunar.mp4
11,0,1,6,0.47368421052631576,4.622215633797688,lunar_lander_agent,1.0,294.0,41.0,304.0,57.0,94,centroid,298.8829650878906,48.98936080932617,mask PCA skeleton + low contact point,generated_videos/control_points_1_lunar.mp4
11,0,1,6,0.47368421052631576,4.622215633797688,lunar_lander_agent,1.0,294.0,41.0,304.0,57.0,94,axis_front,294.0,56.0,mask PCA skeleton + low contact point,generated_videos/control_points_1_lunar.mp4
11,0,1,6,0.47368421052631576,4.622215633797688,lunar_lander_agent,1.0,294.0,41.0,304.0,57.0,94,axis_back,301.0,41.0,mask PCA skeleton + low contact point,generated_videos/control_points_1_lunar.mp4
11,0,1,6,0.47368421052631576,4.622215633797688,lunar_lander_agent,1.0,294.0,41.0,304.0,57.0,94,axis_left,303.0,47.0,mask PCA skeleton + low contact point,generated_videos/control_points_1_lunar.mp4
11,0,1,6,0.47368421052631576,4.622215633797688,lunar_lander_agent,1.0,294.0,41.0,304.0,57.0,94,axis_right,296.0,48.0,mask PCA skeleton + low contact point,generated_videos/control_points_1_lunar.mp4
11,0,1,6,0.47368421052631576,4.622215633797688,lunar_lander_agent,1.0,294.0,41.0,304.0,57.0,94,contact_low,296.0,56.0,mask PCA skeleton + low contact point,generated_videos/control_points_1_lunar.mp4
12,0,1,7,0.42857142857142855,4.426957280327959,lunar_lander_agent,1.0,296.0,45.0,306.0,61.0,87,centroid,300.7816162109375,52.98850631713867,mask PCA skeleton + low contact point,generated_videos/control_points_1_lunar.mp4
12,0,1,7,0.42857142857142855,4.426957280327959,lunar_lander_agent,1.0,296.0,45.0,306.0,61.0,87,axis_front,297.0,60.0,mask PCA skeleton + low contact point,generated_videos/control_points_1_lunar.mp4
12,0,1,7,0.42857142857142855,4.426957280327959,lunar_lander_agent,1.0,296.0,45.0,306.0,61.0,87,axis_back,303.0,45.0,mask PCA skeleton + low contact point,generated_videos/control_points_1_lunar.mp4
12,0,1,7,0.42857142857142855,4.426957280327959,lunar_lander_agent,1.0,296.0,45.0,306.0,61.0,87,axis_left,303.0,56.0,mask PCA skeleton + low contact point,generated_videos/control_points_1_lunar.mp4
12,0,1,7,0.42857142857142855,4.426957280327959,lunar_lander_agent,1.0,296.0,45.0,306.0,61.0,87,axis_right,296.0,58.0,mask PCA skeleton + low contact point,generated_videos/control_points_1_lunar.mp4
12,0,1,7,0.42857142857142855,4.426957280327959,lunar_lander_agent,1.0,296.0,45.0,306.0,61.0,87,contact_low,299.0,60.0,mask PCA skeleton + low contact point,generated_videos/control_points_1_lunar.mp4
13,0,1,8,0.05887764489420423,27.228700556389494,lunar_lander_agent,1.0,298.0,33.0,361.0,67.0,1077,centroid,327.4299011230469,47.3964729309082,mask PCA skeleton + low contact point,generated_videos/control_points_1_lunar.mp4
13,0,1,8,0.05887764489420423,27.228700556389494,lunar_lander_agent,1.0,298.0,33.0,361.0,67.0,1077,axis_front,298.0,65.0,mask PCA skeleton + low contact point,generated_videos/control_points_1_lunar.mp4
13,0,1,8,0.05887764489420423,27.228700556389494,lunar_lander_agent,1.0,298.0,33.0,361.0,67.0,1077,axis_back,360.0,61.0,mask PCA skeleton + low contact point,generated_videos/control_points_1_lunar.mp4
13,0,1,8,0.05887764489420423,27.228700556389494,lunar_lander_agent,1.0,298.0,33.0,361.0,67.0,1077,axis_left,302.0,66.0,mask PCA skeleton + low contact point,generated_videos/control_points_1_lunar.mp4
13,0,1,8,0.05887764489420423,27.228700556389494,lunar_lander_agent,1.0,298.0,33.0,361.0,67.0,1077,axis_right,312.0,33.0,mask PCA skeleton + low contact point,generated_videos/control_points_1_lunar.mp4
13,0,1,8,0.05887764489420423,27.228700556389494,lunar_lander_agent,1.0,298.0,33.0,361.0,67.0,1077,contact_low,303.0,59.0,mask PCA skeleton + low contact point,generated_videos/control_points_1_lunar.mp4
14,0,1,9,0.8307882789929839,3.375906051738851,lunar_lander_agent,1.0,300.0,34.0,362.0,71.0,1152,centroid,329.2716979980469,50.22569274902344,mask PCA skeleton + low contact point,generated_videos/control_points_1_lunar.mp4
14,0,1,9,0.8307882789929839,3.375906051738851,lunar_lander_agent,1.0,300.0,34.0,362.0,71.0,1152,axis_front,300.0,69.0,mask PCA skeleton + low contact point,generated_videos/control_points_1_lunar.mp4
14,0,1,9,0.8307882789929839,3.375906051738851,lunar_lander_agent,1.0,300.0,34.0,362.0,71.0,1152,axis_back,361.0,63.0,mask PCA skeleton + low contact point,generated_videos/control_points_1_lunar.mp4
14,0,1,9,0.8307882789929839,3.375906051738851,lunar_lander_agent,1.0,300.0,34.0,362.0,71.0,1152,axis_left,303.0,70.0,mask PCA skeleton + low contact point,generated_videos/control_points_1_lunar.mp4
14,0,1,9,0.8307882789929839,3.375906051738851,lunar_lander_agent,1.0,300.0,34.0,362.0,71.0,1152,axis_right,320.0,34.0,mask PCA skeleton + low contact point,generated_videos/control_points_1_lunar.mp4
14,0,1,9,0.8307882789929839,3.375906051738851,lunar_lander_agent,1.0,300.0,34.0,362.0,71.0,1152,contact_low,305.0,63.0,mask PCA skeleton + low contact point,generated_videos/control_points_1_lunar.mp4
15,0,1,10,0.7633674630261661,4.683901985108673,lunar_lander_agent,1.0,301.0,38.0,363.0,76.0,1165,centroid,330.6446228027344,54.703861236572266,mask PCA skeleton + low contact point,generated_videos/control_points_1_lunar.mp4
15,0,1,10,0.7633674630261661,4.683901985108673,lunar_lander_agent,1.0,301.0,38.0,363.0,76.0,1165,axis_front,301.0,74.0,mask PCA skeleton + low contact point,generated_videos/control_points_1_lunar.mp4
15,0,1,10,0.7633674630261661,4.683901985108673,lunar_lander_agent,1.0,301.0,38.0,363.0,76.0,1165,axis_back,362.0,67.0,mask PCA skeleton + low contact point,generated_videos/control_points_1_lunar.mp4
15,0,1,10,0.7633674630261661,4.683901985108673,lunar_lander_agent,1.0,301.0,38.0,363.0,76.0,1165,axis_left,359.0,71.0,mask PCA skeleton + low contact point,generated_videos/control_points_1_lunar.mp4
15,0,1,10,0.7633674630261661,4.683901985108673,lunar_lander_agent,1.0,301.0,38.0,363.0,76.0,1165,axis_right,324.0,38.0,mask PCA skeleton + low contact point,generated_videos/control_points_1_lunar.mp4
15,0,1,10,0.7633674630261661,4.683901985108673,lunar_lander_agent,1.0,301.0,38.0,363.0,76.0,1165,contact_low,305.0,68.0,mask PCA skeleton + low contact point,generated_videos/control_points_1_lunar.mp4
16,0,1,11,0.04987531172069826,28.791925696151313,lunar_lander_agent,1.0,303.0,64.0,313.0,81.0,101,centroid,307.4356384277344,71.7425765991211,mask PCA skeleton + low contact point,generated_videos/control_points_1_lunar.mp4
16,0,1,11,0.04987531172069826,28.791925696151313,lunar_lander_agent,1.0,303.0,64.0,313.0,81.0,101,axis_front,306.0,80.0,mask PCA skeleton + low contact point,generated_videos/control_points_1_lunar.mp4
16,0,1,11,0.04987531172069826,28.791925696151313,lunar_lander_agent,1.0,303.0,64.0,313.0,81.0,101,axis_back,311.0,64.0,mask PCA skeleton + low contact point,generated_videos/control_points_1_lunar.mp4
16,0,1,11,0.04987531172069826,28.791925696151313,lunar_lander_agent,1.0,303.0,64.0,313.0,81.0,101,axis_left,309.0,77.0,mask PCA skeleton + low contact point,generated_videos/control_points_1_lunar.mp4
16,0,1,11,0.04987531172069826,28.791925696151313,lunar_lander_agent,1.0,303.0,64.0,313.0,81.0,101,axis_right,306.0,66.0,mask PCA skeleton + low contact point,generated_videos/control_points_1_lunar.mp4
16,0,1,11,0.04987531172069826,28.791925696151313,lunar_lander_agent,1.0,303.0,64.0,313.0,81.0,101,contact_low,306.0,79.0,mask PCA skeleton + low contact point,generated_videos/control_points_1_lunar.mp4
17,0,1,12,0.0,52.998440025471545,lunar_lander_agent,1.0,355.0,63.0,366.0,80.0,97,centroid,360.4329833984375,71.40206146240234,mask PCA skeleton + low contact point,generated_videos/control_points_1_lunar.mp4
17,0,1,12,0.0,52.998440025471545,lunar_lander_agent,1.0,355.0,63.0,366.0,80.0,97,axis_front,365.0,79.0,mask PCA skeleton + low contact point,generated_videos/control_points_1_lunar.mp4
17,0,1,12,0.0,52.998440025471545,lunar_lander_agent,1.0,355.0,63.0,366.0,80.0,97,axis_back,356.0,64.0,mask PCA skeleton + low contact point,generated_videos/control_points_1_lunar.mp4
17,0,1,12,0.0,52.998440025471545,lunar_lander_agent,1.0,355.0,63.0,366.0,80.0,97,axis_left,365.0,73.0,mask PCA skeleton + low contact point,generated_videos/control_points_1_lunar.mp4
17,0,1,12,0.0,52.998440025471545,lunar_lander_agent,1.0,355.0,63.0,366.0,80.0,97,axis_right,360.0,77.0,mask PCA skeleton + low contact point,generated_videos/control_points_1_lunar.mp4
17,0,1,12,0.0,52.998440025471545,lunar_lander_agent,1.0,355.0,63.0,366.0,80.0,97,contact_low,363.0,78.0,mask PCA skeleton + low contact point,generated_videos/control_points_1_lunar.mp4
18,0,1,13,0.07663934426229509,25.630318080493915,lunar_lander_agent,1.0,307.0,51.0,368.0,91.0,1173,centroid,334.9659118652344,68.51406860351562,mask PCA skeleton + low contact point,generated_videos/control_points_1_lunar.mp4
18,0,1,13,0.07663934426229509,25.630318080493915,lunar_lander_agent,1.0,307.0,51.0,368.0,91.0,1173,axis_front,307.0,89.0,mask PCA skeleton + low contact point,generated_videos/control_points_1_lunar.mp4
18,0,1,13,0.07663934426229509,25.630318080493915,lunar_lander_agent,1.0,307.0,51.0,368.0,91.0,1173,axis_back,367.0,80.0,mask PCA skeleton + low contact point,generated_videos/control_points_1_lunar.mp4
18,0,1,13,0.07663934426229509,25.630318080493915,lunar_lander_agent,1.0,307.0,51.0,368.0,91.0,1173,axis_left,364.0,84.0,mask PCA skeleton + low contact point,generated_videos/control_points_1_lunar.mp4
18,0,1,13,0.07663934426229509,25.630318080493915,lunar_lander_agent,1.0,307.0,51.0,368.0,91.0,1173,axis_right,328.0,52.0,mask PCA skeleton + low contact point,generated_videos/control_points_1_lunar.mp4
18,0,1,13,0.07663934426229509,25.630318080493915,lunar_lander_agent,1.0,307.0,51.0,368.0,91.0,1173,contact_low,311.0,82.0,mask PCA skeleton + low contact point,generated_videos/control_points_1_lunar.mp4
19,0,1,14,0.041935483870967745,28.50989312774047,lunar_lander_agent,1.0,309.0,78.0,317.0,96.0,86,centroid,312.68603515625,86.30232238769531,mask PCA skeleton + low contact point,generated_videos/control_points_1_lunar.mp4
19,0,1,14,0.041935483870967745,28.50989312774047,lunar_lander_agent,1.0,309.0,78.0,317.0,96.0,86,axis_front,312.0,95.0,mask PCA skeleton + low contact point,generated_videos/control_points_1_lunar.mp4
19,0,1,14,0.041935483870967745,28.50989312774047,lunar_lander_agent,1.0,309.0,78.0,317.0,96.0,86,axis_back,314.0,78.0,mask PCA skeleton + low contact point,generated_videos/control_points_1_lunar.mp4
19,0,1,14,0.041935483870967745,28.50989312774047,lunar_lander_agent,1.0,309.0,78.0,317.0,96.0,86,axis_left,316.0,84.0,mask PCA skeleton + low contact point,generated_videos/control_points_1_lunar.mp4
19,0,1,14,0.041935483870967745,28.50989312774047,lunar_lander_agent,1.0,309.0,78.0,317.0,96.0,86,axis_right,309.0,91.0,mask PCA skeleton + low contact point,generated_videos/control_points_1_lunar.mp4
19,0,1,14,0.041935483870967745,28.50989312774047,lunar_lander_agent,1.0,309.0,78.0,317.0,96.0,86,contact_low,312.0,94.0,mask PCA skeleton + low contact point,generated_videos/control_points_1_lunar.mp4
20,0,1,15,0.39436619718309857,5.643022457517964,lunar_lander_agent,1.0,310.0,84.0,319.0,101.0,99,centroid,314.0909118652344,91.7676773071289,mask PCA skeleton + low contact point,generated_videos/control_points_1_lunar.mp4
20,0,1,15,0.39436619718309857,5.643022457517964,lunar_lander_agent,1.0,310.0,84.0,319.0,101.0,99,axis_front,310.0,99.0,mask PCA skeleton + low contact point,generated_videos/control_points_1_lunar.mp4
20,0,1,15,0.39436619718309857,5.643022457517964,lunar_lander_agent,1.0,310.0,84.0,319.0,101.0,99,axis_back,317.0,84.0,mask PCA skeleton + low contact point,generated_videos/control_points_1_lunar.mp4
20,0,1,15,0.39436619718309857,5.643022457517964,lunar_lander_agent,1.0,310.0,84.0,319.0,101.0,99,axis_left,317.0,93.0,mask PCA skeleton + low contact point,generated_videos/control_points_1_lunar.mp4
20,0,1,15,0.39436619718309857,5.643022457517964,lunar_lander_agent,1.0,310.0,84.0,319.0,101.0,99,axis_right,312.0,88.0,mask PCA skeleton + low contact point,generated_videos/control_points_1_lunar.mp4
20,0,1,15,0.39436619718309857,5.643022457517964,lunar_lander_agent,1.0,310.0,84.0,319.0,101.0,99,contact_low,313.0,99.0,mask PCA skeleton + low contact point,generated_videos/control_points_1_lunar.mp4
21,0,1,16,0.04771451483560545,27.02612723512556,lunar_lander_agent,1.0,312.0,65.0,372.0,106.0,1197,centroid,339.7184753417969,83.1863021850586,mask PCA skeleton + low contact point,generated_videos/control_points_1_lunar.mp4
21,0,1,16,0.04771451483560545,27.02612723512556,lunar_lander_agent,1.0,312.0,65.0,372.0,106.0,1197,axis_front,312.0,105.0,mask PCA skeleton + low contact point,generated_videos/control_points_1_lunar.mp4
21,0,1,16,0.04771451483560545,27.02612723512556,lunar_lander_agent,1.0,312.0,65.0,372.0,106.0,1197,axis_back,371.0,92.0,mask PCA skeleton + low contact point,generated_videos/control_points_1_lunar.mp4
21,0,1,16,0.04771451483560545,27.02612723512556,lunar_lander_agent,1.0,312.0,65.0,372.0,106.0,1197,axis_left,369.0,98.0,mask PCA skeleton + low contact point,generated_videos/control_points_1_lunar.mp4
21,0,1,16,0.04771451483560545,27.02612723512556,lunar_lander_agent,1.0,312.0,65.0,372.0,106.0,1197,axis_right,338.0,66.0,mask PCA skeleton + low contact point,generated_videos/control_points_1_lunar.mp4
21,0,1,16,0.04771451483560545,27.02612723512556,lunar_lander_agent,1.0,312.0,65.0,372.0,106.0,1197,contact_low,316.0,97.0,mask PCA skeleton + low contact point,generated_videos/control_points_1_lunar.mp4
22,0,1,17,0.7219917012448133,4.935191524067574,lunar_lander_agent,1.0,314.0,70.0,374.0,112.0,1186,centroid,340.791748046875,88.00337219238281,mask PCA skeleton + low contact point,generated_videos/control_points_1_lunar.mp4
22,0,1,17,0.7219917012448133,4.935191524067574,lunar_lander_agent,1.0,314.0,70.0,374.0,112.0,1186,axis_front,314.0,110.0,mask PCA skeleton + low contact point,generated_videos/control_points_1_lunar.mp4
22,0,1,17,0.7219917012448133,4.935191524067574,lunar_lander_agent,1.0,314.0,70.0,374.0,112.0,1186,axis_back,373.0,98.0,mask PCA skeleton + low contact point,generated_videos/control_points_1_lunar.mp4
22,0,1,17,0.7219917012448133,4.935191524067574,lunar_lander_agent,1.0,314.0,70.0,374.0,112.0,1186,axis_left,370.0,103.0,mask PCA skeleton + low contact point,generated_videos/control_points_1_lunar.mp4
22,0,1,17,0.7219917012448133,4.935191524067574,lunar_lander_agent,1.0,314.0,70.0,374.0,112.0,1186,axis_right,332.0,72.0,mask PCA skeleton + low contact point,generated_videos/control_points_1_lunar.mp4
22,0,1,17,0.7219917012448133,4.935191524067574,lunar_lander_agent,1.0,314.0,70.0,374.0,112.0,1186,contact_low,317.0,102.0,mask PCA skeleton + low contact point,generated_videos/control_points_1_lunar.mp4
23,0,1,18,0.7415342087076711,5.261381947424379,lunar_lander_agent,1.0,316.0,75.0,376.0,117.0,1176,centroid,342.73468017578125,92.89286041259766,mask PCA skeleton + low contact point,generated_videos/control_points_1_lunar.mp4
23,0,1,18,0.7415342087076711,5.261381947424379,lunar_lander_agent,1.0,316.0,75.0,376.0,117.0,1176,axis_front,316.0,115.0,mask PCA skeleton + low contact point,generated_videos/control_points_1_lunar.mp4
23,0,1,18,0.7415342087076711,5.261381947424379,lunar_lander_agent,1.0,316.0,75.0,376.0,117.0,1176,axis_back,375.0,105.0,mask PCA skeleton + low contact point,generated_videos/control_points_1_lunar.mp4
23,0,1,18,0.7415342087076711,5.261381947424379,lunar_lander_agent,1.0,316.0,75.0,376.0,117.0,1176,axis_left,319.0,116.0,mask PCA skeleton + low contact point,generated_videos/control_points_1_lunar.mp4
23,0,1,18,0.7415342087076711,5.261381947424379,lunar_lander_agent,1.0,316.0,75.0,376.0,117.0,1176,axis_right,340.0,76.0,mask PCA skeleton + low contact point,generated_videos/control_points_1_lunar.mp4
23,0,1,18,0.7415342087076711,5.261381947424379,lunar_lander_agent,1.0,316.0,75.0,376.0,117.0,1176,contact_low,319.0,106.0,mask PCA skeleton + low contact point,generated_videos/control_points_1_lunar.mp4
24,0,1,19,0.040625,29.45172846254116,lunar_lander_agent,1.0,317.0,104.0,325.0,122.0,105,centroid,320.6190490722656,112.34285736083984,mask PCA skeleton + low contact point,generated_videos/control_points_1_lunar.mp4
24,0,1,19,0.040625,29.45172846254116,lunar_lander_agent,1.0,317.0,104.0,325.0,122.0,105,axis_front,320.0,121.0,mask PCA skeleton + low contact point,generated_videos/control_points_1_lunar.mp4
24,0,1,19,0.040625,29.45172846254116,lunar_lander_agent,1.0,317.0,104.0,325.0,122.0,105,axis_back,323.0,104.0,mask PCA skeleton + low contact point,generated_videos/control_points_1_lunar.mp4
24,0,1,19,0.040625,29.45172846254116,lunar_lander_agent,1.0,317.0,104.0,325.0,122.0,105,axis_left,323.0,117.0,mask PCA skeleton + low contact point,generated_videos/control_points_1_lunar.mp4
24,0,1,19,0.040625,29.45172846254116,lunar_lander_agent,1.0,317.0,104.0,325.0,122.0,105,axis_right,317.0,115.0,mask PCA skeleton + low contact point,generated_videos/control_points_1_lunar.mp4
24,0,1,19,0.040625,29.45172846254116,lunar_lander_agent,1.0,317.0,104.0,325.0,122.0,105,contact_low,320.0,120.0,mask PCA skeleton + low contact point,generated_videos/control_points_1_lunar.mp4
25,0,1,20,0.04197434900893898,26.496011148989897,lunar_lander_agent,1.0,319.0,84.0,378.0,127.0,1202,centroid,345.2296142578125,102.52661895751953,mask PCA skeleton + low contact point,generated_videos/control_points_1_lunar.mp4
25,0,1,20,0.04197434900893898,26.496011148989897,lunar_lander_agent,1.0,319.0,84.0,378.0,127.0,1202,axis_front,319.0,124.0,mask PCA skeleton + low contact point,generated_videos/control_points_1_lunar.mp4
25,0,1,20,0.04197434900893898,26.496011148989897,lunar_lander_agent,1.0,319.0,84.0,378.0,127.0,1202,axis_back,377.0,112.0,mask PCA skeleton + low contact point,generated_videos/control_points_1_lunar.mp4
25,0,1,20,0.04197434900893898,26.496011148989897,lunar_lander_agent,1.0,319.0,84.0,378.0,127.0,1202,axis_left,323.0,126.0,mask PCA skeleton + low contact point,generated_videos/control_points_1_lunar.mp4
25,0,1,20,0.04197434900893898,26.496011148989897,lunar_lander_agent,1.0,319.0,84.0,378.0,127.0,1202,axis_right,338.0,86.0,mask PCA skeleton + low contact point,generated_videos/control_points_1_lunar.mp4
25,0,1,20,0.04197434900893898,26.496011148989897,lunar_lander_agent,1.0,319.0,84.0,378.0,127.0,1202,contact_low,323.0,117.0,mask PCA skeleton + low contact point,generated_videos/control_points_1_lunar.mp4
26,0,1,21,0.7725201542236243,4.725306706011329,lunar_lander_agent,1.0,320.0,89.0,380.0,131.0,1184,centroid,346.33868408203125,107.11993408203125,mask PCA skeleton + low contact point,generated_videos/control_points_1_lunar.mp4
26,0,1,21,0.7725201542236243,4.725306706011329,lunar_lander_agent,1.0,320.0,89.0,380.0,131.0,1184,axis_front,320.0,130.0,mask PCA skeleton + low contact point,generated_videos/control_points_1_lunar.mp4
26,0,1,21,0.7725201542236243,4.725306706011329,lunar_lander_agent,1.0,320.0,89.0,380.0,131.0,1184,axis_back,379.0,116.0,mask PCA skeleton + low contact point,generated_videos/control_points_1_lunar.mp4
26,0,1,21,0.7725201542236243,4.725306706011329,lunar_lander_agent,1.0,320.0,89.0,380.0,131.0,1184,axis_left,376.0,121.0,mask PCA skeleton + low contact point,generated_videos/control_points_1_lunar.mp4
26,0,1,21,0.7725201542236243,4.725306706011329,lunar_lander_agent,1.0,320.0,89.0,380.0,131.0,1184,axis_right,334.0,92.0,mask PCA skeleton + low contact point,generated_videos/control_points_1_lunar.mp4
26,0,1,21,0.7725201542236243,4.725306706011329,lunar_lander_agent,1.0,320.0,89.0,380.0,131.0,1184,contact_low,323.0,121.0,mask PCA skeleton + low contact point,generated_videos/control_points_1_lunar.mp4
27,0,1,22,0.761049723756906,4.935219379150755,lunar_lander_agent,1.0,322.0,93.0,382.0,136.0,1160,centroid,348.39569091796875,111.60603332519531,mask PCA skeleton + low contact point,generated_videos/control_points_1_lunar.mp4
27,0,1,22,0.761049723756906,4.935219379150755,lunar_lander_agent,1.0,322.0,93.0,382.0,136.0,1160,axis_front,322.0,133.0,mask PCA skeleton + low contact point,generated_videos/control_points_1_lunar.mp4
27,0,1,22,0.761049723756906,4.935219379150755,lunar_lander_agent,1.0,322.0,93.0,382.0,136.0,1160,axis_back,381.0,122.0,mask PCA skeleton + low contact point,generated_videos/control_points_1_lunar.mp4
27,0,1,22,0.761049723756906,4.935219379150755,lunar_lander_agent,1.0,322.0,93.0,382.0,136.0,1160,axis_left,379.0,125.0,mask PCA skeleton + low contact point,generated_videos/control_points_1_lunar.mp4
27,0,1,22,0.761049723756906,4.935219379150755,lunar_lander_agent,1.0,322.0,93.0,382.0,136.0,1160,axis_right,338.0,96.0,mask PCA skeleton + low contact point,generated_videos/control_points_1_lunar.mp4
27,0,1,22,0.761049723756906,4.935219379150755,lunar_lander_agent,1.0,322.0,93.0,382.0,136.0,1160,contact_low,325.0,125.0,mask PCA skeleton + low contact point,generated_videos/control_points_1_lunar.mp4
28,0,1,23,0.7882836587872559,4.368637454688678,lunar_lander_agent,1.0,323.0,97.0,383.0,141.0,1195,centroid,349.3104553222656,115.87782287597656,mask PCA skeleton + low contact point,generated_videos/control_points_1_lunar.mp4
28,0,1,23,0.7882836587872559,4.368637454688678,lunar_lander_agent,1.0,323.0,97.0,383.0,141.0,1195,axis_front,323.0,138.0,mask PCA skeleton + low contact point,generated_videos/control_points_1_lunar.mp4
28,0,1,23,0.7882836587872559,4.368637454688678,lunar_lander_agent,1.0,323.0,97.0,383.0,141.0,1195,axis_back,382.0,126.0,mask PCA skeleton + low contact point,generated_videos/control_points_1_lunar.mp4
28,0,1,23,0.7882836587872559,4.368637454688678,lunar_lander_agent,1.0,323.0,97.0,383.0,141.0,1195,axis_left,381.0,129.0,mask PCA skeleton + low contact point,generated_videos/control_points_1_lunar.mp4
28,0,1,23,0.7882836587872559,4.368637454688678,lunar_lander_agent,1.0,323.0,97.0,383.0,141.0,1195,axis_right,340.0,100.0,mask PCA skeleton + low contact point,generated_videos/control_points_1_lunar.mp4
28,0,1,23,0.7882836587872559,4.368637454688678,lunar_lander_agent,1.0,323.0,97.0,383.0,141.0,1195,contact_low,326.0,130.0,mask PCA skeleton + low contact point,generated_videos/control_points_1_lunar.mp4
29,0,1,24,0.0341079460269865,29.31150646728503,lunar_lander_agent,1.0,325.0,128.0,332.0,145.0,102,centroid,328.12744140625,136.1372528076172,mask PCA skeleton + low contact point,generated_videos/control_points_1_lunar.mp4
29,0,1,24,0.0341079460269865,29.31150646728503,lunar_lander_agent,1.0,325.0,128.0,332.0,145.0,102,axis_front,325.0,144.0,mask PCA skeleton + low contact point,generated_videos/control_points_1_lunar.mp4
29,0,1,24,0.0341079460269865,29.31150646728503,lunar_lander_agent,1.0,325.0,128.0,332.0,145.0,102,axis_back,331.0,128.0,mask PCA skeleton + low contact point,generated_videos/control_points_1_lunar.mp4
29,0,1,24,0.0341079460269865,29.31150646728503,lunar_lander_agent,1.0,325.0,128.0,332.0,145.0,102,axis_left,331.0,139.0,mask PCA skeleton + low contact point,generated_videos/control_points_1_lunar.mp4
29,0,1,24,0.0341079460269865,29.31150646728503,lunar_lander_agent,1.0,325.0,128.0,332.0,145.0,102,axis_right,325.0,137.0,mask PCA skeleton + low contact point,generated_videos/control_points_1_lunar.mp4
29,0,1,24,0.0341079460269865,29.31150646728503,lunar_lander_agent,1.0,325.0,128.0,332.0,145.0,102,contact_low,327.0,143.0,mask PCA skeleton + low contact point,generated_videos/control_points_1_lunar.mp4
30,0,1,25,0.03838916070756492,26.399175440775565,lunar_lander_agent,1.0,326.0,106.0,386.0,150.0,1161,centroid,351.8458251953125,124.54608154296875,mask PCA skeleton + low contact point,generated_videos/control_points_1_lunar.mp4
30,0,1,25,0.03838916070756492,26.399175440775565,lunar_lander_agent,1.0,326.0,106.0,386.0,150.0,1161,axis_front,326.0,147.0,mask PCA skeleton + low contact point,generated_videos/control_points_1_lunar.mp4
30,0,1,25,0.03838916070756492,26.399175440775565,lunar_lander_agent,1.0,326.0,106.0,386.0,150.0,1161,axis_back,385.0,134.0,mask PCA skeleton + low contact point,generated_videos/control_points_1_lunar.mp4
30,0,1,25,0.03838916070756492,26.399175440775565,lunar_lander_agent,1.0,326.0,106.0,386.0,150.0,1161,axis_left,382.0,138.0,mask PCA skeleton + low contact point,generated_videos/control_points_1_lunar.mp4
30,0,1,25,0.03838916070756492,26.399175440775565,lunar_lander_agent,1.0,326.0,106.0,386.0,150.0,1161,axis_right,338.0,110.0,mask PCA skeleton + low contact point,generated_videos/control_points_1_lunar.mp4
30,0,1,25,0.03838916070756492,26.399175440775565,lunar_lander_agent,1.0,326.0,106.0,386.0,150.0,1161,contact_low,329.0,139.0,mask PCA skeleton + low contact point,generated_videos/control_points_1_lunar.mp4
31,0,1,26,0.7956104252400549,4.342987890912449,lunar_lander_agent,1.0,328.0,110.0,387.0,154.0,1174,centroid,352.9344177246094,128.75042724609375,mask PCA skeleton + low contact point,generated_videos/control_points_1_lunar.mp4
31,0,1,26,0.7956104252400549,4.342987890912449,lunar_lander_agent,1.0,328.0,110.0,387.0,154.0,1174,axis_front,328.0,153.0,mask PCA skeleton + low contact point,generated_videos/control_points_1_lunar.mp4
31,0,1,26,0.7956104252400549,4.342987890912449,lunar_lander_agent,1.0,328.0,110.0,387.0,154.0,1174,axis_back,386.0,138.0,mask PCA skeleton + low contact point,generated_videos/control_points_1_lunar.mp4
31,0,1,26,0.7956104252400549,4.342987890912449,lunar_lander_agent,1.0,328.0,110.0,387.0,154.0,1174,axis_left,385.0,141.0,mask PCA skeleton + low contact point,generated_videos/control_points_1_lunar.mp4
31,0,1,26,0.7956104252400549,4.342987890912449,lunar_lander_agent,1.0,328.0,110.0,387.0,154.0,1174,axis_right,340.0,114.0,mask PCA skeleton + low contact point,generated_videos/control_points_1_lunar.mp4
31,0,1,26,0.7956104252400549,4.342987890912449,lunar_lander_agent,1.0,328.0,110.0,387.0,154.0,1174,contact_low,331.0,143.0,mask PCA skeleton + low contact point,generated_videos/control_points_1_lunar.mp4
32,0,1,27,0.7956104252400549,4.160800253917036,lunar_lander_agent,1.0,329.0,114.0,389.0,158.0,1159,centroid,354.29248046875,132.683349609375,mask PCA skeleton + low contact point,generated_videos/control_points_1_lunar.mp4
32,0,1,27,0.7956104252400549,4.160800253917036,lunar_lander_agent,1.0,329.0,114.0,389.0,158.0,1159,axis_front,329.0,157.0,mask PCA skeleton + low contact point,generated_videos/control_points_1_lunar.mp4
32,0,1,27,0.7956104252400549,4.160800253917036,lunar_lander_agent,1.0,329.0,114.0,389.0,158.0,1159,axis_back,388.0,143.0,mask PCA skeleton + low contact point,generated_videos/control_points_1_lunar.mp4
32,0,1,27,0.7956104252400549,4.160800253917036,lunar_lander_agent,1.0,329.0,114.0,389.0,158.0,1159,axis_left,333.0,157.0,mask PCA skeleton + low contact point,generated_videos/control_points_1_lunar.mp4
32,0,1,27,0.7956104252400549,4.160800253917036,lunar_lander_agent,1.0,329.0,114.0,389.0,158.0,1159,axis_right,350.0,116.0,mask PCA skeleton + low contact point,generated_videos/control_points_1_lunar.mp4
32,0,1,27,0.7956104252400549,4.160800253917036,lunar_lander_agent,1.0,329.0,114.0,389.0,158.0,1159,contact_low,332.0,148.0,mask PCA skeleton + low contact point,generated_videos/control_points_1_lunar.mp4
33,0,1,28,0.7798319327731092,4.400475923631758,lunar_lander_agent,1.0,331.0,118.0,390.0,163.0,1166,centroid,355.5231628417969,136.90823364257812,mask PCA skeleton + low contact point,generated_videos/control_points_1_lunar.mp4
33,0,1,28,0.7798319327731092,4.400475923631758,lunar_lander_agent,1.0,331.0,118.0,390.0,163.0,1166,axis_front,332.0,161.0,mask PCA skeleton + low contact point,generated_videos/control_points_1_lunar.mp4
33,0,1,28,0.7798319327731092,4.400475923631758,lunar_lander_agent,1.0,331.0,118.0,390.0,163.0,1166,axis_back,389.0,146.0,mask PCA skeleton + low contact point,generated_videos/control_points_1_lunar.mp4
33,0,1,28,0.7798319327731092,4.400475923631758,lunar_lander_agent,1.0,331.0,118.0,390.0,163.0,1166,axis_left,387.0,149.0,mask PCA skeleton + low contact point,generated_videos/control_points_1_lunar.mp4
33,0,1,28,0.7798319327731092,4.400475923631758,lunar_lander_agent,1.0,331.0,118.0,390.0,163.0,1166,axis_right,344.0,122.0,mask PCA skeleton + low contact point,generated_videos/control_points_1_lunar.mp4
33,0,1,28,0.7798319327731092,4.400475923631758,lunar_lander_agent,1.0,331.0,118.0,390.0,163.0,1166,contact_low,334.0,152.0,mask PCA skeleton + low contact point,generated_videos/control_points_1_lunar.mp4
34,0,1,29,0.7987907289217333,4.349104943097479,lunar_lander_agent,1.0,332.0,122.0,392.0,167.0,1164,centroid,356.7439880371094,141.0824737548828,mask PCA skeleton + low contact point,generated_videos/control_points_1_lunar.mp4
34,0,1,29,0.7987907289217333,4.349104943097479,lunar_lander_agent,1.0,332.0,122.0,392.0,167.0,1164,axis_front,332.0,166.0,mask PCA skeleton + low contact point,generated_videos/control_points_1_lunar.mp4
34,0,1,29,0.7987907289217333,4.349104943097479,lunar_lander_agent,1.0,332.0,122.0,392.0,167.0,1164,axis_back,391.0,150.0,mask PCA skeleton + low contact point,generated_videos/control_points_1_lunar.mp4
34,0,1,29,0.7987907289217333,4.349104943097479,lunar_lander_agent,1.0,332.0,122.0,392.0,167.0,1164,axis_left,387.0,153.0,mask PCA skeleton + low contact point,generated_videos/control_points_1_lunar.mp4
34,0,1,29,0.7987907289217333,4.349104943097479,lunar_lander_agent,1.0,332.0,122.0,392.0,167.0,1164,axis_right,360.0,122.0,mask PCA skeleton + low contact point,generated_videos/control_points_1_lunar.mp4
34,0,1,29,0.7987907289217333,4.349104943097479,lunar_lander_agent,1.0,332.0,122.0,392.0,167.0,1164,contact_low,335.0,157.0,mask PCA skeleton + low contact point,generated_videos/control_points_1_lunar.mp4
35,0,1,30,0.028634361233480177,28.75502251759148,lunar_lander_agent,1.0,334.0,154.0,340.0,171.0,92,centroid,336.7065124511719,161.70652770996094,mask PCA skeleton + low contact point,generated_videos/control_points_1_lunar.mp4
35,0,1,30,0.028634361233480177,28.75502251759148,lunar_lander_agent,1.0,334.0,154.0,340.0,171.0,92,axis_front,338.0,170.0,mask PCA skeleton + low contact point,generated_videos/control_points_1_lunar.mp4
35,0,1,30,0.028634361233480177,28.75502251759148,lunar_lander_agent,1.0,334.0,154.0,340.0,171.0,92,axis_back,336.0,154.0,mask PCA skeleton + low contact point,generated_videos/control_points_1_lunar.mp4
35,0,1,30,0.028634361233480177,28.75502251759148,lunar_lander_agent,1.0,334.0,154.0,340.0,171.0,92,axis_left,339.0,154.0,mask PCA skeleton + low contact point,generated_videos/control_points_1_lunar.mp4
35,0,1,30,0.028634361233480177,28.75502251759148,lunar_lander_agent,1.0,334.0,154.0,340.0,171.0,92,axis_right,334.0,163.0,mask PCA skeleton + low contact point,generated_videos/control_points_1_lunar.mp4
35,0,1,30,0.028634361233480177,28.75502251759148,lunar_lander_agent,1.0,334.0,154.0,340.0,171.0,92,contact_low,337.0,169.0,mask PCA skeleton + low contact point,generated_videos/control_points_1_lunar.mp4
36,0,1,31,0.025166543301258327,26.432702740433488,lunar_lander_agent,1.0,336.0,129.0,394.0,175.0,1175,centroid,359.7021179199219,148.67234802246094,mask PCA skeleton + low contact point,generated_videos/control_points_1_lunar.mp4
36,0,1,31,0.025166543301258327,26.432702740433488,lunar_lander_agent,1.0,336.0,129.0,394.0,175.0,1175,axis_front,336.0,174.0,mask PCA skeleton + low contact point,generated_videos/control_points_1_lunar.mp4
36,0,1,31,0.025166543301258327,26.432702740433488,lunar_lander_agent,1.0,336.0,129.0,394.0,175.0,1175,axis_back,393.0,156.0,mask PCA skeleton + low contact point,generated_videos/control_points_1_lunar.mp4
36,0,1,31,0.025166543301258327,26.432702740433488,lunar_lander_agent,1.0,336.0,129.0,394.0,175.0,1175,axis_left,339.0,174.0,mask PCA skeleton + low contact point,generated_videos/control_points_1_lunar.mp4
36,0,1,31,0.025166543301258327,26.432702740433488,lunar_lander_agent,1.0,336.0,129.0,394.0,175.0,1175,axis_right,362.0,130.0,mask PCA skeleton + low contact point,generated_videos/control_points_1_lunar.mp4
36,0,1,31,0.025166543301258327,26.432702740433488,lunar_lander_agent,1.0,336.0,129.0,394.0,175.0,1175,contact_low,338.0,164.0,mask PCA skeleton + low contact point,generated_videos/control_points_1_lunar.mp4
37,0,1,32,0.033753709198813056,29.647567474835817,lunar_lander_agent,1.0,336.0,162.0,343.0,179.0,108,centroid,338.7037048339844,169.6018524169922,mask PCA skeleton + low contact point,generated_videos/control_points_1_lunar.mp4
37,0,1,32,0.033753709198813056,29.647567474835817,lunar_lander_agent,1.0,336.0,162.0,343.0,179.0,108,axis_front,336.0,178.0,mask PCA skeleton + low contact point,generated_videos/control_points_1_lunar.mp4
37,0,1,32,0.033753709198813056,29.647567474835817,lunar_lander_agent,1.0,336.0,162.0,343.0,179.0,108,axis_back,342.0,162.0,mask PCA skeleton + low contact point,generated_videos/control_points_1_lunar.mp4
37,0,1,32,0.033753709198813056,29.647567474835817,lunar_lander_agent,1.0,336.0,162.0,343.0,179.0,108,axis_left,342.0,168.0,mask PCA skeleton + low contact point,generated_videos/control_points_1_lunar.mp4
37,0,1,32,0.033753709198813056,29.647567474835817,lunar_lander_agent,1.0,336.0,162.0,343.0,179.0,108,axis_right,336.0,162.0,mask PCA skeleton + low contact point,generated_videos/control_points_1_lunar.mp4
37,0,1,32,0.033753709198813056,29.647567474835817,lunar_lander_agent,1.0,336.0,162.0,343.0,179.0,108,contact_low,338.0,177.0,mask PCA skeleton + low contact point,generated_videos/control_points_1_lunar.mp4
38,0,1,33,0.03145817912657291,26.515867948491074,lunar_lander_agent,1.0,338.0,137.0,396.0,183.0,1151,centroid,361.763671875,156.51260375976562,mask PCA skeleton + low contact point,generated_videos/control_points_1_lunar.mp4
38,0,1,33,0.03145817912657291,26.515867948491074,lunar_lander_agent,1.0,338.0,137.0,396.0,183.0,1151,axis_front,338.0,181.0,mask PCA skeleton + low contact point,generated_videos/control_points_1_lunar.mp4
38,0,1,33,0.03145817912657291,26.515867948491074,lunar_lander_agent,1.0,338.0,137.0,396.0,183.0,1151,axis_back,395.0,162.0,mask PCA skeleton + low contact point,generated_videos/control_points_1_lunar.mp4
38,0,1,33,0.03145817912657291,26.515867948491074,lunar_lander_agent,1.0,338.0,137.0,396.0,183.0,1151,axis_left,342.0,182.0,mask PCA skeleton + low contact point,generated_videos/control_points_1_lunar.mp4
38,0,1,33,0.03145817912657291,26.515867948491074,lunar_lander_agent,1.0,338.0,137.0,396.0,183.0,1151,axis_right,364.0,138.0,mask PCA skeleton + low contact point,generated_videos/control_points_1_lunar.mp4
38,0,1,33,0.03145817912657291,26.515867948491074,lunar_lander_agent,1.0,338.0,137.0,396.0,183.0,1151,contact_low,341.0,172.0,mask PCA skeleton + low contact point,generated_videos/control_points_1_lunar.mp4
39,0,1,34,0.8012048192771084,4.14926342151401,lunar_lander_agent,1.0,339.0,141.0,398.0,187.0,1145,centroid,363.0331726074219,160.46287536621094,mask PCA skeleton + low contact point,generated_videos/control_points_1_lunar.mp4
39,0,1,34,0.8012048192771084,4.14926342151401,lunar_lander_agent,1.0,339.0,141.0,398.0,187.0,1145,axis_front,340.0,186.0,mask PCA skeleton + low contact point,generated_videos/control_points_1_lunar.mp4
39,0,1,34,0.8012048192771084,4.14926342151401,lunar_lander_agent,1.0,339.0,141.0,398.0,187.0,1145,axis_back,397.0,167.0,mask PCA skeleton + low contact point,generated_videos/control_points_1_lunar.mp4
39,0,1,34,0.8012048192771084,4.14926342151401,lunar_lander_agent,1.0,339.0,141.0,398.0,187.0,1145,axis_left,343.0,186.0,mask PCA skeleton + low contact point,generated_videos/control_points_1_lunar.mp4
39,0,1,34,0.8012048192771084,4.14926342151401,lunar_lander_agent,1.0,339.0,141.0,398.0,187.0,1145,axis_right,364.0,142.0,mask PCA skeleton + low contact point,generated_videos/control_points_1_lunar.mp4
39,0,1,34,0.8012048192771084,4.14926342151401,lunar_lander_agent,1.0,339.0,141.0,398.0,187.0,1145,contact_low,342.0,176.0,mask PCA skeleton + low contact point,generated_videos/control_points_1_lunar.mp4
40,0,1,35,0.8067001675041876,3.8021615981094694,lunar_lander_agent,1.0,342.0,144.0,399.0,191.0,1164,centroid,364.6099548339844,163.9226837158203,mask PCA skeleton + low contact point,generated_videos/control_points_1_lunar.mp4
40,0,1,35,0.8067001675041876,3.8021615981094694,lunar_lander_agent,1.0,342.0,144.0,399.0,191.0,1164,axis_front,342.0,190.0,mask PCA skeleton + low contact point,generated_videos/control_points_1_lunar.mp4
40,0,1,35,0.8067001675041876,3.8021615981094694,lunar_lander_agent,1.0,342.0,144.0,399.0,191.0,1164,axis_back,398.0,171.0,mask PCA skeleton + low contact point,generated_videos/control_points_1_lunar.mp4
40,0,1,35,0.8067001675041876,3.8021615981094694,lunar_lander_agent,1.0,342.0,144.0,399.0,191.0,1164,axis_left,345.0,190.0,mask PCA skeleton + low contact point,generated_videos/control_points_1_lunar.mp4
40,0,1,35,0.8067001675041876,3.8021615981094694,lunar_lander_agent,1.0,342.0,144.0,399.0,191.0,1164,axis_right,370.0,144.0,mask PCA skeleton + low contact point,generated_videos/control_points_1_lunar.mp4
40,0,1,35,0.8067001675041876,3.8021615981094694,lunar_lander_agent,1.0,342.0,144.0,399.0,191.0,1164,contact_low,344.0,179.0,mask PCA skeleton + low contact point,generated_videos/control_points_1_lunar.mp4
41,0,1,36,0.8297224102911307,4.059929958783313,lunar_lander_agent,1.0,342.0,148.0,400.0,195.0,1188,centroid,365.4772644042969,167.88888549804688,mask PCA skeleton + low contact point,generated_videos/control_points_1_lunar.mp4
41,0,1,36,0.8297224102911307,4.059929958783313,lunar_lander_agent,1.0,342.0,148.0,400.0,195.0,1188,axis_front,343.0,194.0,mask PCA skeleton + low contact point,generated_videos/control_points_1_lunar.mp4
41,0,1,36,0.8297224102911307,4.059929958783313,lunar_lander_agent,1.0,342.0,148.0,400.0,195.0,1188,axis_back,399.0,174.0,mask PCA skeleton + low contact point,generated_videos/control_points_1_lunar.mp4
41,0,1,36,0.8297224102911307,4.059929958783313,lunar_lander_agent,1.0,342.0,148.0,400.0,195.0,1188,axis_left,346.0,194.0,mask PCA skeleton + low contact point,generated_videos/control_points_1_lunar.mp4
41,0,1,36,0.8297224102911307,4.059929958783313,lunar_lander_agent,1.0,342.0,148.0,400.0,195.0,1188,axis_right,370.0,148.0,mask PCA skeleton + low contact point,generated_videos/control_points_1_lunar.mp4
41,0,1,36,0.8297224102911307,4.059929958783313,lunar_lander_agent,1.0,342.0,148.0,400.0,195.0,1188,contact_low,345.0,184.0,mask PCA skeleton + low contact point,generated_videos/control_points_1_lunar.mp4
42,0,1,37,0.033042846768336964,29.18107985987009,lunar_lander_agent,1.0,343.0,182.0,350.0,199.0,96,centroid,346.21875,189.8125,mask PCA skeleton + low contact point,generated_videos/control_points_1_lunar.mp4
42,0,1,37,0.033042846768336964,29.18107985987009,lunar_lander_agent,1.0,343.0,182.0,350.0,199.0,96,axis_front,344.0,198.0,mask PCA skeleton + low contact point,generated_videos/control_points_1_lunar.mp4
42,0,1,37,0.033042846768336964,29.18107985987009,lunar_lander_agent,1.0,343.0,182.0,350.0,199.0,96,axis_back,348.0,182.0,mask PCA skeleton + low contact point,generated_videos/control_points_1_lunar.mp4
42,0,1,37,0.033042846768336964,29.18107985987009,lunar_lander_agent,1.0,343.0,182.0,350.0,199.0,96,axis_left,349.0,193.0,mask PCA skeleton + low contact point,generated_videos/control_points_1_lunar.mp4
42,0,1,37,0.033042846768336964,29.18107985987009,lunar_lander_agent,1.0,343.0,182.0,350.0,199.0,96,axis_right,343.0,188.0,mask PCA skeleton + low contact point,generated_videos/control_points_1_lunar.mp4
42,0,1,37,0.033042846768336964,29.18107985987009,lunar_lander_agent,1.0,343.0,182.0,350.0,199.0,96,contact_low,346.0,197.0,mask PCA skeleton + low contact point,generated_videos/control_points_1_lunar.mp4
43,0,1,38,0.3851851851851852,4.379127517268708,lunar_lander_agent,1.0,346.0,186.0,350.0,203.0,68,centroid,347.5,194.0,mask PCA skeleton + low contact point,generated_videos/control_points_1_lunar.mp4
43,0,1,38,0.3851851851851852,4.379127517268708,lunar_lander_agent,1.0,346.0,186.0,350.0,203.0,68,axis_front,346.0,202.0,mask PCA skeleton + low contact point,generated_videos/control_points_1_lunar.mp4
43,0,1,38,0.3851851851851852,4.379127517268708,lunar_lander_agent,1.0,346.0,186.0,350.0,203.0,68,axis_back,346.0,186.0,mask PCA skeleton + low contact point,generated_videos/control_points_1_lunar.mp4
43,0,1,38,0.3851851851851852,4.379127517268708,lunar_lander_agent,1.0,346.0,186.0,350.0,203.0,68,axis_left,349.0,186.0,mask PCA skeleton + low contact point,generated_videos/control_points_1_lunar.mp4
43,0,1,38,0.3851851851851852,4.379127517268708,lunar_lander_agent,1.0,346.0,186.0,350.0,203.0,68,axis_right,346.0,186.0,mask PCA skeleton + low contact point,generated_videos/control_points_1_lunar.mp4
43,0,1,38,0.3851851851851852,4.379127517268708,lunar_lander_agent,1.0,346.0,186.0,350.0,203.0,68,contact_low,347.0,202.0,mask PCA skeleton + low contact point,generated_videos/control_points_1_lunar.mp4
44,0,1,39,0.024853801169590642,26.05751628641623,lunar_lander_agent,1.0,346.0,159.0,403.0,207.0,1174,centroid,368.6175537109375,178.73423767089844,mask PCA skeleton + low contact point,generated_videos/control_points_1_lunar.mp4
44,0,1,39,0.024853801169590642,26.05751628641623,lunar_lander_agent,1.0,346.0,159.0,403.0,207.0,1174,axis_front,347.0,206.0,mask PCA skeleton + low contact point,generated_videos/control_points_1_lunar.mp4
44,0,1,39,0.024853801169590642,26.05751628641623,lunar_lander_agent,1.0,346.0,159.0,403.0,207.0,1174,axis_back,402.0,183.0,mask PCA skeleton + low contact point,generated_videos/control_points_1_lunar.mp4
44,0,1,39,0.024853801169590642,26.05751628641623,lunar_lander_agent,1.0,346.0,159.0,403.0,207.0,1174,axis_left,399.0,188.0,mask PCA skeleton + low contact point,generated_videos/control_points_1_lunar.mp4
44,0,1,39,0.024853801169590642,26.05751628641623,lunar_lander_agent,1.0,346.0,159.0,403.0,207.0,1174,axis_right,358.0,164.0,mask PCA skeleton + low contact point,generated_videos/control_points_1_lunar.mp4
44,0,1,39,0.024853801169590642,26.05751628641623,lunar_lander_agent,1.0,346.0,159.0,403.0,207.0,1174,contact_low,349.0,196.0,mask PCA skeleton + low contact point,generated_videos/control_points_1_lunar.mp4
45,0,1,40,0.02544529262086514,28.96605123798457,lunar_lander_agent,1.0,348.0,193.0,353.0,210.0,84,centroid,349.9761962890625,200.90475463867188,mask PCA skeleton + low contact point,generated_videos/control_points_1_lunar.mp4
45,0,1,40,0.02544529262086514,28.96605123798457,lunar_lander_agent,1.0,348.0,193.0,353.0,210.0,84,axis_front,348.0,209.0,mask PCA skeleton + low contact point,generated_videos/control_points_1_lunar.mp4
45,0,1,40,0.02544529262086514,28.96605123798457,lunar_lander_agent,1.0,348.0,193.0,353.0,210.0,84,axis_back,352.0,193.0,mask PCA skeleton + low contact point,generated_videos/control_points_1_lunar.mp4
45,0,1,40,0.02544529262086514,28.96605123798457,lunar_lander_agent,1.0,348.0,193.0,353.0,210.0,84,axis_left,352.0,208.0,mask PCA skeleton + low contact point,generated_videos/control_points_1_lunar.mp4
45,0,1,40,0.02544529262086514,28.96605123798457,lunar_lander_agent,1.0,348.0,193.0,353.0,210.0,84,axis_right,348.0,193.0,mask PCA skeleton + low contact point,generated_videos/control_points_1_lunar.mp4
45,0,1,40,0.02544529262086514,28.96605123798457,lunar_lander_agent,1.0,348.0,193.0,353.0,210.0,84,contact_low,350.0,208.0,mask PCA skeleton + low contact point,generated_videos/control_points_1_lunar.mp4
46,0,1,41,0.031067251461988302,25.52491961936061,lunar_lander_agent,1.0,348.0,166.0,405.0,214.0,1161,centroid,370.3652038574219,185.5486602783203,mask PCA skeleton + low contact point,generated_videos/control_points_1_lunar.mp4
46,0,1,41,0.031067251461988302,25.52491961936061,lunar_lander_agent,1.0,348.0,166.0,405.0,214.0,1161,axis_front,349.0,212.0,mask PCA skeleton + low contact point,generated_videos/control_points_1_lunar.mp4
46,0,1,41,0.031067251461988302,25.52491961936061,lunar_lander_agent,1.0,348.0,166.0,405.0,214.0,1161,axis_back,404.0,190.0,mask PCA skeleton + low contact point,generated_videos/control_points_1_lunar.mp4
46,0,1,41,0.031067251461988302,25.52491961936061,lunar_lander_agent,1.0,348.0,166.0,405.0,214.0,1161,axis_left,403.0,193.0,mask PCA skeleton + low contact point,generated_videos/control_points_1_lunar.mp4
46,0,1,41,0.031067251461988302,25.52491961936061,lunar_lander_agent,1.0,348.0,166.0,405.0,214.0,1161,axis_right,358.0,172.0,mask PCA skeleton + low contact point,generated_videos/control_points_1_lunar.mp4
46,0,1,41,0.031067251461988302,25.52491961936061,lunar_lander_agent,1.0,348.0,166.0,405.0,214.0,1161,contact_low,351.0,203.0,mask PCA skeleton + low contact point,generated_videos/control_points_1_lunar.mp4
47,0,1,42,0.8392675483214649,3.407051994053988,lunar_lander_agent,1.0,350.0,169.0,406.0,217.0,1144,centroid,371.2648620605469,188.8347930908203,mask PCA skeleton + low contact point,generated_videos/control_points_1_lunar.mp4
47,0,1,42,0.8392675483214649,3.407051994053988,lunar_lander_agent,1.0,350.0,169.0,406.0,217.0,1144,axis_front,350.0,215.0,mask PCA skeleton + low contact point,generated_videos/control_points_1_lunar.mp4
47,0,1,42,0.8392675483214649,3.407051994053988,lunar_lander_agent,1.0,350.0,169.0,406.0,217.0,1144,axis_back,405.0,192.0,mask PCA skeleton + low contact point,generated_videos/control_points_1_lunar.mp4
47,0,1,42,0.8392675483214649,3.407051994053988,lunar_lander_agent,1.0,350.0,169.0,406.0,217.0,1144,axis_left,354.0,216.0,mask PCA skeleton + low contact point,generated_videos/control_points_1_lunar.mp4
47,0,1,42,0.8392675483214649,3.407051994053988,lunar_lander_agent,1.0,350.0,169.0,406.0,217.0,1144,axis_right,372.0,170.0,mask PCA skeleton + low contact point,generated_videos/control_points_1_lunar.mp4
47,0,1,42,0.8392675483214649,3.407051994053988,lunar_lander_agent,1.0,350.0,169.0,406.0,217.0,1144,contact_low,352.0,207.0,mask PCA skeleton + low contact point,generated_videos/control_points_1_lunar.mp4
48,0,1,43,0.851063829787234,3.552158690309329,lunar_lander_agent,1.0,350.0,172.0,407.0,221.0,1165,centroid,372.5879821777344,192.13133239746094,mask PCA skeleton + low contact point,generated_videos/control_points_1_lunar.mp4
48,0,1,43,0.851063829787234,3.552158690309329,lunar_lander_agent,1.0,350.0,172.0,407.0,221.0,1165,axis_front,351.0,219.0,mask PCA skeleton + low contact point,generated_videos/control_points_1_lunar.mp4
48,0,1,43,0.851063829787234,3.552158690309329,lunar_lander_agent,1.0,350.0,172.0,407.0,221.0,1165,axis_back,406.0,196.0,mask PCA skeleton + low contact point,generated_videos/control_points_1_lunar.mp4
48,0,1,43,0.851063829787234,3.552158690309329,lunar_lander_agent,1.0,350.0,172.0,407.0,221.0,1165,axis_left,355.0,220.0,mask PCA skeleton + low contact point,generated_videos/control_points_1_lunar.mp4
48,0,1,43,0.851063829787234,3.552158690309329,lunar_lander_agent,1.0,350.0,172.0,407.0,221.0,1165,axis_right,376.0,172.0,mask PCA skeleton + low contact point,generated_videos/control_points_1_lunar.mp4
48,0,1,43,0.851063829787234,3.552158690309329,lunar_lander_agent,1.0,350.0,172.0,407.0,221.0,1165,contact_low,353.0,210.0,mask PCA skeleton + low contact point,generated_videos/control_points_1_lunar.mp4
49,0,1,44,0.8413701363485201,3.228549895966899,lunar_lander_agent,1.0,352.0,175.0,408.0,224.0,1159,centroid,373.0353698730469,195.3287353515625,mask PCA skeleton + low contact point,generated_videos/control_points_1_lunar.mp4
49,0,1,44,0.8413701363485201,3.228549895966899,lunar_lander_agent,1.0,352.0,175.0,408.0,224.0,1159,axis_front,352.0,223.0,mask PCA skeleton + low contact point,generated_videos/control_points_1_lunar.mp4
49,0,1,44,0.8413701363485201,3.228549895966899,lunar_lander_agent,1.0,352.0,175.0,408.0,224.0,1159,axis_back,407.0,199.0,mask PCA skeleton + low contact point,generated_videos/control_points_1_lunar.mp4
49,0,1,44,0.8413701363485201,3.228549895966899,lunar_lander_agent,1.0,352.0,175.0,408.0,224.0,1159,axis_left,356.0,223.0,mask PCA skeleton + low contact point,generated_videos/control_points_1_lunar.mp4
49,0,1,44,0.8413701363485201,3.228549895966899,lunar_lander_agent,1.0,352.0,175.0,408.0,224.0,1159,axis_right,360.0,182.0,mask PCA skeleton + low contact point,generated_videos/control_points_1_lunar.mp4
49,0,1,44,0.8413701363485201,3.228549895966899,lunar_lander_agent,1.0,352.0,175.0,408.0,224.0,1159,contact_low,354.0,214.0,mask PCA skeleton + low contact point,generated_videos/control_points_1_lunar.mp4
50,0,1,45,0.8535453943008615,3.674109203515274,lunar_lander_agent,1.0,352.0,178.0,409.0,228.0,1174,centroid,373.2180480957031,198.998291015625,mask PCA skeleton + low contact point,generated_videos/control_points_1_lunar.mp4
50,0,1,45,0.8535453943008615,3.674109203515274,lunar_lander_agent,1.0,352.0,178.0,409.0,228.0,1174,axis_front,352.0,227.0,mask PCA skeleton + low contact point,generated_videos/control_points_1_lunar.mp4
50,0,1,45,0.8535453943008615,3.674109203515274,lunar_lander_agent,1.0,352.0,178.0,409.0,228.0,1174,axis_back,408.0,203.0,mask PCA skeleton + low contact point,generated_videos/control_points_1_lunar.mp4
50,0,1,45,0.8535453943008615,3.674109203515274,lunar_lander_agent,1.0,352.0,178.0,409.0,228.0,1174,axis_left,405.0,206.0,mask PCA skeleton + low contact point,generated_videos/control_points_1_lunar.mp4
50,0,1,45,0.8535453943008615,3.674109203515274,lunar_lander_agent,1.0,352.0,178.0,409.0,228.0,1174,axis_right,360.0,186.0,mask PCA skeleton + low contact point,generated_videos/control_points_1_lunar.mp4
50,0,1,45,0.8535453943008615,3.674109203515274,lunar_lander_agent,1.0,352.0,178.0,409.0,228.0,1174,contact_low,354.0,218.0,mask PCA skeleton + low contact point,generated_videos/control_points_1_lunar.mp4
51,0,1,46,0.8867924528301887,2.912171318667711,lunar_lander_agent,1.0,352.0,181.0,409.0,231.0,1166,centroid,373.7238464355469,201.8662109375,mask PCA skeleton + low contact point,generated_videos/control_points_1_lunar.mp4
51,0,1,46,0.8867924528301887,2.912171318667711,lunar_lander_agent,1.0,352.0,181.0,409.0,231.0,1166,axis_front,353.0,229.0,mask PCA skeleton + low contact point,generated_videos/control_points_1_lunar.mp4
51,0,1,46,0.8867924528301887,2.912171318667711,lunar_lander_agent,1.0,352.0,181.0,409.0,231.0,1166,axis_back,408.0,205.0,mask PCA skeleton + low contact point,generated_videos/control_points_1_lunar.mp4
51,0,1,46,0.8867924528301887,2.912171318667711,lunar_lander_agent,1.0,352.0,181.0,409.0,231.0,1166,axis_left,357.0,230.0,mask PCA skeleton + low contact point,generated_videos/control_points_1_lunar.mp4
51,0,1,46,0.8867924528301887,2.912171318667711,lunar_lander_agent,1.0,352.0,181.0,409.0,231.0,1166,axis_right,376.0,182.0,mask PCA skeleton + low contact point,generated_videos/control_points_1_lunar.mp4
51,0,1,46,0.8867924528301887,2.912171318667711,lunar_lander_agent,1.0,352.0,181.0,409.0,231.0,1166,contact_low,355.0,220.0,mask PCA skeleton + low contact point,generated_videos/control_points_1_lunar.mp4
52,0,1,47,0.8679245283018868,3.4001651897560663,lunar_lander_agent,1.0,352.0,185.0,409.0,234.0,1171,centroid,374.1981201171875,205.23313903808594,mask PCA skeleton + low contact point,generated_videos/control_points_1_lunar.mp4
52,0,1,47,0.8679245283018868,3.4001651897560663,lunar_lander_agent,1.0,352.0,185.0,409.0,234.0,1171,axis_front,352.0,231.0,mask PCA skeleton + low contact point,generated_videos/control_points_1_lunar.mp4
52,0,1,47,0.8679245283018868,3.4001651897560663,lunar_lander_agent,1.0,352.0,185.0,409.0,234.0,1171,axis_back,408.0,208.0,mask PCA skeleton + low contact point,generated_videos/control_points_1_lunar.mp4
52,0,1,47,0.8679245283018868,3.4001651897560663,lunar_lander_agent,1.0,352.0,185.0,409.0,234.0,1171,axis_left,405.0,212.0,mask PCA skeleton + low contact point,generated_videos/control_points_1_lunar.mp4
52,0,1,47,0.8679245283018868,3.4001651897560663,lunar_lander_agent,1.0,352.0,185.0,409.0,234.0,1171,axis_right,370.0,188.0,mask PCA skeleton + low contact point,generated_videos/control_points_1_lunar.mp4
52,0,1,47,0.8679245283018868,3.4001651897560663,lunar_lander_agent,1.0,352.0,185.0,409.0,234.0,1171,contact_low,355.0,225.0,mask PCA skeleton + low contact point,generated_videos/control_points_1_lunar.mp4
53,0,1,48,0.8888520238885202,2.7678313568175694,lunar_lander_agent,1.0,352.0,187.0,410.0,237.0,1177,centroid,374.4052734375,207.9932098388672,mask PCA skeleton + low contact point,generated_videos/control_points_1_lunar.mp4
53,0,1,48,0.8888520238885202,2.7678313568175694,lunar_lander_agent,1.0,352.0,187.0,410.0,237.0,1177,axis_front,354.0,235.0,mask PCA skeleton + low contact point,generated_videos/control_points_1_lunar.mp4
53,0,1,48,0.8888520238885202,2.7678313568175694,lunar_lander_agent,1.0,352.0,187.0,410.0,237.0,1177,axis_back,409.0,210.0,mask PCA skeleton + low contact point,generated_videos/control_points_1_lunar.mp4
53,0,1,48,0.8888520238885202,2.7678313568175694,lunar_lander_agent,1.0,352.0,187.0,410.0,237.0,1177,axis_left,406.0,215.0,mask PCA skeleton + low contact point,generated_videos/control_points_1_lunar.mp4
53,0,1,48,0.8888520238885202,2.7678313568175694,lunar_lander_agent,1.0,352.0,187.0,410.0,237.0,1177,axis_right,376.0,188.0,mask PCA skeleton + low contact point,generated_videos/control_points_1_lunar.mp4
53,0,1,48,0.8888520238885202,2.7678313568175694,lunar_lander_agent,1.0,352.0,187.0,410.0,237.0,1177,contact_low,356.0,227.0,mask PCA skeleton + low contact point,generated_videos/control_points_1_lunar.mp4
54,0,1,49,0.8578878748370273,2.870022761444752,lunar_lander_agent,1.0,354.0,190.0,410.0,240.0,1155,centroid,374.3939514160156,210.8632049560547,mask PCA skeleton + low contact point,generated_videos/control_points_1_lunar.mp4
54,0,1,49,0.8578878748370273,2.870022761444752,lunar_lander_agent,1.0,354.0,190.0,410.0,240.0,1155,axis_front,354.0,239.0,mask PCA skeleton + low contact point,generated_videos/control_points_1_lunar.mp4
54,0,1,49,0.8578878748370273,2.870022761444752,lunar_lander_agent,1.0,354.0,190.0,410.0,240.0,1155,axis_back,409.0,214.0,mask PCA skeleton + low contact point,generated_videos/control_points_1_lunar.mp4
54,0,1,49,0.8578878748370273,2.870022761444752,lunar_lander_agent,1.0,354.0,190.0,410.0,240.0,1155,axis_left,407.0,217.0,mask PCA skeleton + low contact point,generated_videos/control_points_1_lunar.mp4
54,0,1,49,0.8578878748370273,2.870022761444752,lunar_lander_agent,1.0,354.0,190.0,410.0,240.0,1155,axis_right,374.0,192.0,mask PCA skeleton + low contact point,generated_videos/control_points_1_lunar.mp4
54,0,1,49,0.8578878748370273,2.870022761444752,lunar_lander_agent,1.0,354.0,190.0,410.0,240.0,1155,contact_low,356.0,230.0,mask PCA skeleton + low contact point,generated_videos/control_points_1_lunar.mp4
55,0,1,50,0.8867924528301887,3.0220229121144793,lunar_lander_agent,1.0,354.0,193.0,410.0,243.0,1176,centroid,374.8171691894531,213.85543823242188,mask PCA skeleton + low contact point,generated_videos/control_points_1_lunar.mp4
55,0,1,50,0.8867924528301887,3.0220229121144793,lunar_lander_agent,1.0,354.0,193.0,410.0,243.0,1176,axis_front,354.0,241.0,mask PCA skeleton + low contact point,generated_videos/control_points_1_lunar.mp4
55,0,1,50,0.8867924528301887,3.0220229121144793,lunar_lander_agent,1.0,354.0,193.0,410.0,243.0,1176,axis_back,409.0,216.0,mask PCA skeleton + low contact point,generated_videos/control_points_1_lunar.mp4
55,0,1,50,0.8867924528301887,3.0220229121144793,lunar_lander_agent,1.0,354.0,193.0,410.0,243.0,1176,axis_left,407.0,220.0,mask PCA skeleton + low contact point,generated_videos/control_points_1_lunar.mp4
55,0,1,50,0.8867924528301887,3.0220229121144793,lunar_lander_agent,1.0,354.0,193.0,410.0,243.0,1176,axis_right,376.0,194.0,mask PCA skeleton + low contact point,generated_videos/control_points_1_lunar.mp4
55,0,1,50,0.8867924528301887,3.0220229121144793,lunar_lander_agent,1.0,354.0,193.0,410.0,243.0,1176,contact_low,356.0,232.0,mask PCA skeleton + low contact point,generated_videos/control_points_1_lunar.mp4
56,0,1,51,0.8867924528301887,3.057545026521682,lunar_lander_agent,1.0,354.0,196.0,410.0,246.0,1172,centroid,374.82763671875,216.9129638671875,mask PCA skeleton + low contact point,generated_videos/control_points_1_lunar.mp4
56,0,1,51,0.8867924528301887,3.057545026521682,lunar_lander_agent,1.0,354.0,196.0,410.0,246.0,1172,axis_front,354.0,245.0,mask PCA skeleton + low contact point,generated_videos/control_points_1_lunar.mp4
56,0,1,51,0.8867924528301887,3.057545026521682,lunar_lander_agent,1.0,354.0,196.0,410.0,246.0,1172,axis_back,409.0,220.0,mask PCA skeleton + low contact point,generated_videos/control_points_1_lunar.mp4
56,0,1,51,0.8867924528301887,3.057545026521682,lunar_lander_agent,1.0,354.0,196.0,410.0,246.0,1172,axis_left,407.0,223.0,mask PCA skeleton + low contact point,generated_videos/control_points_1_lunar.mp4
56,0,1,51,0.8867924528301887,3.057545026521682,lunar_lander_agent,1.0,354.0,196.0,410.0,246.0,1172,axis_right,374.0,198.0,mask PCA skeleton + low contact point,generated_videos/control_points_1_lunar.mp4
56,0,1,51,0.8867924528301887,3.057545026521682,lunar_lander_agent,1.0,354.0,196.0,410.0,246.0,1172,contact_low,356.0,236.0,mask PCA skeleton + low contact point,generated_videos/control_points_1_lunar.mp4
57,0,1,52,0.8867924528301887,2.718917929876158,lunar_lander_agent,1.0,354.0,199.0,410.0,249.0,1149,centroid,374.6327209472656,219.62489318847656,mask PCA skeleton + low contact point,generated_videos/control_points_1_lunar.mp4
57,0,1,52,0.8867924528301887,2.718917929876158,lunar_lander_agent,1.0,354.0,199.0,410.0,249.0,1149,axis_front,354.0,247.0,mask PCA skeleton + low contact point,generated_videos/control_points_1_lunar.mp4
57,0,1,52,0.8867924528301887,2.718917929876158,lunar_lander_agent,1.0,354.0,199.0,410.0,249.0,1149,axis_back,409.0,222.0,mask PCA skeleton + low contact point,generated_videos/control_points_1_lunar.mp4
57,0,1,52,0.8867924528301887,2.718917929876158,lunar_lander_agent,1.0,354.0,199.0,410.0,249.0,1149,axis_left,406.0,226.0,mask PCA skeleton + low contact point,generated_videos/control_points_1_lunar.mp4
57,0,1,52,0.8867924528301887,2.718917929876158,lunar_lander_agent,1.0,354.0,199.0,410.0,249.0,1149,axis_right,376.0,200.0,mask PCA skeleton + low contact point,generated_videos/control_points_1_lunar.mp4
57,0,1,52,0.8867924528301887,2.718917929876158,lunar_lander_agent,1.0,354.0,199.0,410.0,249.0,1149,contact_low,357.0,239.0,mask PCA skeleton + low contact point,generated_videos/control_points_1_lunar.mp4
58,0,1,53,0.8867924528301887,2.943484145559859,lunar_lander_agent,1.0,354.0,202.0,410.0,252.0,1163,centroid,374.6225280761719,222.568359375,mask PCA skeleton + low contact point,generated_videos/control_points_1_lunar.mp4
58,0,1,53,0.8867924528301887,2.943484145559859,lunar_lander_agent,1.0,354.0,202.0,410.0,252.0,1163,axis_front,354.0,251.0,mask PCA skeleton + low contact point,generated_videos/control_points_1_lunar.mp4
58,0,1,53,0.8867924528301887,2.943484145559859,lunar_lander_agent,1.0,354.0,202.0,410.0,252.0,1163,axis_back,409.0,224.0,mask PCA skeleton + low contact point,generated_videos/control_points_1_lunar.mp4
58,0,1,53,0.8867924528301887,2.943484145559859,lunar_lander_agent,1.0,354.0,202.0,410.0,252.0,1163,axis_left,406.0,229.0,mask PCA skeleton + low contact point,generated_videos/control_points_1_lunar.mp4
58,0,1,53,0.8867924528301887,2.943484145559859,lunar_lander_agent,1.0,354.0,202.0,410.0,252.0,1163,axis_right,378.0,202.0,mask PCA skeleton + low contact point,generated_videos/control_points_1_lunar.mp4
58,0,1,53,0.8867924528301887,2.943484145559859,lunar_lander_agent,1.0,354.0,202.0,410.0,252.0,1163,contact_low,356.0,241.0,mask PCA skeleton + low contact point,generated_videos/control_points_1_lunar.mp4
59,0,1,54,0.8867924528301887,3.081498057280497,lunar_lander_agent,1.0,354.0,205.0,410.0,255.0,1165,centroid,374.5176086425781,225.6480712890625,mask PCA skeleton + low contact point,generated_videos/control_points_1_lunar.mp4
59,0,1,54,0.8867924528301887,3.081498057280497,lunar_lander_agent,1.0,354.0,205.0,410.0,255.0,1165,axis_front,354.0,253.0,mask PCA skeleton + low contact point,generated_videos/control_points_1_lunar.mp4
59,0,1,54,0.8867924528301887,3.081498057280497,lunar_lander_agent,1.0,354.0,205.0,410.0,255.0,1165,axis_back,409.0,228.0,mask PCA skeleton + low contact point,generated_videos/control_points_1_lunar.mp4
59,0,1,54,0.8867924528301887,3.081498057280497,lunar_lander_agent,1.0,354.0,205.0,410.0,255.0,1165,axis_left,406.0,232.0,mask PCA skeleton + low contact point,generated_videos/control_points_1_lunar.mp4
59,0,1,54,0.8867924528301887,3.081498057280497,lunar_lander_agent,1.0,354.0,205.0,410.0,255.0,1165,axis_right,362.0,212.0,mask PCA skeleton + low contact point,generated_videos/control_points_1_lunar.mp4
59,0,1,54,0.8867924528301887,3.081498057280497,lunar_lander_agent,1.0,354.0,205.0,410.0,255.0,1165,contact_low,356.0,244.0,mask PCA skeleton + low contact point,generated_videos/control_points_1_lunar.mp4
60,0,1,55,0.8578878748370273,2.7078470901744733,lunar_lander_agent,1.0,352.0,208.0,410.0,258.0,1161,centroid,374.13092041015625,228.3281707763672,mask PCA skeleton + low contact point,generated_videos/control_points_1_lunar.mp4
60,0,1,55,0.8578878748370273,2.7078470901744733,lunar_lander_agent,1.0,352.0,208.0,410.0,258.0,1161,axis_front,354.0,256.0,mask PCA skeleton + low contact point,generated_videos/control_points_1_lunar.mp4
60,0,1,55,0.8578878748370273,2.7078470901744733,lunar_lander_agent,1.0,352.0,208.0,410.0,258.0,1161,axis_back,409.0,232.0,mask PCA skeleton + low contact point,generated_videos/control_points_1_lunar.mp4
60,0,1,55,0.8578878748370273,2.7078470901744733,lunar_lander_agent,1.0,352.0,208.0,410.0,258.0,1161,axis_left,359.0,257.0,mask PCA skeleton + low contact point,generated_videos/control_points_1_lunar.mp4
60,0,1,55,0.8578878748370273,2.7078470901744733,lunar_lander_agent,1.0,352.0,208.0,410.0,258.0,1161,axis_right,360.0,216.0,mask PCA skeleton + low contact point,generated_videos/control_points_1_lunar.mp4
60,0,1,55,0.8578878748370273,2.7078470901744733,lunar_lander_agent,1.0,352.0,208.0,410.0,258.0,1161,contact_low,356.0,248.0,mask PCA skeleton + low contact point,generated_videos/control_points_1_lunar.mp4
61,0,1,56,0.08716343143393863,71.86330245915087,lunar_lander_agent,1.0,223.0,210.0,535.0,312.0,7891,centroid,419.37384033203125,284.1619567871094,mask PCA skeleton + low contact point,generated_videos/control_points_1_lunar.mp4
61,0,1,56,0.08716343143393863,71.86330245915087,lunar_lander_agent,1.0,223.0,210.0,535.0,312.0,7891,axis_front,223.0,311.0,mask PCA skeleton + low contact point,generated_videos/control_points_1_lunar.mp4
61,0,1,56,0.08716343143393863,71.86330245915087,lunar_lander_agent,1.0,223.0,210.0,535.0,312.0,7891,axis_back,534.0,311.0,mask PCA skeleton + low contact point,generated_videos/control_points_1_lunar.mp4
61,0,1,56,0.08716343143393863,71.86330245915087,lunar_lander_agent,1.0,223.0,210.0,535.0,312.0,7891,axis_left,223.0,311.0,mask PCA skeleton + low contact point,generated_videos/control_points_1_lunar.mp4
61,0,1,56,0.08716343143393863,71.86330245915087,lunar_lander_agent,1.0,223.0,210.0,535.0,312.0,7891,axis_right,380.0,210.0,mask PCA skeleton + low contact point,generated_videos/control_points_1_lunar.mp4
61,0,1,56,0.08716343143393863,71.86330245915087,lunar_lander_agent,1.0,223.0,210.0,535.0,312.0,7891,contact_low,379.0,310.0,mask PCA skeleton + low contact point,generated_videos/control_points_1_lunar.mp4
62,0,1,57,0.001885369532428356,13.873679621403529,lunar_lander_agent,1.0,404.0,285.0,410.0,295.0,30,centroid,406.5,289.3333435058594,mask PCA skeleton + low contact point,generated_videos/control_points_1_lunar.mp4
62,0,1,57,0.001885369532428356,13.873679621403529,lunar_lander_agent,1.0,404.0,285.0,410.0,295.0,30,axis_front,406.0,294.0,mask PCA skeleton + low contact point,generated_videos/control_points_1_lunar.mp4
62,0,1,57,0.001885369532428356,13.873679621403529,lunar_lander_agent,1.0,404.0,285.0,410.0,295.0,30,axis_back,408.0,285.0,mask PCA skeleton + low contact point,generated_videos/control_points_1_lunar.mp4
62,0,1,57,0.001885369532428356,13.873679621403529,lunar_lander_agent,1.0,404.0,285.0,410.0,295.0,30,axis_left,409.0,287.0,mask PCA skeleton + low contact point,generated_videos/control_points_1_lunar.mp4
62,0,1,57,0.001885369532428356,13.873679621403529,lunar_lander_agent,1.0,404.0,285.0,410.0,295.0,30,axis_right,404.0,289.0,mask PCA skeleton + low contact point,generated_videos/control_points_1_lunar.mp4
62,0,1,57,0.001885369532428356,13.873679621403529,lunar_lander_agent,1.0,404.0,285.0,410.0,295.0,30,contact_low,406.0,294.0,mask PCA skeleton + low contact point,generated_videos/control_points_1_lunar.mp4
63,0,1,58,0.002003205128205128,13.567864449986654,lunar_lander_agent,1.0,223.0,216.0,535.0,312.0,7887,centroid,419.34576416015625,284.9660339355469,mask PCA skeleton + low contact point,generated_videos/control_points_1_lunar.mp4
63,0,1,58,0.002003205128205128,13.567864449986654,lunar_lander_agent,1.0,223.0,216.0,535.0,312.0,7887,axis_front,223.0,311.0,mask PCA skeleton + low contact point,generated_videos/control_points_1_lunar.mp4
63,0,1,58,0.002003205128205128,13.567864449986654,lunar_lander_agent,1.0,223.0,216.0,535.0,312.0,7887,axis_back,534.0,311.0,mask PCA skeleton + low contact point,generated_videos/control_points_1_lunar.mp4
63,0,1,58,0.002003205128205128,13.567864449986654,lunar_lander_agent,1.0,223.0,216.0,535.0,312.0,7887,axis_left,223.0,311.0,mask PCA skeleton + low contact point,generated_videos/control_points_1_lunar.mp4
63,0,1,58,0.002003205128205128,13.567864449986654,lunar_lander_agent,1.0,223.0,216.0,535.0,312.0,7887,axis_right,379.0,216.0,mask PCA skeleton + low contact point,generated_videos/control_points_1_lunar.mp4
63,0,1,58,0.002003205128205128,13.567864449986654,lunar_lander_agent,1.0,223.0,216.0,535.0,312.0,7887,contact_low,379.0,310.0,mask PCA skeleton + low contact point,generated_videos/control_points_1_lunar.mp4
64,0,1,59,0.9791666666666666,0.46277296670590184,lunar_lander_agent,1.0,223.0,218.0,535.0,312.0,7868,centroid,419.3551025390625,285.4287109375,mask PCA skeleton + low contact point,generated_videos/control_points_1_lunar.mp4
64,0,1,59,0.9791666666666666,0.46277296670590184,lunar_lander_agent,1.0,223.0,218.0,535.0,312.0,7868,axis_front,223.0,311.0,mask PCA skeleton + low contact point,generated_videos/control_points_1_lunar.mp4
64,0,1,59,0.9791666666666666,0.46277296670590184,lunar_lander_agent,1.0,223.0,218.0,535.0,312.0,7868,axis_back,534.0,311.0,mask PCA skeleton + low contact point,generated_videos/control_points_1_lunar.mp4
64,0,1,59,0.9791666666666666,0.46277296670590184,lunar_lander_agent,1.0,223.0,218.0,535.0,312.0,7868,axis_left,223.0,311.0,mask PCA skeleton + low contact point,generated_videos/control_points_1_lunar.mp4
64,0,1,59,0.9791666666666666,0.46277296670590184,lunar_lander_agent,1.0,223.0,218.0,535.0,312.0,7868,axis_right,379.0,218.0,mask PCA skeleton + low contact point,generated_videos/control_points_1_lunar.mp4
64,0,1,59,0.9791666666666666,0.46277296670590184,lunar_lander_agent,1.0,223.0,218.0,535.0,312.0,7868,contact_low,379.0,310.0,mask PCA skeleton + low contact point,generated_videos/control_points_1_lunar.mp4
65,0,1,60,0.004637206764866339,70.19146039364144,lunar_lander_agent,1.0,350.0,254.0,358.0,271.0,110,centroid,353.1091003417969,262.2272644042969,mask PCA skeleton + low contact point,generated_videos/control_points_1_lunar.mp4
65,0,1,60,0.004637206764866339,70.19146039364144,lunar_lander_agent,1.0,350.0,254.0,358.0,271.0,110,axis_front,355.0,270.0,mask PCA skeleton + low contact point,generated_videos/control_points_1_lunar.mp4
65,0,1,60,0.004637206764866339,70.19146039364144,lunar_lander_agent,1.0,350.0,254.0,358.0,271.0,110,axis_back,351.0,254.0,mask PCA skeleton + low contact point,generated_videos/control_points_1_lunar.mp4
65,0,1,60,0.004637206764866339,70.19146039364144,lunar_lander_agent,1.0,350.0,254.0,358.0,271.0,110,axis_left,357.0,264.0,mask PCA skeleton + low contact point,generated_videos/control_points_1_lunar.mp4
65,0,1,60,0.004637206764866339,70.19146039364144,lunar_lander_agent,1.0,350.0,254.0,358.0,271.0,110,axis_right,350.0,267.0,mask PCA skeleton + low contact point,generated_videos/control_points_1_lunar.mp4
65,0,1,60,0.004637206764866339,70.19146039364144,lunar_lander_agent,1.0,350.0,254.0,358.0,271.0,110,contact_low,353.0,269.0,mask PCA skeleton + low contact point,generated_videos/control_points_1_lunar.mp4
66,0,1,61,0.004953379953379953,70.68405069186934,lunar_lander_agent,1.0,223.0,224.0,535.0,312.0,7817,centroid,419.50146484375,286.4819030761719,mask PCA skeleton + low contact point,generated_videos/control_points_1_lunar.mp4
66,0,1,61,0.004953379953379953,70.68405069186934,lunar_lander_agent,1.0,223.0,224.0,535.0,312.0,7817,axis_front,223.0,311.0,mask PCA skeleton + low contact point,generated_videos/control_points_1_lunar.mp4
66,0,1,61,0.004953379953379953,70.68405069186934,lunar_lander_agent,1.0,223.0,224.0,535.0,312.0,7817,axis_back,534.0,311.0,mask PCA skeleton + low contact point,generated_videos/control_points_1_lunar.mp4
66,0,1,61,0.004953379953379953,70.68405069186934,lunar_lander_agent,1.0,223.0,224.0,535.0,312.0,7817,axis_left,223.0,311.0,mask PCA skeleton + low contact point,generated_videos/control_points_1_lunar.mp4
66,0,1,61,0.004953379953379953,70.68405069186934,lunar_lander_agent,1.0,223.0,224.0,535.0,312.0,7817,axis_right,378.0,224.0,mask PCA skeleton + low contact point,generated_videos/control_points_1_lunar.mp4
66,0,1,61,0.004953379953379953,70.68405069186934,lunar_lander_agent,1.0,223.0,224.0,535.0,312.0,7817,contact_low,379.0,310.0,mask PCA skeleton + low contact point,generated_videos/control_points_1_lunar.mp4
67,0,1,62,0.9772727272727273,0.6075194233569507,lunar_lander_agent,1.0,223.0,226.0,535.0,312.0,7755,centroid,419.720703125,287.0484924316406,mask PCA skeleton + low contact point,generated_videos/control_points_1_lunar.mp4
67,0,1,62,0.9772727272727273,0.6075194233569507,lunar_lander_agent,1.0,223.0,226.0,535.0,312.0,7755,axis_front,223.0,311.0,mask PCA skeleton + low contact point,generated_videos/control_points_1_lunar.mp4
67,0,1,62,0.9772727272727273,0.6075194233569507,lunar_lander_agent,1.0,223.0,226.0,535.0,312.0,7755,axis_back,534.0,253.0,mask PCA skeleton + low contact point,generated_videos/control_points_1_lunar.mp4
67,0,1,62,0.9772727272727273,0.6075194233569507,lunar_lander_agent,1.0,223.0,226.0,535.0,312.0,7755,axis_left,534.0,311.0,mask PCA skeleton + low contact point,generated_videos/control_points_1_lunar.mp4
67,0,1,62,0.9772727272727273,0.6075194233569507,lunar_lander_agent,1.0,223.0,226.0,535.0,312.0,7755,axis_right,376.0,226.0,mask PCA skeleton + low contact point,generated_videos/control_points_1_lunar.mp4
67,0,1,62,0.9772727272727273,0.6075194233569507,lunar_lander_agent,1.0,223.0,226.0,535.0,312.0,7755,contact_low,379.0,310.0,mask PCA skeleton + low contact point,generated_videos/control_points_1_lunar.mp4
68,0,1,63,0.005068574836016696,70.64351049437295,lunar_lander_agent,1.0,348.0,262.0,356.0,279.0,110,centroid,351.1091003417969,270.2272644042969,mask PCA skeleton + low contact point,generated_videos/control_points_1_lunar.mp4
68,0,1,63,0.005068574836016696,70.64351049437295,lunar_lander_agent,1.0,348.0,262.0,356.0,279.0,110,axis_front,353.0,278.0,mask PCA skeleton + low contact point,generated_videos/control_points_1_lunar.mp4
68,0,1,63,0.005068574836016696,70.64351049437295,lunar_lander_agent,1.0,348.0,262.0,356.0,279.0,110,axis_back,349.0,262.0,mask PCA skeleton + low contact point,generated_videos/control_points_1_lunar.mp4
68,0,1,63,0.005068574836016696,70.64351049437295,lunar_lander_agent,1.0,348.0,262.0,356.0,279.0,110,axis_left,355.0,272.0,mask PCA skeleton + low contact point,generated_videos/control_points_1_lunar.mp4
68,0,1,63,0.005068574836016696,70.64351049437295,lunar_lander_agent,1.0,348.0,262.0,356.0,279.0,110,axis_right,348.0,275.0,mask PCA skeleton + low contact point,generated_videos/control_points_1_lunar.mp4
68,0,1,63,0.005068574836016696,70.64351049437295,lunar_lander_agent,1.0,348.0,262.0,356.0,279.0,110,contact_low,351.0,277.0,mask PCA skeleton + low contact point,generated_videos/control_points_1_lunar.mp4
69,0,1,64,0.0,25.733820224484262,lunar_lander_agent,1.0,374.0,268.0,381.0,277.0,29,centroid,376.7930908203125,271.82757568359375,mask PCA skeleton + low contact point,generated_videos/control_points_1_lunar.mp4
69,0,1,64,0.0,25.733820224484262,lunar_lander_agent,1.0,374.0,268.0,381.0,277.0,29,axis_front,379.0,276.0,mask PCA skeleton + low contact point,generated_videos/control_points_1_lunar.mp4
69,0,1,64,0.0,25.733820224484262,lunar_lander_agent,1.0,374.0,268.0,381.0,277.0,29,axis_back,374.0,268.0,mask PCA skeleton + low contact point,generated_videos/control_points_1_lunar.mp4
69,0,1,64,0.0,25.733820224484262,lunar_lander_agent,1.0,374.0,268.0,381.0,277.0,29,axis_left,377.0,269.0,mask PCA skeleton + low contact point,generated_videos/control_points_1_lunar.mp4
69,0,1,64,0.0,25.733820224484262,lunar_lander_agent,1.0,374.0,268.0,381.0,277.0,29,axis_right,374.0,271.0,mask PCA skeleton + low contact point,generated_videos/control_points_1_lunar.mp4
69,0,1,64,0.0,25.733820224484262,lunar_lander_agent,1.0,374.0,268.0,381.0,277.0,29,contact_low,378.0,276.0,mask PCA skeleton + low contact point,generated_videos/control_points_1_lunar.mp4
70,0,1,65,0.0025887573964497044,45.90807212229076,lunar_lander_agent,1.0,223.0,234.0,535.0,312.0,7719,centroid,419.6252136230469,288.3491516113281,mask PCA skeleton + low contact point,generated_videos/control_points_1_lunar.mp4
70,0,1,65,0.0025887573964497044,45.90807212229076,lunar_lander_agent,1.0,223.0,234.0,535.0,312.0,7719,axis_front,223.0,311.0,mask PCA skeleton + low contact point,generated_videos/control_points_1_lunar.mp4
70,0,1,65,0.0025887573964497044,45.90807212229076,lunar_lander_agent,1.0,223.0,234.0,535.0,312.0,7719,axis_back,534.0,253.0,mask PCA skeleton + low contact point,generated_videos/control_points_1_lunar.mp4
70,0,1,65,0.0025887573964497044,45.90807212229076,lunar_lander_agent,1.0,223.0,234.0,535.0,312.0,7719,axis_left,534.0,311.0,mask PCA skeleton + low contact point,generated_videos/control_points_1_lunar.mp4
70,0,1,65,0.0025887573964497044,45.90807212229076,lunar_lander_agent,1.0,223.0,234.0,535.0,312.0,7719,axis_right,372.0,234.0,mask PCA skeleton + low contact point,generated_videos/control_points_1_lunar.mp4
70,0,1,65,0.0025887573964497044,45.90807212229076,lunar_lander_agent,1.0,223.0,234.0,535.0,312.0,7719,contact_low,379.0,310.0,mask PCA skeleton + low contact point,generated_videos/control_points_1_lunar.mp4
71,0,1,66,0.9743589743589743,0.48945268264604364,lunar_lander_agent,1.0,223.0,236.0,535.0,312.0,7727,centroid,419.402099609375,288.7847900390625,mask PCA skeleton + low contact point,generated_videos/control_points_1_lunar.mp4
71,0,1,66,0.9743589743589743,0.48945268264604364,lunar_lander_agent,1.0,223.0,236.0,535.0,312.0,7727,axis_front,223.0,311.0,mask PCA skeleton + low contact point,generated_videos/control_points_1_lunar.mp4
71,0,1,66,0.9743589743589743,0.48945268264604364,lunar_lander_agent,1.0,223.0,236.0,535.0,312.0,7727,axis_back,534.0,253.0,mask PCA skeleton + low contact point,generated_videos/control_points_1_lunar.mp4
71,0,1,66,0.9743589743589743,0.48945268264604364,lunar_lander_agent,1.0,223.0,236.0,535.0,312.0,7727,axis_left,534.0,311.0,mask PCA skeleton + low contact point,generated_videos/control_points_1_lunar.mp4
71,0,1,66,0.9743589743589743,0.48945268264604364,lunar_lander_agent,1.0,223.0,236.0,535.0,312.0,7727,axis_right,372.0,236.0,mask PCA skeleton + low contact point,generated_videos/control_points_1_lunar.mp4
71,0,1,66,0.9743589743589743,0.48945268264604364,lunar_lander_agent,1.0,223.0,236.0,535.0,312.0,7727,contact_low,379.0,310.0,mask PCA skeleton + low contact point,generated_videos/control_points_1_lunar.mp4
72,0,1,67,0.005735492577597841,73.32202664667274,lunar_lander_agent,1.0,344.0,271.0,352.0,288.0,102,centroid,346.70587158203125,279.2254943847656,mask PCA skeleton + low contact point,generated_videos/control_points_1_lunar.mp4
72,0,1,67,0.005735492577597841,73.32202664667274,lunar_lander_agent,1.0,344.0,271.0,352.0,288.0,102,axis_front,349.0,287.0,mask PCA skeleton + low contact point,generated_videos/control_points_1_lunar.mp4
72,0,1,67,0.005735492577597841,73.32202664667274,lunar_lander_agent,1.0,344.0,271.0,352.0,288.0,102,axis_back,345.0,271.0,mask PCA skeleton + low contact point,generated_videos/control_points_1_lunar.mp4
72,0,1,67,0.005735492577597841,73.32202664667274,lunar_lander_agent,1.0,344.0,271.0,352.0,288.0,102,axis_left,351.0,284.0,mask PCA skeleton + low contact point,generated_videos/control_points_1_lunar.mp4
72,0,1,67,0.005735492577597841,73.32202664667274,lunar_lander_agent,1.0,344.0,271.0,352.0,288.0,102,axis_right,344.0,285.0,mask PCA skeleton + low contact point,generated_videos/control_points_1_lunar.mp4
72,0,1,67,0.005735492577597841,73.32202664667274,lunar_lander_agent,1.0,344.0,271.0,352.0,288.0,102,contact_low,347.0,286.0,mask PCA skeleton + low contact point,generated_videos/control_points_1_lunar.mp4
73,0,1,68,0.5454545454545454,2.526287942827298,lunar_lander_agent,1.0,344.0,274.0,350.0,291.0,95,centroid,346.43157958984375,281.7368469238281,mask PCA skeleton + low contact point,generated_videos/control_points_1_lunar.mp4
73,0,1,68,0.5454545454545454,2.526287942827298,lunar_lander_agent,1.0,344.0,274.0,350.0,291.0,95,axis_front,345.0,290.0,mask PCA skeleton + low contact point,generated_videos/control_points_1_lunar.mp4
73,0,1,68,0.5454545454545454,2.526287942827298,lunar_lander_agent,1.0,344.0,274.0,350.0,291.0,95,axis_back,344.0,274.0,mask PCA skeleton + low contact point,generated_videos/control_points_1_lunar.mp4
73,0,1,68,0.5454545454545454,2.526287942827298,lunar_lander_agent,1.0,344.0,274.0,350.0,291.0,95,axis_left,349.0,276.0,mask PCA skeleton + low contact point,generated_videos/control_points_1_lunar.mp4
73,0,1,68,0.5454545454545454,2.526287942827298,lunar_lander_agent,1.0,344.0,274.0,350.0,291.0,95,axis_right,344.0,289.0,mask PCA skeleton + low contact point,generated_videos/control_points_1_lunar.mp4
73,0,1,68,0.5454545454545454,2.526287942827298,lunar_lander_agent,1.0,344.0,274.0,350.0,291.0,95,contact_low,346.0,289.0,mask PCA skeleton + low contact point,generated_videos/control_points_1_lunar.mp4
74,0,1,69,0.5136986301369864,2.6944489977844865,lunar_lander_agent,1.0,342.0,276.0,349.0,293.0,95,centroid,344.7368469238281,283.8315734863281,mask PCA skeleton + low contact point,generated_videos/control_points_1_lunar.mp4
74,0,1,69,0.5136986301369864,2.6944489977844865,lunar_lander_agent,1.0,342.0,276.0,349.0,293.0,95,axis_front,347.0,292.0,mask PCA skeleton + low contact point,generated_videos/control_points_1_lunar.mp4
74,0,1,69,0.5136986301369864,2.6944489977844865,lunar_lander_agent,1.0,342.0,276.0,349.0,293.0,95,axis_back,343.0,276.0,mask PCA skeleton + low contact point,generated_videos/control_points_1_lunar.mp4
74,0,1,69,0.5136986301369864,2.6944489977844865,lunar_lander_agent,1.0,342.0,276.0,349.0,293.0,95,axis_left,348.0,291.0,mask PCA skeleton + low contact point,generated_videos/control_points_1_lunar.mp4
74,0,1,69,0.5136986301369864,2.6944489977844865,lunar_lander_agent,1.0,342.0,276.0,349.0,293.0,95,axis_right,342.0,287.0,mask PCA skeleton + low contact point,generated_videos/control_points_1_lunar.mp4
74,0,1,69,0.5136986301369864,2.6944489977844865,lunar_lander_agent,1.0,342.0,276.0,349.0,293.0,95,contact_low,345.0,291.0,mask PCA skeleton + low contact point,generated_videos/control_points_1_lunar.mp4
75,0,1,70,0.005778943278943279,74.15560493847242,lunar_lander_agent,1.0,223.0,246.0,535.0,312.0,7765,centroid,418.6445617675781,289.889892578125,mask PCA skeleton + low contact point,generated_videos/control_points_1_lunar.mp4
75,0,1,70,0.005778943278943279,74.15560493847242,lunar_lander_agent,1.0,223.0,246.0,535.0,312.0,7765,axis_front,223.0,311.0,mask PCA skeleton + low contact point,generated_videos/control_points_1_lunar.mp4
75,0,1,70,0.005778943278943279,74.15560493847242,lunar_lander_agent,1.0,223.0,246.0,535.0,312.0,7765,axis_back,534.0,253.0,mask PCA skeleton + low contact point,generated_videos/control_points_1_lunar.mp4
75,0,1,70,0.005778943278943279,74.15560493847242,lunar_lander_agent,1.0,223.0,246.0,535.0,312.0,7765,axis_left,534.0,311.0,mask PCA skeleton + low contact point,generated_videos/control_points_1_lunar.mp4
75,0,1,70,0.005778943278943279,74.15560493847242,lunar_lander_agent,1.0,223.0,246.0,535.0,312.0,7765,axis_right,368.0,246.0,mask PCA skeleton + low contact point,generated_videos/control_points_1_lunar.mp4
75,0,1,70,0.005778943278943279,74.15560493847242,lunar_lander_agent,1.0,223.0,246.0,535.0,312.0,7765,contact_low,379.0,310.0,mask PCA skeleton + low contact point,generated_videos/control_points_1_lunar.mp4
76,0,1,71,0.9696969696969697,0.9188059116472431,lunar_lander_agent,1.0,223.0,248.0,535.0,312.0,7867,centroid,417.7437438964844,290.07080078125,mask PCA skeleton + low contact point,generated_videos/control_points_1_lunar.mp4
76,0,1,71,0.9696969696969697,0.9188059116472431,lunar_lander_agent,1.0,223.0,248.0,535.0,312.0,7867,axis_front,223.0,311.0,mask PCA skeleton + low contact point,generated_videos/control_points_1_lunar.mp4
76,0,1,71,0.9696969696969697,0.9188059116472431,lunar_lander_agent,1.0,223.0,248.0,535.0,312.0,7867,axis_back,534.0,253.0,mask PCA skeleton + low contact point,generated_videos/control_points_1_lunar.mp4
76,0,1,71,0.9696969696969697,0.9188059116472431,lunar_lander_agent,1.0,223.0,248.0,535.0,312.0,7867,axis_left,534.0,311.0,mask PCA skeleton + low contact point,generated_videos/control_points_1_lunar.mp4
76,0,1,71,0.9696969696969697,0.9188059116472431,lunar_lander_agent,1.0,223.0,248.0,535.0,312.0,7867,axis_right,243.0,249.0,mask PCA skeleton + low contact point,generated_videos/control_points_1_lunar.mp4
76,0,1,71,0.9696969696969697,0.9188059116472431,lunar_lander_agent,1.0,223.0,248.0,535.0,312.0,7867,contact_low,379.0,310.0,mask PCA skeleton + low contact point,generated_videos/control_points_1_lunar.mp4
77,0,1,72,0.984375,0.2992413494745209,lunar_lander_agent,1.0,223.0,249.0,535.0,312.0,7812,centroid,417.9444580078125,290.2927551269531,mask PCA skeleton + low contact point,generated_videos/control_points_1_lunar.mp4
77,0,1,72,0.984375,0.2992413494745209,lunar_lander_agent,1.0,223.0,249.0,535.0,312.0,7812,axis_front,223.0,311.0,mask PCA skeleton + low contact point,generated_videos/control_points_1_lunar.mp4
77,0,1,72,0.984375,0.2992413494745209,lunar_lander_agent,1.0,223.0,249.0,535.0,312.0,7812,axis_back,534.0,253.0,mask PCA skeleton + low contact point,generated_videos/control_points_1_lunar.mp4
77,0,1,72,0.984375,0.2992413494745209,lunar_lander_agent,1.0,223.0,249.0,535.0,312.0,7812,axis_left,534.0,311.0,mask PCA skeleton + low contact point,generated_videos/control_points_1_lunar.mp4
77,0,1,72,0.984375,0.2992413494745209,lunar_lander_agent,1.0,223.0,249.0,535.0,312.0,7812,axis_right,243.0,249.0,mask PCA skeleton + low contact point,generated_videos/control_points_1_lunar.mp4
77,0,1,72,0.984375,0.2992413494745209,lunar_lander_agent,1.0,223.0,249.0,535.0,312.0,7812,contact_low,379.0,310.0,mask PCA skeleton + low contact point,generated_videos/control_points_1_lunar.mp4
78,0,1,73,1.0,0.3218718362828972,lunar_lander_agent,1.0,223.0,249.0,535.0,312.0,7847,centroid,417.64752197265625,290.4169616699219,mask PCA skeleton + low contact point,generated_videos/control_points_1_lunar.mp4
78,0,1,73,1.0,0.3218718362828972,lunar_lander_agent,1.0,223.0,249.0,535.0,312.0,7847,axis_front,223.0,311.0,mask PCA skeleton + low contact point,generated_videos/control_points_1_lunar.mp4
78,0,1,73,1.0,0.3218718362828972,lunar_lander_agent,1.0,223.0,249.0,535.0,312.0,7847,axis_back,534.0,253.0,mask PCA skeleton + low contact point,generated_videos/control_points_1_lunar.mp4
78,0,1,73,1.0,0.3218718362828972,lunar_lander_agent,1.0,223.0,249.0,535.0,312.0,7847,axis_left,534.0,311.0,mask PCA skeleton + low contact point,generated_videos/control_points_1_lunar.mp4
78,0,1,73,1.0,0.3218718362828972,lunar_lander_agent,1.0,223.0,249.0,535.0,312.0,7847,axis_right,243.0,249.0,mask PCA skeleton + low contact point,generated_videos/control_points_1_lunar.mp4
78,0,1,73,1.0,0.3218718362828972,lunar_lander_agent,1.0,223.0,249.0,535.0,312.0,7847,contact_low,379.0,310.0,mask PCA skeleton + low contact point,generated_videos/control_points_1_lunar.mp4
79,0,1,74,1.0,0.6156294154991496,lunar_lander_agent,1.0,223.0,249.0,535.0,312.0,7891,centroid,417.07794189453125,290.6506042480469,mask PCA skeleton + low contact point,generated_videos/control_points_1_lunar.mp4
79,0,1,74,1.0,0.6156294154991496,lunar_lander_agent,1.0,223.0,249.0,535.0,312.0,7891,axis_front,223.0,311.0,mask PCA skeleton + low contact point,generated_videos/control_points_1_lunar.mp4
79,0,1,74,1.0,0.6156294154991496,lunar_lander_agent,1.0,223.0,249.0,535.0,312.0,7891,axis_back,534.0,253.0,mask PCA skeleton + low contact point,generated_videos/control_points_1_lunar.mp4
79,0,1,74,1.0,0.6156294154991496,lunar_lander_agent,1.0,223.0,249.0,535.0,312.0,7891,axis_left,534.0,311.0,mask PCA skeleton + low contact point,generated_videos/control_points_1_lunar.mp4
79,0,1,74,1.0,0.6156294154991496,lunar_lander_agent,1.0,223.0,249.0,535.0,312.0,7891,axis_right,243.0,249.0,mask PCA skeleton + low contact point,generated_videos/control_points_1_lunar.mp4
79,0,1,74,1.0,0.6156294154991496,lunar_lander_agent,1.0,223.0,249.0,535.0,312.0,7891,contact_low,379.0,310.0,mask PCA skeleton + low contact point,generated_videos/control_points_1_lunar.mp4
80,0,1,75,1.0,0.45404446232581175,lunar_lander_agent,1.0,223.0,249.0,535.0,312.0,7915,centroid,416.6828918457031,290.8744201660156,mask PCA skeleton + low contact point,generated_videos/control_points_1_lunar.mp4
80,0,1,75,1.0,0.45404446232581175,lunar_lander_agent,1.0,223.0,249.0,535.0,312.0,7915,axis_front,223.0,311.0,mask PCA skeleton + low contact point,generated_videos/control_points_1_lunar.mp4
80,0,1,75,1.0,0.45404446232581175,lunar_lander_agent,1.0,223.0,249.0,535.0,312.0,7915,axis_back,534.0,253.0,mask PCA skeleton + low contact point,generated_videos/control_points_1_lunar.mp4
80,0,1,75,1.0,0.45404446232581175,lunar_lander_agent,1.0,223.0,249.0,535.0,312.0,7915,axis_left,534.0,311.0,mask PCA skeleton + low contact point,generated_videos/control_points_1_lunar.mp4
80,0,1,75,1.0,0.45404446232581175,lunar_lander_agent,1.0,223.0,249.0,535.0,312.0,7915,axis_right,243.0,249.0,mask PCA skeleton + low contact point,generated_videos/control_points_1_lunar.mp4
80,0,1,75,1.0,0.45404446232581175,lunar_lander_agent,1.0,223.0,249.0,535.0,312.0,7915,contact_low,379.0,310.0,mask PCA skeleton + low contact point,generated_videos/control_points_1_lunar.mp4
81,0,1,76,1.0,0.4550316898267965,lunar_lander_agent,1.0,223.0,249.0,535.0,312.0,7931,centroid,416.23931884765625,290.9759216308594,mask PCA skeleton + low contact point,generated_videos/control_points_1_lunar.mp4
81,0,1,76,1.0,0.4550316898267965,lunar_lander_agent,1.0,223.0,249.0,535.0,312.0,7931,axis_front,223.0,311.0,mask PCA skeleton + low contact point,generated_videos/control_points_1_lunar.mp4
81,0,1,76,1.0,0.4550316898267965,lunar_lander_agent,1.0,223.0,249.0,535.0,312.0,7931,axis_back,534.0,253.0,mask PCA skeleton + low contact point,generated_videos/control_points_1_lunar.mp4
81,0,1,76,1.0,0.4550316898267965,lunar_lander_agent,1.0,223.0,249.0,535.0,312.0,7931,axis_left,534.0,311.0,mask PCA skeleton + low contact point,generated_videos/control_points_1_lunar.mp4
81,0,1,76,1.0,0.4550316898267965,lunar_lander_agent,1.0,223.0,249.0,535.0,312.0,7931,axis_right,243.0,249.0,mask PCA skeleton + low contact point,generated_videos/control_points_1_lunar.mp4
81,0,1,76,1.0,0.4550316898267965,lunar_lander_agent,1.0,223.0,249.0,535.0,312.0,7931,contact_low,379.0,310.0,mask PCA skeleton + low contact point,generated_videos/control_points_1_lunar.mp4
82,0,1,77,1.0,0.25934052518959205,lunar_lander_agent,1.0,223.0,249.0,535.0,312.0,7875,centroid,416.37982177734375,291.19390869140625,mask PCA skeleton + low contact point,generated_videos/control_points_1_lunar.mp4
82,0,1,77,1.0,0.25934052518959205,lunar_lander_agent,1.0,223.0,249.0,535.0,312.0,7875,axis_front,223.0,311.0,mask PCA skeleton + low contact point,generated_videos/control_points_1_lunar.mp4
82,0,1,77,1.0,0.25934052518959205,lunar_lander_agent,1.0,223.0,249.0,535.0,312.0,7875,axis_back,534.0,253.0,mask PCA skeleton + low contact point,generated_videos/control_points_1_lunar.mp4
82,0,1,77,1.0,0.25934052518959205,lunar_lander_agent,1.0,223.0,249.0,535.0,312.0,7875,axis_left,534.0,311.0,mask PCA skeleton + low contact point,generated_videos/control_points_1_lunar.mp4
82,0,1,77,1.0,0.25934052518959205,lunar_lander_agent,1.0,223.0,249.0,535.0,312.0,7875,axis_right,243.0,249.0,mask PCA skeleton + low contact point,generated_videos/control_points_1_lunar.mp4
82,0,1,77,1.0,0.25934052518959205,lunar_lander_agent,1.0,223.0,249.0,535.0,312.0,7875,contact_low,379.0,310.0,mask PCA skeleton + low contact point,generated_videos/control_points_1_lunar.mp4
83,0,1,78,1.0,0.7390988231123631,lunar_lander_agent,1.0,223.0,249.0,535.0,312.0,7955,centroid,415.6407165527344,291.1991271972656,mask PCA skeleton + low contact point,generated_videos/control_points_1_lunar.mp4
83,0,1,78,1.0,0.7390988231123631,lunar_lander_agent,1.0,223.0,249.0,535.0,312.0,7955,axis_front,223.0,311.0,mask PCA skeleton + low contact point,generated_videos/control_points_1_lunar.mp4
83,0,1,78,1.0,0.7390988231123631,lunar_lander_agent,1.0,223.0,249.0,535.0,312.0,7955,axis_back,534.0,253.0,mask PCA skeleton + low contact point,generated_videos/control_points_1_lunar.mp4
83,0,1,78,1.0,0.7390988231123631,lunar_lander_agent,1.0,223.0,249.0,535.0,312.0,7955,axis_left,534.0,311.0,mask PCA skeleton + low contact point,generated_videos/control_points_1_lunar.mp4
83,0,1,78,1.0,0.7390988231123631,lunar_lander_agent,1.0,223.0,249.0,535.0,312.0,7955,axis_right,243.0,249.0,mask PCA skeleton + low contact point,generated_videos/control_points_1_lunar.mp4
83,0,1,78,1.0,0.7390988231123631,lunar_lander_agent,1.0,223.0,249.0,535.0,312.0,7955,contact_low,379.0,310.0,mask PCA skeleton + low contact point,generated_videos/control_points_1_lunar.mp4
84,0,1,79,1.0,0.25996226045098864,lunar_lander_agent,1.0,223.0,249.0,535.0,312.0,7908,centroid,415.7560729980469,291.4320983886719,mask PCA skeleton + low contact point,generated_videos/control_points_1_lunar.mp4
84,0,1,79,1.0,0.25996226045098864,lunar_lander_agent,1.0,223.0,249.0,535.0,312.0,7908,axis_front,223.0,311.0,mask PCA skeleton + low contact point,generated_videos/control_points_1_lunar.mp4
84,0,1,79,1.0,0.25996226045098864,lunar_lander_agent,1.0,223.0,249.0,535.0,312.0,7908,axis_back,534.0,253.0,mask PCA skeleton + low contact point,generated_videos/control_points_1_lunar.mp4
84,0,1,79,1.0,0.25996226045098864,lunar_lander_agent,1.0,223.0,249.0,535.0,312.0,7908,axis_left,534.0,311.0,mask PCA skeleton + low contact point,generated_videos/control_points_1_lunar.mp4
84,0,1,79,1.0,0.25996226045098864,lunar_lander_agent,1.0,223.0,249.0,535.0,312.0,7908,axis_right,243.0,249.0,mask PCA skeleton + low contact point,generated_videos/control_points_1_lunar.mp4
84,0,1,79,1.0,0.25996226045098864,lunar_lander_agent,1.0,223.0,249.0,535.0,312.0,7908,contact_low,379.0,310.0,mask PCA skeleton + low contact point,generated_videos/control_points_1_lunar.mp4
85,0,1,80,1.0,0.2584843429633086,lunar_lander_agent,1.0,223.0,249.0,535.0,312.0,7910,centroid,415.5078430175781,291.5041809082031,mask PCA skeleton + low contact point,generated_videos/control_points_1_lunar.mp4
85,0,1,80,1.0,0.2584843429633086,lunar_lander_agent,1.0,223.0,249.0,535.0,312.0,7910,axis_front,223.0,311.0,mask PCA skeleton + low contact point,generated_videos/control_points_1_lunar.mp4
85,0,1,80,1.0,0.2584843429633086,lunar_lander_agent,1.0,223.0,249.0,535.0,312.0,7910,axis_back,534.0,253.0,mask PCA skeleton + low contact point,generated_videos/control_points_1_lunar.mp4
85,0,1,80,1.0,0.2584843429633086,lunar_lander_agent,1.0,223.0,249.0,535.0,312.0,7910,axis_left,534.0,311.0,mask PCA skeleton + low contact point,generated_videos/control_points_1_lunar.mp4
85,0,1,80,1.0,0.2584843429633086,lunar_lander_agent,1.0,223.0,249.0,535.0,312.0,7910,axis_right,243.0,249.0,mask PCA skeleton + low contact point,generated_videos/control_points_1_lunar.mp4
85,0,1,80,1.0,0.2584843429633086,lunar_lander_agent,1.0,223.0,249.0,535.0,312.0,7910,contact_low,379.0,310.0,mask PCA skeleton + low contact point,generated_videos/control_points_1_lunar.mp4
86,0,1,81,1.0,0.6089074486225479,lunar_lander_agent,1.0,223.0,249.0,535.0,312.0,7956,centroid,414.91717529296875,291.652099609375,mask PCA skeleton + low contact point,generated_videos/control_points_1_lunar.mp4
86,0,1,81,1.0,0.6089074486225479,lunar_lander_agent,1.0,223.0,249.0,535.0,312.0,7956,axis_front,223.0,311.0,mask PCA skeleton + low contact point,generated_videos/control_points_1_lunar.mp4
86,0,1,81,1.0,0.6089074486225479,lunar_lander_agent,1.0,223.0,249.0,535.0,312.0,7956,axis_back,534.0,253.0,mask PCA skeleton + low contact point,generated_videos/control_points_1_lunar.mp4
86,0,1,81,1.0,0.6089074486225479,lunar_lander_agent,1.0,223.0,249.0,535.0,312.0,7956,axis_left,534.0,311.0,mask PCA skeleton + low contact point,generated_videos/control_points_1_lunar.mp4
86,0,1,81,1.0,0.6089074486225479,lunar_lander_agent,1.0,223.0,249.0,535.0,312.0,7956,axis_right,243.0,249.0,mask PCA skeleton + low contact point,generated_videos/control_points_1_lunar.mp4
86,0,1,81,1.0,0.6089074486225479,lunar_lander_agent,1.0,223.0,249.0,535.0,312.0,7956,contact_low,379.0,310.0,mask PCA skeleton + low contact point,generated_videos/control_points_1_lunar.mp4
87,0,1,82,1.0,0.1768104295304681,lunar_lander_agent,1.0,223.0,249.0,535.0,312.0,7929,centroid,414.8454895019531,291.813720703125,mask PCA skeleton + low contact point,generated_videos/control_points_1_lunar.mp4
87,0,1,82,1.0,0.1768104295304681,lunar_lander_agent,1.0,223.0,249.0,535.0,312.0,7929,axis_front,223.0,311.0,mask PCA skeleton + low contact point,generated_videos/control_points_1_lunar.mp4
87,0,1,82,1.0,0.1768104295304681,lunar_lander_agent,1.0,223.0,249.0,535.0,312.0,7929,axis_back,534.0,253.0,mask PCA skeleton + low contact point,generated_videos/control_points_1_lunar.mp4
87,0,1,82,1.0,0.1768104295304681,lunar_lander_agent,1.0,223.0,249.0,535.0,312.0,7929,axis_left,534.0,311.0,mask PCA skeleton + low contact point,generated_videos/control_points_1_lunar.mp4
87,0,1,82,1.0,0.1768104295304681,lunar_lander_agent,1.0,223.0,249.0,535.0,312.0,7929,axis_right,243.0,249.0,mask PCA skeleton + low contact point,generated_videos/control_points_1_lunar.mp4
87,0,1,82,1.0,0.1768104295304681,lunar_lander_agent,1.0,223.0,249.0,535.0,312.0,7929,contact_low,379.0,310.0,mask PCA skeleton + low contact point,generated_videos/control_points_1_lunar.mp4
88,0,1,83,1.0,0.11637990890065927,lunar_lander_agent,1.0,223.0,249.0,535.0,312.0,7889,centroid,414.9134216308594,291.9082336425781,mask PCA skeleton + low contact point,generated_videos/control_points_1_lunar.mp4
88,0,1,83,1.0,0.11637990890065927,lunar_lander_agent,1.0,223.0,249.0,535.0,312.0,7889,axis_front,223.0,311.0,mask PCA skeleton + low contact point,generated_videos/control_points_1_lunar.mp4
88,0,1,83,1.0,0.11637990890065927,lunar_lander_agent,1.0,223.0,249.0,535.0,312.0,7889,axis_back,534.0,253.0,mask PCA skeleton + low contact point,generated_videos/control_points_1_lunar.mp4
88,0,1,83,1.0,0.11637990890065927,lunar_lander_agent,1.0,223.0,249.0,535.0,312.0,7889,axis_left,534.0,311.0,mask PCA skeleton + low contact point,generated_videos/control_points_1_lunar.mp4
88,0,1,83,1.0,0.11637990890065927,lunar_lander_agent,1.0,223.0,249.0,535.0,312.0,7889,axis_right,243.0,249.0,mask PCA skeleton + low contact point,generated_videos/control_points_1_lunar.mp4
88,0,1,83,1.0,0.11637990890065927,lunar_lander_agent,1.0,223.0,249.0,535.0,312.0,7889,contact_low,379.0,310.0,mask PCA skeleton + low contact point,generated_videos/control_points_1_lunar.mp4
89,0,1,84,1.0,0.553009095830793,lunar_lander_agent,1.0,223.0,249.0,535.0,312.0,7930,centroid,414.362548828125,291.9567565917969,mask PCA skeleton + low contact point,generated_videos/control_points_1_lunar.mp4
89,0,1,84,1.0,0.553009095830793,lunar_lander_agent,1.0,223.0,249.0,535.0,312.0,7930,axis_front,223.0,311.0,mask PCA skeleton + low contact point,generated_videos/control_points_1_lunar.mp4
89,0,1,84,1.0,0.553009095830793,lunar_lander_agent,1.0,223.0,249.0,535.0,312.0,7930,axis_back,534.0,253.0,mask PCA skeleton + low contact point,generated_videos/control_points_1_lunar.mp4
89,0,1,84,1.0,0.553009095830793,lunar_lander_agent,1.0,223.0,249.0,535.0,312.0,7930,axis_left,534.0,311.0,mask PCA skeleton + low contact point,generated_videos/control_points_1_lunar.mp4
89,0,1,84,1.0,0.553009095830793,lunar_lander_agent,1.0,223.0,249.0,535.0,312.0,7930,axis_right,243.0,249.0,mask PCA skeleton + low contact point,generated_videos/control_points_1_lunar.mp4
89,0,1,84,1.0,0.553009095830793,lunar_lander_agent,1.0,223.0,249.0,535.0,312.0,7930,contact_low,379.0,310.0,mask PCA skeleton + low contact point,generated_videos/control_points_1_lunar.mp4
90,0,1,85,1.0,0.10741710974939737,lunar_lander_agent,1.0,223.0,249.0,535.0,312.0,7886,centroid,414.46881103515625,291.97247314453125,mask PCA skeleton + low contact point,generated_videos/control_points_1_lunar.mp4
90,0,1,85,1.0,0.10741710974939737,lunar_lander_agent,1.0,223.0,249.0,535.0,312.0,7886,axis_front,223.0,311.0,mask PCA skeleton + low contact point,generated_videos/control_points_1_lunar.mp4
90,0,1,85,1.0,0.10741710974939737,lunar_lander_agent,1.0,223.0,249.0,535.0,312.0,7886,axis_back,534.0,253.0,mask PCA skeleton + low contact point,generated_videos/control_points_1_lunar.mp4
90,0,1,85,1.0,0.10741710974939737,lunar_lander_agent,1.0,223.0,249.0,535.0,312.0,7886,axis_left,534.0,311.0,mask PCA skeleton + low contact point,generated_videos/control_points_1_lunar.mp4
90,0,1,85,1.0,0.10741710974939737,lunar_lander_agent,1.0,223.0,249.0,535.0,312.0,7886,axis_right,243.0,249.0,mask PCA skeleton + low contact point,generated_videos/control_points_1_lunar.mp4
90,0,1,85,1.0,0.10741710974939737,lunar_lander_agent,1.0,223.0,249.0,535.0,312.0,7886,contact_low,379.0,310.0,mask PCA skeleton + low contact point,generated_videos/control_points_1_lunar.mp4
91,0,1,86,0.05647130647130647,76.51357690738236,lunar_lander_agent,1.0,320.0,268.0,357.0,298.0,955,centroid,338.52459716796875,282.6554870605469,mask PCA skeleton + low contact point,generated_videos/control_points_1_lunar.mp4
91,0,1,86,0.05647130647130647,76.51357690738236,lunar_lander_agent,1.0,320.0,268.0,357.0,298.0,955,axis_front,320.0,289.0,mask PCA skeleton + low contact point,generated_videos/control_points_1_lunar.mp4
91,0,1,86,0.05647130647130647,76.51357690738236,lunar_lander_agent,1.0,320.0,268.0,357.0,298.0,955,axis_back,356.0,295.0,mask PCA skeleton + low contact point,generated_videos/control_points_1_lunar.mp4
91,0,1,86,0.05647130647130647,76.51357690738236,lunar_lander_agent,1.0,320.0,268.0,357.0,298.0,955,axis_left,350.0,297.0,mask PCA skeleton + low contact point,generated_videos/control_points_1_lunar.mp4
91,0,1,86,0.05647130647130647,76.51357690738236,lunar_lander_agent,1.0,320.0,268.0,357.0,298.0,955,axis_right,345.0,268.0,mask PCA skeleton + low contact point,generated_videos/control_points_1_lunar.mp4
91,0,1,86,0.05647130647130647,76.51357690738236,lunar_lander_agent,1.0,320.0,268.0,357.0,298.0,955,contact_low,342.0,295.0,mask PCA skeleton + low contact point,generated_videos/control_points_1_lunar.mp4
92,0,1,87,0.05647130647130647,75.86136179829572,lunar_lander_agent,1.0,223.0,249.0,535.0,312.0,7904,centroid,413.8170471191406,291.92877197265625,mask PCA skeleton + low contact point,generated_videos/control_points_1_lunar.mp4
92,0,1,87,0.05647130647130647,75.86136179829572,lunar_lander_agent,1.0,223.0,249.0,535.0,312.0,7904,axis_front,223.0,311.0,mask PCA skeleton + low contact point,generated_videos/control_points_1_lunar.mp4
92,0,1,87,0.05647130647130647,75.86136179829572,lunar_lander_agent,1.0,223.0,249.0,535.0,312.0,7904,axis_back,534.0,253.0,mask PCA skeleton + low contact point,generated_videos/control_points_1_lunar.mp4
92,0,1,87,0.05647130647130647,75.86136179829572,lunar_lander_agent,1.0,223.0,249.0,535.0,312.0,7904,axis_left,534.0,311.0,mask PCA skeleton + low contact point,generated_videos/control_points_1_lunar.mp4
92,0,1,87,0.05647130647130647,75.86136179829572,lunar_lander_agent,1.0,223.0,249.0,535.0,312.0,7904,axis_right,243.0,249.0,mask PCA skeleton + low contact point,generated_videos/control_points_1_lunar.mp4
92,0,1,87,0.05647130647130647,75.86136179829572,lunar_lander_agent,1.0,223.0,249.0,535.0,312.0,7904,contact_low,379.0,310.0,mask PCA skeleton + low contact point,generated_videos/control_points_1_lunar.mp4
93,0,1,88,1.0,0.061163258277540024,lunar_lander_agent,1.0,223.0,249.0,535.0,312.0,7897,centroid,413.7943420410156,291.9855651855469,mask PCA skeleton + low contact point,generated_videos/control_points_1_lunar.mp4
93,0,1,88,1.0,0.061163258277540024,lunar_lander_agent,1.0,223.0,249.0,535.0,312.0,7897,axis_front,223.0,311.0,mask PCA skeleton + low contact point,generated_videos/control_points_1_lunar.mp4
93,0,1,88,1.0,0.061163258277540024,lunar_lander_agent,1.0,223.0,249.0,535.0,312.0,7897,axis_back,534.0,253.0,mask PCA skeleton + low contact point,generated_videos/control_points_1_lunar.mp4
93,0,1,88,1.0,0.061163258277540024,lunar_lander_agent,1.0,223.0,249.0,535.0,312.0,7897,axis_left,534.0,311.0,mask PCA skeleton + low contact point,generated_videos/control_points_1_lunar.mp4
93,0,1,88,1.0,0.061163258277540024,lunar_lander_agent,1.0,223.0,249.0,535.0,312.0,7897,axis_right,243.0,249.0,mask PCA skeleton + low contact point,generated_videos/control_points_1_lunar.mp4
93,0,1,88,1.0,0.061163258277540024,lunar_lander_agent,1.0,223.0,249.0,535.0,312.0,7897,contact_low,379.0,310.0,mask PCA skeleton + low contact point,generated_videos/control_points_1_lunar.mp4
94,0,1,89,1.0,0.3683253274692149,lunar_lander_agent,1.0,223.0,249.0,535.0,312.0,7912,centroid,413.42694091796875,291.9595642089844,mask PCA skeleton + low contact point,generated_videos/control_points_1_lunar.mp4
94,0,1,89,1.0,0.3683253274692149,lunar_lander_agent,1.0,223.0,249.0,535.0,312.0,7912,axis_front,223.0,311.0,mask PCA skeleton + low contact point,generated_videos/control_points_1_lunar.mp4
94,0,1,89,1.0,0.3683253274692149,lunar_lander_agent,1.0,223.0,249.0,535.0,312.0,7912,axis_back,534.0,253.0,mask PCA skeleton + low contact point,generated_videos/control_points_1_lunar.mp4
94,0,1,89,1.0,0.3683253274692149,lunar_lander_agent,1.0,223.0,249.0,535.0,312.0,7912,axis_left,534.0,311.0,mask PCA skeleton + low contact point,generated_videos/control_points_1_lunar.mp4
94,0,1,89,1.0,0.3683253274692149,lunar_lander_agent,1.0,223.0,249.0,535.0,312.0,7912,axis_right,243.0,249.0,mask PCA skeleton + low contact point,generated_videos/control_points_1_lunar.mp4
94,0,1,89,1.0,0.3683253274692149,lunar_lander_agent,1.0,223.0,249.0,535.0,312.0,7912,contact_low,379.0,310.0,mask PCA skeleton + low contact point,generated_videos/control_points_1_lunar.mp4
95,0,1,90,1.0,0.11479103793916147,lunar_lander_agent,1.0,223.0,249.0,535.0,312.0,7880,centroid,413.5375671386719,291.990234375,mask PCA skeleton + low contact point,generated_videos/control_points_1_lunar.mp4
95,0,1,90,1.0,0.11479103793916147,lunar_lander_agent,1.0,223.0,249.0,535.0,312.0,7880,axis_front,223.0,311.0,mask PCA skeleton + low contact point,generated_videos/control_points_1_lunar.mp4
95,0,1,90,1.0,0.11479103793916147,lunar_lander_agent,1.0,223.0,249.0,535.0,312.0,7880,axis_back,534.0,253.0,mask PCA skeleton + low contact point,generated_videos/control_points_1_lunar.mp4
95,0,1,90,1.0,0.11479103793916147,lunar_lander_agent,1.0,223.0,249.0,535.0,312.0,7880,axis_left,534.0,311.0,mask PCA skeleton + low contact point,generated_videos/control_points_1_lunar.mp4
95,0,1,90,1.0,0.11479103793916147,lunar_lander_agent,1.0,223.0,249.0,535.0,312.0,7880,axis_right,243.0,249.0,mask PCA skeleton + low contact point,generated_videos/control_points_1_lunar.mp4
95,0,1,90,1.0,0.11479103793916147,lunar_lander_agent,1.0,223.0,249.0,535.0,312.0,7880,contact_low,379.0,310.0,mask PCA skeleton + low contact point,generated_videos/control_points_1_lunar.mp4
96,0,1,91,1.0,0.22214853470022605,lunar_lander_agent,1.0,223.0,249.0,535.0,312.0,7891,centroid,413.3160705566406,292.0071105957031,mask PCA skeleton + low contact point,generated_videos/control_points_1_lunar.mp4
96,0,1,91,1.0,0.22214853470022605,lunar_lander_agent,1.0,223.0,249.0,535.0,312.0,7891,axis_front,223.0,311.0,mask PCA skeleton + low contact point,generated_videos/control_points_1_lunar.mp4
96,0,1,91,1.0,0.22214853470022605,lunar_lander_agent,1.0,223.0,249.0,535.0,312.0,7891,axis_back,534.0,253.0,mask PCA skeleton + low contact point,generated_videos/control_points_1_lunar.mp4
96,0,1,91,1.0,0.22214853470022605,lunar_lander_agent,1.0,223.0,249.0,535.0,312.0,7891,axis_left,534.0,311.0,mask PCA skeleton + low contact point,generated_videos/control_points_1_lunar.mp4
96,0,1,91,1.0,0.22214853470022605,lunar_lander_agent,1.0,223.0,249.0,535.0,312.0,7891,axis_right,243.0,249.0,mask PCA skeleton + low contact point,generated_videos/control_points_1_lunar.mp4
96,0,1,91,1.0,0.22214853470022605,lunar_lander_agent,1.0,223.0,249.0,535.0,312.0,7891,contact_low,379.0,310.0,mask PCA skeleton + low contact point,generated_videos/control_points_1_lunar.mp4
97,0,2,1,,,lunar_lander_agent,1.0,312.0,268.0,348.0,297.0,956,centroid,330.35772705078125,282.12237548828125,mask PCA skeleton + low contact point,generated_videos/control_points_1_lunar.mp4
97,0,2,1,,,lunar_lander_agent,1.0,312.0,268.0,348.0,297.0,956,axis_front,312.0,295.0,mask PCA skeleton + low contact point,generated_videos/control_points_1_lunar.mp4
97,0,2,1,,,lunar_lander_agent,1.0,312.0,268.0,348.0,297.0,956,axis_back,347.0,272.0,mask PCA skeleton + low contact point,generated_videos/control_points_1_lunar.mp4
97,0,2,1,,,lunar_lander_agent,1.0,312.0,268.0,348.0,297.0,956,axis_left,347.0,296.0,mask PCA skeleton + low contact point,generated_videos/control_points_1_lunar.mp4
97,0,2,1,,,lunar_lander_agent,1.0,312.0,268.0,348.0,297.0,956,axis_right,316.0,268.0,mask PCA skeleton + low contact point,generated_videos/control_points_1_lunar.mp4
97,0,2,1,,,lunar_lander_agent,1.0,312.0,268.0,348.0,297.0,956,contact_low,332.0,294.0,mask PCA skeleton + low contact point,generated_videos/control_points_1_lunar.mp4
98,0,1,92,1.0,0.5726686631928357,lunar_lander_agent,1.0,223.0,249.0,535.0,312.0,7896,centroid,412.7475891113281,291.93780517578125,mask PCA skeleton + low contact point,generated_videos/control_points_1_lunar.mp4
98,0,1,92,1.0,0.5726686631928357,lunar_lander_agent,1.0,223.0,249.0,535.0,312.0,7896,axis_front,223.0,311.0,mask PCA skeleton + low contact point,generated_videos/control_points_1_lunar.mp4
98,0,1,92,1.0,0.5726686631928357,lunar_lander_agent,1.0,223.0,249.0,535.0,312.0,7896,axis_back,534.0,253.0,mask PCA skeleton + low contact point,generated_videos/control_points_1_lunar.mp4
98,0,1,92,1.0,0.5726686631928357,lunar_lander_agent,1.0,223.0,249.0,535.0,312.0,7896,axis_left,534.0,311.0,mask PCA skeleton + low contact point,generated_videos/control_points_1_lunar.mp4
98,0,1,92,1.0,0.5726686631928357,lunar_lander_agent,1.0,223.0,249.0,535.0,312.0,7896,axis_right,243.0,249.0,mask PCA skeleton + low contact point,generated_videos/control_points_1_lunar.mp4
98,0,1,92,1.0,0.5726686631928357,lunar_lander_agent,1.0,223.0,249.0,535.0,312.0,7896,contact_low,379.0,310.0,mask PCA skeleton + low contact point,generated_videos/control_points_1_lunar.mp4
99,0,1,93,1.0,0.1528974333212958,lunar_lander_agent,1.0,223.0,249.0,535.0,312.0,7898,centroid,412.5978698730469,291.90679931640625,mask PCA skeleton + low contact point,generated_videos/control_points_1_lunar.mp4
99,0,1,93,1.0,0.1528974333212958,lunar_lander_agent,1.0,223.0,249.0,535.0,312.0,7898,axis_front,223.0,311.0,mask PCA skeleton + low contact point,generated_videos/control_points_1_lunar.mp4
99,0,1,93,1.0,0.1528974333212958,lunar_lander_agent,1.0,223.0,249.0,535.0,312.0,7898,axis_back,534.0,253.0,mask PCA skeleton + low contact point,generated_videos/control_points_1_lunar.mp4
99,0,1,93,1.0,0.1528974333212958,lunar_lander_agent,1.0,223.0,249.0,535.0,312.0,7898,axis_left,534.0,311.0,mask PCA skeleton + low contact point,generated_videos/control_points_1_lunar.mp4
99,0,1,93,1.0,0.1528974333212958,lunar_lander_agent,1.0,223.0,249.0,535.0,312.0,7898,axis_right,243.0,249.0,mask PCA skeleton + low contact point,generated_videos/control_points_1_lunar.mp4
99,0,1,93,1.0,0.1528974333212958,lunar_lander_agent,1.0,223.0,249.0,535.0,312.0,7898,contact_low,379.0,310.0,mask PCA skeleton + low contact point,generated_videos/control_points_1_lunar.mp4
100,0,2,2,0.7479131886477463,3.9735781685566796,lunar_lander_agent,1.0,309.0,266.0,344.0,296.0,965,centroid,326.46942138671875,281.3036193847656,mask PCA skeleton + low contact point,generated_videos/control_points_1_lunar.mp4
100,0,2,2,0.7479131886477463,3.9735781685566796,lunar_lander_agent,1.0,309.0,266.0,344.0,296.0,965,axis_front,309.0,294.0,mask PCA skeleton + low contact point,generated_videos/control_points_1_lunar.mp4
100,0,2,2,0.7479131886477463,3.9735781685566796,lunar_lander_agent,1.0,309.0,266.0,344.0,296.0,965,axis_back,343.0,270.0,mask PCA skeleton + low contact point,generated_videos/control_points_1_lunar.mp4
100,0,2,2,0.7479131886477463,3.9735781685566796,lunar_lander_agent,1.0,309.0,266.0,344.0,296.0,965,axis_left,343.0,295.0,mask PCA skeleton + low contact point,generated_videos/control_points_1_lunar.mp4
100,0,2,2,0.7479131886477463,3.9735781685566796,lunar_lander_agent,1.0,309.0,266.0,344.0,296.0,965,axis_right,314.0,266.0,mask PCA skeleton + low contact point,generated_videos/control_points_1_lunar.mp4
100,0,2,2,0.7479131886477463,3.9735781685566796,lunar_lander_agent,1.0,309.0,266.0,344.0,296.0,965,contact_low,328.0,294.0,mask PCA skeleton + low contact point,generated_videos/control_points_1_lunar.mp4
101,0,1,94,1.0,0.45752071308952746,lunar_lander_agent,1.0,223.0,249.0,535.0,312.0,7913,centroid,412.1565856933594,291.7860412597656,mask PCA skeleton + low contact point,generated_videos/control_points_1_lunar.mp4
101,0,1,94,1.0,0.45752071308952746,lunar_lander_agent,1.0,223.0,249.0,535.0,312.0,7913,axis_front,223.0,311.0,mask PCA skeleton + low contact point,generated_videos/control_points_1_lunar.mp4
101,0,1,94,1.0,0.45752071308952746,lunar_lander_agent,1.0,223.0,249.0,535.0,312.0,7913,axis_back,534.0,253.0,mask PCA skeleton + low contact point,generated_videos/control_points_1_lunar.mp4
101,0,1,94,1.0,0.45752071308952746,lunar_lander_agent,1.0,223.0,249.0,535.0,312.0,7913,axis_left,534.0,311.0,mask PCA skeleton + low contact point,generated_videos/control_points_1_lunar.mp4
101,0,1,94,1.0,0.45752071308952746,lunar_lander_agent,1.0,223.0,249.0,535.0,312.0,7913,axis_right,243.0,249.0,mask PCA skeleton + low contact point,generated_videos/control_points_1_lunar.mp4
101,0,1,94,1.0,0.45752071308952746,lunar_lander_agent,1.0,223.0,249.0,535.0,312.0,7913,contact_low,379.0,310.0,mask PCA skeleton + low contact point,generated_videos/control_points_1_lunar.mp4
102,0,1,95,1.0,0.23488713454656093,lunar_lander_agent,1.0,223.0,249.0,535.0,312.0,7916,centroid,411.9239501953125,291.7535400390625,mask PCA skeleton + low contact point,generated_videos/control_points_1_lunar.mp4
102,0,1,95,1.0,0.23488713454656093,lunar_lander_agent,1.0,223.0,249.0,535.0,312.0,7916,axis_front,223.0,311.0,mask PCA skeleton + low contact point,generated_videos/control_points_1_lunar.mp4
102,0,1,95,1.0,0.23488713454656093,lunar_lander_agent,1.0,223.0,249.0,535.0,312.0,7916,axis_back,534.0,253.0,mask PCA skeleton + low contact point,generated_videos/control_points_1_lunar.mp4
102,0,1,95,1.0,0.23488713454656093,lunar_lander_agent,1.0,223.0,249.0,535.0,312.0,7916,axis_left,534.0,311.0,mask PCA skeleton + low contact point,generated_videos/control_points_1_lunar.mp4
102,0,1,95,1.0,0.23488713454656093,lunar_lander_agent,1.0,223.0,249.0,535.0,312.0,7916,axis_right,243.0,249.0,mask PCA skeleton + low contact point,generated_videos/control_points_1_lunar.mp4
102,0,1,95,1.0,0.23488713454656093,lunar_lander_agent,1.0,223.0,249.0,535.0,312.0,7916,contact_low,379.0,310.0,mask PCA skeleton + low contact point,generated_videos/control_points_1_lunar.mp4
103,0,1,96,1.0,0.1364622102358271,lunar_lander_agent,1.0,223.0,249.0,535.0,312.0,7915,centroid,411.7948303222656,291.70941162109375,mask PCA skeleton + low contact point,generated_videos/control_points_1_lunar.mp4
103,0,1,96,1.0,0.1364622102358271,lunar_lander_agent,1.0,223.0,249.0,535.0,312.0,7915,axis_front,223.0,311.0,mask PCA skeleton + low contact point,generated_videos/control_points_1_lunar.mp4
103,0,1,96,1.0,0.1364622102358271,lunar_lander_agent,1.0,223.0,249.0,535.0,312.0,7915,axis_back,534.0,253.0,mask PCA skeleton + low contact point,generated_videos/control_points_1_lunar.mp4
103,0,1,96,1.0,0.1364622102358271,lunar_lander_agent,1.0,223.0,249.0,535.0,312.0,7915,axis_left,534.0,311.0,mask PCA skeleton + low contact point,generated_videos/control_points_1_lunar.mp4
103,0,1,96,1.0,0.1364622102358271,lunar_lander_agent,1.0,223.0,249.0,535.0,312.0,7915,axis_right,243.0,249.0,mask PCA skeleton + low contact point,generated_videos/control_points_1_lunar.mp4
103,0,1,96,1.0,0.1364622102358271,lunar_lander_agent,1.0,223.0,249.0,535.0,312.0,7915,contact_low,379.0,310.0,mask PCA skeleton + low contact point,generated_videos/control_points_1_lunar.mp4
104,0,2,3,0.0,35.87614907647538,lunar_lander_agent,1.0,290.0,265.0,297.0,273.0,28,centroid,292.9285583496094,268.5714416503906,mask PCA skeleton + low contact point,generated_videos/control_points_1_lunar.mp4
104,0,2,3,0.0,35.87614907647538,lunar_lander_agent,1.0,290.0,265.0,297.0,273.0,28,axis_front,295.0,272.0,mask PCA skeleton + low contact point,generated_videos/control_points_1_lunar.mp4
104,0,2,3,0.0,35.87614907647538,lunar_lander_agent,1.0,290.0,265.0,297.0,273.0,28,axis_back,291.0,265.0,mask PCA skeleton + low contact point,generated_videos/control_points_1_lunar.mp4
104,0,2,3,0.0,35.87614907647538,lunar_lander_agent,1.0,290.0,265.0,297.0,273.0,28,axis_left,296.0,270.0,mask PCA skeleton + low contact point,generated_videos/control_points_1_lunar.mp4
104,0,2,3,0.0,35.87614907647538,lunar_lander_agent,1.0,290.0,265.0,297.0,273.0,28,axis_right,292.0,270.0,mask PCA skeleton + low contact point,generated_videos/control_points_1_lunar.mp4
104,0,2,3,0.0,35.87614907647538,lunar_lander_agent,1.0,290.0,265.0,297.0,273.0,28,contact_low,294.0,272.0,mask PCA skeleton + low contact point,generated_videos/control_points_1_lunar.mp4
105,0,1,97,1.0,0.15643592113648758,lunar_lander_agent,1.0,223.0,249.0,535.0,312.0,7902,centroid,411.6384582519531,291.70501708984375,mask PCA skeleton + low contact point,generated_videos/control_points_1_lunar.mp4
105,0,1,97,1.0,0.15643592113648758,lunar_lander_agent,1.0,223.0,249.0,535.0,312.0,7902,axis_front,223.0,311.0,mask PCA skeleton + low contact point,generated_videos/control_points_1_lunar.mp4
105,0,1,97,1.0,0.15643592113648758,lunar_lander_agent,1.0,223.0,249.0,535.0,312.0,7902,axis_back,534.0,253.0,mask PCA skeleton + low contact point,generated_videos/control_points_1_lunar.mp4
105,0,1,97,1.0,0.15643592113648758,lunar_lander_agent,1.0,223.0,249.0,535.0,312.0,7902,axis_left,534.0,311.0,mask PCA skeleton + low contact point,generated_videos/control_points_1_lunar.mp4
105,0,1,97,1.0,0.15643592113648758,lunar_lander_agent,1.0,223.0,249.0,535.0,312.0,7902,axis_right,243.0,249.0,mask PCA skeleton + low contact point,generated_videos/control_points_1_lunar.mp4
105,0,1,97,1.0,0.15643592113648758,lunar_lander_agent,1.0,223.0,249.0,535.0,312.0,7902,contact_low,379.0,310.0,mask PCA skeleton + low contact point,generated_videos/control_points_1_lunar.mp4
106,0,1,98,1.0,0.005263648865381063,lunar_lander_agent,1.0,223.0,249.0,535.0,312.0,7891,centroid,411.6356506347656,291.7005310058594,mask PCA skeleton + low contact point,generated_videos/control_points_1_lunar.mp4
106,0,1,98,1.0,0.005263648865381063,lunar_lander_agent,1.0,223.0,249.0,535.0,312.0,7891,axis_front,223.0,311.0,mask PCA skeleton + low contact point,generated_videos/control_points_1_lunar.mp4
106,0,1,98,1.0,0.005263648865381063,lunar_lander_agent,1.0,223.0,249.0,535.0,312.0,7891,axis_back,534.0,253.0,mask PCA skeleton + low contact point,generated_videos/control_points_1_lunar.mp4
106,0,1,98,1.0,0.005263648865381063,lunar_lander_agent,1.0,223.0,249.0,535.0,312.0,7891,axis_left,534.0,311.0,mask PCA skeleton + low contact point,generated_videos/control_points_1_lunar.mp4
106,0,1,98,1.0,0.005263648865381063,lunar_lander_agent,1.0,223.0,249.0,535.0,312.0,7891,axis_right,243.0,249.0,mask PCA skeleton + low contact point,generated_videos/control_points_1_lunar.mp4
106,0,1,98,1.0,0.005263648865381063,lunar_lander_agent,1.0,223.0,249.0,535.0,312.0,7891,contact_low,379.0,310.0,mask PCA skeleton + low contact point,generated_videos/control_points_1_lunar.mp4
107,0,1,99,1.0,0.5368716240936632,lunar_lander_agent,1.0,223.0,249.0,535.0,312.0,7914,centroid,411.0995788574219,291.6716003417969,mask PCA skeleton + low contact point,generated_videos/control_points_1_lunar.mp4
107,0,1,99,1.0,0.5368716240936632,lunar_lander_agent,1.0,223.0,249.0,535.0,312.0,7914,axis_front,223.0,311.0,mask PCA skeleton + low contact point,generated_videos/control_points_1_lunar.mp4
107,0,1,99,1.0,0.5368716240936632,lunar_lander_agent,1.0,223.0,249.0,535.0,312.0,7914,axis_back,534.0,253.0,mask PCA skeleton + low contact point,generated_videos/control_points_1_lunar.mp4
107,0,1,99,1.0,0.5368716240936632,lunar_lander_agent,1.0,223.0,249.0,535.0,312.0,7914,axis_left,534.0,311.0,mask PCA skeleton + low contact point,generated_videos/control_points_1_lunar.mp4
107,0,1,99,1.0,0.5368716240936632,lunar_lander_agent,1.0,223.0,249.0,535.0,312.0,7914,axis_right,243.0,249.0,mask PCA skeleton + low contact point,generated_videos/control_points_1_lunar.mp4
107,0,1,99,1.0,0.5368716240936632,lunar_lander_agent,1.0,223.0,249.0,535.0,312.0,7914,contact_low,379.0,310.0,mask PCA skeleton + low contact point,generated_videos/control_points_1_lunar.mp4
108,0,1,100,1.0,0.04676220631760113,lunar_lander_agent,1.0,223.0,249.0,535.0,312.0,7903,centroid,411.1445007324219,291.6845397949219,mask PCA skeleton + low contact point,generated_videos/control_points_1_lunar.mp4
108,0,1,100,1.0,0.04676220631760113,lunar_lander_agent,1.0,223.0,249.0,535.0,312.0,7903,axis_front,223.0,311.0,mask PCA skeleton + low contact point,generated_videos/control_points_1_lunar.mp4
108,0,1,100,1.0,0.04676220631760113,lunar_lander_agent,1.0,223.0,249.0,535.0,312.0,7903,axis_back,534.0,253.0,mask PCA skeleton + low contact point,generated_videos/control_points_1_lunar.mp4
108,0,1,100,1.0,0.04676220631760113,lunar_lander_agent,1.0,223.0,249.0,535.0,312.0,7903,axis_left,534.0,311.0,mask PCA skeleton + low contact point,generated_videos/control_points_1_lunar.mp4
108,0,1,100,1.0,0.04676220631760113,lunar_lander_agent,1.0,223.0,249.0,535.0,312.0,7903,axis_right,243.0,249.0,mask PCA skeleton + low contact point,generated_videos/control_points_1_lunar.mp4
108,0,1,100,1.0,0.04676220631760113,lunar_lander_agent,1.0,223.0,249.0,535.0,312.0,7903,contact_low,379.0,310.0,mask PCA skeleton + low contact point,generated_videos/control_points_1_lunar.mp4
109,0,2,4,0.0,24.583919914597573,lunar_lander_agent,1.0,264.0,267.0,274.0,273.0,25,centroid,268.3599853515625,269.44000244140625,mask PCA skeleton + low contact point,generated_videos/control_points_1_lunar.mp4
109,0,2,4,0.0,24.583919914597573,lunar_lander_agent,1.0,264.0,267.0,274.0,273.0,25,axis_front,264.0,271.0,mask PCA skeleton + low contact point,generated_videos/control_points_1_lunar.mp4
109,0,2,4,0.0,24.583919914597573,lunar_lander_agent,1.0,264.0,267.0,274.0,273.0,25,axis_back,273.0,268.0,mask PCA skeleton + low contact point,generated_videos/control_points_1_lunar.mp4
109,0,2,4,0.0,24.583919914597573,lunar_lander_agent,1.0,264.0,267.0,274.0,273.0,25,axis_left,265.0,272.0,mask PCA skeleton + low contact point,generated_videos/control_points_1_lunar.mp4
109,0,2,4,0.0,24.583919914597573,lunar_lander_agent,1.0,264.0,267.0,274.0,273.0,25,axis_right,270.0,267.0,mask PCA skeleton + low contact point,generated_videos/control_points_1_lunar.mp4
109,0,2,4,0.0,24.583919914597573,lunar_lander_agent,1.0,264.0,267.0,274.0,273.0,25,contact_low,265.0,271.0,mask PCA skeleton + low contact point,generated_videos/control_points_1_lunar.mp4
110,0,1,101,1.0,0.07280274648585994,lunar_lander_agent,1.0,223.0,249.0,535.0,312.0,7900,centroid,411.0727844238281,291.6720275878906,mask PCA skeleton + low contact point,generated_videos/control_points_1_lunar.mp4
110,0,1,101,1.0,0.07280274648585994,lunar_lander_agent,1.0,223.0,249.0,535.0,312.0,7900,axis_front,223.0,311.0,mask PCA skeleton + low contact point,generated_videos/control_points_1_lunar.mp4
110,0,1,101,1.0,0.07280274648585994,lunar_lander_agent,1.0,223.0,249.0,535.0,312.0,7900,axis_back,534.0,253.0,mask PCA skeleton + low contact point,generated_videos/control_points_1_lunar.mp4
110,0,1,101,1.0,0.07280274648585994,lunar_lander_agent,1.0,223.0,249.0,535.0,312.0,7900,axis_left,534.0,311.0,mask PCA skeleton + low contact point,generated_videos/control_points_1_lunar.mp4
110,0,1,101,1.0,0.07280274648585994,lunar_lander_agent,1.0,223.0,249.0,535.0,312.0,7900,axis_right,243.0,249.0,mask PCA skeleton + low contact point,generated_videos/control_points_1_lunar.mp4
110,0,1,101,1.0,0.07280274648585994,lunar_lander_agent,1.0,223.0,249.0,535.0,312.0,7900,contact_low,379.0,310.0,mask PCA skeleton + low contact point,generated_videos/control_points_1_lunar.mp4
111,0,1,102,1.0,0.20514961714282398,lunar_lander_agent,1.0,223.0,249.0,535.0,312.0,7899,centroid,410.8742980957031,291.6202087402344,mask PCA skeleton + low contact point,generated_videos/control_points_1_lunar.mp4
111,0,1,102,1.0,0.20514961714282398,lunar_lander_agent,1.0,223.0,249.0,535.0,312.0,7899,axis_front,223.0,311.0,mask PCA skeleton + low contact point,generated_videos/control_points_1_lunar.mp4
111,0,1,102,1.0,0.20514961714282398,lunar_lander_agent,1.0,223.0,249.0,535.0,312.0,7899,axis_back,534.0,253.0,mask PCA skeleton + low contact point,generated_videos/control_points_1_lunar.mp4
111,0,1,102,1.0,0.20514961714282398,lunar_lander_agent,1.0,223.0,249.0,535.0,312.0,7899,axis_left,534.0,311.0,mask PCA skeleton + low contact point,generated_videos/control_points_1_lunar.mp4
111,0,1,102,1.0,0.20514961714282398,lunar_lander_agent,1.0,223.0,249.0,535.0,312.0,7899,axis_right,243.0,249.0,mask PCA skeleton + low contact point,generated_videos/control_points_1_lunar.mp4
111,0,1,102,1.0,0.20514961714282398,lunar_lander_agent,1.0,223.0,249.0,535.0,312.0,7899,contact_low,379.0,310.0,mask PCA skeleton + low contact point,generated_videos/control_points_1_lunar.mp4
112,0,1,103,1.0,0.3832461799375733,lunar_lander_agent,1.0,223.0,249.0,535.0,312.0,7922,centroid,410.4917907714844,291.59619140625,mask PCA skeleton + low contact point,generated_videos/control_points_1_lunar.mp4
112,0,1,103,1.0,0.3832461799375733,lunar_lander_agent,1.0,223.0,249.0,535.0,312.0,7922,axis_front,223.0,311.0,mask PCA skeleton + low contact point,generated_videos/control_points_1_lunar.mp4
112,0,1,103,1.0,0.3832461799375733,lunar_lander_agent,1.0,223.0,249.0,535.0,312.0,7922,axis_back,534.0,253.0,mask PCA skeleton + low contact point,generated_videos/control_points_1_lunar.mp4
112,0,1,103,1.0,0.3832461799375733,lunar_lander_agent,1.0,223.0,249.0,535.0,312.0,7922,axis_left,534.0,311.0,mask PCA skeleton + low contact point,generated_videos/control_points_1_lunar.mp4
112,0,1,103,1.0,0.3832461799375733,lunar_lander_agent,1.0,223.0,249.0,535.0,312.0,7922,axis_right,243.0,249.0,mask PCA skeleton + low contact point,generated_videos/control_points_1_lunar.mp4
112,0,1,103,1.0,0.3832461799375733,lunar_lander_agent,1.0,223.0,249.0,535.0,312.0,7922,contact_low,379.0,310.0,mask PCA skeleton + low contact point,generated_videos/control_points_1_lunar.mp4
113,0,1,104,1.0,0.4436081224275685,lunar_lander_agent,1.0,223.0,249.0,535.0,312.0,7946,centroid,410.0516052246094,291.5412902832031,mask PCA skeleton + low contact point,generated_videos/control_points_1_lunar.mp4
113,0,1,104,1.0,0.4436081224275685,lunar_lander_agent,1.0,223.0,249.0,535.0,312.0,7946,axis_front,223.0,311.0,mask PCA skeleton + low contact point,generated_videos/control_points_1_lunar.mp4
113,0,1,104,1.0,0.4436081224275685,lunar_lander_agent,1.0,223.0,249.0,535.0,312.0,7946,axis_back,534.0,253.0,mask PCA skeleton + low contact point,generated_videos/control_points_1_lunar.mp4
113,0,1,104,1.0,0.4436081224275685,lunar_lander_agent,1.0,223.0,249.0,535.0,312.0,7946,axis_left,534.0,311.0,mask PCA skeleton + low contact point,generated_videos/control_points_1_lunar.mp4
113,0,1,104,1.0,0.4436081224275685,lunar_lander_agent,1.0,223.0,249.0,535.0,312.0,7946,axis_right,243.0,249.0,mask PCA skeleton + low contact point,generated_videos/control_points_1_lunar.mp4
113,0,1,104,1.0,0.4436081224275685,lunar_lander_agent,1.0,223.0,249.0,535.0,312.0,7946,contact_low,379.0,310.0,mask PCA skeleton + low contact point,generated_videos/control_points_1_lunar.mp4
114,0,1,105,1.0,0.16854607440715558,lunar_lander_agent,1.0,223.0,249.0,535.0,312.0,7931,centroid,410.2196350097656,291.5283203125,mask PCA skeleton + low contact point,generated_videos/control_points_1_lunar.mp4
114,0,1,105,1.0,0.16854607440715558,lunar_lander_agent,1.0,223.0,249.0,535.0,312.0,7931,axis_front,223.0,311.0,mask PCA skeleton + low contact point,generated_videos/control_points_1_lunar.mp4
114,0,1,105,1.0,0.16854607440715558,lunar_lander_agent,1.0,223.0,249.0,535.0,312.0,7931,axis_back,534.0,253.0,mask PCA skeleton + low contact point,generated_videos/control_points_1_lunar.mp4
114,0,1,105,1.0,0.16854607440715558,lunar_lander_agent,1.0,223.0,249.0,535.0,312.0,7931,axis_left,534.0,311.0,mask PCA skeleton + low contact point,generated_videos/control_points_1_lunar.mp4
114,0,1,105,1.0,0.16854607440715558,lunar_lander_agent,1.0,223.0,249.0,535.0,312.0,7931,axis_right,243.0,249.0,mask PCA skeleton + low contact point,generated_videos/control_points_1_lunar.mp4
114,0,1,105,1.0,0.16854607440715558,lunar_lander_agent,1.0,223.0,249.0,535.0,312.0,7931,contact_low,379.0,310.0,mask PCA skeleton + low contact point,generated_videos/control_points_1_lunar.mp4
115,0,1,106,1.0,0.045363561220737494,lunar_lander_agent,1.0,223.0,249.0,535.0,312.0,7929,centroid,410.24945068359375,291.5625,mask PCA skeleton + low contact point,generated_videos/control_points_1_lunar.mp4
115,0,1,106,1.0,0.045363561220737494,lunar_lander_agent,1.0,223.0,249.0,535.0,312.0,7929,axis_front,223.0,311.0,mask PCA skeleton + low contact point,generated_videos/control_points_1_lunar.mp4
115,0,1,106,1.0,0.045363561220737494,lunar_lander_agent,1.0,223.0,249.0,535.0,312.0,7929,axis_back,534.0,253.0,mask PCA skeleton + low contact point,generated_videos/control_points_1_lunar.mp4
115,0,1,106,1.0,0.045363561220737494,lunar_lander_agent,1.0,223.0,249.0,535.0,312.0,7929,axis_left,534.0,311.0,mask PCA skeleton + low contact point,generated_videos/control_points_1_lunar.mp4
115,0,1,106,1.0,0.045363561220737494,lunar_lander_agent,1.0,223.0,249.0,535.0,312.0,7929,axis_right,243.0,249.0,mask PCA skeleton + low contact point,generated_videos/control_points_1_lunar.mp4
115,0,1,106,1.0,0.045363561220737494,lunar_lander_agent,1.0,223.0,249.0,535.0,312.0,7929,contact_low,379.0,310.0,mask PCA skeleton + low contact point,generated_videos/control_points_1_lunar.mp4
116,0,1,107,1.0,0.0018415536025564317,lunar_lander_agent,1.0,223.0,249.0,535.0,312.0,7924,centroid,410.250244140625,291.5608215332031,mask PCA skeleton + low contact point,generated_videos/control_points_1_lunar.mp4
116,0,1,107,1.0,0.0018415536025564317,lunar_lander_agent,1.0,223.0,249.0,535.0,312.0,7924,axis_front,223.0,311.0,mask PCA skeleton + low contact point,generated_videos/control_points_1_lunar.mp4
116,0,1,107,1.0,0.0018415536025564317,lunar_lander_agent,1.0,223.0,249.0,535.0,312.0,7924,axis_back,534.0,253.0,mask PCA skeleton + low contact point,generated_videos/control_points_1_lunar.mp4
116,0,1,107,1.0,0.0018415536025564317,lunar_lander_agent,1.0,223.0,249.0,535.0,312.0,7924,axis_left,534.0,311.0,mask PCA skeleton + low contact point,generated_videos/control_points_1_lunar.mp4
116,0,1,107,1.0,0.0018415536025564317,lunar_lander_agent,1.0,223.0,249.0,535.0,312.0,7924,axis_right,243.0,249.0,mask PCA skeleton + low contact point,generated_videos/control_points_1_lunar.mp4
116,0,1,107,1.0,0.0018415536025564317,lunar_lander_agent,1.0,223.0,249.0,535.0,312.0,7924,contact_low,379.0,310.0,mask PCA skeleton + low contact point,generated_videos/control_points_1_lunar.mp4
117,0,1,108,1.0,0.5295332010626946,lunar_lander_agent,1.0,223.0,249.0,535.0,312.0,7944,centroid,409.7230529785156,291.5110778808594,mask PCA skeleton + low contact point,generated_videos/control_points_1_lunar.mp4
117,0,1,108,1.0,0.5295332010626946,lunar_lander_agent,1.0,223.0,249.0,535.0,312.0,7944,axis_front,223.0,311.0,mask PCA skeleton + low contact point,generated_videos/control_points_1_lunar.mp4
117,0,1,108,1.0,0.5295332010626946,lunar_lander_agent,1.0,223.0,249.0,535.0,312.0,7944,axis_back,534.0,253.0,mask PCA skeleton + low contact point,generated_videos/control_points_1_lunar.mp4
117,0,1,108,1.0,0.5295332010626946,lunar_lander_agent,1.0,223.0,249.0,535.0,312.0,7944,axis_left,534.0,311.0,mask PCA skeleton + low contact point,generated_videos/control_points_1_lunar.mp4
117,0,1,108,1.0,0.5295332010626946,lunar_lander_agent,1.0,223.0,249.0,535.0,312.0,7944,axis_right,243.0,249.0,mask PCA skeleton + low contact point,generated_videos/control_points_1_lunar.mp4
117,0,1,108,1.0,0.5295332010626946,lunar_lander_agent,1.0,223.0,249.0,535.0,312.0,7944,contact_low,379.0,310.0,mask PCA skeleton + low contact point,generated_videos/control_points_1_lunar.mp4
118,0,1,109,1.0,0.6167009536433841,lunar_lander_agent,1.0,223.0,249.0,535.0,312.0,7907,centroid,410.3396911621094,291.5199279785156,mask PCA skeleton + low contact point,generated_videos/control_points_1_lunar.mp4
118,0,1,109,1.0,0.6167009536433841,lunar_lander_agent,1.0,223.0,249.0,535.0,312.0,7907,axis_front,223.0,311.0,mask PCA skeleton + low contact point,generated_videos/control_points_1_lunar.mp4
118,0,1,109,1.0,0.6167009536433841,lunar_lander_agent,1.0,223.0,249.0,535.0,312.0,7907,axis_back,534.0,253.0,mask PCA skeleton + low contact point,generated_videos/control_points_1_lunar.mp4
118,0,1,109,1.0,0.6167009536433841,lunar_lander_agent,1.0,223.0,249.0,535.0,312.0,7907,axis_left,534.0,311.0,mask PCA skeleton + low contact point,generated_videos/control_points_1_lunar.mp4
118,0,1,109,1.0,0.6167009536433841,lunar_lander_agent,1.0,223.0,249.0,535.0,312.0,7907,axis_right,243.0,249.0,mask PCA skeleton + low contact point,generated_videos/control_points_1_lunar.mp4
118,0,1,109,1.0,0.6167009536433841,lunar_lander_agent,1.0,223.0,249.0,535.0,312.0,7907,contact_low,379.0,310.0,mask PCA skeleton + low contact point,generated_videos/control_points_1_lunar.mp4
119,0,1,110,1.0,0.11982395826085326,lunar_lander_agent,1.0,223.0,249.0,535.0,312.0,7899,centroid,410.4567565917969,291.4943542480469,mask PCA skeleton + low contact point,generated_videos/control_points_1_lunar.mp4
119,0,1,110,1.0,0.11982395826085326,lunar_lander_agent,1.0,223.0,249.0,535.0,312.0,7899,axis_front,223.0,311.0,mask PCA skeleton + low contact point,generated_videos/control_points_1_lunar.mp4
119,0,1,110,1.0,0.11982395826085326,lunar_lander_agent,1.0,223.0,249.0,535.0,312.0,7899,axis_back,534.0,253.0,mask PCA skeleton + low contact point,generated_videos/control_points_1_lunar.mp4
119,0,1,110,1.0,0.11982395826085326,lunar_lander_agent,1.0,223.0,249.0,535.0,312.0,7899,axis_left,534.0,311.0,mask PCA skeleton + low contact point,generated_videos/control_points_1_lunar.mp4
119,0,1,110,1.0,0.11982395826085326,lunar_lander_agent,1.0,223.0,249.0,535.0,312.0,7899,axis_right,243.0,249.0,mask PCA skeleton + low contact point,generated_videos/control_points_1_lunar.mp4
119,0,1,110,1.0,0.11982395826085326,lunar_lander_agent,1.0,223.0,249.0,535.0,312.0,7899,contact_low,379.0,310.0,mask PCA skeleton + low contact point,generated_videos/control_points_1_lunar.mp4
120,0,1,111,1.0,0.23702533472207746,lunar_lander_agent,1.0,223.0,249.0,535.0,312.0,7909,centroid,410.2214050292969,291.4664306640625,mask PCA skeleton + low contact point,generated_videos/control_points_1_lunar.mp4
120,0,1,111,1.0,0.23702533472207746,lunar_lander_agent,1.0,223.0,249.0,535.0,312.0,7909,axis_front,223.0,311.0,mask PCA skeleton + low contact point,generated_videos/control_points_1_lunar.mp4
120,0,1,111,1.0,0.23702533472207746,lunar_lander_agent,1.0,223.0,249.0,535.0,312.0,7909,axis_back,534.0,253.0,mask PCA skeleton + low contact point,generated_videos/control_points_1_lunar.mp4
120,0,1,111,1.0,0.23702533472207746,lunar_lander_agent,1.0,223.0,249.0,535.0,312.0,7909,axis_left,534.0,311.0,mask PCA skeleton + low contact point,generated_videos/control_points_1_lunar.mp4
120,0,1,111,1.0,0.23702533472207746,lunar_lander_agent,1.0,223.0,249.0,535.0,312.0,7909,axis_right,243.0,249.0,mask PCA skeleton + low contact point,generated_videos/control_points_1_lunar.mp4
120,0,1,111,1.0,0.23702533472207746,lunar_lander_agent,1.0,223.0,249.0,535.0,312.0,7909,contact_low,379.0,310.0,mask PCA skeleton + low contact point,generated_videos/control_points_1_lunar.mp4
121,0,1,112,1.0,0.010428242549668116,lunar_lander_agent,1.0,223.0,249.0,535.0,312.0,7904,centroid,410.22784423828125,291.458251953125,mask PCA skeleton + low contact point,generated_videos/control_points_1_lunar.mp4
121,0,1,112,1.0,0.010428242549668116,lunar_lander_agent,1.0,223.0,249.0,535.0,312.0,7904,axis_front,223.0,311.0,mask PCA skeleton + low contact point,generated_videos/control_points_1_lunar.mp4
121,0,1,112,1.0,0.010428242549668116,lunar_lander_agent,1.0,223.0,249.0,535.0,312.0,7904,axis_back,534.0,253.0,mask PCA skeleton + low contact point,generated_videos/control_points_1_lunar.mp4
121,0,1,112,1.0,0.010428242549668116,lunar_lander_agent,1.0,223.0,249.0,535.0,312.0,7904,axis_left,534.0,311.0,mask PCA skeleton + low contact point,generated_videos/control_points_1_lunar.mp4
121,0,1,112,1.0,0.010428242549668116,lunar_lander_agent,1.0,223.0,249.0,535.0,312.0,7904,axis_right,243.0,249.0,mask PCA skeleton + low contact point,generated_videos/control_points_1_lunar.mp4
121,0,1,112,1.0,0.010428242549668116,lunar_lander_agent,1.0,223.0,249.0,535.0,312.0,7904,contact_low,379.0,310.0,mask PCA skeleton + low contact point,generated_videos/control_points_1_lunar.mp4
122,0,1,113,1.0,0.10992585768499803,lunar_lander_agent,1.0,223.0,249.0,535.0,312.0,7913,centroid,410.1180419921875,291.45355224609375,mask PCA skeleton + low contact point,generated_videos/control_points_1_lunar.mp4
122,0,1,113,1.0,0.10992585768499803,lunar_lander_agent,1.0,223.0,249.0,535.0,312.0,7913,axis_front,223.0,311.0,mask PCA skeleton + low contact point,generated_videos/control_points_1_lunar.mp4
122,0,1,113,1.0,0.10992585768499803,lunar_lander_agent,1.0,223.0,249.0,535.0,312.0,7913,axis_back,534.0,253.0,mask PCA skeleton + low contact point,generated_videos/control_points_1_lunar.mp4
122,0,1,113,1.0,0.10992585768499803,lunar_lander_agent,1.0,223.0,249.0,535.0,312.0,7913,axis_left,534.0,311.0,mask PCA skeleton + low contact point,generated_videos/control_points_1_lunar.mp4
122,0,1,113,1.0,0.10992585768499803,lunar_lander_agent,1.0,223.0,249.0,535.0,312.0,7913,axis_right,243.0,249.0,mask PCA skeleton + low contact point,generated_videos/control_points_1_lunar.mp4
122,0,1,113,1.0,0.10992585768499803,lunar_lander_agent,1.0,223.0,249.0,535.0,312.0,7913,contact_low,379.0,310.0,mask PCA skeleton + low contact point,generated_videos/control_points_1_lunar.mp4
123,0,1,114,1.0,0.2512241846905163,lunar_lander_agent,1.0,223.0,249.0,535.0,312.0,7925,centroid,409.86712646484375,291.4408874511719,mask PCA skeleton + low contact point,generated_videos/control_points_1_lunar.mp4
123,0,1,114,1.0,0.2512241846905163,lunar_lander_agent,1.0,223.0,249.0,535.0,312.0,7925,axis_front,223.0,311.0,mask PCA skeleton + low contact point,generated_videos/control_points_1_lunar.mp4
123,0,1,114,1.0,0.2512241846905163,lunar_lander_agent,1.0,223.0,249.0,535.0,312.0,7925,axis_back,534.0,253.0,mask PCA skeleton + low contact point,generated_videos/control_points_1_lunar.mp4
123,0,1,114,1.0,0.2512241846905163,lunar_lander_agent,1.0,223.0,249.0,535.0,312.0,7925,axis_left,534.0,311.0,mask PCA skeleton + low contact point,generated_videos/control_points_1_lunar.mp4
123,0,1,114,1.0,0.2512241846905163,lunar_lander_agent,1.0,223.0,249.0,535.0,312.0,7925,axis_right,243.0,249.0,mask PCA skeleton + low contact point,generated_videos/control_points_1_lunar.mp4
123,0,1,114,1.0,0.2512241846905163,lunar_lander_agent,1.0,223.0,249.0,535.0,312.0,7925,contact_low,379.0,310.0,mask PCA skeleton + low contact point,generated_videos/control_points_1_lunar.mp4
124,0,1,115,1.0,0.12672298090479958,lunar_lander_agent,1.0,223.0,249.0,535.0,312.0,7920,centroid,409.9917907714844,291.463623046875,mask PCA skeleton + low contact point,generated_videos/control_points_1_lunar.mp4
124,0,1,115,1.0,0.12672298090479958,lunar_lander_agent,1.0,223.0,249.0,535.0,312.0,7920,axis_front,223.0,311.0,mask PCA skeleton + low contact point,generated_videos/control_points_1_lunar.mp4
124,0,1,115,1.0,0.12672298090479958,lunar_lander_agent,1.0,223.0,249.0,535.0,312.0,7920,axis_back,534.0,253.0,mask PCA skeleton + low contact point,generated_videos/control_points_1_lunar.mp4
124,0,1,115,1.0,0.12672298090479958,lunar_lander_agent,1.0,223.0,249.0,535.0,312.0,7920,axis_left,534.0,311.0,mask PCA skeleton + low contact point,generated_videos/control_points_1_lunar.mp4
124,0,1,115,1.0,0.12672298090479958,lunar_lander_agent,1.0,223.0,249.0,535.0,312.0,7920,axis_right,243.0,249.0,mask PCA skeleton + low contact point,generated_videos/control_points_1_lunar.mp4
124,0,1,115,1.0,0.12672298090479958,lunar_lander_agent,1.0,223.0,249.0,535.0,312.0,7920,contact_low,379.0,310.0,mask PCA skeleton + low contact point,generated_videos/control_points_1_lunar.mp4
125,0,1,116,1.0,0.0829552806251549,lunar_lander_agent,1.0,223.0,249.0,535.0,312.0,7924,centroid,409.9095153808594,291.45306396484375,mask PCA skeleton + low contact point,generated_videos/control_points_1_lunar.mp4
125,0,1,116,1.0,0.0829552806251549,lunar_lander_agent,1.0,223.0,249.0,535.0,312.0,7924,axis_front,223.0,311.0,mask PCA skeleton + low contact point,generated_videos/control_points_1_lunar.mp4
125,0,1,116,1.0,0.0829552806251549,lunar_lander_agent,1.0,223.0,249.0,535.0,312.0,7924,axis_back,534.0,253.0,mask PCA skeleton + low contact point,generated_videos/control_points_1_lunar.mp4
125,0,1,116,1.0,0.0829552806251549,lunar_lander_agent,1.0,223.0,249.0,535.0,312.0,7924,axis_left,534.0,311.0,mask PCA skeleton + low contact point,generated_videos/control_points_1_lunar.mp4
125,0,1,116,1.0,0.0829552806251549,lunar_lander_agent,1.0,223.0,249.0,535.0,312.0,7924,axis_right,243.0,249.0,mask PCA skeleton + low contact point,generated_videos/control_points_1_lunar.mp4
125,0,1,116,1.0,0.0829552806251549,lunar_lander_agent,1.0,223.0,249.0,535.0,312.0,7924,contact_low,379.0,310.0,mask PCA skeleton + low contact point,generated_videos/control_points_1_lunar.mp4
126,0,1,117,1.0,0.16725453212375394,lunar_lander_agent,1.0,223.0,249.0,535.0,312.0,7916,centroid,410.07568359375,291.4721984863281,mask PCA skeleton + low contact point,generated_videos/control_points_1_lunar.mp4
126,0,1,117,1.0,0.16725453212375394,lunar_lander_agent,1.0,223.0,249.0,535.0,312.0,7916,axis_front,223.0,311.0,mask PCA skeleton + low contact point,generated_videos/control_points_1_lunar.mp4
126,0,1,117,1.0,0.16725453212375394,lunar_lander_agent,1.0,223.0,249.0,535.0,312.0,7916,axis_back,534.0,253.0,mask PCA skeleton + low contact point,generated_videos/control_points_1_lunar.mp4
126,0,1,117,1.0,0.16725453212375394,lunar_lander_agent,1.0,223.0,249.0,535.0,312.0,7916,axis_left,534.0,311.0,mask PCA skeleton + low contact point,generated_videos/control_points_1_lunar.mp4
126,0,1,117,1.0,0.16725453212375394,lunar_lander_agent,1.0,223.0,249.0,535.0,312.0,7916,axis_right,243.0,249.0,mask PCA skeleton + low contact point,generated_videos/control_points_1_lunar.mp4
126,0,1,117,1.0,0.16725453212375394,lunar_lander_agent,1.0,223.0,249.0,535.0,312.0,7916,contact_low,379.0,310.0,mask PCA skeleton + low contact point,generated_videos/control_points_1_lunar.mp4
127,0,1,118,1.0,0.042383653820442756,lunar_lander_agent,1.0,223.0,249.0,535.0,312.0,7918,centroid,410.0337219238281,291.4661560058594,mask PCA skeleton + low contact point,generated_videos/control_points_1_lunar.mp4
127,0,1,118,1.0,0.042383653820442756,lunar_lander_agent,1.0,223.0,249.0,535.0,312.0,7918,axis_front,223.0,311.0,mask PCA skeleton + low contact point,generated_videos/control_points_1_lunar.mp4
127,0,1,118,1.0,0.042383653820442756,lunar_lander_agent,1.0,223.0,249.0,535.0,312.0,7918,axis_back,534.0,253.0,mask PCA skeleton + low contact point,generated_videos/control_points_1_lunar.mp4
127,0,1,118,1.0,0.042383653820442756,lunar_lander_agent,1.0,223.0,249.0,535.0,312.0,7918,axis_left,534.0,311.0,mask PCA skeleton + low contact point,generated_videos/control_points_1_lunar.mp4
127,0,1,118,1.0,0.042383653820442756,lunar_lander_agent,1.0,223.0,249.0,535.0,312.0,7918,axis_right,243.0,249.0,mask PCA skeleton + low contact point,generated_videos/control_points_1_lunar.mp4
127,0,1,118,1.0,0.042383653820442756,lunar_lander_agent,1.0,223.0,249.0,535.0,312.0,7918,contact_low,379.0,310.0,mask PCA skeleton + low contact point,generated_videos/control_points_1_lunar.mp4
128,0,1,119,1.0,0.042383653820442756,lunar_lander_agent,1.0,223.0,249.0,535.0,312.0,7916,centroid,410.07568359375,291.4721984863281,mask PCA skeleton + low contact point,generated_videos/control_points_1_lunar.mp4
128,0,1,119,1.0,0.042383653820442756,lunar_lander_agent,1.0,223.0,249.0,535.0,312.0,7916,axis_front,223.0,311.0,mask PCA skeleton + low contact point,generated_videos/control_points_1_lunar.mp4
128,0,1,119,1.0,0.042383653820442756,lunar_lander_agent,1.0,223.0,249.0,535.0,312.0,7916,axis_back,534.0,253.0,mask PCA skeleton + low contact point,generated_videos/control_points_1_lunar.mp4
128,0,1,119,1.0,0.042383653820442756,lunar_lander_agent,1.0,223.0,249.0,535.0,312.0,7916,axis_left,534.0,311.0,mask PCA skeleton + low contact point,generated_videos/control_points_1_lunar.mp4
128,0,1,119,1.0,0.042383653820442756,lunar_lander_agent,1.0,223.0,249.0,535.0,312.0,7916,axis_right,243.0,249.0,mask PCA skeleton + low contact point,generated_videos/control_points_1_lunar.mp4
128,0,1,119,1.0,0.042383653820442756,lunar_lander_agent,1.0,223.0,249.0,535.0,312.0,7916,contact_low,379.0,310.0,mask PCA skeleton + low contact point,generated_videos/control_points_1_lunar.mp4
129,0,1,120,1.0,0.059349765689617355,lunar_lander_agent,1.0,223.0,249.0,535.0,312.0,7913,centroid,410.1333312988281,291.4862976074219,mask PCA skeleton + low contact point,generated_videos/control_points_1_lunar.mp4
129,0,1,120,1.0,0.059349765689617355,lunar_lander_agent,1.0,223.0,249.0,535.0,312.0,7913,axis_front,223.0,311.0,mask PCA skeleton + low contact point,generated_videos/control_points_1_lunar.mp4
129,0,1,120,1.0,0.059349765689617355,lunar_lander_agent,1.0,223.0,249.0,535.0,312.0,7913,axis_back,534.0,253.0,mask PCA skeleton + low contact point,generated_videos/control_points_1_lunar.mp4
129,0,1,120,1.0,0.059349765689617355,lunar_lander_agent,1.0,223.0,249.0,535.0,312.0,7913,axis_left,534.0,311.0,mask PCA skeleton + low contact point,generated_videos/control_points_1_lunar.mp4
129,0,1,120,1.0,0.059349765689617355,lunar_lander_agent,1.0,223.0,249.0,535.0,312.0,7913,axis_right,243.0,249.0,mask PCA skeleton + low contact point,generated_videos/control_points_1_lunar.mp4
129,0,1,120,1.0,0.059349765689617355,lunar_lander_agent,1.0,223.0,249.0,535.0,312.0,7913,contact_low,379.0,310.0,mask PCA skeleton + low contact point,generated_videos/control_points_1_lunar.mp4
130,0,1,121,1.0,0.0,lunar_lander_agent,1.0,223.0,249.0,535.0,312.0,7913,centroid,410.1333312988281,291.4862976074219,mask PCA skeleton + low contact point,generated_videos/control_points_1_lunar.mp4
130,0,1,121,1.0,0.0,lunar_lander_agent,1.0,223.0,249.0,535.0,312.0,7913,axis_front,223.0,311.0,mask PCA skeleton + low contact point,generated_videos/control_points_1_lunar.mp4
130,0,1,121,1.0,0.0,lunar_lander_agent,1.0,223.0,249.0,535.0,312.0,7913,axis_back,534.0,253.0,mask PCA skeleton + low contact point,generated_videos/control_points_1_lunar.mp4
130,0,1,121,1.0,0.0,lunar_lander_agent,1.0,223.0,249.0,535.0,312.0,7913,axis_left,534.0,311.0,mask PCA skeleton + low contact point,generated_videos/control_points_1_lunar.mp4
130,0,1,121,1.0,0.0,lunar_lander_agent,1.0,223.0,249.0,535.0,312.0,7913,axis_right,243.0,249.0,mask PCA skeleton + low contact point,generated_videos/control_points_1_lunar.mp4
130,0,1,121,1.0,0.0,lunar_lander_agent,1.0,223.0,249.0,535.0,312.0,7913,contact_low,379.0,310.0,mask PCA skeleton + low contact point,generated_videos/control_points_1_lunar.mp4
131,0,1,122,1.0,0.050168102470351125,lunar_lander_agent,1.0,223.0,249.0,535.0,312.0,7909,centroid,410.1796569824219,291.5054931640625,mask PCA skeleton + low contact point,generated_videos/control_points_1_lunar.mp4
131,0,1,122,1.0,0.050168102470351125,lunar_lander_agent,1.0,223.0,249.0,535.0,312.0,7909,axis_front,223.0,311.0,mask PCA skeleton + low contact point,generated_videos/control_points_1_lunar.mp4
131,0,1,122,1.0,0.050168102470351125,lunar_lander_agent,1.0,223.0,249.0,535.0,312.0,7909,axis_back,534.0,253.0,mask PCA skeleton + low contact point,generated_videos/control_points_1_lunar.mp4
131,0,1,122,1.0,0.050168102470351125,lunar_lander_agent,1.0,223.0,249.0,535.0,312.0,7909,axis_left,534.0,311.0,mask PCA skeleton + low contact point,generated_videos/control_points_1_lunar.mp4
131,0,1,122,1.0,0.050168102470351125,lunar_lander_agent,1.0,223.0,249.0,535.0,312.0,7909,axis_right,243.0,249.0,mask PCA skeleton + low contact point,generated_videos/control_points_1_lunar.mp4
131,0,1,122,1.0,0.050168102470351125,lunar_lander_agent,1.0,223.0,249.0,535.0,312.0,7909,contact_low,379.0,310.0,mask PCA skeleton + low contact point,generated_videos/control_points_1_lunar.mp4
132,0,1,123,1.0,0.0,lunar_lander_agent,1.0,223.0,249.0,535.0,312.0,7909,centroid,410.1796569824219,291.5054931640625,mask PCA skeleton + low contact point,generated_videos/control_points_1_lunar.mp4
132,0,1,123,1.0,0.0,lunar_lander_agent,1.0,223.0,249.0,535.0,312.0,7909,axis_front,223.0,311.0,mask PCA skeleton + low contact point,generated_videos/control_points_1_lunar.mp4
132,0,1,123,1.0,0.0,lunar_lander_agent,1.0,223.0,249.0,535.0,312.0,7909,axis_back,534.0,253.0,mask PCA skeleton + low contact point,generated_videos/control_points_1_lunar.mp4
132,0,1,123,1.0,0.0,lunar_lander_agent,1.0,223.0,249.0,535.0,312.0,7909,axis_left,534.0,311.0,mask PCA skeleton + low contact point,generated_videos/control_points_1_lunar.mp4
132,0,1,123,1.0,0.0,lunar_lander_agent,1.0,223.0,249.0,535.0,312.0,7909,axis_right,243.0,249.0,mask PCA skeleton + low contact point,generated_videos/control_points_1_lunar.mp4
132,0,1,123,1.0,0.0,lunar_lander_agent,1.0,223.0,249.0,535.0,312.0,7909,contact_low,379.0,310.0,mask PCA skeleton + low contact point,generated_videos/control_points_1_lunar.mp4
133,0,1,124,1.0,0.0,lunar_lander_agent,1.0,223.0,249.0,535.0,312.0,7909,centroid,410.1796569824219,291.5054931640625,mask PCA skeleton + low contact point,generated_videos/control_points_1_lunar.mp4
133,0,1,124,1.0,0.0,lunar_lander_agent,1.0,223.0,249.0,535.0,312.0,7909,axis_front,223.0,311.0,mask PCA skeleton + low contact point,generated_videos/control_points_1_lunar.mp4
133,0,1,124,1.0,0.0,lunar_lander_agent,1.0,223.0,249.0,535.0,312.0,7909,axis_back,534.0,253.0,mask PCA skeleton + low contact point,generated_videos/control_points_1_lunar.mp4
133,0,1,124,1.0,0.0,lunar_lander_agent,1.0,223.0,249.0,535.0,312.0,7909,axis_left,534.0,311.0,mask PCA skeleton + low contact point,generated_videos/control_points_1_lunar.mp4
133,0,1,124,1.0,0.0,lunar_lander_agent,1.0,223.0,249.0,535.0,312.0,7909,axis_right,243.0,249.0,mask PCA skeleton + low contact point,generated_videos/control_points_1_lunar.mp4
133,0,1,124,1.0,0.0,lunar_lander_agent,1.0,223.0,249.0,535.0,312.0,7909,contact_low,379.0,310.0,mask PCA skeleton + low contact point,generated_videos/control_points_1_lunar.mp4
134,0,1,125,1.0,0.0,lunar_lander_agent,1.0,223.0,249.0,535.0,312.0,7909,centroid,410.1796569824219,291.5054931640625,mask PCA skeleton + low contact point,generated_videos/control_points_1_lunar.mp4
134,0,1,125,1.0,0.0,lunar_lander_agent,1.0,223.0,249.0,535.0,312.0,7909,axis_front,223.0,311.0,mask PCA skeleton + low contact point,generated_videos/control_points_1_lunar.mp4
134,0,1,125,1.0,0.0,lunar_lander_agent,1.0,223.0,249.0,535.0,312.0,7909,axis_back,534.0,253.0,mask PCA skeleton + low contact point,generated_videos/control_points_1_lunar.mp4
134,0,1,125,1.0,0.0,lunar_lander_agent,1.0,223.0,249.0,535.0,312.0,7909,axis_left,534.0,311.0,mask PCA skeleton + low contact point,generated_videos/control_points_1_lunar.mp4
134,0,1,125,1.0,0.0,lunar_lander_agent,1.0,223.0,249.0,535.0,312.0,7909,axis_right,243.0,249.0,mask PCA skeleton + low contact point,generated_videos/control_points_1_lunar.mp4
134,0,1,125,1.0,0.0,lunar_lander_agent,1.0,223.0,249.0,535.0,312.0,7909,contact_low,379.0,310.0,mask PCA skeleton + low contact point,generated_videos/control_points_1_lunar.mp4
135,0,1,126,1.0,0.0,lunar_lander_agent,1.0,223.0,249.0,535.0,312.0,7909,centroid,410.1796569824219,291.5054931640625,mask PCA skeleton + low contact point,generated_videos/control_points_1_lunar.mp4
135,0,1,126,1.0,0.0,lunar_lander_agent,1.0,223.0,249.0,535.0,312.0,7909,axis_front,223.0,311.0,mask PCA skeleton + low contact point,generated_videos/control_points_1_lunar.mp4
135,0,1,126,1.0,0.0,lunar_lander_agent,1.0,223.0,249.0,535.0,312.0,7909,axis_back,534.0,253.0,mask PCA skeleton + low contact point,generated_videos/control_points_1_lunar.mp4
135,0,1,126,1.0,0.0,lunar_lander_agent,1.0,223.0,249.0,535.0,312.0,7909,axis_left,534.0,311.0,mask PCA skeleton + low contact point,generated_videos/control_points_1_lunar.mp4
135,0,1,126,1.0,0.0,lunar_lander_agent,1.0,223.0,249.0,535.0,312.0,7909,axis_right,243.0,249.0,mask PCA skeleton + low contact point,generated_videos/control_points_1_lunar.mp4
135,0,1,126,1.0,0.0,lunar_lander_agent,1.0,223.0,249.0,535.0,312.0,7909,contact_low,379.0,310.0,mask PCA skeleton + low contact point,generated_videos/control_points_1_lunar.mp4
136,0,1,127,1.0,0.0,lunar_lander_agent,1.0,223.0,249.0,535.0,312.0,7909,centroid,410.1796569824219,291.5054931640625,mask PCA skeleton + low contact point,generated_videos/control_points_1_lunar.mp4
136,0,1,127,1.0,0.0,lunar_lander_agent,1.0,223.0,249.0,535.0,312.0,7909,axis_front,223.0,311.0,mask PCA skeleton + low contact point,generated_videos/control_points_1_lunar.mp4
136,0,1,127,1.0,0.0,lunar_lander_agent,1.0,223.0,249.0,535.0,312.0,7909,axis_back,534.0,253.0,mask PCA skeleton + low contact point,generated_videos/control_points_1_lunar.mp4
136,0,1,127,1.0,0.0,lunar_lander_agent,1.0,223.0,249.0,535.0,312.0,7909,axis_left,534.0,311.0,mask PCA skeleton + low contact point,generated_videos/control_points_1_lunar.mp4
136,0,1,127,1.0,0.0,lunar_lander_agent,1.0,223.0,249.0,535.0,312.0,7909,axis_right,243.0,249.0,mask PCA skeleton + low contact point,generated_videos/control_points_1_lunar.mp4
136,0,1,127,1.0,0.0,lunar_lander_agent,1.0,223.0,249.0,535.0,312.0,7909,contact_low,379.0,310.0,mask PCA skeleton + low contact point,generated_videos/control_points_1_lunar.mp4
137,0,1,128,1.0,0.0,lunar_lander_agent,1.0,223.0,249.0,535.0,312.0,7909,centroid,410.1796569824219,291.5054931640625,mask PCA skeleton + low contact point,generated_videos/control_points_1_lunar.mp4
137,0,1,128,1.0,0.0,lunar_lander_agent,1.0,223.0,249.0,535.0,312.0,7909,axis_front,223.0,311.0,mask PCA skeleton + low contact point,generated_videos/control_points_1_lunar.mp4
137,0,1,128,1.0,0.0,lunar_lander_agent,1.0,223.0,249.0,535.0,312.0,7909,axis_back,534.0,253.0,mask PCA skeleton + low contact point,generated_videos/control_points_1_lunar.mp4
137,0,1,128,1.0,0.0,lunar_lander_agent,1.0,223.0,249.0,535.0,312.0,7909,axis_left,534.0,311.0,mask PCA skeleton + low contact point,generated_videos/control_points_1_lunar.mp4
137,0,1,128,1.0,0.0,lunar_lander_agent,1.0,223.0,249.0,535.0,312.0,7909,axis_right,243.0,249.0,mask PCA skeleton + low contact point,generated_videos/control_points_1_lunar.mp4
137,0,1,128,1.0,0.0,lunar_lander_agent,1.0,223.0,249.0,535.0,312.0,7909,contact_low,379.0,310.0,mask PCA skeleton + low contact point,generated_videos/control_points_1_lunar.mp4
138,0,1,129,1.0,0.0,lunar_lander_agent,1.0,223.0,249.0,535.0,312.0,7909,centroid,410.1796569824219,291.5054931640625,mask PCA skeleton + low contact point,generated_videos/control_points_1_lunar.mp4
138,0,1,129,1.0,0.0,lunar_lander_agent,1.0,223.0,249.0,535.0,312.0,7909,axis_front,223.0,311.0,mask PCA skeleton + low contact point,generated_videos/control_points_1_lunar.mp4
138,0,1,129,1.0,0.0,lunar_lander_agent,1.0,223.0,249.0,535.0,312.0,7909,axis_back,534.0,253.0,mask PCA skeleton + low contact point,generated_videos/control_points_1_lunar.mp4
138,0,1,129,1.0,0.0,lunar_lander_agent,1.0,223.0,249.0,535.0,312.0,7909,axis_left,534.0,311.0,mask PCA skeleton + low contact point,generated_videos/control_points_1_lunar.mp4
138,0,1,129,1.0,0.0,lunar_lander_agent,1.0,223.0,249.0,535.0,312.0,7909,axis_right,243.0,249.0,mask PCA skeleton + low contact point,generated_videos/control_points_1_lunar.mp4
138,0,1,129,1.0,0.0,lunar_lander_agent,1.0,223.0,249.0,535.0,312.0,7909,contact_low,379.0,310.0,mask PCA skeleton + low contact point,generated_videos/control_points_1_lunar.mp4
139,0,1,130,1.0,0.0,lunar_lander_agent,1.0,223.0,249.0,535.0,312.0,7909,centroid,410.1796569824219,291.5054931640625,mask PCA skeleton + low contact point,generated_videos/control_points_1_lunar.mp4
139,0,1,130,1.0,0.0,lunar_lander_agent,1.0,223.0,249.0,535.0,312.0,7909,axis_front,223.0,311.0,mask PCA skeleton + low contact point,generated_videos/control_points_1_lunar.mp4
139,0,1,130,1.0,0.0,lunar_lander_agent,1.0,223.0,249.0,535.0,312.0,7909,axis_back,534.0,253.0,mask PCA skeleton + low contact point,generated_videos/control_points_1_lunar.mp4
139,0,1,130,1.0,0.0,lunar_lander_agent,1.0,223.0,249.0,535.0,312.0,7909,axis_left,534.0,311.0,mask PCA skeleton + low contact point,generated_videos/control_points_1_lunar.mp4
139,0,1,130,1.0,0.0,lunar_lander_agent,1.0,223.0,249.0,535.0,312.0,7909,axis_right,243.0,249.0,mask PCA skeleton + low contact point,generated_videos/control_points_1_lunar.mp4
139,0,1,130,1.0,0.0,lunar_lander_agent,1.0,223.0,249.0,535.0,312.0,7909,contact_low,379.0,310.0,mask PCA skeleton + low contact point,generated_videos/control_points_1_lunar.mp4
140,0,1,131,1.0,0.0,lunar_lander_agent,1.0,223.0,249.0,535.0,312.0,7909,centroid,410.1796569824219,291.5054931640625,mask PCA skeleton + low contact point,generated_videos/control_points_1_lunar.mp4
140,0,1,131,1.0,0.0,lunar_lander_agent,1.0,223.0,249.0,535.0,312.0,7909,axis_front,223.0,311.0,mask PCA skeleton + low contact point,generated_videos/control_points_1_lunar.mp4
140,0,1,131,1.0,0.0,lunar_lander_agent,1.0,223.0,249.0,535.0,312.0,7909,axis_back,534.0,253.0,mask PCA skeleton + low contact point,generated_videos/control_points_1_lunar.mp4
140,0,1,131,1.0,0.0,lunar_lander_agent,1.0,223.0,249.0,535.0,312.0,7909,axis_left,534.0,311.0,mask PCA skeleton + low contact point,generated_videos/control_points_1_lunar.mp4
140,0,1,131,1.0,0.0,lunar_lander_agent,1.0,223.0,249.0,535.0,312.0,7909,axis_right,243.0,249.0,mask PCA skeleton + low contact point,generated_videos/control_points_1_lunar.mp4
140,0,1,131,1.0,0.0,lunar_lander_agent,1.0,223.0,249.0,535.0,312.0,7909,contact_low,379.0,310.0,mask PCA skeleton + low contact point,generated_videos/control_points_1_lunar.mp4
141,0,1,132,1.0,0.0,lunar_lander_agent,1.0,223.0,249.0,535.0,312.0,7909,centroid,410.1796569824219,291.5054931640625,mask PCA skeleton + low contact point,generated_videos/control_points_1_lunar.mp4
141,0,1,132,1.0,0.0,lunar_lander_agent,1.0,223.0,249.0,535.0,312.0,7909,axis_front,223.0,311.0,mask PCA skeleton + low contact point,generated_videos/control_points_1_lunar.mp4
141,0,1,132,1.0,0.0,lunar_lander_agent,1.0,223.0,249.0,535.0,312.0,7909,axis_back,534.0,253.0,mask PCA skeleton + low contact point,generated_videos/control_points_1_lunar.mp4
141,0,1,132,1.0,0.0,lunar_lander_agent,1.0,223.0,249.0,535.0,312.0,7909,axis_left,534.0,311.0,mask PCA skeleton + low contact point,generated_videos/control_points_1_lunar.mp4
141,0,1,132,1.0,0.0,lunar_lander_agent,1.0,223.0,249.0,535.0,312.0,7909,axis_right,243.0,249.0,mask PCA skeleton + low contact point,generated_videos/control_points_1_lunar.mp4
141,0,1,132,1.0,0.0,lunar_lander_agent,1.0,223.0,249.0,535.0,312.0,7909,contact_low,379.0,310.0,mask PCA skeleton + low contact point,generated_videos/control_points_1_lunar.mp4
142,0,1,133,1.0,0.0,lunar_lander_agent,1.0,223.0,249.0,535.0,312.0,7909,centroid,410.1796569824219,291.5054931640625,mask PCA skeleton + low contact point,generated_videos/control_points_1_lunar.mp4
142,0,1,133,1.0,0.0,lunar_lander_agent,1.0,223.0,249.0,535.0,312.0,7909,axis_front,223.0,311.0,mask PCA skeleton + low contact point,generated_videos/control_points_1_lunar.mp4
142,0,1,133,1.0,0.0,lunar_lander_agent,1.0,223.0,249.0,535.0,312.0,7909,axis_back,534.0,253.0,mask PCA skeleton + low contact point,generated_videos/control_points_1_lunar.mp4
142,0,1,133,1.0,0.0,lunar_lander_agent,1.0,223.0,249.0,535.0,312.0,7909,axis_left,534.0,311.0,mask PCA skeleton + low contact point,generated_videos/control_points_1_lunar.mp4
142,0,1,133,1.0,0.0,lunar_lander_agent,1.0,223.0,249.0,535.0,312.0,7909,axis_right,243.0,249.0,mask PCA skeleton + low contact point,generated_videos/control_points_1_lunar.mp4
142,0,1,133,1.0,0.0,lunar_lander_agent,1.0,223.0,249.0,535.0,312.0,7909,contact_low,379.0,310.0,mask PCA skeleton + low contact point,generated_videos/control_points_1_lunar.mp4
143,0,1,134,1.0,0.0,lunar_lander_agent,1.0,223.0,249.0,535.0,312.0,7909,centroid,410.1796569824219,291.5054931640625,mask PCA skeleton + low contact point,generated_videos/control_points_1_lunar.mp4
143,0,1,134,1.0,0.0,lunar_lander_agent,1.0,223.0,249.0,535.0,312.0,7909,axis_front,223.0,311.0,mask PCA skeleton + low contact point,generated_videos/control_points_1_lunar.mp4
143,0,1,134,1.0,0.0,lunar_lander_agent,1.0,223.0,249.0,535.0,312.0,7909,axis_back,534.0,253.0,mask PCA skeleton + low contact point,generated_videos/control_points_1_lunar.mp4
143,0,1,134,1.0,0.0,lunar_lander_agent,1.0,223.0,249.0,535.0,312.0,7909,axis_left,534.0,311.0,mask PCA skeleton + low contact point,generated_videos/control_points_1_lunar.mp4
143,0,1,134,1.0,0.0,lunar_lander_agent,1.0,223.0,249.0,535.0,312.0,7909,axis_right,243.0,249.0,mask PCA skeleton + low contact point,generated_videos/control_points_1_lunar.mp4
143,0,1,134,1.0,0.0,lunar_lander_agent,1.0,223.0,249.0,535.0,312.0,7909,contact_low,379.0,310.0,mask PCA skeleton + low contact point,generated_videos/control_points_1_lunar.mp4
144,0,1,135,1.0,0.0,lunar_lander_agent,1.0,223.0,249.0,535.0,312.0,7909,centroid,410.1796569824219,291.5054931640625,mask PCA skeleton + low contact point,generated_videos/control_points_1_lunar.mp4
144,0,1,135,1.0,0.0,lunar_lander_agent,1.0,223.0,249.0,535.0,312.0,7909,axis_front,223.0,311.0,mask PCA skeleton + low contact point,generated_videos/control_points_1_lunar.mp4
144,0,1,135,1.0,0.0,lunar_lander_agent,1.0,223.0,249.0,535.0,312.0,7909,axis_back,534.0,253.0,mask PCA skeleton + low contact point,generated_videos/control_points_1_lunar.mp4
144,0,1,135,1.0,0.0,lunar_lander_agent,1.0,223.0,249.0,535.0,312.0,7909,axis_left,534.0,311.0,mask PCA skeleton + low contact point,generated_videos/control_points_1_lunar.mp4
144,0,1,135,1.0,0.0,lunar_lander_agent,1.0,223.0,249.0,535.0,312.0,7909,axis_right,243.0,249.0,mask PCA skeleton + low contact point,generated_videos/control_points_1_lunar.mp4
144,0,1,135,1.0,0.0,lunar_lander_agent,1.0,223.0,249.0,535.0,312.0,7909,contact_low,379.0,310.0,mask PCA skeleton + low contact point,generated_videos/control_points_1_lunar.mp4
145,0,1,136,1.0,0.0,lunar_lander_agent,1.0,223.0,249.0,535.0,312.0,7909,centroid,410.1796569824219,291.5054931640625,mask PCA skeleton + low contact point,generated_videos/control_points_1_lunar.mp4
145,0,1,136,1.0,0.0,lunar_lander_agent,1.0,223.0,249.0,535.0,312.0,7909,axis_front,223.0,311.0,mask PCA skeleton + low contact point,generated_videos/control_points_1_lunar.mp4
145,0,1,136,1.0,0.0,lunar_lander_agent,1.0,223.0,249.0,535.0,312.0,7909,axis_back,534.0,253.0,mask PCA skeleton + low contact point,generated_videos/control_points_1_lunar.mp4
145,0,1,136,1.0,0.0,lunar_lander_agent,1.0,223.0,249.0,535.0,312.0,7909,axis_left,534.0,311.0,mask PCA skeleton + low contact point,generated_videos/control_points_1_lunar.mp4
145,0,1,136,1.0,0.0,lunar_lander_agent,1.0,223.0,249.0,535.0,312.0,7909,axis_right,243.0,249.0,mask PCA skeleton + low contact point,generated_videos/control_points_1_lunar.mp4
145,0,1,136,1.0,0.0,lunar_lander_agent,1.0,223.0,249.0,535.0,312.0,7909,contact_low,379.0,310.0,mask PCA skeleton + low contact point,generated_videos/control_points_1_lunar.mp4
146,0,1,137,1.0,0.0,lunar_lander_agent,1.0,223.0,249.0,535.0,312.0,7909,centroid,410.1796569824219,291.5054931640625,mask PCA skeleton + low contact point,generated_videos/control_points_1_lunar.mp4
146,0,1,137,1.0,0.0,lunar_lander_agent,1.0,223.0,249.0,535.0,312.0,7909,axis_front,223.0,311.0,mask PCA skeleton + low contact point,generated_videos/control_points_1_lunar.mp4
146,0,1,137,1.0,0.0,lunar_lander_agent,1.0,223.0,249.0,535.0,312.0,7909,axis_back,534.0,253.0,mask PCA skeleton + low contact point,generated_videos/control_points_1_lunar.mp4
146,0,1,137,1.0,0.0,lunar_lander_agent,1.0,223.0,249.0,535.0,312.0,7909,axis_left,534.0,311.0,mask PCA skeleton + low contact point,generated_videos/control_points_1_lunar.mp4
146,0,1,137,1.0,0.0,lunar_lander_agent,1.0,223.0,249.0,535.0,312.0,7909,axis_right,243.0,249.0,mask PCA skeleton + low contact point,generated_videos/control_points_1_lunar.mp4
146,0,1,137,1.0,0.0,lunar_lander_agent,1.0,223.0,249.0,535.0,312.0,7909,contact_low,379.0,310.0,mask PCA skeleton + low contact point,generated_videos/control_points_1_lunar.mp4
147,0,1,138,1.0,0.0,lunar_lander_agent,1.0,223.0,249.0,535.0,312.0,7909,centroid,410.1796569824219,291.5054931640625,mask PCA skeleton + low contact point,generated_videos/control_points_1_lunar.mp4
147,0,1,138,1.0,0.0,lunar_lander_agent,1.0,223.0,249.0,535.0,312.0,7909,axis_front,223.0,311.0,mask PCA skeleton + low contact point,generated_videos/control_points_1_lunar.mp4
147,0,1,138,1.0,0.0,lunar_lander_agent,1.0,223.0,249.0,535.0,312.0,7909,axis_back,534.0,253.0,mask PCA skeleton + low contact point,generated_videos/control_points_1_lunar.mp4
147,0,1,138,1.0,0.0,lunar_lander_agent,1.0,223.0,249.0,535.0,312.0,7909,axis_left,534.0,311.0,mask PCA skeleton + low contact point,generated_videos/control_points_1_lunar.mp4
147,0,1,138,1.0,0.0,lunar_lander_agent,1.0,223.0,249.0,535.0,312.0,7909,axis_right,243.0,249.0,mask PCA skeleton + low contact point,generated_videos/control_points_1_lunar.mp4
147,0,1,138,1.0,0.0,lunar_lander_agent,1.0,223.0,249.0,535.0,312.0,7909,contact_low,379.0,310.0,mask PCA skeleton + low contact point,generated_videos/control_points_1_lunar.mp4
148,0,1,139,1.0,0.0,lunar_lander_agent,1.0,223.0,249.0,535.0,312.0,7909,centroid,410.1796569824219,291.5054931640625,mask PCA skeleton + low contact point,generated_videos/control_points_1_lunar.mp4
148,0,1,139,1.0,0.0,lunar_lander_agent,1.0,223.0,249.0,535.0,312.0,7909,axis_front,223.0,311.0,mask PCA skeleton + low contact point,generated_videos/control_points_1_lunar.mp4
148,0,1,139,1.0,0.0,lunar_lander_agent,1.0,223.0,249.0,535.0,312.0,7909,axis_back,534.0,253.0,mask PCA skeleton + low contact point,generated_videos/control_points_1_lunar.mp4
148,0,1,139,1.0,0.0,lunar_lander_agent,1.0,223.0,249.0,535.0,312.0,7909,axis_left,534.0,311.0,mask PCA skeleton + low contact point,generated_videos/control_points_1_lunar.mp4
148,0,1,139,1.0,0.0,lunar_lander_agent,1.0,223.0,249.0,535.0,312.0,7909,axis_right,243.0,249.0,mask PCA skeleton + low contact point,generated_videos/control_points_1_lunar.mp4
148,0,1,139,1.0,0.0,lunar_lander_agent,1.0,223.0,249.0,535.0,312.0,7909,contact_low,379.0,310.0,mask PCA skeleton + low contact point,generated_videos/control_points_1_lunar.mp4
149,0,1,140,1.0,0.0,lunar_lander_agent,1.0,223.0,249.0,535.0,312.0,7909,centroid,410.1796569824219,291.5054931640625,mask PCA skeleton + low contact point,generated_videos/control_points_1_lunar.mp4
149,0,1,140,1.0,0.0,lunar_lander_agent,1.0,223.0,249.0,535.0,312.0,7909,axis_front,223.0,311.0,mask PCA skeleton + low contact point,generated_videos/control_points_1_lunar.mp4
149,0,1,140,1.0,0.0,lunar_lander_agent,1.0,223.0,249.0,535.0,312.0,7909,axis_back,534.0,253.0,mask PCA skeleton + low contact point,generated_videos/control_points_1_lunar.mp4
149,0,1,140,1.0,0.0,lunar_lander_agent,1.0,223.0,249.0,535.0,312.0,7909,axis_left,534.0,311.0,mask PCA skeleton + low contact point,generated_videos/control_points_1_lunar.mp4
149,0,1,140,1.0,0.0,lunar_lander_agent,1.0,223.0,249.0,535.0,312.0,7909,axis_right,243.0,249.0,mask PCA skeleton + low contact point,generated_videos/control_points_1_lunar.mp4
149,0,1,140,1.0,0.0,lunar_lander_agent,1.0,223.0,249.0,535.0,312.0,7909,contact_low,379.0,310.0,mask PCA skeleton + low contact point,generated_videos/control_points_1_lunar.mp4
150,0,1,141,1.0,0.0,lunar_lander_agent,1.0,223.0,249.0,535.0,312.0,7909,centroid,410.1796569824219,291.5054931640625,mask PCA skeleton + low contact point,generated_videos/control_points_1_lunar.mp4
150,0,1,141,1.0,0.0,lunar_lander_agent,1.0,223.0,249.0,535.0,312.0,7909,axis_front,223.0,311.0,mask PCA skeleton + low contact point,generated_videos/control_points_1_lunar.mp4
150,0,1,141,1.0,0.0,lunar_lander_agent,1.0,223.0,249.0,535.0,312.0,7909,axis_back,534.0,253.0,mask PCA skeleton + low contact point,generated_videos/control_points_1_lunar.mp4
150,0,1,141,1.0,0.0,lunar_lander_agent,1.0,223.0,249.0,535.0,312.0,7909,axis_left,534.0,311.0,mask PCA skeleton + low contact point,generated_videos/control_points_1_lunar.mp4
150,0,1,141,1.0,0.0,lunar_lander_agent,1.0,223.0,249.0,535.0,312.0,7909,axis_right,243.0,249.0,mask PCA skeleton + low contact point,generated_videos/control_points_1_lunar.mp4
150,0,1,141,1.0,0.0,lunar_lander_agent,1.0,223.0,249.0,535.0,312.0,7909,contact_low,379.0,310.0,mask PCA skeleton + low contact point,generated_videos/control_points_1_lunar.mp4
151,0,1,142,1.0,0.0,lunar_lander_agent,1.0,223.0,249.0,535.0,312.0,7909,centroid,410.1796569824219,291.5054931640625,mask PCA skeleton + low contact point,generated_videos/control_points_1_lunar.mp4
151,0,1,142,1.0,0.0,lunar_lander_agent,1.0,223.0,249.0,535.0,312.0,7909,axis_front,223.0,311.0,mask PCA skeleton + low contact point,generated_videos/control_points_1_lunar.mp4
151,0,1,142,1.0,0.0,lunar_lander_agent,1.0,223.0,249.0,535.0,312.0,7909,axis_back,534.0,253.0,mask PCA skeleton + low contact point,generated_videos/control_points_1_lunar.mp4
151,0,1,142,1.0,0.0,lunar_lander_agent,1.0,223.0,249.0,535.0,312.0,7909,axis_left,534.0,311.0,mask PCA skeleton + low contact point,generated_videos/control_points_1_lunar.mp4
151,0,1,142,1.0,0.0,lunar_lander_agent,1.0,223.0,249.0,535.0,312.0,7909,axis_right,243.0,249.0,mask PCA skeleton + low contact point,generated_videos/control_points_1_lunar.mp4
151,0,1,142,1.0,0.0,lunar_lander_agent,1.0,223.0,249.0,535.0,312.0,7909,contact_low,379.0,310.0,mask PCA skeleton + low contact point,generated_videos/control_points_1_lunar.mp4
