frame,object_id,class_name,confidence,box_x1,box_y1,box_x2,box_y2,area,point_name,x,y,method,video_path
4,0,car_racing_ego_car,1.0,298.0,296.0,302.0,304.0,32,centroid,299.5,299.5,mask PCA skeleton + low contact point,generated_videos/control_points_2_car.mp4
4,0,car_racing_ego_car,1.0,298.0,296.0,302.0,304.0,32,axis_front,298.0,303.0,mask PCA skeleton + low contact point,generated_videos/control_points_2_car.mp4
4,0,car_racing_ego_car,1.0,298.0,296.0,302.0,304.0,32,axis_back,298.0,296.0,mask PCA skeleton + low contact point,generated_videos/control_points_2_car.mp4
4,0,car_racing_ego_car,1.0,298.0,296.0,302.0,304.0,32,axis_left,301.0,296.0,mask PCA skeleton + low contact point,generated_videos/control_points_2_car.mp4
4,0,car_racing_ego_car,1.0,298.0,296.0,302.0,304.0,32,axis_right,298.0,296.0,mask PCA skeleton + low contact point,generated_videos/control_points_2_car.mp4
4,0,car_racing_ego_car,1.0,298.0,296.0,302.0,304.0,32,contact_low,299.0,303.0,mask PCA skeleton + low contact point,generated_videos/control_points_2_car.mp4
5,0,car_racing_ego_car,1.0,282.0,222.0,292.0,232.0,40,centroid,287.3999938964844,226.0500030517578,mask PCA skeleton + low contact point,generated_videos/control_points_2_car.mp4
5,0,car_racing_ego_car,1.0,282.0,222.0,292.0,232.0,40,axis_front,291.0,231.0,mask PCA skeleton + low contact point,generated_videos/control_points_2_car.mp4
5,0,car_racing_ego_car,1.0,282.0,222.0,292.0,232.0,40,axis_back,282.0,222.0,mask PCA skeleton + low contact point,generated_videos/control_points_2_car.mp4
5,0,car_racing_ego_car,1.0,282.0,222.0,292.0,232.0,40,axis_left,289.0,224.0,mask PCA skeleton + low contact point,generated_videos/control_points_2_car.mp4
5,0,car_racing_ego_car,1.0,282.0,222.0,292.0,232.0,40,axis_right,288.0,231.0,mask PCA skeleton + low contact point,generated_videos/control_points_2_car.mp4
5,0,car_racing_ego_car,1.0,282.0,222.0,292.0,232.0,40,contact_low,289.0,231.0,mask PCA skeleton + low contact point,generated_videos/control_points_2_car.mp4
6,0,car_racing_ego_car,1.0,280.0,212.0,290.0,222.0,44,centroid,285.0454406738281,216.31817626953125,mask PCA skeleton + low contact point,generated_videos/control_points_2_car.mp4
6,0,car_racing_ego_car,1.0,280.0,212.0,290.0,222.0,44,axis_front,280.0,212.0,mask PCA skeleton + low contact point,generated_videos/control_points_2_car.mp4
6,0,car_racing_ego_car,1.0,280.0,212.0,290.0,222.0,44,axis_back,289.0,221.0,mask PCA skeleton + low contact point,generated_videos/control_points_2_car.mp4
6,0,car_racing_ego_car,1.0,280.0,212.0,290.0,222.0,44,axis_left,286.0,221.0,mask PCA skeleton + low contact point,generated_videos/control_points_2_car.mp4
6,0,car_racing_ego_car,1.0,280.0,212.0,290.0,222.0,44,axis_right,289.0,216.0,mask PCA skeleton + low contact point,generated_videos/control_points_2_car.mp4
6,0,car_racing_ego_car,1.0,280.0,212.0,290.0,222.0,44,contact_low,287.0,221.0,mask PCA skeleton + low contact point,generated_videos/control_points_2_car.mp4
7,0,car_racing_ego_car,1.0,296.0,294.0,304.0,304.0,56,centroid,299.5,299.3571472167969,mask PCA skeleton + low contact point,generated_videos/control_points_2_car.mp4
7,0,car_racing_ego_car,1.0,296.0,294.0,304.0,304.0,56,axis_front,296.0,303.0,mask PCA skeleton + low contact point,generated_videos/control_points_2_car.mp4
7,0,car_racing_ego_car,1.0,296.0,294.0,304.0,304.0,56,axis_back,298.0,294.0,mask PCA skeleton + low contact point,generated_videos/control_points_2_car.mp4
7,0,car_racing_ego_car,1.0,296.0,294.0,304.0,304.0,56,axis_left,303.0,300.0,mask PCA skeleton + low contact point,generated_videos/control_points_2_car.mp4
7,0,car_racing_ego_car,1.0,296.0,294.0,304.0,304.0,56,axis_right,296.0,300.0,mask PCA skeleton + low contact point,generated_videos/control_points_2_car.mp4
7,0,car_racing_ego_car,1.0,296.0,294.0,304.0,304.0,56,contact_low,299.0,303.0,mask PCA skeleton + low contact point,generated_videos/control_points_2_car.mp4
8,0,car_racing_ego_car,1.0,274.0,192.0,288.0,206.0,69,centroid,281.6376953125,198.17391967773438,mask PCA skeleton + low contact point,generated_videos/control_points_2_car.mp4
8,0,car_racing_ego_car,1.0,274.0,192.0,288.0,206.0,69,axis_front,287.0,205.0,mask PCA skeleton + low contact point,generated_videos/control_points_2_car.mp4
8,0,car_racing_ego_car,1.0,274.0,192.0,288.0,206.0,69,axis_back,276.0,192.0,mask PCA skeleton + low contact point,generated_videos/control_points_2_car.mp4
8,0,car_racing_ego_car,1.0,274.0,192.0,288.0,206.0,69,axis_left,285.0,196.0,mask PCA skeleton + low contact point,generated_videos/control_points_2_car.mp4
8,0,car_racing_ego_car,1.0,274.0,192.0,288.0,206.0,69,axis_right,274.0,195.0,mask PCA skeleton + low contact point,generated_videos/control_points_2_car.mp4
8,0,car_racing_ego_car,1.0,274.0,192.0,288.0,206.0,69,contact_low,285.0,205.0,mask PCA skeleton + low contact point,generated_videos/control_points_2_car.mp4
9,0,car_racing_ego_car,1.0,272.0,182.0,286.0,198.0,76,centroid,279.15789794921875,188.9736785888672,mask PCA skeleton + low contact point,generated_videos/control_points_2_car.mp4
9,0,car_racing_ego_car,1.0,272.0,182.0,286.0,198.0,76,axis_front,285.0,197.0,mask PCA skeleton + low contact point,generated_videos/control_points_2_car.mp4
9,0,car_racing_ego_car,1.0,272.0,182.0,286.0,198.0,76,axis_back,272.0,182.0,mask PCA skeleton + low contact point,generated_videos/control_points_2_car.mp4
9,0,car_racing_ego_car,1.0,272.0,182.0,286.0,198.0,76,axis_left,283.0,188.0,mask PCA skeleton + low contact point,generated_videos/control_points_2_car.mp4
9,0,car_racing_ego_car,1.0,272.0,182.0,286.0,198.0,76,axis_right,282.0,197.0,mask PCA skeleton + low contact point,generated_videos/control_points_2_car.mp4
9,0,car_racing_ego_car,1.0,272.0,182.0,286.0,198.0,76,contact_low,283.0,197.0,mask PCA skeleton + low contact point,generated_videos/control_points_2_car.mp4
10,0,car_racing_ego_car,1.0,270.0,174.0,284.0,190.0,76,centroid,277.65789794921875,180.6052703857422,mask PCA skeleton + low contact point,generated_videos/control_points_2_car.mp4
10,0,car_racing_ego_car,1.0,270.0,174.0,284.0,190.0,76,axis_front,283.0,189.0,mask PCA skeleton + low contact point,generated_videos/control_points_2_car.mp4
10,0,car_racing_ego_car,1.0,270.0,174.0,284.0,190.0,76,axis_back,270.0,174.0,mask PCA skeleton + low contact point,generated_videos/control_points_2_car.mp4
10,0,car_racing_ego_car,1.0,270.0,174.0,284.0,190.0,76,axis_left,281.0,178.0,mask PCA skeleton + low contact point,generated_videos/control_points_2_car.mp4
10,0,car_racing_ego_car,1.0,270.0,174.0,284.0,190.0,76,axis_right,280.0,189.0,mask PCA skeleton + low contact point,generated_videos/control_points_2_car.mp4
10,0,car_racing_ego_car,1.0,270.0,174.0,284.0,190.0,76,contact_low,281.0,189.0,mask PCA skeleton + low contact point,generated_videos/control_points_2_car.mp4
11,0,car_racing_ego_car,1.0,296.0,293.0,304.0,306.0,72,centroid,299.5,299.3888854980469,mask PCA skeleton + low contact point,generated_videos/control_points_2_car.mp4
11,0,car_racing_ego_car,1.0,296.0,293.0,304.0,306.0,72,axis_front,297.0,305.0,mask PCA skeleton + low contact point,generated_videos/control_points_2_car.mp4
11,0,car_racing_ego_car,1.0,296.0,293.0,304.0,306.0,72,axis_back,298.0,293.0,mask PCA skeleton + low contact point,generated_videos/control_points_2_car.mp4
11,0,car_racing_ego_car,1.0,296.0,293.0,304.0,306.0,72,axis_left,303.0,294.0,mask PCA skeleton + low contact point,generated_videos/control_points_2_car.mp4
11,0,car_racing_ego_car,1.0,296.0,293.0,304.0,306.0,72,axis_right,296.0,294.0,mask PCA skeleton + low contact point,generated_videos/control_points_2_car.mp4
11,0,car_racing_ego_car,1.0,296.0,293.0,304.0,306.0,72,contact_low,299.0,305.0,mask PCA skeleton + low contact point,generated_videos/control_points_2_car.mp4
12,0,car_racing_ego_car,1.0,296.0,292.0,304.0,306.0,72,centroid,299.5,298.0555419921875,mask PCA skeleton + low contact point,generated_videos/control_points_2_car.mp4
12,0,car_racing_ego_car,1.0,296.0,292.0,304.0,306.0,72,axis_front,298.0,305.0,mask PCA skeleton + low contact point,generated_videos/control_points_2_car.mp4
12,0,car_racing_ego_car,1.0,296.0,292.0,304.0,306.0,72,axis_back,296.0,292.0,mask PCA skeleton + low contact point,generated_videos/control_points_2_car.mp4
12,0,car_racing_ego_car,1.0,296.0,292.0,304.0,306.0,72,axis_left,303.0,292.0,mask PCA skeleton + low contact point,generated_videos/control_points_2_car.mp4
12,0,car_racing_ego_car,1.0,296.0,292.0,304.0,306.0,72,axis_right,296.0,292.0,mask PCA skeleton + low contact point,generated_videos/control_points_2_car.mp4
12,0,car_racing_ego_car,1.0,296.0,292.0,304.0,306.0,72,contact_low,299.0,305.0,mask PCA skeleton + low contact point,generated_videos/control_points_2_car.mp4
13,0,car_racing_ego_car,1.0,296.0,292.0,304.0,306.0,80,centroid,298.8999938964844,297.875,mask PCA skeleton + low contact point,generated_videos/control_points_2_car.mp4
13,0,car_racing_ego_car,1.0,296.0,292.0,304.0,306.0,80,axis_front,301.0,305.0,mask PCA skeleton + low contact point,generated_videos/control_points_2_car.mp4
13,0,car_racing_ego_car,1.0,296.0,292.0,304.0,306.0,80,axis_back,296.0,292.0,mask PCA skeleton + low contact point,generated_videos/control_points_2_car.mp4
13,0,car_racing_ego_car,1.0,296.0,292.0,304.0,306.0,80,axis_left,303.0,292.0,mask PCA skeleton + low contact point,generated_videos/control_points_2_car.mp4
13,0,car_racing_ego_car,1.0,296.0,292.0,304.0,306.0,80,axis_right,296.0,301.0,mask PCA skeleton + low contact point,generated_videos/control_points_2_car.mp4
13,0,car_racing_ego_car,1.0,296.0,292.0,304.0,306.0,80,contact_low,299.0,305.0,mask PCA skeleton + low contact point,generated_videos/control_points_2_car.mp4
14,0,car_racing_ego_car,1.0,296.0,292.0,304.0,308.0,96,centroid,299.1354064941406,298.78125,mask PCA skeleton + low contact point,generated_videos/control_points_2_car.mp4
14,0,car_racing_ego_car,1.0,296.0,292.0,304.0,308.0,96,axis_front,301.0,307.0,mask PCA skeleton + low contact point,generated_videos/control_points_2_car.mp4
14,0,car_racing_ego_car,1.0,296.0,292.0,304.0,308.0,96,axis_back,296.0,292.0,mask PCA skeleton + low contact point,generated_videos/control_points_2_car.mp4
14,0,car_racing_ego_car,1.0,296.0,292.0,304.0,308.0,96,axis_left,303.0,292.0,mask PCA skeleton + low contact point,generated_videos/control_points_2_car.mp4
14,0,car_racing_ego_car,1.0,296.0,292.0,304.0,308.0,96,axis_right,296.0,301.0,mask PCA skeleton + low contact point,generated_videos/control_points_2_car.mp4
14,0,car_racing_ego_car,1.0,296.0,292.0,304.0,308.0,96,contact_low,299.0,306.0,mask PCA skeleton + low contact point,generated_videos/control_points_2_car.mp4
15,0,car_racing_ego_car,1.0,296.0,292.0,304.0,308.0,102,centroid,299.2450866699219,298.57843017578125,mask PCA skeleton + low contact point,generated_videos/control_points_2_car.mp4
15,0,car_racing_ego_car,1.0,296.0,292.0,304.0,308.0,102,axis_front,301.0,307.0,mask PCA skeleton + low contact point,generated_videos/control_points_2_car.mp4
15,0,car_racing_ego_car,1.0,296.0,292.0,304.0,308.0,102,axis_back,296.0,292.0,mask PCA skeleton + low contact point,generated_videos/control_points_2_car.mp4
15,0,car_racing_ego_car,1.0,296.0,292.0,304.0,308.0,102,axis_left,303.0,292.0,mask PCA skeleton + low contact point,generated_videos/control_points_2_car.mp4
15,0,car_racing_ego_car,1.0,296.0,292.0,304.0,308.0,102,axis_right,296.0,302.0,mask PCA skeleton + low contact point,generated_videos/control_points_2_car.mp4
15,0,car_racing_ego_car,1.0,296.0,292.0,304.0,308.0,102,contact_low,299.0,306.0,mask PCA skeleton + low contact point,generated_videos/control_points_2_car.mp4
16,0,car_racing_ego_car,1.0,296.0,292.0,304.0,308.0,115,centroid,299.2173767089844,299.7478332519531,mask PCA skeleton + low contact point,generated_videos/control_points_2_car.mp4
16,0,car_racing_ego_car,1.0,296.0,292.0,304.0,308.0,115,axis_front,303.0,307.0,mask PCA skeleton + low contact point,generated_videos/control_points_2_car.mp4
16,0,car_racing_ego_car,1.0,296.0,292.0,304.0,308.0,115,axis_back,296.0,292.0,mask PCA skeleton + low contact point,generated_videos/control_points_2_car.mp4
16,0,car_racing_ego_car,1.0,296.0,292.0,304.0,308.0,115,axis_left,303.0,292.0,mask PCA skeleton + low contact point,generated_videos/control_points_2_car.mp4
16,0,car_racing_ego_car,1.0,296.0,292.0,304.0,308.0,115,axis_right,296.0,306.0,mask PCA skeleton + low contact point,generated_videos/control_points_2_car.mp4
16,0,car_racing_ego_car,1.0,296.0,292.0,304.0,308.0,115,contact_low,300.0,307.0,mask PCA skeleton + low contact point,generated_videos/control_points_2_car.mp4
17,0,car_racing_ego_car,1.0,296.0,290.0,304.0,308.0,130,centroid,299.4076843261719,299.015380859375,mask PCA skeleton + low contact point,generated_videos/control_points_2_car.mp4
17,0,car_racing_ego_car,1.0,296.0,290.0,304.0,308.0,130,axis_front,303.0,307.0,mask PCA skeleton + low contact point,generated_videos/control_points_2_car.mp4
17,0,car_racing_ego_car,1.0,296.0,290.0,304.0,308.0,130,axis_back,296.0,290.0,mask PCA skeleton + low contact point,generated_videos/control_points_2_car.mp4
17,0,car_racing_ego_car,1.0,296.0,290.0,304.0,308.0,130,axis_left,303.0,292.0,mask PCA skeleton + low contact point,generated_videos/control_points_2_car.mp4
17,0,car_racing_ego_car,1.0,296.0,290.0,304.0,308.0,130,axis_right,296.0,307.0,mask PCA skeleton + low contact point,generated_videos/control_points_2_car.mp4
17,0,car_racing_ego_car,1.0,296.0,290.0,304.0,308.0,130,contact_low,299.0,307.0,mask PCA skeleton + low contact point,generated_videos/control_points_2_car.mp4
18,0,car_racing_ego_car,1.0,296.0,290.0,304.0,308.0,129,centroid,299.4031066894531,298.906982421875,mask PCA skeleton + low contact point,generated_videos/control_points_2_car.mp4
18,0,car_racing_ego_car,1.0,296.0,290.0,304.0,308.0,129,axis_front,303.0,307.0,mask PCA skeleton + low contact point,generated_videos/control_points_2_car.mp4
18,0,car_racing_ego_car,1.0,296.0,290.0,304.0,308.0,129,axis_back,296.0,290.0,mask PCA skeleton + low contact point,generated_videos/control_points_2_car.mp4
18,0,car_racing_ego_car,1.0,296.0,290.0,304.0,308.0,129,axis_left,303.0,290.0,mask PCA skeleton + low contact point,generated_videos/control_points_2_car.mp4
18,0,car_racing_ego_car,1.0,296.0,290.0,304.0,308.0,129,axis_right,296.0,307.0,mask PCA skeleton + low contact point,generated_videos/control_points_2_car.mp4
18,0,car_racing_ego_car,1.0,296.0,290.0,304.0,308.0,129,contact_low,299.0,307.0,mask PCA skeleton + low contact point,generated_videos/control_points_2_car.mp4
19,0,car_racing_ego_car,1.0,294.0,290.0,306.0,310.0,152,centroid,299.5,299.9605407714844,mask PCA skeleton + low contact point,generated_videos/control_points_2_car.mp4
19,0,car_racing_ego_car,1.0,294.0,290.0,306.0,310.0,152,axis_front,296.0,309.0,mask PCA skeleton + low contact point,generated_videos/control_points_2_car.mp4
19,0,car_racing_ego_car,1.0,294.0,290.0,306.0,310.0,152,axis_back,296.0,290.0,mask PCA skeleton + low contact point,generated_videos/control_points_2_car.mp4
19,0,car_racing_ego_car,1.0,294.0,290.0,306.0,310.0,152,axis_left,305.0,302.0,mask PCA skeleton + low contact point,generated_videos/control_points_2_car.mp4
19,0,car_racing_ego_car,1.0,294.0,290.0,306.0,310.0,152,axis_right,294.0,302.0,mask PCA skeleton + low contact point,generated_videos/control_points_2_car.mp4
19,0,car_racing_ego_car,1.0,294.0,290.0,306.0,310.0,152,contact_low,299.0,309.0,mask PCA skeleton + low contact point,generated_videos/control_points_2_car.mp4
20,0,car_racing_ego_car,1.0,294.0,290.0,306.0,310.0,185,centroid,299.4162292480469,299.64324951171875,mask PCA skeleton + low contact point,generated_videos/control_points_2_car.mp4
20,0,car_racing_ego_car,1.0,294.0,290.0,306.0,310.0,185,axis_front,305.0,309.0,mask PCA skeleton + low contact point,generated_videos/control_points_2_car.mp4
20,0,car_racing_ego_car,1.0,294.0,290.0,306.0,310.0,185,axis_back,294.0,290.0,mask PCA skeleton + low contact point,generated_videos/control_points_2_car.mp4
20,0,car_racing_ego_car,1.0,294.0,290.0,306.0,310.0,185,axis_left,305.0,290.0,mask PCA skeleton + low contact point,generated_videos/control_points_2_car.mp4
20,0,car_racing_ego_car,1.0,294.0,290.0,306.0,310.0,185,axis_right,294.0,309.0,mask PCA skeleton + low contact point,generated_videos/control_points_2_car.mp4
20,0,car_racing_ego_car,1.0,294.0,290.0,306.0,310.0,185,contact_low,299.0,309.0,mask PCA skeleton + low contact point,generated_videos/control_points_2_car.mp4
21,0,car_racing_ego_car,1.0,294.0,290.0,306.0,310.0,182,centroid,299.3846130371094,299.6538391113281,mask PCA skeleton + low contact point,generated_videos/control_points_2_car.mp4
21,0,car_racing_ego_car,1.0,294.0,290.0,306.0,310.0,182,axis_front,305.0,309.0,mask PCA skeleton + low contact point,generated_videos/control_points_2_car.mp4
21,0,car_racing_ego_car,1.0,294.0,290.0,306.0,310.0,182,axis_back,294.0,290.0,mask PCA skeleton + low contact point,generated_videos/control_points_2_car.mp4
21,0,car_racing_ego_car,1.0,294.0,290.0,306.0,310.0,182,axis_left,305.0,290.0,mask PCA skeleton + low contact point,generated_videos/control_points_2_car.mp4
21,0,car_racing_ego_car,1.0,294.0,290.0,306.0,310.0,182,axis_right,294.0,309.0,mask PCA skeleton + low contact point,generated_videos/control_points_2_car.mp4
21,0,car_racing_ego_car,1.0,294.0,290.0,306.0,310.0,182,contact_low,299.0,309.0,mask PCA skeleton + low contact point,generated_videos/control_points_2_car.mp4
22,0,car_racing_ego_car,1.0,294.0,288.0,306.0,310.0,187,centroid,299.56683349609375,299.0267333984375,mask PCA skeleton + low contact point,generated_videos/control_points_2_car.mp4
22,0,car_racing_ego_car,1.0,294.0,288.0,306.0,310.0,187,axis_front,305.0,309.0,mask PCA skeleton + low contact point,generated_videos/control_points_2_car.mp4
22,0,car_racing_ego_car,1.0,294.0,288.0,306.0,310.0,187,axis_back,294.0,288.0,mask PCA skeleton + low contact point,generated_videos/control_points_2_car.mp4
22,0,car_racing_ego_car,1.0,294.0,288.0,306.0,310.0,187,axis_left,305.0,290.0,mask PCA skeleton + low contact point,generated_videos/control_points_2_car.mp4
22,0,car_racing_ego_car,1.0,294.0,288.0,306.0,310.0,187,axis_right,294.0,303.0,mask PCA skeleton + low contact point,generated_videos/control_points_2_car.mp4
22,0,car_racing_ego_car,1.0,294.0,288.0,306.0,310.0,187,contact_low,300.0,309.0,mask PCA skeleton + low contact point,generated_videos/control_points_2_car.mp4
23,0,car_racing_ego_car,1.0,294.0,288.0,306.0,312.0,212,centroid,299.4245300292969,300.0,mask PCA skeleton + low contact point,generated_videos/control_points_2_car.mp4
23,0,car_racing_ego_car,1.0,294.0,288.0,306.0,312.0,212,axis_front,296.0,311.0,mask PCA skeleton + low contact point,generated_videos/control_points_2_car.mp4
23,0,car_racing_ego_car,1.0,294.0,288.0,306.0,312.0,212,axis_back,305.0,288.0,mask PCA skeleton + low contact point,generated_videos/control_points_2_car.mp4
23,0,car_racing_ego_car,1.0,294.0,288.0,306.0,312.0,212,axis_left,305.0,309.0,mask PCA skeleton + low contact point,generated_videos/control_points_2_car.mp4
23,0,car_racing_ego_car,1.0,294.0,288.0,306.0,312.0,212,axis_right,294.0,288.0,mask PCA skeleton + low contact point,generated_videos/control_points_2_car.mp4
23,0,car_racing_ego_car,1.0,294.0,288.0,306.0,312.0,212,contact_low,298.0,309.0,mask PCA skeleton + low contact point,generated_videos/control_points_2_car.mp4
24,0,car_racing_ego_car,1.0,292.0,288.0,306.0,312.0,234,centroid,299.23504638671875,300.1025695800781,mask PCA skeleton + low contact point,generated_videos/control_points_2_car.mp4
24,0,car_racing_ego_car,1.0,292.0,288.0,306.0,312.0,234,axis_front,305.0,311.0,mask PCA skeleton + low contact point,generated_videos/control_points_2_car.mp4
24,0,car_racing_ego_car,1.0,292.0,288.0,306.0,312.0,234,axis_back,293.0,288.0,mask PCA skeleton + low contact point,generated_videos/control_points_2_car.mp4
24,0,car_racing_ego_car,1.0,292.0,288.0,306.0,312.0,234,axis_left,305.0,288.0,mask PCA skeleton + low contact point,generated_videos/control_points_2_car.mp4
24,0,car_racing_ego_car,1.0,292.0,288.0,306.0,312.0,234,axis_right,292.0,289.0,mask PCA skeleton + low contact point,generated_videos/control_points_2_car.mp4
24,0,car_racing_ego_car,1.0,292.0,288.0,306.0,312.0,234,contact_low,300.0,310.0,mask PCA skeleton + low contact point,generated_videos/control_points_2_car.mp4
25,0,car_racing_ego_car,1.0,292.0,288.0,306.0,312.0,236,centroid,299.309326171875,300.13134765625,mask PCA skeleton + low contact point,generated_videos/control_points_2_car.mp4
25,0,car_racing_ego_car,1.0,292.0,288.0,306.0,312.0,236,axis_front,304.0,311.0,mask PCA skeleton + low contact point,generated_videos/control_points_2_car.mp4
25,0,car_racing_ego_car,1.0,292.0,288.0,306.0,312.0,236,axis_back,292.0,288.0,mask PCA skeleton + low contact point,generated_videos/control_points_2_car.mp4
25,0,car_racing_ego_car,1.0,292.0,288.0,306.0,312.0,236,axis_left,305.0,288.0,mask PCA skeleton + low contact point,generated_videos/control_points_2_car.mp4
25,0,car_racing_ego_car,1.0,292.0,288.0,306.0,312.0,236,axis_right,292.0,289.0,mask PCA skeleton + low contact point,generated_videos/control_points_2_car.mp4
25,0,car_racing_ego_car,1.0,292.0,288.0,306.0,312.0,236,contact_low,300.0,310.0,mask PCA skeleton + low contact point,generated_videos/control_points_2_car.mp4
26,0,car_racing_ego_car,1.0,292.0,288.0,308.0,312.0,246,centroid,299.47967529296875,300.093505859375,mask PCA skeleton + low contact point,generated_videos/control_points_2_car.mp4
26,0,car_racing_ego_car,1.0,292.0,288.0,308.0,312.0,246,axis_front,305.0,311.0,mask PCA skeleton + low contact point,generated_videos/control_points_2_car.mp4
26,0,car_racing_ego_car,1.0,292.0,288.0,308.0,312.0,246,axis_back,292.0,288.0,mask PCA skeleton + low contact point,generated_videos/control_points_2_car.mp4
26,0,car_racing_ego_car,1.0,292.0,288.0,308.0,312.0,246,axis_left,307.0,288.0,mask PCA skeleton + low contact point,generated_videos/control_points_2_car.mp4
26,0,car_racing_ego_car,1.0,292.0,288.0,308.0,312.0,246,axis_right,292.0,289.0,mask PCA skeleton + low contact point,generated_videos/control_points_2_car.mp4
26,0,car_racing_ego_car,1.0,292.0,288.0,308.0,312.0,246,contact_low,300.0,310.0,mask PCA skeleton + low contact point,generated_videos/control_points_2_car.mp4
27,0,car_racing_ego_car,1.0,292.0,286.0,308.0,312.0,266,centroid,299.34210205078125,299.1729431152344,mask PCA skeleton + low contact point,generated_videos/control_points_2_car.mp4
27,0,car_racing_ego_car,1.0,292.0,286.0,308.0,312.0,266,axis_front,305.0,311.0,mask PCA skeleton + low contact point,generated_videos/control_points_2_car.mp4
27,0,car_racing_ego_car,1.0,292.0,286.0,308.0,312.0,266,axis_back,294.0,286.0,mask PCA skeleton + low contact point,generated_videos/control_points_2_car.mp4
27,0,car_racing_ego_car,1.0,292.0,286.0,308.0,312.0,266,axis_left,307.0,288.0,mask PCA skeleton + low contact point,generated_videos/control_points_2_car.mp4
27,0,car_racing_ego_car,1.0,292.0,286.0,308.0,312.0,266,axis_right,292.0,289.0,mask PCA skeleton + low contact point,generated_videos/control_points_2_car.mp4
27,0,car_racing_ego_car,1.0,292.0,286.0,308.0,312.0,266,contact_low,299.0,310.0,mask PCA skeleton + low contact point,generated_videos/control_points_2_car.mp4
28,0,car_racing_ego_car,1.0,292.0,286.0,308.0,314.0,279,centroid,299.3835144042969,299.01434326171875,mask PCA skeleton + low contact point,generated_videos/control_points_2_car.mp4
28,0,car_racing_ego_car,1.0,292.0,286.0,308.0,314.0,279,axis_front,305.0,313.0,mask PCA skeleton + low contact point,generated_videos/control_points_2_car.mp4
28,0,car_racing_ego_car,1.0,292.0,286.0,308.0,314.0,279,axis_back,292.0,286.0,mask PCA skeleton + low contact point,generated_videos/control_points_2_car.mp4
28,0,car_racing_ego_car,1.0,292.0,286.0,308.0,314.0,279,axis_left,307.0,286.0,mask PCA skeleton + low contact point,generated_videos/control_points_2_car.mp4
28,0,car_racing_ego_car,1.0,292.0,286.0,308.0,314.0,279,axis_right,292.0,288.0,mask PCA skeleton + low contact point,generated_videos/control_points_2_car.mp4
28,0,car_racing_ego_car,1.0,292.0,286.0,308.0,314.0,279,contact_low,301.0,311.0,mask PCA skeleton + low contact point,generated_videos/control_points_2_car.mp4
29,0,car_racing_ego_car,1.0,292.0,286.0,308.0,313.0,276,centroid,299.3260803222656,298.9529113769531,mask PCA skeleton + low contact point,generated_videos/control_points_2_car.mp4
29,0,car_racing_ego_car,1.0,292.0,286.0,308.0,313.0,276,axis_front,305.0,312.0,mask PCA skeleton + low contact point,generated_videos/control_points_2_car.mp4
29,0,car_racing_ego_car,1.0,292.0,286.0,308.0,313.0,276,axis_back,292.0,286.0,mask PCA skeleton + low contact point,generated_videos/control_points_2_car.mp4
29,0,car_racing_ego_car,1.0,292.0,286.0,308.0,313.0,276,axis_left,307.0,286.0,mask PCA skeleton + low contact point,generated_videos/control_points_2_car.mp4
29,0,car_racing_ego_car,1.0,292.0,286.0,308.0,313.0,276,axis_right,292.0,288.0,mask PCA skeleton + low contact point,generated_videos/control_points_2_car.mp4
29,0,car_racing_ego_car,1.0,292.0,286.0,308.0,313.0,276,contact_low,300.0,310.0,mask PCA skeleton + low contact point,generated_videos/control_points_2_car.mp4
30,0,car_racing_ego_car,1.0,292.0,286.0,308.0,314.0,327,centroid,299.26910400390625,299.587158203125,mask PCA skeleton + low contact point,generated_videos/control_points_2_car.mp4
30,0,car_racing_ego_car,1.0,292.0,286.0,308.0,314.0,327,axis_front,305.0,313.0,mask PCA skeleton + low contact point,generated_videos/control_points_2_car.mp4
30,0,car_racing_ego_car,1.0,292.0,286.0,308.0,314.0,327,axis_back,292.0,286.0,mask PCA skeleton + low contact point,generated_videos/control_points_2_car.mp4
30,0,car_racing_ego_car,1.0,292.0,286.0,308.0,314.0,327,axis_left,307.0,286.0,mask PCA skeleton + low contact point,generated_videos/control_points_2_car.mp4
30,0,car_racing_ego_car,1.0,292.0,286.0,308.0,314.0,327,axis_right,292.0,303.0,mask PCA skeleton + low contact point,generated_videos/control_points_2_car.mp4
30,0,car_racing_ego_car,1.0,292.0,286.0,308.0,314.0,327,contact_low,299.0,312.0,mask PCA skeleton + low contact point,generated_videos/control_points_2_car.mp4
31,0,car_racing_ego_car,1.0,290.0,284.0,308.0,314.0,347,centroid,299.4438171386719,299.0057678222656,mask PCA skeleton + low contact point,generated_videos/control_points_2_car.mp4
31,0,car_racing_ego_car,1.0,290.0,284.0,308.0,314.0,347,axis_front,305.0,313.0,mask PCA skeleton + low contact point,generated_videos/control_points_2_car.mp4
31,0,car_racing_ego_car,1.0,290.0,284.0,308.0,314.0,347,axis_back,292.0,284.0,mask PCA skeleton + low contact point,generated_videos/control_points_2_car.mp4
31,0,car_racing_ego_car,1.0,290.0,284.0,308.0,314.0,347,axis_left,307.0,285.0,mask PCA skeleton + low contact point,generated_videos/control_points_2_car.mp4
31,0,car_racing_ego_car,1.0,290.0,284.0,308.0,314.0,347,axis_right,290.0,287.0,mask PCA skeleton + low contact point,generated_videos/control_points_2_car.mp4
31,0,car_racing_ego_car,1.0,290.0,284.0,308.0,314.0,347,contact_low,299.0,312.0,mask PCA skeleton + low contact point,generated_videos/control_points_2_car.mp4
32,0,car_racing_ego_car,1.0,292.0,284.0,308.0,314.0,368,centroid,299.4972839355469,298.8885803222656,mask PCA skeleton + low contact point,generated_videos/control_points_2_car.mp4
32,0,car_racing_ego_car,1.0,292.0,284.0,308.0,314.0,368,axis_front,294.0,313.0,mask PCA skeleton + low contact point,generated_videos/control_points_2_car.mp4
32,0,car_racing_ego_car,1.0,292.0,284.0,308.0,314.0,368,axis_back,307.0,284.0,mask PCA skeleton + low contact point,generated_videos/control_points_2_car.mp4
32,0,car_racing_ego_car,1.0,292.0,284.0,308.0,314.0,368,axis_left,307.0,305.0,mask PCA skeleton + low contact point,generated_videos/control_points_2_car.mp4
32,0,car_racing_ego_car,1.0,292.0,284.0,308.0,314.0,368,axis_right,292.0,284.0,mask PCA skeleton + low contact point,generated_videos/control_points_2_car.mp4
32,0,car_racing_ego_car,1.0,292.0,284.0,308.0,314.0,368,contact_low,299.0,312.0,mask PCA skeleton + low contact point,generated_videos/control_points_2_car.mp4
33,0,car_racing_ego_car,1.0,290.0,284.0,308.0,314.0,368,centroid,299.4619445800781,298.7391357421875,mask PCA skeleton + low contact point,generated_videos/control_points_2_car.mp4
33,0,car_racing_ego_car,1.0,290.0,284.0,308.0,314.0,368,axis_front,306.0,313.0,mask PCA skeleton + low contact point,generated_videos/control_points_2_car.mp4
33,0,car_racing_ego_car,1.0,290.0,284.0,308.0,314.0,368,axis_back,292.0,284.0,mask PCA skeleton + low contact point,generated_videos/control_points_2_car.mp4
33,0,car_racing_ego_car,1.0,290.0,284.0,308.0,314.0,368,axis_left,307.0,284.0,mask PCA skeleton + low contact point,generated_videos/control_points_2_car.mp4
33,0,car_racing_ego_car,1.0,290.0,284.0,308.0,314.0,368,axis_right,290.0,287.0,mask PCA skeleton + low contact point,generated_videos/control_points_2_car.mp4
33,0,car_racing_ego_car,1.0,290.0,284.0,308.0,314.0,368,contact_low,300.0,312.0,mask PCA skeleton + low contact point,generated_videos/control_points_2_car.mp4
34,0,car_racing_ego_car,1.0,292.0,284.0,308.0,316.0,380,centroid,299.52630615234375,300.04736328125,mask PCA skeleton + low contact point,generated_videos/control_points_2_car.mp4
34,0,car_racing_ego_car,1.0,292.0,284.0,308.0,316.0,380,axis_front,306.0,315.0,mask PCA skeleton + low contact point,generated_videos/control_points_2_car.mp4
34,0,car_racing_ego_car,1.0,292.0,284.0,308.0,316.0,380,axis_back,292.0,284.0,mask PCA skeleton + low contact point,generated_videos/control_points_2_car.mp4
34,0,car_racing_ego_car,1.0,292.0,284.0,308.0,316.0,380,axis_left,307.0,284.0,mask PCA skeleton + low contact point,generated_videos/control_points_2_car.mp4
34,0,car_racing_ego_car,1.0,292.0,284.0,308.0,316.0,380,axis_right,292.0,311.0,mask PCA skeleton + low contact point,generated_videos/control_points_2_car.mp4
34,0,car_racing_ego_car,1.0,292.0,284.0,308.0,316.0,380,contact_low,303.0,313.0,mask PCA skeleton + low contact point,generated_videos/control_points_2_car.mp4
35,0,car_racing_ego_car,1.0,290.0,284.0,310.0,316.0,405,centroid,299.3777770996094,299.99505615234375,mask PCA skeleton + low contact point,generated_videos/control_points_2_car.mp4
35,0,car_racing_ego_car,1.0,290.0,284.0,310.0,316.0,405,axis_front,306.0,315.0,mask PCA skeleton + low contact point,generated_videos/control_points_2_car.mp4
35,0,car_racing_ego_car,1.0,290.0,284.0,310.0,316.0,405,axis_back,290.0,284.0,mask PCA skeleton + low contact point,generated_videos/control_points_2_car.mp4
35,0,car_racing_ego_car,1.0,290.0,284.0,310.0,316.0,405,axis_left,309.0,285.0,mask PCA skeleton + low contact point,generated_videos/control_points_2_car.mp4
35,0,car_racing_ego_car,1.0,290.0,284.0,310.0,316.0,405,axis_right,290.0,285.0,mask PCA skeleton + low contact point,generated_videos/control_points_2_car.mp4
35,0,car_racing_ego_car,1.0,290.0,284.0,310.0,316.0,405,contact_low,300.0,314.0,mask PCA skeleton + low contact point,generated_videos/control_points_2_car.mp4
36,0,car_racing_ego_car,1.0,290.0,284.0,310.0,316.0,410,centroid,299.3292541503906,300.1707458496094,mask PCA skeleton + low contact point,generated_videos/control_points_2_car.mp4
36,0,car_racing_ego_car,1.0,290.0,284.0,310.0,316.0,410,axis_front,306.0,315.0,mask PCA skeleton + low contact point,generated_videos/control_points_2_car.mp4
36,0,car_racing_ego_car,1.0,290.0,284.0,310.0,316.0,410,axis_back,290.0,284.0,mask PCA skeleton + low contact point,generated_videos/control_points_2_car.mp4
36,0,car_racing_ego_car,1.0,290.0,284.0,310.0,316.0,410,axis_left,309.0,284.0,mask PCA skeleton + low contact point,generated_videos/control_points_2_car.mp4
36,0,car_racing_ego_car,1.0,290.0,284.0,310.0,316.0,410,axis_right,290.0,286.0,mask PCA skeleton + low contact point,generated_videos/control_points_2_car.mp4
36,0,car_racing_ego_car,1.0,290.0,284.0,310.0,316.0,410,contact_low,299.0,314.0,mask PCA skeleton + low contact point,generated_videos/control_points_2_car.mp4
37,0,car_racing_ego_car,1.0,290.0,282.0,310.0,316.0,450,centroid,299.3177795410156,298.99554443359375,mask PCA skeleton + low contact point,generated_videos/control_points_2_car.mp4
37,0,car_racing_ego_car,1.0,290.0,282.0,310.0,316.0,450,axis_front,292.0,315.0,mask PCA skeleton + low contact point,generated_videos/control_points_2_car.mp4
37,0,car_racing_ego_car,1.0,290.0,282.0,310.0,316.0,450,axis_back,307.0,282.0,mask PCA skeleton + low contact point,generated_videos/control_points_2_car.mp4
37,0,car_racing_ego_car,1.0,290.0,282.0,310.0,316.0,450,axis_left,309.0,285.0,mask PCA skeleton + low contact point,generated_videos/control_points_2_car.mp4
37,0,car_racing_ego_car,1.0,290.0,282.0,310.0,316.0,450,axis_right,290.0,284.0,mask PCA skeleton + low contact point,generated_videos/control_points_2_car.mp4
37,0,car_racing_ego_car,1.0,290.0,282.0,310.0,316.0,450,contact_low,299.0,314.0,mask PCA skeleton + low contact point,generated_videos/control_points_2_car.mp4
38,0,car_racing_ego_car,1.0,290.0,282.0,310.0,316.0,452,centroid,299.2079772949219,299.0840759277344,mask PCA skeleton + low contact point,generated_videos/control_points_2_car.mp4
38,0,car_racing_ego_car,1.0,290.0,282.0,310.0,316.0,452,axis_front,292.0,315.0,mask PCA skeleton + low contact point,generated_videos/control_points_2_car.mp4
38,0,car_racing_ego_car,1.0,290.0,282.0,310.0,316.0,452,axis_back,309.0,282.0,mask PCA skeleton + low contact point,generated_videos/control_points_2_car.mp4
38,0,car_racing_ego_car,1.0,290.0,282.0,310.0,316.0,452,axis_left,309.0,285.0,mask PCA skeleton + low contact point,generated_videos/control_points_2_car.mp4
38,0,car_racing_ego_car,1.0,290.0,282.0,310.0,316.0,452,axis_right,290.0,282.0,mask PCA skeleton + low contact point,generated_videos/control_points_2_car.mp4
38,0,car_racing_ego_car,1.0,290.0,282.0,310.0,316.0,452,contact_low,299.0,314.0,mask PCA skeleton + low contact point,generated_videos/control_points_2_car.mp4
39,0,car_racing_ego_car,1.0,290.0,282.0,310.0,318.0,481,centroid,299.2868957519531,300.193359375,mask PCA skeleton + low contact point,generated_videos/control_points_2_car.mp4
39,0,car_racing_ego_car,1.0,290.0,282.0,310.0,318.0,481,axis_front,292.0,317.0,mask PCA skeleton + low contact point,generated_videos/control_points_2_car.mp4
39,0,car_racing_ego_car,1.0,290.0,282.0,310.0,318.0,481,axis_back,309.0,282.0,mask PCA skeleton + low contact point,generated_videos/control_points_2_car.mp4
39,0,car_racing_ego_car,1.0,290.0,282.0,310.0,318.0,481,axis_left,309.0,285.0,mask PCA skeleton + low contact point,generated_videos/control_points_2_car.mp4
39,0,car_racing_ego_car,1.0,290.0,282.0,310.0,318.0,481,axis_right,290.0,282.0,mask PCA skeleton + low contact point,generated_videos/control_points_2_car.mp4
39,0,car_racing_ego_car,1.0,290.0,282.0,310.0,318.0,481,contact_low,299.0,316.0,mask PCA skeleton + low contact point,generated_videos/control_points_2_car.mp4
40,0,car_racing_ego_car,1.0,290.0,282.0,311.0,318.0,514,centroid,299.3501892089844,300.23541259765625,mask PCA skeleton + low contact point,generated_videos/control_points_2_car.mp4
40,0,car_racing_ego_car,1.0,290.0,282.0,311.0,318.0,514,axis_front,292.0,317.0,mask PCA skeleton + low contact point,generated_videos/control_points_2_car.mp4
40,0,car_racing_ego_car,1.0,290.0,282.0,311.0,318.0,514,axis_back,309.0,282.0,mask PCA skeleton + low contact point,generated_videos/control_points_2_car.mp4
40,0,car_racing_ego_car,1.0,290.0,282.0,311.0,318.0,514,axis_left,310.0,284.0,mask PCA skeleton + low contact point,generated_videos/control_points_2_car.mp4
40,0,car_racing_ego_car,1.0,290.0,282.0,311.0,318.0,514,axis_right,290.0,282.0,mask PCA skeleton + low contact point,generated_videos/control_points_2_car.mp4
40,0,car_racing_ego_car,1.0,290.0,282.0,311.0,318.0,514,contact_low,299.0,316.0,mask PCA skeleton + low contact point,generated_videos/control_points_2_car.mp4
41,0,car_racing_ego_car,1.0,290.0,281.0,310.0,318.0,525,centroid,299.30474853515625,300.28570556640625,mask PCA skeleton + low contact point,generated_videos/control_points_2_car.mp4
41,0,car_racing_ego_car,1.0,290.0,281.0,310.0,318.0,525,axis_front,307.0,317.0,mask PCA skeleton + low contact point,generated_videos/control_points_2_car.mp4
41,0,car_racing_ego_car,1.0,290.0,281.0,310.0,318.0,525,axis_back,292.0,281.0,mask PCA skeleton + low contact point,generated_videos/control_points_2_car.mp4
41,0,car_racing_ego_car,1.0,290.0,281.0,310.0,318.0,525,axis_left,309.0,282.0,mask PCA skeleton + low contact point,generated_videos/control_points_2_car.mp4
41,0,car_racing_ego_car,1.0,290.0,281.0,310.0,318.0,525,axis_right,290.0,315.0,mask PCA skeleton + low contact point,generated_videos/control_points_2_car.mp4
41,0,car_racing_ego_car,1.0,290.0,281.0,310.0,318.0,525,contact_low,299.0,316.0,mask PCA skeleton + low contact point,generated_videos/control_points_2_car.mp4
42,0,car_racing_ego_car,1.0,290.0,280.0,310.0,318.0,574,centroid,299.4686279296875,299.27874755859375,mask PCA skeleton + low contact point,generated_videos/control_points_2_car.mp4
42,0,car_racing_ego_car,1.0,290.0,280.0,310.0,318.0,574,axis_front,292.0,317.0,mask PCA skeleton + low contact point,generated_videos/control_points_2_car.mp4
42,0,car_racing_ego_car,1.0,290.0,280.0,310.0,318.0,574,axis_back,309.0,280.0,mask PCA skeleton + low contact point,generated_videos/control_points_2_car.mp4
42,0,car_racing_ego_car,1.0,290.0,280.0,310.0,318.0,574,axis_left,309.0,305.0,mask PCA skeleton + low contact point,generated_videos/control_points_2_car.mp4
42,0,car_racing_ego_car,1.0,290.0,280.0,310.0,318.0,574,axis_right,290.0,280.0,mask PCA skeleton + low contact point,generated_videos/control_points_2_car.mp4
42,0,car_racing_ego_car,1.0,290.0,280.0,310.0,318.0,574,contact_low,299.0,316.0,mask PCA skeleton + low contact point,generated_videos/control_points_2_car.mp4
43,0,car_racing_ego_car,1.0,288.0,280.0,312.0,320.0,604,centroid,299.5198669433594,300.09271240234375,mask PCA skeleton + low contact point,generated_videos/control_points_2_car.mp4
43,0,car_racing_ego_car,1.0,288.0,280.0,312.0,320.0,604,axis_front,294.0,319.0,mask PCA skeleton + low contact point,generated_videos/control_points_2_car.mp4
43,0,car_racing_ego_car,1.0,288.0,280.0,312.0,320.0,604,axis_back,311.0,280.0,mask PCA skeleton + low contact point,generated_videos/control_points_2_car.mp4
43,0,car_racing_ego_car,1.0,288.0,280.0,312.0,320.0,604,axis_left,311.0,283.0,mask PCA skeleton + low contact point,generated_videos/control_points_2_car.mp4
43,0,car_racing_ego_car,1.0,288.0,280.0,312.0,320.0,604,axis_right,288.0,282.0,mask PCA skeleton + low contact point,generated_videos/control_points_2_car.mp4
43,0,car_racing_ego_car,1.0,288.0,280.0,312.0,320.0,604,contact_low,298.0,317.0,mask PCA skeleton + low contact point,generated_videos/control_points_2_car.mp4
44,0,car_racing_ego_car,1.0,288.0,280.0,312.0,318.0,572,centroid,299.4825134277344,299.4056091308594,mask PCA skeleton + low contact point,generated_videos/control_points_2_car.mp4
44,0,car_racing_ego_car,1.0,288.0,280.0,312.0,318.0,572,axis_front,308.0,317.0,mask PCA skeleton + low contact point,generated_videos/control_points_2_car.mp4
44,0,car_racing_ego_car,1.0,288.0,280.0,312.0,318.0,572,axis_back,288.0,280.0,mask PCA skeleton + low contact point,generated_videos/control_points_2_car.mp4
44,0,car_racing_ego_car,1.0,288.0,280.0,312.0,318.0,572,axis_left,311.0,280.0,mask PCA skeleton + low contact point,generated_videos/control_points_2_car.mp4
44,0,car_racing_ego_car,1.0,288.0,280.0,312.0,318.0,572,axis_right,288.0,283.0,mask PCA skeleton + low contact point,generated_videos/control_points_2_car.mp4
44,0,car_racing_ego_car,1.0,288.0,280.0,312.0,318.0,572,contact_low,299.0,316.0,mask PCA skeleton + low contact point,generated_videos/control_points_2_car.mp4
45,0,car_racing_ego_car,1.0,288.0,280.0,312.0,320.0,590,centroid,299.43389892578125,299.49322509765625,mask PCA skeleton + low contact point,generated_videos/control_points_2_car.mp4
45,0,car_racing_ego_car,1.0,288.0,280.0,312.0,320.0,590,axis_front,294.0,319.0,mask PCA skeleton + low contact point,generated_videos/control_points_2_car.mp4
45,0,car_racing_ego_car,1.0,288.0,280.0,312.0,320.0,590,axis_back,311.0,280.0,mask PCA skeleton + low contact point,generated_videos/control_points_2_car.mp4
45,0,car_racing_ego_car,1.0,288.0,280.0,312.0,320.0,590,axis_left,311.0,283.0,mask PCA skeleton + low contact point,generated_videos/control_points_2_car.mp4
45,0,car_racing_ego_car,1.0,288.0,280.0,312.0,320.0,590,axis_right,288.0,280.0,mask PCA skeleton + low contact point,generated_videos/control_points_2_car.mp4
45,0,car_racing_ego_car,1.0,288.0,280.0,312.0,320.0,590,contact_low,300.0,317.0,mask PCA skeleton + low contact point,generated_videos/control_points_2_car.mp4
46,0,car_racing_ego_car,1.0,288.0,280.0,312.0,320.0,611,centroid,299.4386291503906,300.9345397949219,mask PCA skeleton + low contact point,generated_videos/control_points_2_car.mp4
46,0,car_racing_ego_car,1.0,288.0,280.0,312.0,320.0,611,axis_front,291.0,319.0,mask PCA skeleton + low contact point,generated_videos/control_points_2_car.mp4
46,0,car_racing_ego_car,1.0,288.0,280.0,312.0,320.0,611,axis_back,311.0,280.0,mask PCA skeleton + low contact point,generated_videos/control_points_2_car.mp4
46,0,car_racing_ego_car,1.0,288.0,280.0,312.0,320.0,611,axis_left,311.0,282.0,mask PCA skeleton + low contact point,generated_videos/control_points_2_car.mp4
46,0,car_racing_ego_car,1.0,288.0,280.0,312.0,320.0,611,axis_right,288.0,280.0,mask PCA skeleton + low contact point,generated_videos/control_points_2_car.mp4
46,0,car_racing_ego_car,1.0,288.0,280.0,312.0,320.0,611,contact_low,299.0,318.0,mask PCA skeleton + low contact point,generated_videos/control_points_2_car.mp4
47,0,car_racing_ego_car,1.0,288.0,278.0,312.0,320.0,665,centroid,299.5549011230469,299.49774169921875,mask PCA skeleton + low contact point,generated_videos/control_points_2_car.mp4
47,0,car_racing_ego_car,1.0,288.0,278.0,312.0,320.0,665,axis_front,290.0,319.0,mask PCA skeleton + low contact point,generated_videos/control_points_2_car.mp4
47,0,car_racing_ego_car,1.0,288.0,278.0,312.0,320.0,665,axis_back,311.0,278.0,mask PCA skeleton + low contact point,generated_videos/control_points_2_car.mp4
47,0,car_racing_ego_car,1.0,288.0,278.0,312.0,320.0,665,axis_left,311.0,283.0,mask PCA skeleton + low contact point,generated_videos/control_points_2_car.mp4
47,0,car_racing_ego_car,1.0,288.0,278.0,312.0,320.0,665,axis_right,288.0,280.0,mask PCA skeleton + low contact point,generated_videos/control_points_2_car.mp4
47,0,car_racing_ego_car,1.0,288.0,278.0,312.0,320.0,665,contact_low,299.0,318.0,mask PCA skeleton + low contact point,generated_videos/control_points_2_car.mp4
48,0,car_racing_ego_car,1.0,288.0,278.0,312.0,320.0,653,centroid,299.4624938964844,299.848388671875,mask PCA skeleton + low contact point,generated_videos/control_points_2_car.mp4
48,0,car_racing_ego_car,1.0,288.0,278.0,312.0,320.0,653,axis_front,309.0,319.0,mask PCA skeleton + low contact point,generated_videos/control_points_2_car.mp4
48,0,car_racing_ego_car,1.0,288.0,278.0,312.0,320.0,653,axis_back,288.0,278.0,mask PCA skeleton + low contact point,generated_videos/control_points_2_car.mp4
48,0,car_racing_ego_car,1.0,288.0,278.0,312.0,320.0,653,axis_left,311.0,278.0,mask PCA skeleton + low contact point,generated_videos/control_points_2_car.mp4
48,0,car_racing_ego_car,1.0,288.0,278.0,312.0,320.0,653,axis_right,288.0,281.0,mask PCA skeleton + low contact point,generated_videos/control_points_2_car.mp4
48,0,car_racing_ego_car,1.0,288.0,278.0,312.0,320.0,653,contact_low,299.0,318.0,mask PCA skeleton + low contact point,generated_videos/control_points_2_car.mp4
49,0,car_racing_ego_car,1.0,288.0,278.0,314.0,320.0,656,centroid,299.6051940917969,299.756103515625,mask PCA skeleton + low contact point,generated_videos/control_points_2_car.mp4
49,0,car_racing_ego_car,1.0,288.0,278.0,314.0,320.0,656,axis_front,290.0,319.0,mask PCA skeleton + low contact point,generated_videos/control_points_2_car.mp4
49,0,car_racing_ego_car,1.0,288.0,278.0,314.0,320.0,656,axis_back,311.0,278.0,mask PCA skeleton + low contact point,generated_videos/control_points_2_car.mp4
49,0,car_racing_ego_car,1.0,288.0,278.0,314.0,320.0,656,axis_left,313.0,281.0,mask PCA skeleton + low contact point,generated_videos/control_points_2_car.mp4
49,0,car_racing_ego_car,1.0,288.0,278.0,314.0,320.0,656,axis_right,288.0,278.0,mask PCA skeleton + low contact point,generated_videos/control_points_2_car.mp4
49,0,car_racing_ego_car,1.0,288.0,278.0,314.0,320.0,656,contact_low,299.0,318.0,mask PCA skeleton + low contact point,generated_videos/control_points_2_car.mp4
50,0,car_racing_ego_car,1.0,288.0,278.0,312.0,320.0,663,centroid,299.3227844238281,300.093505859375,mask PCA skeleton + low contact point,generated_videos/control_points_2_car.mp4
50,0,car_racing_ego_car,1.0,288.0,278.0,312.0,320.0,663,axis_front,290.0,319.0,mask PCA skeleton + low contact point,generated_videos/control_points_2_car.mp4
50,0,car_racing_ego_car,1.0,288.0,278.0,312.0,320.0,663,axis_back,311.0,278.0,mask PCA skeleton + low contact point,generated_videos/control_points_2_car.mp4
50,0,car_racing_ego_car,1.0,288.0,278.0,312.0,320.0,663,axis_left,311.0,281.0,mask PCA skeleton + low contact point,generated_videos/control_points_2_car.mp4
50,0,car_racing_ego_car,1.0,288.0,278.0,312.0,320.0,663,axis_right,288.0,278.0,mask PCA skeleton + low contact point,generated_videos/control_points_2_car.mp4
50,0,car_racing_ego_car,1.0,288.0,278.0,312.0,320.0,663,contact_low,299.0,318.0,mask PCA skeleton + low contact point,generated_videos/control_points_2_car.mp4
51,0,car_racing_ego_car,1.0,288.0,278.0,314.0,320.0,674,centroid,299.81304931640625,299.4970397949219,mask PCA skeleton + low contact point,generated_videos/control_points_2_car.mp4
51,0,car_racing_ego_car,1.0,288.0,278.0,314.0,320.0,674,axis_front,290.0,319.0,mask PCA skeleton + low contact point,generated_videos/control_points_2_car.mp4
51,0,car_racing_ego_car,1.0,288.0,278.0,314.0,320.0,674,axis_back,311.0,278.0,mask PCA skeleton + low contact point,generated_videos/control_points_2_car.mp4
51,0,car_racing_ego_car,1.0,288.0,278.0,314.0,320.0,674,axis_left,313.0,283.0,mask PCA skeleton + low contact point,generated_videos/control_points_2_car.mp4
51,0,car_racing_ego_car,1.0,288.0,278.0,314.0,320.0,674,axis_right,288.0,278.0,mask PCA skeleton + low contact point,generated_videos/control_points_2_car.mp4
51,0,car_racing_ego_car,1.0,288.0,278.0,314.0,320.0,674,contact_low,299.0,318.0,mask PCA skeleton + low contact point,generated_videos/control_points_2_car.mp4
52,0,car_racing_ego_car,1.0,288.0,278.0,312.0,320.0,656,centroid,299.56707763671875,299.95123291015625,mask PCA skeleton + low contact point,generated_videos/control_points_2_car.mp4
52,0,car_racing_ego_car,1.0,288.0,278.0,312.0,320.0,656,axis_front,309.0,319.0,mask PCA skeleton + low contact point,generated_videos/control_points_2_car.mp4
52,0,car_racing_ego_car,1.0,288.0,278.0,312.0,320.0,656,axis_back,288.0,278.0,mask PCA skeleton + low contact point,generated_videos/control_points_2_car.mp4
52,0,car_racing_ego_car,1.0,288.0,278.0,312.0,320.0,656,axis_left,311.0,278.0,mask PCA skeleton + low contact point,generated_videos/control_points_2_car.mp4
52,0,car_racing_ego_car,1.0,288.0,278.0,312.0,320.0,656,axis_right,288.0,281.0,mask PCA skeleton + low contact point,generated_videos/control_points_2_car.mp4
52,0,car_racing_ego_car,1.0,288.0,278.0,312.0,320.0,656,contact_low,299.0,318.0,mask PCA skeleton + low contact point,generated_videos/control_points_2_car.mp4
53,0,car_racing_ego_car,1.0,288.0,278.0,314.0,320.0,670,centroid,299.7164306640625,299.7298583984375,mask PCA skeleton + low contact point,generated_videos/control_points_2_car.mp4
53,0,car_racing_ego_car,1.0,288.0,278.0,314.0,320.0,670,axis_front,290.0,319.0,mask PCA skeleton + low contact point,generated_videos/control_points_2_car.mp4
53,0,car_racing_ego_car,1.0,288.0,278.0,314.0,320.0,670,axis_back,311.0,278.0,mask PCA skeleton + low contact point,generated_videos/control_points_2_car.mp4
53,0,car_racing_ego_car,1.0,288.0,278.0,314.0,320.0,670,axis_left,313.0,281.0,mask PCA skeleton + low contact point,generated_videos/control_points_2_car.mp4
53,0,car_racing_ego_car,1.0,288.0,278.0,314.0,320.0,670,axis_right,288.0,278.0,mask PCA skeleton + low contact point,generated_videos/control_points_2_car.mp4
53,0,car_racing_ego_car,1.0,288.0,278.0,314.0,320.0,670,contact_low,299.0,318.0,mask PCA skeleton + low contact point,generated_videos/control_points_2_car.mp4
54,0,car_racing_ego_car,1.0,288.0,278.0,312.0,320.0,663,centroid,299.3227844238281,300.093505859375,mask PCA skeleton + low contact point,generated_videos/control_points_2_car.mp4
54,0,car_racing_ego_car,1.0,288.0,278.0,312.0,320.0,663,axis_front,290.0,319.0,mask PCA skeleton + low contact point,generated_videos/control_points_2_car.mp4
54,0,car_racing_ego_car,1.0,288.0,278.0,312.0,320.0,663,axis_back,311.0,278.0,mask PCA skeleton + low contact point,generated_videos/control_points_2_car.mp4
54,0,car_racing_ego_car,1.0,288.0,278.0,312.0,320.0,663,axis_left,311.0,281.0,mask PCA skeleton + low contact point,generated_videos/control_points_2_car.mp4
54,0,car_racing_ego_car,1.0,288.0,278.0,312.0,320.0,663,axis_right,288.0,278.0,mask PCA skeleton + low contact point,generated_videos/control_points_2_car.mp4
54,0,car_racing_ego_car,1.0,288.0,278.0,312.0,320.0,663,contact_low,299.0,318.0,mask PCA skeleton + low contact point,generated_videos/control_points_2_car.mp4
55,0,car_racing_ego_car,1.0,288.0,278.0,314.0,320.0,691,centroid,299.8509521484375,299.1490478515625,mask PCA skeleton + low contact point,generated_videos/control_points_2_car.mp4
55,0,car_racing_ego_car,1.0,288.0,278.0,314.0,320.0,691,axis_front,290.0,319.0,mask PCA skeleton + low contact point,generated_videos/control_points_2_car.mp4
55,0,car_racing_ego_car,1.0,288.0,278.0,314.0,320.0,691,axis_back,311.0,278.0,mask PCA skeleton + low contact point,generated_videos/control_points_2_car.mp4
55,0,car_racing_ego_car,1.0,288.0,278.0,314.0,320.0,691,axis_left,313.0,285.0,mask PCA skeleton + low contact point,generated_videos/control_points_2_car.mp4
55,0,car_racing_ego_car,1.0,288.0,278.0,314.0,320.0,691,axis_right,288.0,278.0,mask PCA skeleton + low contact point,generated_videos/control_points_2_car.mp4
55,0,car_racing_ego_car,1.0,288.0,278.0,314.0,320.0,691,contact_low,299.0,318.0,mask PCA skeleton + low contact point,generated_videos/control_points_2_car.mp4
56,0,car_racing_ego_car,1.0,288.0,278.0,312.0,320.0,652,centroid,299.5,299.9233093261719,mask PCA skeleton + low contact point,generated_videos/control_points_2_car.mp4
56,0,car_racing_ego_car,1.0,288.0,278.0,312.0,320.0,652,axis_front,290.0,319.0,mask PCA skeleton + low contact point,generated_videos/control_points_2_car.mp4
56,0,car_racing_ego_car,1.0,288.0,278.0,312.0,320.0,652,axis_back,288.0,278.0,mask PCA skeleton + low contact point,generated_videos/control_points_2_car.mp4
56,0,car_racing_ego_car,1.0,288.0,278.0,312.0,320.0,652,axis_left,311.0,278.0,mask PCA skeleton + low contact point,generated_videos/control_points_2_car.mp4
56,0,car_racing_ego_car,1.0,288.0,278.0,312.0,320.0,652,axis_right,288.0,278.0,mask PCA skeleton + low contact point,generated_videos/control_points_2_car.mp4
56,0,car_racing_ego_car,1.0,288.0,278.0,312.0,320.0,652,contact_low,299.0,318.0,mask PCA skeleton + low contact point,generated_videos/control_points_2_car.mp4
57,0,car_racing_ego_car,1.0,288.0,278.0,314.0,320.0,656,centroid,299.5792541503906,299.80487060546875,mask PCA skeleton + low contact point,generated_videos/control_points_2_car.mp4
57,0,car_racing_ego_car,1.0,288.0,278.0,314.0,320.0,656,axis_front,290.0,319.0,mask PCA skeleton + low contact point,generated_videos/control_points_2_car.mp4
57,0,car_racing_ego_car,1.0,288.0,278.0,314.0,320.0,656,axis_back,311.0,278.0,mask PCA skeleton + low contact point,generated_videos/control_points_2_car.mp4
57,0,car_racing_ego_car,1.0,288.0,278.0,314.0,320.0,656,axis_left,313.0,281.0,mask PCA skeleton + low contact point,generated_videos/control_points_2_car.mp4
57,0,car_racing_ego_car,1.0,288.0,278.0,314.0,320.0,656,axis_right,288.0,278.0,mask PCA skeleton + low contact point,generated_videos/control_points_2_car.mp4
57,0,car_racing_ego_car,1.0,288.0,278.0,314.0,320.0,656,contact_low,299.0,318.0,mask PCA skeleton + low contact point,generated_videos/control_points_2_car.mp4
58,0,car_racing_ego_car,1.0,288.0,278.0,312.0,320.0,653,centroid,299.4578857421875,299.9264831542969,mask PCA skeleton + low contact point,generated_videos/control_points_2_car.mp4
58,0,car_racing_ego_car,1.0,288.0,278.0,312.0,320.0,653,axis_front,290.0,319.0,mask PCA skeleton + low contact point,generated_videos/control_points_2_car.mp4
58,0,car_racing_ego_car,1.0,288.0,278.0,312.0,320.0,653,axis_back,311.0,278.0,mask PCA skeleton + low contact point,generated_videos/control_points_2_car.mp4
58,0,car_racing_ego_car,1.0,288.0,278.0,312.0,320.0,653,axis_left,311.0,281.0,mask PCA skeleton + low contact point,generated_videos/control_points_2_car.mp4
58,0,car_racing_ego_car,1.0,288.0,278.0,312.0,320.0,653,axis_right,288.0,278.0,mask PCA skeleton + low contact point,generated_videos/control_points_2_car.mp4
58,0,car_racing_ego_car,1.0,288.0,278.0,312.0,320.0,653,contact_low,299.0,318.0,mask PCA skeleton + low contact point,generated_videos/control_points_2_car.mp4
59,0,car_racing_ego_car,1.0,288.0,278.0,312.0,320.0,671,centroid,299.700439453125,299.5379943847656,mask PCA skeleton + low contact point,generated_videos/control_points_2_car.mp4
59,0,car_racing_ego_car,1.0,288.0,278.0,312.0,320.0,671,axis_front,290.0,319.0,mask PCA skeleton + low contact point,generated_videos/control_points_2_car.mp4
59,0,car_racing_ego_car,1.0,288.0,278.0,312.0,320.0,671,axis_back,311.0,278.0,mask PCA skeleton + low contact point,generated_videos/control_points_2_car.mp4
59,0,car_racing_ego_car,1.0,288.0,278.0,312.0,320.0,671,axis_left,311.0,283.0,mask PCA skeleton + low contact point,generated_videos/control_points_2_car.mp4
59,0,car_racing_ego_car,1.0,288.0,278.0,312.0,320.0,671,axis_right,288.0,278.0,mask PCA skeleton + low contact point,generated_videos/control_points_2_car.mp4
59,0,car_racing_ego_car,1.0,288.0,278.0,312.0,320.0,671,contact_low,299.0,318.0,mask PCA skeleton + low contact point,generated_videos/control_points_2_car.mp4
60,0,car_racing_ego_car,1.0,288.0,278.0,312.0,320.0,652,centroid,299.5,299.9233093261719,mask PCA skeleton + low contact point,generated_videos/control_points_2_car.mp4
60,0,car_racing_ego_car,1.0,288.0,278.0,312.0,320.0,652,axis_front,290.0,319.0,mask PCA skeleton + low contact point,generated_videos/control_points_2_car.mp4
60,0,car_racing_ego_car,1.0,288.0,278.0,312.0,320.0,652,axis_back,288.0,278.0,mask PCA skeleton + low contact point,generated_videos/control_points_2_car.mp4
60,0,car_racing_ego_car,1.0,288.0,278.0,312.0,320.0,652,axis_left,311.0,278.0,mask PCA skeleton + low contact point,generated_videos/control_points_2_car.mp4
60,0,car_racing_ego_car,1.0,288.0,278.0,312.0,320.0,652,axis_right,288.0,278.0,mask PCA skeleton + low contact point,generated_videos/control_points_2_car.mp4
60,0,car_racing_ego_car,1.0,288.0,278.0,312.0,320.0,652,contact_low,299.0,318.0,mask PCA skeleton + low contact point,generated_videos/control_points_2_car.mp4
61,0,car_racing_ego_car,1.0,288.0,278.0,314.0,320.0,660,centroid,299.57879638671875,299.70001220703125,mask PCA skeleton + low contact point,generated_videos/control_points_2_car.mp4
61,0,car_racing_ego_car,1.0,288.0,278.0,314.0,320.0,660,axis_front,290.0,319.0,mask PCA skeleton + low contact point,generated_videos/control_points_2_car.mp4
61,0,car_racing_ego_car,1.0,288.0,278.0,314.0,320.0,660,axis_back,311.0,278.0,mask PCA skeleton + low contact point,generated_videos/control_points_2_car.mp4
61,0,car_racing_ego_car,1.0,288.0,278.0,314.0,320.0,660,axis_left,313.0,281.0,mask PCA skeleton + low contact point,generated_videos/control_points_2_car.mp4
61,0,car_racing_ego_car,1.0,288.0,278.0,314.0,320.0,660,axis_right,288.0,278.0,mask PCA skeleton + low contact point,generated_videos/control_points_2_car.mp4
61,0,car_racing_ego_car,1.0,288.0,278.0,314.0,320.0,660,contact_low,299.0,318.0,mask PCA skeleton + low contact point,generated_videos/control_points_2_car.mp4
62,0,car_racing_ego_car,1.0,288.0,278.0,312.0,320.0,653,centroid,299.4578857421875,299.9264831542969,mask PCA skeleton + low contact point,generated_videos/control_points_2_car.mp4
62,0,car_racing_ego_car,1.0,288.0,278.0,312.0,320.0,653,axis_front,290.0,319.0,mask PCA skeleton + low contact point,generated_videos/control_points_2_car.mp4
62,0,car_racing_ego_car,1.0,288.0,278.0,312.0,320.0,653,axis_back,311.0,278.0,mask PCA skeleton + low contact point,generated_videos/control_points_2_car.mp4
62,0,car_racing_ego_car,1.0,288.0,278.0,312.0,320.0,653,axis_left,311.0,281.0,mask PCA skeleton + low contact point,generated_videos/control_points_2_car.mp4
62,0,car_racing_ego_car,1.0,288.0,278.0,312.0,320.0,653,axis_right,288.0,278.0,mask PCA skeleton + low contact point,generated_videos/control_points_2_car.mp4
62,0,car_racing_ego_car,1.0,288.0,278.0,312.0,320.0,653,contact_low,299.0,318.0,mask PCA skeleton + low contact point,generated_videos/control_points_2_car.mp4
63,0,car_racing_ego_car,1.0,288.0,278.0,312.0,320.0,662,centroid,299.57098388671875,299.7688903808594,mask PCA skeleton + low contact point,generated_videos/control_points_2_car.mp4
63,0,car_racing_ego_car,1.0,288.0,278.0,312.0,320.0,662,axis_front,290.0,319.0,mask PCA skeleton + low contact point,generated_videos/control_points_2_car.mp4
63,0,car_racing_ego_car,1.0,288.0,278.0,312.0,320.0,662,axis_back,311.0,278.0,mask PCA skeleton + low contact point,generated_videos/control_points_2_car.mp4
63,0,car_racing_ego_car,1.0,288.0,278.0,312.0,320.0,662,axis_left,311.0,281.0,mask PCA skeleton + low contact point,generated_videos/control_points_2_car.mp4
63,0,car_racing_ego_car,1.0,288.0,278.0,312.0,320.0,662,axis_right,288.0,278.0,mask PCA skeleton + low contact point,generated_videos/control_points_2_car.mp4
63,0,car_racing_ego_car,1.0,288.0,278.0,312.0,320.0,662,contact_low,299.0,318.0,mask PCA skeleton + low contact point,generated_videos/control_points_2_car.mp4
64,0,car_racing_ego_car,1.0,288.0,278.0,312.0,320.0,652,centroid,299.5,299.9233093261719,mask PCA skeleton + low contact point,generated_videos/control_points_2_car.mp4
64,0,car_racing_ego_car,1.0,288.0,278.0,312.0,320.0,652,axis_front,290.0,319.0,mask PCA skeleton + low contact point,generated_videos/control_points_2_car.mp4
64,0,car_racing_ego_car,1.0,288.0,278.0,312.0,320.0,652,axis_back,288.0,278.0,mask PCA skeleton + low contact point,generated_videos/control_points_2_car.mp4
64,0,car_racing_ego_car,1.0,288.0,278.0,312.0,320.0,652,axis_left,311.0,278.0,mask PCA skeleton + low contact point,generated_videos/control_points_2_car.mp4
64,0,car_racing_ego_car,1.0,288.0,278.0,312.0,320.0,652,axis_right,288.0,278.0,mask PCA skeleton + low contact point,generated_videos/control_points_2_car.mp4
64,0,car_racing_ego_car,1.0,288.0,278.0,312.0,320.0,652,contact_low,299.0,318.0,mask PCA skeleton + low contact point,generated_videos/control_points_2_car.mp4
65,0,car_racing_ego_car,1.0,288.0,278.0,314.0,320.0,685,centroid,299.3824768066406,299.8437805175781,mask PCA skeleton + low contact point,generated_videos/control_points_2_car.mp4
65,0,car_racing_ego_car,1.0,288.0,278.0,314.0,320.0,685,axis_front,290.0,319.0,mask PCA skeleton + low contact point,generated_videos/control_points_2_car.mp4
65,0,car_racing_ego_car,1.0,288.0,278.0,314.0,320.0,685,axis_back,311.0,278.0,mask PCA skeleton + low contact point,generated_videos/control_points_2_car.mp4
65,0,car_racing_ego_car,1.0,288.0,278.0,314.0,320.0,685,axis_left,313.0,281.0,mask PCA skeleton + low contact point,generated_videos/control_points_2_car.mp4
65,0,car_racing_ego_car,1.0,288.0,278.0,314.0,320.0,685,axis_right,288.0,278.0,mask PCA skeleton + low contact point,generated_videos/control_points_2_car.mp4
65,0,car_racing_ego_car,1.0,288.0,278.0,314.0,320.0,685,contact_low,299.0,318.0,mask PCA skeleton + low contact point,generated_videos/control_points_2_car.mp4
66,0,car_racing_ego_car,1.0,288.0,278.0,312.0,320.0,651,centroid,299.48541259765625,299.9017028808594,mask PCA skeleton + low contact point,generated_videos/control_points_2_car.mp4
66,0,car_racing_ego_car,1.0,288.0,278.0,312.0,320.0,651,axis_front,290.0,319.0,mask PCA skeleton + low contact point,generated_videos/control_points_2_car.mp4
66,0,car_racing_ego_car,1.0,288.0,278.0,312.0,320.0,651,axis_back,311.0,278.0,mask PCA skeleton + low contact point,generated_videos/control_points_2_car.mp4
66,0,car_racing_ego_car,1.0,288.0,278.0,312.0,320.0,651,axis_left,311.0,281.0,mask PCA skeleton + low contact point,generated_videos/control_points_2_car.mp4
66,0,car_racing_ego_car,1.0,288.0,278.0,312.0,320.0,651,axis_right,288.0,278.0,mask PCA skeleton + low contact point,generated_videos/control_points_2_car.mp4
66,0,car_racing_ego_car,1.0,288.0,278.0,312.0,320.0,651,contact_low,299.0,318.0,mask PCA skeleton + low contact point,generated_videos/control_points_2_car.mp4
67,0,car_racing_ego_car,1.0,288.0,278.0,314.0,320.0,672,centroid,299.47320556640625,299.5327453613281,mask PCA skeleton + low contact point,generated_videos/control_points_2_car.mp4
67,0,car_racing_ego_car,1.0,288.0,278.0,314.0,320.0,672,axis_front,290.0,319.0,mask PCA skeleton + low contact point,generated_videos/control_points_2_car.mp4
67,0,car_racing_ego_car,1.0,288.0,278.0,314.0,320.0,672,axis_back,311.0,278.0,mask PCA skeleton + low contact point,generated_videos/control_points_2_car.mp4
67,0,car_racing_ego_car,1.0,288.0,278.0,314.0,320.0,672,axis_left,313.0,281.0,mask PCA skeleton + low contact point,generated_videos/control_points_2_car.mp4
67,0,car_racing_ego_car,1.0,288.0,278.0,314.0,320.0,672,axis_right,288.0,278.0,mask PCA skeleton + low contact point,generated_videos/control_points_2_car.mp4
67,0,car_racing_ego_car,1.0,288.0,278.0,314.0,320.0,672,contact_low,299.0,318.0,mask PCA skeleton + low contact point,generated_videos/control_points_2_car.mp4
68,0,car_racing_ego_car,1.0,288.0,278.0,312.0,320.0,654,centroid,299.47705078125,299.8700256347656,mask PCA skeleton + low contact point,generated_videos/control_points_2_car.mp4
68,0,car_racing_ego_car,1.0,288.0,278.0,312.0,320.0,654,axis_front,309.0,319.0,mask PCA skeleton + low contact point,generated_videos/control_points_2_car.mp4
68,0,car_racing_ego_car,1.0,288.0,278.0,312.0,320.0,654,axis_back,288.0,278.0,mask PCA skeleton + low contact point,generated_videos/control_points_2_car.mp4
68,0,car_racing_ego_car,1.0,288.0,278.0,312.0,320.0,654,axis_left,311.0,278.0,mask PCA skeleton + low contact point,generated_videos/control_points_2_car.mp4
68,0,car_racing_ego_car,1.0,288.0,278.0,312.0,320.0,654,axis_right,288.0,281.0,mask PCA skeleton + low contact point,generated_videos/control_points_2_car.mp4
68,0,car_racing_ego_car,1.0,288.0,278.0,312.0,320.0,654,contact_low,299.0,318.0,mask PCA skeleton + low contact point,generated_videos/control_points_2_car.mp4
69,0,car_racing_ego_car,1.0,286.0,278.0,312.0,320.0,667,centroid,299.28485107421875,299.8365783691406,mask PCA skeleton + low contact point,generated_videos/control_points_2_car.mp4
69,0,car_racing_ego_car,1.0,286.0,278.0,312.0,320.0,667,axis_front,309.0,319.0,mask PCA skeleton + low contact point,generated_videos/control_points_2_car.mp4
69,0,car_racing_ego_car,1.0,286.0,278.0,312.0,320.0,667,axis_back,288.0,278.0,mask PCA skeleton + low contact point,generated_videos/control_points_2_car.mp4
69,0,car_racing_ego_car,1.0,286.0,278.0,312.0,320.0,667,axis_left,311.0,278.0,mask PCA skeleton + low contact point,generated_videos/control_points_2_car.mp4
69,0,car_racing_ego_car,1.0,286.0,278.0,312.0,320.0,667,axis_right,286.0,280.0,mask PCA skeleton + low contact point,generated_videos/control_points_2_car.mp4
69,0,car_racing_ego_car,1.0,286.0,278.0,312.0,320.0,667,contact_low,299.0,318.0,mask PCA skeleton + low contact point,generated_videos/control_points_2_car.mp4
70,0,car_racing_ego_car,1.0,288.0,278.0,312.0,320.0,651,centroid,299.48541259765625,299.9017028808594,mask PCA skeleton + low contact point,generated_videos/control_points_2_car.mp4
70,0,car_racing_ego_car,1.0,288.0,278.0,312.0,320.0,651,axis_front,290.0,319.0,mask PCA skeleton + low contact point,generated_videos/control_points_2_car.mp4
70,0,car_racing_ego_car,1.0,288.0,278.0,312.0,320.0,651,axis_back,311.0,278.0,mask PCA skeleton + low contact point,generated_videos/control_points_2_car.mp4
70,0,car_racing_ego_car,1.0,288.0,278.0,312.0,320.0,651,axis_left,311.0,281.0,mask PCA skeleton + low contact point,generated_videos/control_points_2_car.mp4
70,0,car_racing_ego_car,1.0,288.0,278.0,312.0,320.0,651,axis_right,288.0,278.0,mask PCA skeleton + low contact point,generated_videos/control_points_2_car.mp4
70,0,car_racing_ego_car,1.0,288.0,278.0,312.0,320.0,651,contact_low,299.0,318.0,mask PCA skeleton + low contact point,generated_videos/control_points_2_car.mp4
71,0,car_racing_ego_car,1.0,288.0,278.0,314.0,320.0,669,centroid,299.46038818359375,299.6726379394531,mask PCA skeleton + low contact point,generated_videos/control_points_2_car.mp4
71,0,car_racing_ego_car,1.0,288.0,278.0,314.0,320.0,669,axis_front,290.0,319.0,mask PCA skeleton + low contact point,generated_videos/control_points_2_car.mp4
71,0,car_racing_ego_car,1.0,288.0,278.0,314.0,320.0,669,axis_back,311.0,278.0,mask PCA skeleton + low contact point,generated_videos/control_points_2_car.mp4
71,0,car_racing_ego_car,1.0,288.0,278.0,314.0,320.0,669,axis_left,313.0,281.0,mask PCA skeleton + low contact point,generated_videos/control_points_2_car.mp4
71,0,car_racing_ego_car,1.0,288.0,278.0,314.0,320.0,669,axis_right,288.0,278.0,mask PCA skeleton + low contact point,generated_videos/control_points_2_car.mp4
71,0,car_racing_ego_car,1.0,288.0,278.0,314.0,320.0,669,contact_low,299.0,318.0,mask PCA skeleton + low contact point,generated_videos/control_points_2_car.mp4
72,0,car_racing_ego_car,1.0,288.0,278.0,312.0,320.0,664,centroid,299.3735046386719,299.8614501953125,mask PCA skeleton + low contact point,generated_videos/control_points_2_car.mp4
72,0,car_racing_ego_car,1.0,288.0,278.0,312.0,320.0,664,axis_front,309.0,319.0,mask PCA skeleton + low contact point,generated_videos/control_points_2_car.mp4
72,0,car_racing_ego_car,1.0,288.0,278.0,312.0,320.0,664,axis_back,288.0,278.0,mask PCA skeleton + low contact point,generated_videos/control_points_2_car.mp4
72,0,car_racing_ego_car,1.0,288.0,278.0,312.0,320.0,664,axis_left,311.0,278.0,mask PCA skeleton + low contact point,generated_videos/control_points_2_car.mp4
72,0,car_racing_ego_car,1.0,288.0,278.0,312.0,320.0,664,axis_right,288.0,281.0,mask PCA skeleton + low contact point,generated_videos/control_points_2_car.mp4
72,0,car_racing_ego_car,1.0,288.0,278.0,312.0,320.0,664,contact_low,299.0,318.0,mask PCA skeleton + low contact point,generated_videos/control_points_2_car.mp4
73,0,car_racing_ego_car,1.0,288.0,278.0,314.0,320.0,679,centroid,299.2798156738281,299.9145812988281,mask PCA skeleton + low contact point,generated_videos/control_points_2_car.mp4
73,0,car_racing_ego_car,1.0,288.0,278.0,314.0,320.0,679,axis_front,290.0,319.0,mask PCA skeleton + low contact point,generated_videos/control_points_2_car.mp4
73,0,car_racing_ego_car,1.0,288.0,278.0,314.0,320.0,679,axis_back,311.0,278.0,mask PCA skeleton + low contact point,generated_videos/control_points_2_car.mp4
73,0,car_racing_ego_car,1.0,288.0,278.0,314.0,320.0,679,axis_left,313.0,281.0,mask PCA skeleton + low contact point,generated_videos/control_points_2_car.mp4
73,0,car_racing_ego_car,1.0,288.0,278.0,314.0,320.0,679,axis_right,288.0,278.0,mask PCA skeleton + low contact point,generated_videos/control_points_2_car.mp4
73,0,car_racing_ego_car,1.0,288.0,278.0,314.0,320.0,679,contact_low,299.0,318.0,mask PCA skeleton + low contact point,generated_videos/control_points_2_car.mp4
74,0,car_racing_ego_car,1.0,288.0,278.0,312.0,320.0,653,centroid,299.4624938964844,299.848388671875,mask PCA skeleton + low contact point,generated_videos/control_points_2_car.mp4
74,0,car_racing_ego_car,1.0,288.0,278.0,312.0,320.0,653,axis_front,309.0,319.0,mask PCA skeleton + low contact point,generated_videos/control_points_2_car.mp4
74,0,car_racing_ego_car,1.0,288.0,278.0,312.0,320.0,653,axis_back,288.0,278.0,mask PCA skeleton + low contact point,generated_videos/control_points_2_car.mp4
74,0,car_racing_ego_car,1.0,288.0,278.0,312.0,320.0,653,axis_left,311.0,278.0,mask PCA skeleton + low contact point,generated_videos/control_points_2_car.mp4
74,0,car_racing_ego_car,1.0,288.0,278.0,312.0,320.0,653,axis_right,288.0,281.0,mask PCA skeleton + low contact point,generated_videos/control_points_2_car.mp4
74,0,car_racing_ego_car,1.0,288.0,278.0,312.0,320.0,653,contact_low,299.0,318.0,mask PCA skeleton + low contact point,generated_videos/control_points_2_car.mp4
75,0,car_racing_ego_car,1.0,286.0,278.0,314.0,320.0,660,centroid,299.51666259765625,299.6924133300781,mask PCA skeleton + low contact point,generated_videos/control_points_2_car.mp4
75,0,car_racing_ego_car,1.0,286.0,278.0,314.0,320.0,660,axis_front,290.0,319.0,mask PCA skeleton + low contact point,generated_videos/control_points_2_car.mp4
75,0,car_racing_ego_car,1.0,286.0,278.0,314.0,320.0,660,axis_back,311.0,278.0,mask PCA skeleton + low contact point,generated_videos/control_points_2_car.mp4
75,0,car_racing_ego_car,1.0,286.0,278.0,314.0,320.0,660,axis_left,313.0,281.0,mask PCA skeleton + low contact point,generated_videos/control_points_2_car.mp4
75,0,car_racing_ego_car,1.0,286.0,278.0,314.0,320.0,660,axis_right,286.0,280.0,mask PCA skeleton + low contact point,generated_videos/control_points_2_car.mp4
75,0,car_racing_ego_car,1.0,286.0,278.0,314.0,320.0,660,contact_low,299.0,318.0,mask PCA skeleton + low contact point,generated_videos/control_points_2_car.mp4
76,0,car_racing_ego_car,1.0,286.0,278.0,312.0,320.0,660,centroid,299.4075622558594,299.77728271484375,mask PCA skeleton + low contact point,generated_videos/control_points_2_car.mp4
76,0,car_racing_ego_car,1.0,286.0,278.0,312.0,320.0,660,axis_front,309.0,319.0,mask PCA skeleton + low contact point,generated_videos/control_points_2_car.mp4
76,0,car_racing_ego_car,1.0,286.0,278.0,312.0,320.0,660,axis_back,288.0,278.0,mask PCA skeleton + low contact point,generated_videos/control_points_2_car.mp4
76,0,car_racing_ego_car,1.0,286.0,278.0,312.0,320.0,660,axis_left,311.0,278.0,mask PCA skeleton + low contact point,generated_videos/control_points_2_car.mp4
76,0,car_racing_ego_car,1.0,286.0,278.0,312.0,320.0,660,axis_right,286.0,280.0,mask PCA skeleton + low contact point,generated_videos/control_points_2_car.mp4
76,0,car_racing_ego_car,1.0,286.0,278.0,312.0,320.0,660,contact_low,299.0,318.0,mask PCA skeleton + low contact point,generated_videos/control_points_2_car.mp4
77,0,car_racing_ego_car,1.0,286.0,278.0,312.0,320.0,687,centroid,299.2052307128906,299.7452697753906,mask PCA skeleton + low contact point,generated_videos/control_points_2_car.mp4
77,0,car_racing_ego_car,1.0,286.0,278.0,312.0,320.0,687,axis_front,309.0,319.0,mask PCA skeleton + low contact point,generated_videos/control_points_2_car.mp4
77,0,car_racing_ego_car,1.0,286.0,278.0,312.0,320.0,687,axis_back,288.0,278.0,mask PCA skeleton + low contact point,generated_videos/control_points_2_car.mp4
77,0,car_racing_ego_car,1.0,286.0,278.0,312.0,320.0,687,axis_left,311.0,278.0,mask PCA skeleton + low contact point,generated_videos/control_points_2_car.mp4
77,0,car_racing_ego_car,1.0,286.0,278.0,312.0,320.0,687,axis_right,286.0,281.0,mask PCA skeleton + low contact point,generated_videos/control_points_2_car.mp4
77,0,car_racing_ego_car,1.0,286.0,278.0,312.0,320.0,687,contact_low,299.0,318.0,mask PCA skeleton + low contact point,generated_videos/control_points_2_car.mp4
78,0,car_racing_ego_car,1.0,288.0,278.0,312.0,320.0,655,centroid,299.4122009277344,299.86871337890625,mask PCA skeleton + low contact point,generated_videos/control_points_2_car.mp4
78,0,car_racing_ego_car,1.0,288.0,278.0,312.0,320.0,655,axis_front,309.0,319.0,mask PCA skeleton + low contact point,generated_videos/control_points_2_car.mp4
78,0,car_racing_ego_car,1.0,288.0,278.0,312.0,320.0,655,axis_back,288.0,278.0,mask PCA skeleton + low contact point,generated_videos/control_points_2_car.mp4
78,0,car_racing_ego_car,1.0,288.0,278.0,312.0,320.0,655,axis_left,311.0,278.0,mask PCA skeleton + low contact point,generated_videos/control_points_2_car.mp4
78,0,car_racing_ego_car,1.0,288.0,278.0,312.0,320.0,655,axis_right,288.0,281.0,mask PCA skeleton + low contact point,generated_videos/control_points_2_car.mp4
78,0,car_racing_ego_car,1.0,288.0,278.0,312.0,320.0,655,contact_low,299.0,318.0,mask PCA skeleton + low contact point,generated_videos/control_points_2_car.mp4
79,0,car_racing_ego_car,1.0,288.0,278.0,312.0,320.0,664,centroid,299.3674621582031,299.71685791015625,mask PCA skeleton + low contact point,generated_videos/control_points_2_car.mp4
79,0,car_racing_ego_car,1.0,288.0,278.0,312.0,320.0,664,axis_front,309.0,319.0,mask PCA skeleton + low contact point,generated_videos/control_points_2_car.mp4
79,0,car_racing_ego_car,1.0,288.0,278.0,312.0,320.0,664,axis_back,288.0,278.0,mask PCA skeleton + low contact point,generated_videos/control_points_2_car.mp4
79,0,car_racing_ego_car,1.0,288.0,278.0,312.0,320.0,664,axis_left,311.0,278.0,mask PCA skeleton + low contact point,generated_videos/control_points_2_car.mp4
79,0,car_racing_ego_car,1.0,288.0,278.0,312.0,320.0,664,axis_right,288.0,281.0,mask PCA skeleton + low contact point,generated_videos/control_points_2_car.mp4
79,0,car_racing_ego_car,1.0,288.0,278.0,312.0,320.0,664,contact_low,299.0,318.0,mask PCA skeleton + low contact point,generated_videos/control_points_2_car.mp4
80,0,car_racing_ego_car,1.0,288.0,278.0,312.0,320.0,656,centroid,299.42681884765625,299.8902587890625,mask PCA skeleton + low contact point,generated_videos/control_points_2_car.mp4
80,0,car_racing_ego_car,1.0,288.0,278.0,312.0,320.0,656,axis_front,309.0,319.0,mask PCA skeleton + low contact point,generated_videos/control_points_2_car.mp4
80,0,car_racing_ego_car,1.0,288.0,278.0,312.0,320.0,656,axis_back,288.0,278.0,mask PCA skeleton + low contact point,generated_videos/control_points_2_car.mp4
80,0,car_racing_ego_car,1.0,288.0,278.0,312.0,320.0,656,axis_left,311.0,278.0,mask PCA skeleton + low contact point,generated_videos/control_points_2_car.mp4
80,0,car_racing_ego_car,1.0,288.0,278.0,312.0,320.0,656,axis_right,288.0,281.0,mask PCA skeleton + low contact point,generated_videos/control_points_2_car.mp4
80,0,car_racing_ego_car,1.0,288.0,278.0,312.0,320.0,656,contact_low,299.0,318.0,mask PCA skeleton + low contact point,generated_videos/control_points_2_car.mp4
81,0,car_racing_ego_car,1.0,288.0,278.0,312.0,320.0,669,centroid,299.2795104980469,300.0837097167969,mask PCA skeleton + low contact point,generated_videos/control_points_2_car.mp4
81,0,car_racing_ego_car,1.0,288.0,278.0,312.0,320.0,669,axis_front,290.0,319.0,mask PCA skeleton + low contact point,generated_videos/control_points_2_car.mp4
81,0,car_racing_ego_car,1.0,288.0,278.0,312.0,320.0,669,axis_back,311.0,278.0,mask PCA skeleton + low contact point,generated_videos/control_points_2_car.mp4
81,0,car_racing_ego_car,1.0,288.0,278.0,312.0,320.0,669,axis_left,311.0,281.0,mask PCA skeleton + low contact point,generated_videos/control_points_2_car.mp4
81,0,car_racing_ego_car,1.0,288.0,278.0,312.0,320.0,669,axis_right,288.0,278.0,mask PCA skeleton + low contact point,generated_videos/control_points_2_car.mp4
81,0,car_racing_ego_car,1.0,288.0,278.0,312.0,320.0,669,contact_low,299.0,318.0,mask PCA skeleton + low contact point,generated_videos/control_points_2_car.mp4
82,0,car_racing_ego_car,1.0,288.0,278.0,312.0,320.0,660,centroid,299.4181823730469,299.7363586425781,mask PCA skeleton + low contact point,generated_videos/control_points_2_car.mp4
82,0,car_racing_ego_car,1.0,288.0,278.0,312.0,320.0,660,axis_front,309.0,319.0,mask PCA skeleton + low contact point,generated_videos/control_points_2_car.mp4
82,0,car_racing_ego_car,1.0,288.0,278.0,312.0,320.0,660,axis_back,288.0,278.0,mask PCA skeleton + low contact point,generated_videos/control_points_2_car.mp4
82,0,car_racing_ego_car,1.0,288.0,278.0,312.0,320.0,660,axis_left,311.0,278.0,mask PCA skeleton + low contact point,generated_videos/control_points_2_car.mp4
82,0,car_racing_ego_car,1.0,288.0,278.0,312.0,320.0,660,axis_right,288.0,281.0,mask PCA skeleton + low contact point,generated_videos/control_points_2_car.mp4
82,0,car_racing_ego_car,1.0,288.0,278.0,312.0,320.0,660,contact_low,299.0,318.0,mask PCA skeleton + low contact point,generated_videos/control_points_2_car.mp4
83,0,car_racing_ego_car,1.0,288.0,278.0,312.0,320.0,659,centroid,299.38238525390625,299.7754211425781,mask PCA skeleton + low contact point,generated_videos/control_points_2_car.mp4
83,0,car_racing_ego_car,1.0,288.0,278.0,312.0,320.0,659,axis_front,309.0,319.0,mask PCA skeleton + low contact point,generated_videos/control_points_2_car.mp4
83,0,car_racing_ego_car,1.0,288.0,278.0,312.0,320.0,659,axis_back,288.0,278.0,mask PCA skeleton + low contact point,generated_videos/control_points_2_car.mp4
83,0,car_racing_ego_car,1.0,288.0,278.0,312.0,320.0,659,axis_left,311.0,278.0,mask PCA skeleton + low contact point,generated_videos/control_points_2_car.mp4
83,0,car_racing_ego_car,1.0,288.0,278.0,312.0,320.0,659,axis_right,288.0,281.0,mask PCA skeleton + low contact point,generated_videos/control_points_2_car.mp4
83,0,car_racing_ego_car,1.0,288.0,278.0,312.0,320.0,659,contact_low,299.0,318.0,mask PCA skeleton + low contact point,generated_videos/control_points_2_car.mp4
84,0,car_racing_ego_car,1.0,288.0,278.0,312.0,320.0,656,centroid,299.42681884765625,299.8902587890625,mask PCA skeleton + low contact point,generated_videos/control_points_2_car.mp4
84,0,car_racing_ego_car,1.0,288.0,278.0,312.0,320.0,656,axis_front,309.0,319.0,mask PCA skeleton + low contact point,generated_videos/control_points_2_car.mp4
84,0,car_racing_ego_car,1.0,288.0,278.0,312.0,320.0,656,axis_back,288.0,278.0,mask PCA skeleton + low contact point,generated_videos/control_points_2_car.mp4
84,0,car_racing_ego_car,1.0,288.0,278.0,312.0,320.0,656,axis_left,311.0,278.0,mask PCA skeleton + low contact point,generated_videos/control_points_2_car.mp4
84,0,car_racing_ego_car,1.0,288.0,278.0,312.0,320.0,656,axis_right,288.0,281.0,mask PCA skeleton + low contact point,generated_videos/control_points_2_car.mp4
84,0,car_racing_ego_car,1.0,288.0,278.0,312.0,320.0,656,contact_low,299.0,318.0,mask PCA skeleton + low contact point,generated_videos/control_points_2_car.mp4
85,0,car_racing_ego_car,1.0,288.0,278.0,312.0,320.0,677,centroid,299.3338317871094,299.8360290527344,mask PCA skeleton + low contact point,generated_videos/control_points_2_car.mp4
85,0,car_racing_ego_car,1.0,288.0,278.0,312.0,320.0,677,axis_front,290.0,319.0,mask PCA skeleton + low contact point,generated_videos/control_points_2_car.mp4
85,0,car_racing_ego_car,1.0,288.0,278.0,312.0,320.0,677,axis_back,311.0,278.0,mask PCA skeleton + low contact point,generated_videos/control_points_2_car.mp4
85,0,car_racing_ego_car,1.0,288.0,278.0,312.0,320.0,677,axis_left,311.0,281.0,mask PCA skeleton + low contact point,generated_videos/control_points_2_car.mp4
85,0,car_racing_ego_car,1.0,288.0,278.0,312.0,320.0,677,axis_right,288.0,278.0,mask PCA skeleton + low contact point,generated_videos/control_points_2_car.mp4
85,0,car_racing_ego_car,1.0,288.0,278.0,312.0,320.0,677,contact_low,299.0,318.0,mask PCA skeleton + low contact point,generated_videos/control_points_2_car.mp4
86,0,car_racing_ego_car,1.0,288.0,278.0,312.0,320.0,671,centroid,299.5156555175781,299.4903259277344,mask PCA skeleton + low contact point,generated_videos/control_points_2_car.mp4
86,0,car_racing_ego_car,1.0,288.0,278.0,312.0,320.0,671,axis_front,290.0,319.0,mask PCA skeleton + low contact point,generated_videos/control_points_2_car.mp4
86,0,car_racing_ego_car,1.0,288.0,278.0,312.0,320.0,671,axis_back,311.0,278.0,mask PCA skeleton + low contact point,generated_videos/control_points_2_car.mp4
86,0,car_racing_ego_car,1.0,288.0,278.0,312.0,320.0,671,axis_left,311.0,281.0,mask PCA skeleton + low contact point,generated_videos/control_points_2_car.mp4
86,0,car_racing_ego_car,1.0,288.0,278.0,312.0,320.0,671,axis_right,288.0,278.0,mask PCA skeleton + low contact point,generated_videos/control_points_2_car.mp4
86,0,car_racing_ego_car,1.0,288.0,278.0,312.0,320.0,671,contact_low,299.0,318.0,mask PCA skeleton + low contact point,generated_videos/control_points_2_car.mp4
87,0,car_racing_ego_car,1.0,288.0,278.0,312.0,320.0,658,centroid,299.4133605957031,299.8434753417969,mask PCA skeleton + low contact point,generated_videos/control_points_2_car.mp4
87,0,car_racing_ego_car,1.0,288.0,278.0,312.0,320.0,658,axis_front,309.0,319.0,mask PCA skeleton + low contact point,generated_videos/control_points_2_car.mp4
87,0,car_racing_ego_car,1.0,288.0,278.0,312.0,320.0,658,axis_back,288.0,278.0,mask PCA skeleton + low contact point,generated_videos/control_points_2_car.mp4
87,0,car_racing_ego_car,1.0,288.0,278.0,312.0,320.0,658,axis_left,311.0,278.0,mask PCA skeleton + low contact point,generated_videos/control_points_2_car.mp4
87,0,car_racing_ego_car,1.0,288.0,278.0,312.0,320.0,658,axis_right,288.0,281.0,mask PCA skeleton + low contact point,generated_videos/control_points_2_car.mp4
87,0,car_racing_ego_car,1.0,288.0,278.0,312.0,320.0,658,contact_low,299.0,318.0,mask PCA skeleton + low contact point,generated_videos/control_points_2_car.mp4
88,0,car_racing_ego_car,1.0,288.0,278.0,312.0,320.0,667,centroid,299.3838195800781,299.6641540527344,mask PCA skeleton + low contact point,generated_videos/control_points_2_car.mp4
88,0,car_racing_ego_car,1.0,288.0,278.0,312.0,320.0,667,axis_front,309.0,319.0,mask PCA skeleton + low contact point,generated_videos/control_points_2_car.mp4
88,0,car_racing_ego_car,1.0,288.0,278.0,312.0,320.0,667,axis_back,288.0,278.0,mask PCA skeleton + low contact point,generated_videos/control_points_2_car.mp4
88,0,car_racing_ego_car,1.0,288.0,278.0,312.0,320.0,667,axis_left,311.0,278.0,mask PCA skeleton + low contact point,generated_videos/control_points_2_car.mp4
88,0,car_racing_ego_car,1.0,288.0,278.0,312.0,320.0,667,axis_right,288.0,281.0,mask PCA skeleton + low contact point,generated_videos/control_points_2_car.mp4
88,0,car_racing_ego_car,1.0,288.0,278.0,312.0,320.0,667,contact_low,299.0,318.0,mask PCA skeleton + low contact point,generated_videos/control_points_2_car.mp4
89,0,car_racing_ego_car,1.0,288.0,278.0,312.0,320.0,669,centroid,299.2391662597656,300.0134582519531,mask PCA skeleton + low contact point,generated_videos/control_points_2_car.mp4
89,0,car_racing_ego_car,1.0,288.0,278.0,312.0,320.0,669,axis_front,290.0,319.0,mask PCA skeleton + low contact point,generated_videos/control_points_2_car.mp4
89,0,car_racing_ego_car,1.0,288.0,278.0,312.0,320.0,669,axis_back,311.0,278.0,mask PCA skeleton + low contact point,generated_videos/control_points_2_car.mp4
89,0,car_racing_ego_car,1.0,288.0,278.0,312.0,320.0,669,axis_left,311.0,281.0,mask PCA skeleton + low contact point,generated_videos/control_points_2_car.mp4
89,0,car_racing_ego_car,1.0,288.0,278.0,312.0,320.0,669,axis_right,288.0,278.0,mask PCA skeleton + low contact point,generated_videos/control_points_2_car.mp4
89,0,car_racing_ego_car,1.0,288.0,278.0,312.0,320.0,669,contact_low,299.0,318.0,mask PCA skeleton + low contact point,generated_videos/control_points_2_car.mp4
90,0,car_racing_ego_car,1.0,288.0,278.0,312.0,320.0,661,centroid,299.4356994628906,299.7564392089844,mask PCA skeleton + low contact point,generated_videos/control_points_2_car.mp4
90,0,car_racing_ego_car,1.0,288.0,278.0,312.0,320.0,661,axis_front,309.0,319.0,mask PCA skeleton + low contact point,generated_videos/control_points_2_car.mp4
90,0,car_racing_ego_car,1.0,288.0,278.0,312.0,320.0,661,axis_back,288.0,278.0,mask PCA skeleton + low contact point,generated_videos/control_points_2_car.mp4
90,0,car_racing_ego_car,1.0,288.0,278.0,312.0,320.0,661,axis_left,311.0,278.0,mask PCA skeleton + low contact point,generated_videos/control_points_2_car.mp4
90,0,car_racing_ego_car,1.0,288.0,278.0,312.0,320.0,661,axis_right,288.0,281.0,mask PCA skeleton + low contact point,generated_videos/control_points_2_car.mp4
90,0,car_racing_ego_car,1.0,288.0,278.0,312.0,320.0,661,contact_low,299.0,318.0,mask PCA skeleton + low contact point,generated_videos/control_points_2_car.mp4
91,0,car_racing_ego_car,1.0,288.0,278.0,312.0,320.0,660,centroid,299.39697265625,299.7969665527344,mask PCA skeleton + low contact point,generated_videos/control_points_2_car.mp4
91,0,car_racing_ego_car,1.0,288.0,278.0,312.0,320.0,660,axis_front,309.0,319.0,mask PCA skeleton + low contact point,generated_videos/control_points_2_car.mp4
91,0,car_racing_ego_car,1.0,288.0,278.0,312.0,320.0,660,axis_back,288.0,278.0,mask PCA skeleton + low contact point,generated_videos/control_points_2_car.mp4
91,0,car_racing_ego_car,1.0,288.0,278.0,312.0,320.0,660,axis_left,311.0,278.0,mask PCA skeleton + low contact point,generated_videos/control_points_2_car.mp4
91,0,car_racing_ego_car,1.0,288.0,278.0,312.0,320.0,660,axis_right,288.0,281.0,mask PCA skeleton + low contact point,generated_videos/control_points_2_car.mp4
91,0,car_racing_ego_car,1.0,288.0,278.0,312.0,320.0,660,contact_low,299.0,318.0,mask PCA skeleton + low contact point,generated_videos/control_points_2_car.mp4
92,0,car_racing_ego_car,1.0,288.0,278.0,312.0,320.0,663,centroid,299.41326904296875,299.74359130859375,mask PCA skeleton + low contact point,generated_videos/control_points_2_car.mp4
92,0,car_racing_ego_car,1.0,288.0,278.0,312.0,320.0,663,axis_front,309.0,319.0,mask PCA skeleton + low contact point,generated_videos/control_points_2_car.mp4
92,0,car_racing_ego_car,1.0,288.0,278.0,312.0,320.0,663,axis_back,288.0,278.0,mask PCA skeleton + low contact point,generated_videos/control_points_2_car.mp4
92,0,car_racing_ego_car,1.0,288.0,278.0,312.0,320.0,663,axis_left,311.0,278.0,mask PCA skeleton + low contact point,generated_videos/control_points_2_car.mp4
92,0,car_racing_ego_car,1.0,288.0,278.0,312.0,320.0,663,axis_right,288.0,281.0,mask PCA skeleton + low contact point,generated_videos/control_points_2_car.mp4
92,0,car_racing_ego_car,1.0,288.0,278.0,312.0,320.0,663,contact_low,299.0,318.0,mask PCA skeleton + low contact point,generated_videos/control_points_2_car.mp4
93,0,car_racing_ego_car,1.0,272.0,272.0,312.0,320.0,840,centroid,295.5059509277344,295.7987976074219,mask PCA skeleton + low contact point,generated_videos/control_points_2_car.mp4
93,0,car_racing_ego_car,1.0,272.0,272.0,312.0,320.0,840,axis_front,309.0,319.0,mask PCA skeleton + low contact point,generated_videos/control_points_2_car.mp4
93,0,car_racing_ego_car,1.0,272.0,272.0,312.0,320.0,840,axis_back,274.0,274.0,mask PCA skeleton + low contact point,generated_videos/control_points_2_car.mp4
93,0,car_racing_ego_car,1.0,272.0,272.0,312.0,320.0,840,axis_left,311.0,278.0,mask PCA skeleton + low contact point,generated_videos/control_points_2_car.mp4
93,0,car_racing_ego_car,1.0,272.0,272.0,312.0,320.0,840,axis_right,272.0,282.0,mask PCA skeleton + low contact point,generated_videos/control_points_2_car.mp4
93,0,car_racing_ego_car,1.0,272.0,272.0,312.0,320.0,840,contact_low,299.0,317.0,mask PCA skeleton + low contact point,generated_videos/control_points_2_car.mp4
94,0,car_racing_ego_car,1.0,274.0,278.0,312.0,320.0,786,centroid,296.2430114746094,297.3168029785156,mask PCA skeleton + low contact point,generated_videos/control_points_2_car.mp4
94,0,car_racing_ego_car,1.0,274.0,278.0,312.0,320.0,786,axis_front,309.0,319.0,mask PCA skeleton + low contact point,generated_videos/control_points_2_car.mp4
94,0,car_racing_ego_car,1.0,274.0,278.0,312.0,320.0,786,axis_back,275.0,280.0,mask PCA skeleton + low contact point,generated_videos/control_points_2_car.mp4
94,0,car_racing_ego_car,1.0,274.0,278.0,312.0,320.0,786,axis_left,311.0,278.0,mask PCA skeleton + low contact point,generated_videos/control_points_2_car.mp4
94,0,car_racing_ego_car,1.0,274.0,278.0,312.0,320.0,786,axis_right,274.0,289.0,mask PCA skeleton + low contact point,generated_videos/control_points_2_car.mp4
94,0,car_racing_ego_car,1.0,274.0,278.0,312.0,320.0,786,contact_low,299.0,318.0,mask PCA skeleton + low contact point,generated_videos/control_points_2_car.mp4
95,0,car_racing_ego_car,1.0,288.0,278.0,312.0,320.0,660,centroid,299.37274169921875,299.8818054199219,mask PCA skeleton + low contact point,generated_videos/control_points_2_car.mp4
95,0,car_racing_ego_car,1.0,288.0,278.0,312.0,320.0,660,axis_front,309.0,319.0,mask PCA skeleton + low contact point,generated_videos/control_points_2_car.mp4
95,0,car_racing_ego_car,1.0,288.0,278.0,312.0,320.0,660,axis_back,288.0,278.0,mask PCA skeleton + low contact point,generated_videos/control_points_2_car.mp4
95,0,car_racing_ego_car,1.0,288.0,278.0,312.0,320.0,660,axis_left,311.0,278.0,mask PCA skeleton + low contact point,generated_videos/control_points_2_car.mp4
95,0,car_racing_ego_car,1.0,288.0,278.0,312.0,320.0,660,axis_right,288.0,281.0,mask PCA skeleton + low contact point,generated_videos/control_points_2_car.mp4
95,0,car_racing_ego_car,1.0,288.0,278.0,312.0,320.0,660,contact_low,299.0,318.0,mask PCA skeleton + low contact point,generated_videos/control_points_2_car.mp4
96,0,car_racing_ego_car,1.0,260.0,260.0,312.0,320.0,1159,centroid,289.0992126464844,291.36151123046875,mask PCA skeleton + low contact point,generated_videos/control_points_2_car.mp4
96,0,car_racing_ego_car,1.0,260.0,260.0,312.0,320.0,1159,axis_front,309.0,319.0,mask PCA skeleton + low contact point,generated_videos/control_points_2_car.mp4
96,0,car_racing_ego_car,1.0,260.0,260.0,312.0,320.0,1159,axis_back,260.0,264.0,mask PCA skeleton + low contact point,generated_videos/control_points_2_car.mp4
96,0,car_racing_ego_car,1.0,260.0,260.0,312.0,320.0,1159,axis_left,311.0,278.0,mask PCA skeleton + low contact point,generated_videos/control_points_2_car.mp4
96,0,car_racing_ego_car,1.0,260.0,260.0,312.0,320.0,1159,axis_right,274.0,301.0,mask PCA skeleton + low contact point,generated_videos/control_points_2_car.mp4
96,0,car_racing_ego_car,1.0,260.0,260.0,312.0,320.0,1159,contact_low,299.0,317.0,mask PCA skeleton + low contact point,generated_videos/control_points_2_car.mp4
97,0,car_racing_ego_car,1.0,262.0,266.0,312.0,320.0,1189,centroid,289.59967041015625,293.71405029296875,mask PCA skeleton + low contact point,generated_videos/control_points_2_car.mp4
97,0,car_racing_ego_car,1.0,262.0,266.0,312.0,320.0,1189,axis_front,309.0,319.0,mask PCA skeleton + low contact point,generated_videos/control_points_2_car.mp4
97,0,car_racing_ego_car,1.0,262.0,266.0,312.0,320.0,1189,axis_back,262.0,269.0,mask PCA skeleton + low contact point,generated_videos/control_points_2_car.mp4
97,0,car_racing_ego_car,1.0,262.0,266.0,312.0,320.0,1189,axis_left,311.0,278.0,mask PCA skeleton + low contact point,generated_videos/control_points_2_car.mp4
97,0,car_racing_ego_car,1.0,262.0,266.0,312.0,320.0,1189,axis_right,274.0,307.0,mask PCA skeleton + low contact point,generated_videos/control_points_2_car.mp4
97,0,car_racing_ego_car,1.0,262.0,266.0,312.0,320.0,1189,contact_low,299.0,317.0,mask PCA skeleton + low contact point,generated_videos/control_points_2_car.mp4
98,0,car_racing_ego_car,1.0,274.0,278.0,312.0,320.0,790,centroid,296.4645690917969,301.5443115234375,mask PCA skeleton + low contact point,generated_videos/control_points_2_car.mp4
98,0,car_racing_ego_car,1.0,274.0,278.0,312.0,320.0,790,axis_front,290.0,319.0,mask PCA skeleton + low contact point,generated_videos/control_points_2_car.mp4
98,0,car_racing_ego_car,1.0,274.0,278.0,312.0,320.0,790,axis_back,311.0,278.0,mask PCA skeleton + low contact point,generated_videos/control_points_2_car.mp4
98,0,car_racing_ego_car,1.0,274.0,278.0,312.0,320.0,790,axis_left,309.0,319.0,mask PCA skeleton + low contact point,generated_videos/control_points_2_car.mp4
98,0,car_racing_ego_car,1.0,274.0,278.0,312.0,320.0,790,axis_right,274.0,312.0,mask PCA skeleton + low contact point,generated_videos/control_points_2_car.mp4
98,0,car_racing_ego_car,1.0,274.0,278.0,312.0,320.0,790,contact_low,299.0,318.0,mask PCA skeleton + low contact point,generated_videos/control_points_2_car.mp4
99,0,car_racing_ego_car,1.0,266.0,276.0,312.0,324.0,1148,centroid,290.6716003417969,298.7369384765625,mask PCA skeleton + low contact point,generated_videos/control_points_2_car.mp4
99,0,car_racing_ego_car,1.0,266.0,276.0,312.0,324.0,1148,axis_front,309.0,319.0,mask PCA skeleton + low contact point,generated_videos/control_points_2_car.mp4
99,0,car_racing_ego_car,1.0,266.0,276.0,312.0,324.0,1148,axis_back,266.0,280.0,mask PCA skeleton + low contact point,generated_videos/control_points_2_car.mp4
99,0,car_racing_ego_car,1.0,266.0,276.0,312.0,324.0,1148,axis_left,311.0,278.0,mask PCA skeleton + low contact point,generated_videos/control_points_2_car.mp4
99,0,car_racing_ego_car,1.0,266.0,276.0,312.0,324.0,1148,axis_right,274.0,319.0,mask PCA skeleton + low contact point,generated_videos/control_points_2_car.mp4
99,0,car_racing_ego_car,1.0,266.0,276.0,312.0,324.0,1148,contact_low,285.0,319.0,mask PCA skeleton + low contact point,generated_videos/control_points_2_car.mp4
100,0,car_racing_ego_car,1.0,268.0,278.0,312.0,330.0,1152,centroid,290.8333435058594,301.6067810058594,mask PCA skeleton + low contact point,generated_videos/control_points_2_car.mp4
100,0,car_racing_ego_car,1.0,268.0,278.0,312.0,330.0,1152,axis_front,283.0,329.0,mask PCA skeleton + low contact point,generated_videos/control_points_2_car.mp4
100,0,car_racing_ego_car,1.0,268.0,278.0,312.0,330.0,1152,axis_back,311.0,278.0,mask PCA skeleton + low contact point,generated_videos/control_points_2_car.mp4
100,0,car_racing_ego_car,1.0,268.0,278.0,312.0,330.0,1152,axis_left,309.0,319.0,mask PCA skeleton + low contact point,generated_videos/control_points_2_car.mp4
100,0,car_racing_ego_car,1.0,268.0,278.0,312.0,330.0,1152,axis_right,268.0,286.0,mask PCA skeleton + low contact point,generated_videos/control_points_2_car.mp4
100,0,car_racing_ego_car,1.0,268.0,278.0,312.0,330.0,1152,contact_low,282.0,324.0,mask PCA skeleton + low contact point,generated_videos/control_points_2_car.mp4
101,0,car_racing_ego_car,1.0,268.0,278.0,312.0,320.0,1035,centroid,292.31787109375,300.6860046386719,mask PCA skeleton + low contact point,generated_videos/control_points_2_car.mp4
101,0,car_racing_ego_car,1.0,268.0,278.0,312.0,320.0,1035,axis_front,275.0,313.0,mask PCA skeleton + low contact point,generated_videos/control_points_2_car.mp4
101,0,car_racing_ego_car,1.0,268.0,278.0,312.0,320.0,1035,axis_back,311.0,278.0,mask PCA skeleton + low contact point,generated_videos/control_points_2_car.mp4
101,0,car_racing_ego_car,1.0,268.0,278.0,312.0,320.0,1035,axis_left,309.0,319.0,mask PCA skeleton + low contact point,generated_videos/control_points_2_car.mp4
101,0,car_racing_ego_car,1.0,268.0,278.0,312.0,320.0,1035,axis_right,268.0,294.0,mask PCA skeleton + low contact point,generated_videos/control_points_2_car.mp4
101,0,car_racing_ego_car,1.0,268.0,278.0,312.0,320.0,1035,contact_low,299.0,317.0,mask PCA skeleton + low contact point,generated_videos/control_points_2_car.mp4
102,0,car_racing_ego_car,1.0,268.0,278.0,312.0,322.0,1025,centroid,292.0195007324219,303.06439208984375,mask PCA skeleton + low contact point,generated_videos/control_points_2_car.mp4
102,0,car_racing_ego_car,1.0,268.0,278.0,312.0,322.0,1025,axis_front,276.0,321.0,mask PCA skeleton + low contact point,generated_videos/control_points_2_car.mp4
102,0,car_racing_ego_car,1.0,268.0,278.0,312.0,322.0,1025,axis_back,311.0,278.0,mask PCA skeleton + low contact point,generated_videos/control_points_2_car.mp4
102,0,car_racing_ego_car,1.0,268.0,278.0,312.0,322.0,1025,axis_left,309.0,319.0,mask PCA skeleton + low contact point,generated_videos/control_points_2_car.mp4
102,0,car_racing_ego_car,1.0,268.0,278.0,312.0,322.0,1025,axis_right,268.0,300.0,mask PCA skeleton + low contact point,generated_videos/control_points_2_car.mp4
102,0,car_racing_ego_car,1.0,268.0,278.0,312.0,322.0,1025,contact_low,290.0,318.0,mask PCA skeleton + low contact point,generated_videos/control_points_2_car.mp4
103,0,car_racing_ego_car,1.0,268.0,278.0,312.0,328.0,999,centroid,292.390380859375,305.430419921875,mask PCA skeleton + low contact point,generated_videos/control_points_2_car.mp4
103,0,car_racing_ego_car,1.0,268.0,278.0,312.0,328.0,999,axis_front,274.0,327.0,mask PCA skeleton + low contact point,generated_videos/control_points_2_car.mp4
103,0,car_racing_ego_car,1.0,268.0,278.0,312.0,328.0,999,axis_back,311.0,278.0,mask PCA skeleton + low contact point,generated_videos/control_points_2_car.mp4
103,0,car_racing_ego_car,1.0,268.0,278.0,312.0,328.0,999,axis_left,309.0,319.0,mask PCA skeleton + low contact point,generated_videos/control_points_2_car.mp4
103,0,car_racing_ego_car,1.0,268.0,278.0,312.0,328.0,999,axis_right,288.0,278.0,mask PCA skeleton + low contact point,generated_videos/control_points_2_car.mp4
103,0,car_racing_ego_car,1.0,268.0,278.0,312.0,328.0,999,contact_low,280.0,324.0,mask PCA skeleton + low contact point,generated_videos/control_points_2_car.mp4
104,0,car_racing_ego_car,1.0,288.0,278.0,312.0,320.0,653,centroid,299.4624938964844,299.848388671875,mask PCA skeleton + low contact point,generated_videos/control_points_2_car.mp4
104,0,car_racing_ego_car,1.0,288.0,278.0,312.0,320.0,653,axis_front,309.0,319.0,mask PCA skeleton + low contact point,generated_videos/control_points_2_car.mp4
104,0,car_racing_ego_car,1.0,288.0,278.0,312.0,320.0,653,axis_back,288.0,278.0,mask PCA skeleton + low contact point,generated_videos/control_points_2_car.mp4
104,0,car_racing_ego_car,1.0,288.0,278.0,312.0,320.0,653,axis_left,311.0,278.0,mask PCA skeleton + low contact point,generated_videos/control_points_2_car.mp4
104,0,car_racing_ego_car,1.0,288.0,278.0,312.0,320.0,653,axis_right,288.0,281.0,mask PCA skeleton + low contact point,generated_videos/control_points_2_car.mp4
104,0,car_racing_ego_car,1.0,288.0,278.0,312.0,320.0,653,contact_low,299.0,318.0,mask PCA skeleton + low contact point,generated_videos/control_points_2_car.mp4
105,0,car_racing_ego_car,1.0,288.0,278.0,312.0,320.0,659,centroid,299.3656921386719,300.0318603515625,mask PCA skeleton + low contact point,generated_videos/control_points_2_car.mp4
105,0,car_racing_ego_car,1.0,288.0,278.0,312.0,320.0,659,axis_front,290.0,319.0,mask PCA skeleton + low contact point,generated_videos/control_points_2_car.mp4
105,0,car_racing_ego_car,1.0,288.0,278.0,312.0,320.0,659,axis_back,311.0,278.0,mask PCA skeleton + low contact point,generated_videos/control_points_2_car.mp4
105,0,car_racing_ego_car,1.0,288.0,278.0,312.0,320.0,659,axis_left,311.0,281.0,mask PCA skeleton + low contact point,generated_videos/control_points_2_car.mp4
105,0,car_racing_ego_car,1.0,288.0,278.0,312.0,320.0,659,axis_right,288.0,278.0,mask PCA skeleton + low contact point,generated_videos/control_points_2_car.mp4
105,0,car_racing_ego_car,1.0,288.0,278.0,312.0,320.0,659,contact_low,299.0,318.0,mask PCA skeleton + low contact point,generated_videos/control_points_2_car.mp4
106,0,car_racing_ego_car,1.0,288.0,278.0,312.0,320.0,652,centroid,299.4570617675781,299.9233093261719,mask PCA skeleton + low contact point,generated_videos/control_points_2_car.mp4
106,0,car_racing_ego_car,1.0,288.0,278.0,312.0,320.0,652,axis_front,309.0,319.0,mask PCA skeleton + low contact point,generated_videos/control_points_2_car.mp4
106,0,car_racing_ego_car,1.0,288.0,278.0,312.0,320.0,652,axis_back,288.0,278.0,mask PCA skeleton + low contact point,generated_videos/control_points_2_car.mp4
106,0,car_racing_ego_car,1.0,288.0,278.0,312.0,320.0,652,axis_left,311.0,278.0,mask PCA skeleton + low contact point,generated_videos/control_points_2_car.mp4
106,0,car_racing_ego_car,1.0,288.0,278.0,312.0,320.0,652,axis_right,288.0,281.0,mask PCA skeleton + low contact point,generated_videos/control_points_2_car.mp4
106,0,car_racing_ego_car,1.0,288.0,278.0,312.0,320.0,652,contact_low,299.0,318.0,mask PCA skeleton + low contact point,generated_videos/control_points_2_car.mp4
107,0,car_racing_ego_car,1.0,288.0,278.0,312.0,320.0,653,centroid,299.5130310058594,299.9264831542969,mask PCA skeleton + low contact point,generated_videos/control_points_2_car.mp4
107,0,car_racing_ego_car,1.0,288.0,278.0,312.0,320.0,653,axis_front,309.0,319.0,mask PCA skeleton + low contact point,generated_videos/control_points_2_car.mp4
107,0,car_racing_ego_car,1.0,288.0,278.0,312.0,320.0,653,axis_back,288.0,278.0,mask PCA skeleton + low contact point,generated_videos/control_points_2_car.mp4
107,0,car_racing_ego_car,1.0,288.0,278.0,312.0,320.0,653,axis_left,311.0,278.0,mask PCA skeleton + low contact point,generated_videos/control_points_2_car.mp4
107,0,car_racing_ego_car,1.0,288.0,278.0,312.0,320.0,653,axis_right,288.0,281.0,mask PCA skeleton + low contact point,generated_videos/control_points_2_car.mp4
107,0,car_racing_ego_car,1.0,288.0,278.0,312.0,320.0,653,contact_low,299.0,318.0,mask PCA skeleton + low contact point,generated_videos/control_points_2_car.mp4
108,0,car_racing_ego_car,1.0,288.0,278.0,312.0,320.0,651,centroid,299.48541259765625,299.9017028808594,mask PCA skeleton + low contact point,generated_videos/control_points_2_car.mp4
108,0,car_racing_ego_car,1.0,288.0,278.0,312.0,320.0,651,axis_front,290.0,319.0,mask PCA skeleton + low contact point,generated_videos/control_points_2_car.mp4
108,0,car_racing_ego_car,1.0,288.0,278.0,312.0,320.0,651,axis_back,311.0,278.0,mask PCA skeleton + low contact point,generated_videos/control_points_2_car.mp4
108,0,car_racing_ego_car,1.0,288.0,278.0,312.0,320.0,651,axis_left,311.0,281.0,mask PCA skeleton + low contact point,generated_videos/control_points_2_car.mp4
108,0,car_racing_ego_car,1.0,288.0,278.0,312.0,320.0,651,axis_right,288.0,278.0,mask PCA skeleton + low contact point,generated_videos/control_points_2_car.mp4
108,0,car_racing_ego_car,1.0,288.0,278.0,312.0,320.0,651,contact_low,299.0,318.0,mask PCA skeleton + low contact point,generated_videos/control_points_2_car.mp4
109,0,car_racing_ego_car,1.0,288.0,278.0,312.0,320.0,652,centroid,299.4723815917969,299.8972473144531,mask PCA skeleton + low contact point,generated_videos/control_points_2_car.mp4
109,0,car_racing_ego_car,1.0,288.0,278.0,312.0,320.0,652,axis_front,290.0,319.0,mask PCA skeleton + low contact point,generated_videos/control_points_2_car.mp4
109,0,car_racing_ego_car,1.0,288.0,278.0,312.0,320.0,652,axis_back,311.0,278.0,mask PCA skeleton + low contact point,generated_videos/control_points_2_car.mp4
109,0,car_racing_ego_car,1.0,288.0,278.0,312.0,320.0,652,axis_left,311.0,281.0,mask PCA skeleton + low contact point,generated_videos/control_points_2_car.mp4
109,0,car_racing_ego_car,1.0,288.0,278.0,312.0,320.0,652,axis_right,288.0,278.0,mask PCA skeleton + low contact point,generated_videos/control_points_2_car.mp4
109,0,car_racing_ego_car,1.0,288.0,278.0,312.0,320.0,652,contact_low,299.0,318.0,mask PCA skeleton + low contact point,generated_videos/control_points_2_car.mp4
110,0,car_racing_ego_car,1.0,288.0,278.0,312.0,320.0,650,centroid,299.4800109863281,299.9769287109375,mask PCA skeleton + low contact point,generated_videos/control_points_2_car.mp4
110,0,car_racing_ego_car,1.0,288.0,278.0,312.0,320.0,650,axis_front,309.0,319.0,mask PCA skeleton + low contact point,generated_videos/control_points_2_car.mp4
110,0,car_racing_ego_car,1.0,288.0,278.0,312.0,320.0,650,axis_back,288.0,278.0,mask PCA skeleton + low contact point,generated_videos/control_points_2_car.mp4
110,0,car_racing_ego_car,1.0,288.0,278.0,312.0,320.0,650,axis_left,311.0,278.0,mask PCA skeleton + low contact point,generated_videos/control_points_2_car.mp4
110,0,car_racing_ego_car,1.0,288.0,278.0,312.0,320.0,650,axis_right,288.0,281.0,mask PCA skeleton + low contact point,generated_videos/control_points_2_car.mp4
110,0,car_racing_ego_car,1.0,288.0,278.0,312.0,320.0,650,contact_low,299.0,318.0,mask PCA skeleton + low contact point,generated_videos/control_points_2_car.mp4
111,0,car_racing_ego_car,1.0,288.0,278.0,312.0,320.0,653,centroid,299.5130310058594,299.9264831542969,mask PCA skeleton + low contact point,generated_videos/control_points_2_car.mp4
111,0,car_racing_ego_car,1.0,288.0,278.0,312.0,320.0,653,axis_front,309.0,319.0,mask PCA skeleton + low contact point,generated_videos/control_points_2_car.mp4
111,0,car_racing_ego_car,1.0,288.0,278.0,312.0,320.0,653,axis_back,288.0,278.0,mask PCA skeleton + low contact point,generated_videos/control_points_2_car.mp4
111,0,car_racing_ego_car,1.0,288.0,278.0,312.0,320.0,653,axis_left,311.0,278.0,mask PCA skeleton + low contact point,generated_videos/control_points_2_car.mp4
111,0,car_racing_ego_car,1.0,288.0,278.0,312.0,320.0,653,axis_right,288.0,281.0,mask PCA skeleton + low contact point,generated_videos/control_points_2_car.mp4
111,0,car_racing_ego_car,1.0,288.0,278.0,312.0,320.0,653,contact_low,299.0,318.0,mask PCA skeleton + low contact point,generated_videos/control_points_2_car.mp4
112,0,car_racing_ego_car,1.0,288.0,278.0,312.0,320.0,651,centroid,299.48541259765625,299.9017028808594,mask PCA skeleton + low contact point,generated_videos/control_points_2_car.mp4
112,0,car_racing_ego_car,1.0,288.0,278.0,312.0,320.0,651,axis_front,290.0,319.0,mask PCA skeleton + low contact point,generated_videos/control_points_2_car.mp4
112,0,car_racing_ego_car,1.0,288.0,278.0,312.0,320.0,651,axis_back,311.0,278.0,mask PCA skeleton + low contact point,generated_videos/control_points_2_car.mp4
112,0,car_racing_ego_car,1.0,288.0,278.0,312.0,320.0,651,axis_left,311.0,281.0,mask PCA skeleton + low contact point,generated_videos/control_points_2_car.mp4
112,0,car_racing_ego_car,1.0,288.0,278.0,312.0,320.0,651,axis_right,288.0,278.0,mask PCA skeleton + low contact point,generated_videos/control_points_2_car.mp4
112,0,car_racing_ego_car,1.0,288.0,278.0,312.0,320.0,651,contact_low,299.0,318.0,mask PCA skeleton + low contact point,generated_videos/control_points_2_car.mp4
113,0,car_racing_ego_car,1.0,288.0,278.0,312.0,320.0,663,centroid,299.2805480957031,300.093505859375,mask PCA skeleton + low contact point,generated_videos/control_points_2_car.mp4
113,0,car_racing_ego_car,1.0,288.0,278.0,312.0,320.0,663,axis_front,290.0,319.0,mask PCA skeleton + low contact point,generated_videos/control_points_2_car.mp4
113,0,car_racing_ego_car,1.0,288.0,278.0,312.0,320.0,663,axis_back,311.0,278.0,mask PCA skeleton + low contact point,generated_videos/control_points_2_car.mp4
113,0,car_racing_ego_car,1.0,288.0,278.0,312.0,320.0,663,axis_left,311.0,281.0,mask PCA skeleton + low contact point,generated_videos/control_points_2_car.mp4
113,0,car_racing_ego_car,1.0,288.0,278.0,312.0,320.0,663,axis_right,288.0,278.0,mask PCA skeleton + low contact point,generated_videos/control_points_2_car.mp4
113,0,car_racing_ego_car,1.0,288.0,278.0,312.0,320.0,663,contact_low,299.0,318.0,mask PCA skeleton + low contact point,generated_videos/control_points_2_car.mp4
114,0,car_racing_ego_car,1.0,288.0,278.0,312.0,320.0,650,centroid,299.4800109863281,299.9769287109375,mask PCA skeleton + low contact point,generated_videos/control_points_2_car.mp4
114,0,car_racing_ego_car,1.0,288.0,278.0,312.0,320.0,650,axis_front,309.0,319.0,mask PCA skeleton + low contact point,generated_videos/control_points_2_car.mp4
114,0,car_racing_ego_car,1.0,288.0,278.0,312.0,320.0,650,axis_back,288.0,278.0,mask PCA skeleton + low contact point,generated_videos/control_points_2_car.mp4
114,0,car_racing_ego_car,1.0,288.0,278.0,312.0,320.0,650,axis_left,311.0,278.0,mask PCA skeleton + low contact point,generated_videos/control_points_2_car.mp4
114,0,car_racing_ego_car,1.0,288.0,278.0,312.0,320.0,650,axis_right,288.0,281.0,mask PCA skeleton + low contact point,generated_videos/control_points_2_car.mp4
114,0,car_racing_ego_car,1.0,288.0,278.0,312.0,320.0,650,contact_low,299.0,318.0,mask PCA skeleton + low contact point,generated_videos/control_points_2_car.mp4
115,0,car_racing_ego_car,1.0,288.0,278.0,312.0,320.0,651,centroid,299.48541259765625,299.9017028808594,mask PCA skeleton + low contact point,generated_videos/control_points_2_car.mp4
115,0,car_racing_ego_car,1.0,288.0,278.0,312.0,320.0,651,axis_front,290.0,319.0,mask PCA skeleton + low contact point,generated_videos/control_points_2_car.mp4
115,0,car_racing_ego_car,1.0,288.0,278.0,312.0,320.0,651,axis_back,311.0,278.0,mask PCA skeleton + low contact point,generated_videos/control_points_2_car.mp4
115,0,car_racing_ego_car,1.0,288.0,278.0,312.0,320.0,651,axis_left,311.0,281.0,mask PCA skeleton + low contact point,generated_videos/control_points_2_car.mp4
115,0,car_racing_ego_car,1.0,288.0,278.0,312.0,320.0,651,axis_right,288.0,278.0,mask PCA skeleton + low contact point,generated_videos/control_points_2_car.mp4
115,0,car_racing_ego_car,1.0,288.0,278.0,312.0,320.0,651,contact_low,299.0,318.0,mask PCA skeleton + low contact point,generated_videos/control_points_2_car.mp4
116,0,car_racing_ego_car,1.0,288.0,278.0,312.0,320.0,653,centroid,299.4624938964844,299.848388671875,mask PCA skeleton + low contact point,generated_videos/control_points_2_car.mp4
116,0,car_racing_ego_car,1.0,288.0,278.0,312.0,320.0,653,axis_front,309.0,319.0,mask PCA skeleton + low contact point,generated_videos/control_points_2_car.mp4
116,0,car_racing_ego_car,1.0,288.0,278.0,312.0,320.0,653,axis_back,288.0,278.0,mask PCA skeleton + low contact point,generated_videos/control_points_2_car.mp4
116,0,car_racing_ego_car,1.0,288.0,278.0,312.0,320.0,653,axis_left,311.0,278.0,mask PCA skeleton + low contact point,generated_videos/control_points_2_car.mp4
116,0,car_racing_ego_car,1.0,288.0,278.0,312.0,320.0,653,axis_right,288.0,281.0,mask PCA skeleton + low contact point,generated_videos/control_points_2_car.mp4
116,0,car_racing_ego_car,1.0,288.0,278.0,312.0,320.0,653,contact_low,299.0,318.0,mask PCA skeleton + low contact point,generated_videos/control_points_2_car.mp4
117,0,car_racing_ego_car,1.0,288.0,278.0,312.0,320.0,671,centroid,299.2697448730469,300.07452392578125,mask PCA skeleton + low contact point,generated_videos/control_points_2_car.mp4
117,0,car_racing_ego_car,1.0,288.0,278.0,312.0,320.0,671,axis_front,290.0,319.0,mask PCA skeleton + low contact point,generated_videos/control_points_2_car.mp4
117,0,car_racing_ego_car,1.0,288.0,278.0,312.0,320.0,671,axis_back,311.0,278.0,mask PCA skeleton + low contact point,generated_videos/control_points_2_car.mp4
117,0,car_racing_ego_car,1.0,288.0,278.0,312.0,320.0,671,axis_left,311.0,281.0,mask PCA skeleton + low contact point,generated_videos/control_points_2_car.mp4
117,0,car_racing_ego_car,1.0,288.0,278.0,312.0,320.0,671,axis_right,288.0,278.0,mask PCA skeleton + low contact point,generated_videos/control_points_2_car.mp4
117,0,car_racing_ego_car,1.0,288.0,278.0,312.0,320.0,671,contact_low,299.0,318.0,mask PCA skeleton + low contact point,generated_videos/control_points_2_car.mp4
118,0,car_racing_ego_car,1.0,288.0,278.0,312.0,320.0,647,centroid,299.4853210449219,300.00927734375,mask PCA skeleton + low contact point,generated_videos/control_points_2_car.mp4
118,0,car_racing_ego_car,1.0,288.0,278.0,312.0,320.0,647,axis_front,290.0,319.0,mask PCA skeleton + low contact point,generated_videos/control_points_2_car.mp4
118,0,car_racing_ego_car,1.0,288.0,278.0,312.0,320.0,647,axis_back,311.0,278.0,mask PCA skeleton + low contact point,generated_videos/control_points_2_car.mp4
118,0,car_racing_ego_car,1.0,288.0,278.0,312.0,320.0,647,axis_left,311.0,281.0,mask PCA skeleton + low contact point,generated_videos/control_points_2_car.mp4
118,0,car_racing_ego_car,1.0,288.0,278.0,312.0,320.0,647,axis_right,288.0,278.0,mask PCA skeleton + low contact point,generated_videos/control_points_2_car.mp4
118,0,car_racing_ego_car,1.0,288.0,278.0,312.0,320.0,647,contact_low,299.0,318.0,mask PCA skeleton + low contact point,generated_videos/control_points_2_car.mp4
119,0,car_racing_ego_car,1.0,288.0,278.0,312.0,320.0,647,centroid,299.4853210449219,300.00927734375,mask PCA skeleton + low contact point,generated_videos/control_points_2_car.mp4
119,0,car_racing_ego_car,1.0,288.0,278.0,312.0,320.0,647,axis_front,290.0,319.0,mask PCA skeleton + low contact point,generated_videos/control_points_2_car.mp4
119,0,car_racing_ego_car,1.0,288.0,278.0,312.0,320.0,647,axis_back,311.0,278.0,mask PCA skeleton + low contact point,generated_videos/control_points_2_car.mp4
119,0,car_racing_ego_car,1.0,288.0,278.0,312.0,320.0,647,axis_left,311.0,281.0,mask PCA skeleton + low contact point,generated_videos/control_points_2_car.mp4
119,0,car_racing_ego_car,1.0,288.0,278.0,312.0,320.0,647,axis_right,288.0,278.0,mask PCA skeleton + low contact point,generated_videos/control_points_2_car.mp4
119,0,car_racing_ego_car,1.0,288.0,278.0,312.0,320.0,647,contact_low,299.0,318.0,mask PCA skeleton + low contact point,generated_videos/control_points_2_car.mp4
120,0,car_racing_ego_car,1.0,288.0,278.0,312.0,320.0,651,centroid,299.48541259765625,299.9017028808594,mask PCA skeleton + low contact point,generated_videos/control_points_2_car.mp4
120,0,car_racing_ego_car,1.0,288.0,278.0,312.0,320.0,651,axis_front,290.0,319.0,mask PCA skeleton + low contact point,generated_videos/control_points_2_car.mp4
120,0,car_racing_ego_car,1.0,288.0,278.0,312.0,320.0,651,axis_back,311.0,278.0,mask PCA skeleton + low contact point,generated_videos/control_points_2_car.mp4
120,0,car_racing_ego_car,1.0,288.0,278.0,312.0,320.0,651,axis_left,311.0,281.0,mask PCA skeleton + low contact point,generated_videos/control_points_2_car.mp4
120,0,car_racing_ego_car,1.0,288.0,278.0,312.0,320.0,651,axis_right,288.0,278.0,mask PCA skeleton + low contact point,generated_videos/control_points_2_car.mp4
120,0,car_racing_ego_car,1.0,288.0,278.0,312.0,320.0,651,contact_low,299.0,318.0,mask PCA skeleton + low contact point,generated_videos/control_points_2_car.mp4
121,0,car_racing_ego_car,1.0,288.0,278.0,312.0,320.0,651,centroid,299.48541259765625,299.9017028808594,mask PCA skeleton + low contact point,generated_videos/control_points_2_car.mp4
121,0,car_racing_ego_car,1.0,288.0,278.0,312.0,320.0,651,axis_front,290.0,319.0,mask PCA skeleton + low contact point,generated_videos/control_points_2_car.mp4
121,0,car_racing_ego_car,1.0,288.0,278.0,312.0,320.0,651,axis_back,311.0,278.0,mask PCA skeleton + low contact point,generated_videos/control_points_2_car.mp4
121,0,car_racing_ego_car,1.0,288.0,278.0,312.0,320.0,651,axis_left,311.0,281.0,mask PCA skeleton + low contact point,generated_videos/control_points_2_car.mp4
121,0,car_racing_ego_car,1.0,288.0,278.0,312.0,320.0,651,axis_right,288.0,278.0,mask PCA skeleton + low contact point,generated_videos/control_points_2_car.mp4
121,0,car_racing_ego_car,1.0,288.0,278.0,312.0,320.0,651,contact_low,299.0,318.0,mask PCA skeleton + low contact point,generated_videos/control_points_2_car.mp4
122,0,car_racing_ego_car,1.0,288.0,278.0,312.0,320.0,662,centroid,299.3172302246094,300.16766357421875,mask PCA skeleton + low contact point,generated_videos/control_points_2_car.mp4
122,0,car_racing_ego_car,1.0,288.0,278.0,312.0,320.0,662,axis_front,290.0,319.0,mask PCA skeleton + low contact point,generated_videos/control_points_2_car.mp4
122,0,car_racing_ego_car,1.0,288.0,278.0,312.0,320.0,662,axis_back,311.0,278.0,mask PCA skeleton + low contact point,generated_videos/control_points_2_car.mp4
122,0,car_racing_ego_car,1.0,288.0,278.0,312.0,320.0,662,axis_left,311.0,281.0,mask PCA skeleton + low contact point,generated_videos/control_points_2_car.mp4
122,0,car_racing_ego_car,1.0,288.0,278.0,312.0,320.0,662,axis_right,288.0,278.0,mask PCA skeleton + low contact point,generated_videos/control_points_2_car.mp4
122,0,car_racing_ego_car,1.0,288.0,278.0,312.0,320.0,662,contact_low,299.0,318.0,mask PCA skeleton + low contact point,generated_videos/control_points_2_car.mp4
123,0,car_racing_ego_car,1.0,288.0,278.0,312.0,320.0,653,centroid,299.4165344238281,299.848388671875,mask PCA skeleton + low contact point,generated_videos/control_points_2_car.mp4
123,0,car_racing_ego_car,1.0,288.0,278.0,312.0,320.0,653,axis_front,309.0,319.0,mask PCA skeleton + low contact point,generated_videos/control_points_2_car.mp4
123,0,car_racing_ego_car,1.0,288.0,278.0,312.0,320.0,653,axis_back,288.0,278.0,mask PCA skeleton + low contact point,generated_videos/control_points_2_car.mp4
123,0,car_racing_ego_car,1.0,288.0,278.0,312.0,320.0,653,axis_left,311.0,278.0,mask PCA skeleton + low contact point,generated_videos/control_points_2_car.mp4
123,0,car_racing_ego_car,1.0,288.0,278.0,312.0,320.0,653,axis_right,288.0,281.0,mask PCA skeleton + low contact point,generated_videos/control_points_2_car.mp4
123,0,car_racing_ego_car,1.0,288.0,278.0,312.0,320.0,653,contact_low,299.0,318.0,mask PCA skeleton + low contact point,generated_videos/control_points_2_car.mp4
124,0,car_racing_ego_car,1.0,288.0,278.0,312.0,320.0,652,centroid,299.45245361328125,299.8742370605469,mask PCA skeleton + low contact point,generated_videos/control_points_2_car.mp4
124,0,car_racing_ego_car,1.0,288.0,278.0,312.0,320.0,652,axis_front,309.0,319.0,mask PCA skeleton + low contact point,generated_videos/control_points_2_car.mp4
124,0,car_racing_ego_car,1.0,288.0,278.0,312.0,320.0,652,axis_back,288.0,278.0,mask PCA skeleton + low contact point,generated_videos/control_points_2_car.mp4
124,0,car_racing_ego_car,1.0,288.0,278.0,312.0,320.0,652,axis_left,311.0,278.0,mask PCA skeleton + low contact point,generated_videos/control_points_2_car.mp4
124,0,car_racing_ego_car,1.0,288.0,278.0,312.0,320.0,652,axis_right,288.0,281.0,mask PCA skeleton + low contact point,generated_videos/control_points_2_car.mp4
124,0,car_racing_ego_car,1.0,288.0,278.0,312.0,320.0,652,contact_low,299.0,318.0,mask PCA skeleton + low contact point,generated_videos/control_points_2_car.mp4
125,0,car_racing_ego_car,1.0,288.0,278.0,312.0,320.0,664,centroid,299.33734130859375,300.1144714355469,mask PCA skeleton + low contact point,generated_videos/control_points_2_car.mp4
125,0,car_racing_ego_car,1.0,288.0,278.0,312.0,320.0,664,axis_front,290.0,319.0,mask PCA skeleton + low contact point,generated_videos/control_points_2_car.mp4
125,0,car_racing_ego_car,1.0,288.0,278.0,312.0,320.0,664,axis_back,311.0,278.0,mask PCA skeleton + low contact point,generated_videos/control_points_2_car.mp4
125,0,car_racing_ego_car,1.0,288.0,278.0,312.0,320.0,664,axis_left,311.0,281.0,mask PCA skeleton + low contact point,generated_videos/control_points_2_car.mp4
125,0,car_racing_ego_car,1.0,288.0,278.0,312.0,320.0,664,axis_right,288.0,278.0,mask PCA skeleton + low contact point,generated_videos/control_points_2_car.mp4
125,0,car_racing_ego_car,1.0,288.0,278.0,312.0,320.0,664,contact_low,299.0,318.0,mask PCA skeleton + low contact point,generated_videos/control_points_2_car.mp4
126,0,car_racing_ego_car,1.0,288.0,278.0,312.0,320.0,659,centroid,299.591796875,300.0242919921875,mask PCA skeleton + low contact point,generated_videos/control_points_2_car.mp4
126,0,car_racing_ego_car,1.0,288.0,278.0,312.0,320.0,659,axis_front,309.0,319.0,mask PCA skeleton + low contact point,generated_videos/control_points_2_car.mp4
126,0,car_racing_ego_car,1.0,288.0,278.0,312.0,320.0,659,axis_back,288.0,278.0,mask PCA skeleton + low contact point,generated_videos/control_points_2_car.mp4
126,0,car_racing_ego_car,1.0,288.0,278.0,312.0,320.0,659,axis_left,311.0,278.0,mask PCA skeleton + low contact point,generated_videos/control_points_2_car.mp4
126,0,car_racing_ego_car,1.0,288.0,278.0,312.0,320.0,659,axis_right,288.0,281.0,mask PCA skeleton + low contact point,generated_videos/control_points_2_car.mp4
126,0,car_racing_ego_car,1.0,288.0,278.0,312.0,320.0,659,contact_low,299.0,318.0,mask PCA skeleton + low contact point,generated_videos/control_points_2_car.mp4
127,0,car_racing_ego_car,1.0,288.0,278.0,312.0,320.0,650,centroid,299.4753723144531,299.9277038574219,mask PCA skeleton + low contact point,generated_videos/control_points_2_car.mp4
127,0,car_racing_ego_car,1.0,288.0,278.0,312.0,320.0,650,axis_front,290.0,319.0,mask PCA skeleton + low contact point,generated_videos/control_points_2_car.mp4
127,0,car_racing_ego_car,1.0,288.0,278.0,312.0,320.0,650,axis_back,311.0,278.0,mask PCA skeleton + low contact point,generated_videos/control_points_2_car.mp4
127,0,car_racing_ego_car,1.0,288.0,278.0,312.0,320.0,650,axis_left,311.0,281.0,mask PCA skeleton + low contact point,generated_videos/control_points_2_car.mp4
127,0,car_racing_ego_car,1.0,288.0,278.0,312.0,320.0,650,axis_right,288.0,278.0,mask PCA skeleton + low contact point,generated_videos/control_points_2_car.mp4
127,0,car_racing_ego_car,1.0,288.0,278.0,312.0,320.0,650,contact_low,299.0,318.0,mask PCA skeleton + low contact point,generated_videos/control_points_2_car.mp4
128,0,car_racing_ego_car,1.0,288.0,278.0,312.0,320.0,651,centroid,299.48541259765625,299.9017028808594,mask PCA skeleton + low contact point,generated_videos/control_points_2_car.mp4
128,0,car_racing_ego_car,1.0,288.0,278.0,312.0,320.0,651,axis_front,290.0,319.0,mask PCA skeleton + low contact point,generated_videos/control_points_2_car.mp4
128,0,car_racing_ego_car,1.0,288.0,278.0,312.0,320.0,651,axis_back,311.0,278.0,mask PCA skeleton + low contact point,generated_videos/control_points_2_car.mp4
128,0,car_racing_ego_car,1.0,288.0,278.0,312.0,320.0,651,axis_left,311.0,281.0,mask PCA skeleton + low contact point,generated_videos/control_points_2_car.mp4
128,0,car_racing_ego_car,1.0,288.0,278.0,312.0,320.0,651,axis_right,288.0,278.0,mask PCA skeleton + low contact point,generated_videos/control_points_2_car.mp4
128,0,car_racing_ego_car,1.0,288.0,278.0,312.0,320.0,651,contact_low,299.0,318.0,mask PCA skeleton + low contact point,generated_videos/control_points_2_car.mp4
129,0,car_racing_ego_car,1.0,288.0,278.0,312.0,320.0,652,centroid,299.5,299.9233093261719,mask PCA skeleton + low contact point,generated_videos/control_points_2_car.mp4
129,0,car_racing_ego_car,1.0,288.0,278.0,312.0,320.0,652,axis_front,290.0,319.0,mask PCA skeleton + low contact point,generated_videos/control_points_2_car.mp4
129,0,car_racing_ego_car,1.0,288.0,278.0,312.0,320.0,652,axis_back,288.0,278.0,mask PCA skeleton + low contact point,generated_videos/control_points_2_car.mp4
129,0,car_racing_ego_car,1.0,288.0,278.0,312.0,320.0,652,axis_left,311.0,278.0,mask PCA skeleton + low contact point,generated_videos/control_points_2_car.mp4
129,0,car_racing_ego_car,1.0,288.0,278.0,312.0,320.0,652,axis_right,288.0,278.0,mask PCA skeleton + low contact point,generated_videos/control_points_2_car.mp4
129,0,car_racing_ego_car,1.0,288.0,278.0,312.0,320.0,652,contact_low,299.0,318.0,mask PCA skeleton + low contact point,generated_videos/control_points_2_car.mp4
130,0,car_racing_ego_car,1.0,288.0,278.0,312.0,320.0,651,centroid,299.48541259765625,299.9017028808594,mask PCA skeleton + low contact point,generated_videos/control_points_2_car.mp4
130,0,car_racing_ego_car,1.0,288.0,278.0,312.0,320.0,651,axis_front,290.0,319.0,mask PCA skeleton + low contact point,generated_videos/control_points_2_car.mp4
130,0,car_racing_ego_car,1.0,288.0,278.0,312.0,320.0,651,axis_back,311.0,278.0,mask PCA skeleton + low contact point,generated_videos/control_points_2_car.mp4
130,0,car_racing_ego_car,1.0,288.0,278.0,312.0,320.0,651,axis_left,311.0,281.0,mask PCA skeleton + low contact point,generated_videos/control_points_2_car.mp4
130,0,car_racing_ego_car,1.0,288.0,278.0,312.0,320.0,651,axis_right,288.0,278.0,mask PCA skeleton + low contact point,generated_videos/control_points_2_car.mp4
130,0,car_racing_ego_car,1.0,288.0,278.0,312.0,320.0,651,contact_low,299.0,318.0,mask PCA skeleton + low contact point,generated_videos/control_points_2_car.mp4
131,0,car_racing_ego_car,1.0,288.0,278.0,312.0,320.0,661,centroid,299.6293640136719,299.638427734375,mask PCA skeleton + low contact point,generated_videos/control_points_2_car.mp4
131,0,car_racing_ego_car,1.0,288.0,278.0,312.0,320.0,661,axis_front,290.0,319.0,mask PCA skeleton + low contact point,generated_videos/control_points_2_car.mp4
131,0,car_racing_ego_car,1.0,288.0,278.0,312.0,320.0,661,axis_back,311.0,278.0,mask PCA skeleton + low contact point,generated_videos/control_points_2_car.mp4
131,0,car_racing_ego_car,1.0,288.0,278.0,312.0,320.0,661,axis_left,311.0,283.0,mask PCA skeleton + low contact point,generated_videos/control_points_2_car.mp4
131,0,car_racing_ego_car,1.0,288.0,278.0,312.0,320.0,661,axis_right,288.0,278.0,mask PCA skeleton + low contact point,generated_videos/control_points_2_car.mp4
131,0,car_racing_ego_car,1.0,288.0,278.0,312.0,320.0,661,contact_low,299.0,318.0,mask PCA skeleton + low contact point,generated_videos/control_points_2_car.mp4
132,0,car_racing_ego_car,1.0,288.0,278.0,312.0,320.0,659,centroid,299.408203125,300.0318603515625,mask PCA skeleton + low contact point,generated_videos/control_points_2_car.mp4
132,0,car_racing_ego_car,1.0,288.0,278.0,312.0,320.0,659,axis_front,290.0,319.0,mask PCA skeleton + low contact point,generated_videos/control_points_2_car.mp4
132,0,car_racing_ego_car,1.0,288.0,278.0,312.0,320.0,659,axis_back,311.0,278.0,mask PCA skeleton + low contact point,generated_videos/control_points_2_car.mp4
132,0,car_racing_ego_car,1.0,288.0,278.0,312.0,320.0,659,axis_left,311.0,281.0,mask PCA skeleton + low contact point,generated_videos/control_points_2_car.mp4
132,0,car_racing_ego_car,1.0,288.0,278.0,312.0,320.0,659,axis_right,288.0,278.0,mask PCA skeleton + low contact point,generated_videos/control_points_2_car.mp4
132,0,car_racing_ego_car,1.0,288.0,278.0,312.0,320.0,659,contact_low,299.0,318.0,mask PCA skeleton + low contact point,generated_videos/control_points_2_car.mp4
133,0,car_racing_ego_car,1.0,288.0,278.0,312.0,320.0,661,centroid,299.56732177734375,299.9697570800781,mask PCA skeleton + low contact point,generated_videos/control_points_2_car.mp4
133,0,car_racing_ego_car,1.0,288.0,278.0,312.0,320.0,661,axis_front,309.0,319.0,mask PCA skeleton + low contact point,generated_videos/control_points_2_car.mp4
133,0,car_racing_ego_car,1.0,288.0,278.0,312.0,320.0,661,axis_back,288.0,278.0,mask PCA skeleton + low contact point,generated_videos/control_points_2_car.mp4
133,0,car_racing_ego_car,1.0,288.0,278.0,312.0,320.0,661,axis_left,311.0,278.0,mask PCA skeleton + low contact point,generated_videos/control_points_2_car.mp4
133,0,car_racing_ego_car,1.0,288.0,278.0,312.0,320.0,661,axis_right,288.0,281.0,mask PCA skeleton + low contact point,generated_videos/control_points_2_car.mp4
133,0,car_racing_ego_car,1.0,288.0,278.0,312.0,320.0,661,contact_low,299.0,318.0,mask PCA skeleton + low contact point,generated_videos/control_points_2_car.mp4
134,0,car_racing_ego_car,1.0,288.0,278.0,312.0,320.0,651,centroid,299.48541259765625,299.9017028808594,mask PCA skeleton + low contact point,generated_videos/control_points_2_car.mp4
134,0,car_racing_ego_car,1.0,288.0,278.0,312.0,320.0,651,axis_front,290.0,319.0,mask PCA skeleton + low contact point,generated_videos/control_points_2_car.mp4
134,0,car_racing_ego_car,1.0,288.0,278.0,312.0,320.0,651,axis_back,311.0,278.0,mask PCA skeleton + low contact point,generated_videos/control_points_2_car.mp4
134,0,car_racing_ego_car,1.0,288.0,278.0,312.0,320.0,651,axis_left,311.0,281.0,mask PCA skeleton + low contact point,generated_videos/control_points_2_car.mp4
134,0,car_racing_ego_car,1.0,288.0,278.0,312.0,320.0,651,axis_right,288.0,278.0,mask PCA skeleton + low contact point,generated_videos/control_points_2_car.mp4
134,0,car_racing_ego_car,1.0,288.0,278.0,312.0,320.0,651,contact_low,299.0,318.0,mask PCA skeleton + low contact point,generated_videos/control_points_2_car.mp4
135,0,car_racing_ego_car,1.0,288.0,278.0,312.0,320.0,666,centroid,299.56304931640625,299.7987976074219,mask PCA skeleton + low contact point,generated_videos/control_points_2_car.mp4
135,0,car_racing_ego_car,1.0,288.0,278.0,312.0,320.0,666,axis_front,290.0,319.0,mask PCA skeleton + low contact point,generated_videos/control_points_2_car.mp4
135,0,car_racing_ego_car,1.0,288.0,278.0,312.0,320.0,666,axis_back,311.0,278.0,mask PCA skeleton + low contact point,generated_videos/control_points_2_car.mp4
135,0,car_racing_ego_car,1.0,288.0,278.0,312.0,320.0,666,axis_left,311.0,281.0,mask PCA skeleton + low contact point,generated_videos/control_points_2_car.mp4
135,0,car_racing_ego_car,1.0,288.0,278.0,312.0,320.0,666,axis_right,288.0,278.0,mask PCA skeleton + low contact point,generated_videos/control_points_2_car.mp4
135,0,car_racing_ego_car,1.0,288.0,278.0,312.0,320.0,666,contact_low,299.0,318.0,mask PCA skeleton + low contact point,generated_videos/control_points_2_car.mp4
136,0,car_racing_ego_car,1.0,288.0,278.0,312.0,320.0,651,centroid,299.48541259765625,299.9017028808594,mask PCA skeleton + low contact point,generated_videos/control_points_2_car.mp4
136,0,car_racing_ego_car,1.0,288.0,278.0,312.0,320.0,651,axis_front,290.0,319.0,mask PCA skeleton + low contact point,generated_videos/control_points_2_car.mp4
136,0,car_racing_ego_car,1.0,288.0,278.0,312.0,320.0,651,axis_back,311.0,278.0,mask PCA skeleton + low contact point,generated_videos/control_points_2_car.mp4
136,0,car_racing_ego_car,1.0,288.0,278.0,312.0,320.0,651,axis_left,311.0,281.0,mask PCA skeleton + low contact point,generated_videos/control_points_2_car.mp4
136,0,car_racing_ego_car,1.0,288.0,278.0,312.0,320.0,651,axis_right,288.0,278.0,mask PCA skeleton + low contact point,generated_videos/control_points_2_car.mp4
136,0,car_racing_ego_car,1.0,288.0,278.0,312.0,320.0,651,contact_low,299.0,318.0,mask PCA skeleton + low contact point,generated_videos/control_points_2_car.mp4
137,0,car_racing_ego_car,1.0,288.0,278.0,312.0,320.0,651,centroid,299.48541259765625,299.9017028808594,mask PCA skeleton + low contact point,generated_videos/control_points_2_car.mp4
137,0,car_racing_ego_car,1.0,288.0,278.0,312.0,320.0,651,axis_front,290.0,319.0,mask PCA skeleton + low contact point,generated_videos/control_points_2_car.mp4
137,0,car_racing_ego_car,1.0,288.0,278.0,312.0,320.0,651,axis_back,311.0,278.0,mask PCA skeleton + low contact point,generated_videos/control_points_2_car.mp4
137,0,car_racing_ego_car,1.0,288.0,278.0,312.0,320.0,651,axis_left,311.0,281.0,mask PCA skeleton + low contact point,generated_videos/control_points_2_car.mp4
137,0,car_racing_ego_car,1.0,288.0,278.0,312.0,320.0,651,axis_right,288.0,278.0,mask PCA skeleton + low contact point,generated_videos/control_points_2_car.mp4
137,0,car_racing_ego_car,1.0,288.0,278.0,312.0,320.0,651,contact_low,299.0,318.0,mask PCA skeleton + low contact point,generated_videos/control_points_2_car.mp4
138,0,car_racing_ego_car,1.0,288.0,278.0,312.0,320.0,654,centroid,299.52294921875,299.8700256347656,mask PCA skeleton + low contact point,generated_videos/control_points_2_car.mp4
138,0,car_racing_ego_car,1.0,288.0,278.0,312.0,320.0,654,axis_front,290.0,319.0,mask PCA skeleton + low contact point,generated_videos/control_points_2_car.mp4
138,0,car_racing_ego_car,1.0,288.0,278.0,312.0,320.0,654,axis_back,311.0,278.0,mask PCA skeleton + low contact point,generated_videos/control_points_2_car.mp4
138,0,car_racing_ego_car,1.0,288.0,278.0,312.0,320.0,654,axis_left,311.0,281.0,mask PCA skeleton + low contact point,generated_videos/control_points_2_car.mp4
138,0,car_racing_ego_car,1.0,288.0,278.0,312.0,320.0,654,axis_right,288.0,278.0,mask PCA skeleton + low contact point,generated_videos/control_points_2_car.mp4
138,0,car_racing_ego_car,1.0,288.0,278.0,312.0,320.0,654,contact_low,299.0,318.0,mask PCA skeleton + low contact point,generated_videos/control_points_2_car.mp4
139,0,car_racing_ego_car,1.0,288.0,278.0,312.0,320.0,652,centroid,299.5,299.9233093261719,mask PCA skeleton + low contact point,generated_videos/control_points_2_car.mp4
139,0,car_racing_ego_car,1.0,288.0,278.0,312.0,320.0,652,axis_front,290.0,319.0,mask PCA skeleton + low contact point,generated_videos/control_points_2_car.mp4
139,0,car_racing_ego_car,1.0,288.0,278.0,312.0,320.0,652,axis_back,288.0,278.0,mask PCA skeleton + low contact point,generated_videos/control_points_2_car.mp4
139,0,car_racing_ego_car,1.0,288.0,278.0,312.0,320.0,652,axis_left,311.0,278.0,mask PCA skeleton + low contact point,generated_videos/control_points_2_car.mp4
139,0,car_racing_ego_car,1.0,288.0,278.0,312.0,320.0,652,axis_right,288.0,278.0,mask PCA skeleton + low contact point,generated_videos/control_points_2_car.mp4
139,0,car_racing_ego_car,1.0,288.0,278.0,312.0,320.0,652,contact_low,299.0,318.0,mask PCA skeleton + low contact point,generated_videos/control_points_2_car.mp4
140,0,car_racing_ego_car,1.0,288.0,278.0,312.0,320.0,651,centroid,299.48541259765625,299.9017028808594,mask PCA skeleton + low contact point,generated_videos/control_points_2_car.mp4
140,0,car_racing_ego_car,1.0,288.0,278.0,312.0,320.0,651,axis_front,290.0,319.0,mask PCA skeleton + low contact point,generated_videos/control_points_2_car.mp4
140,0,car_racing_ego_car,1.0,288.0,278.0,312.0,320.0,651,axis_back,311.0,278.0,mask PCA skeleton + low contact point,generated_videos/control_points_2_car.mp4
140,0,car_racing_ego_car,1.0,288.0,278.0,312.0,320.0,651,axis_left,311.0,281.0,mask PCA skeleton + low contact point,generated_videos/control_points_2_car.mp4
140,0,car_racing_ego_car,1.0,288.0,278.0,312.0,320.0,651,axis_right,288.0,278.0,mask PCA skeleton + low contact point,generated_videos/control_points_2_car.mp4
140,0,car_racing_ego_car,1.0,288.0,278.0,312.0,320.0,651,contact_low,299.0,318.0,mask PCA skeleton + low contact point,generated_videos/control_points_2_car.mp4
141,0,car_racing_ego_car,1.0,288.0,278.0,312.0,320.0,653,centroid,299.4624938964844,299.848388671875,mask PCA skeleton + low contact point,generated_videos/control_points_2_car.mp4
141,0,car_racing_ego_car,1.0,288.0,278.0,312.0,320.0,653,axis_front,309.0,319.0,mask PCA skeleton + low contact point,generated_videos/control_points_2_car.mp4
141,0,car_racing_ego_car,1.0,288.0,278.0,312.0,320.0,653,axis_back,288.0,278.0,mask PCA skeleton + low contact point,generated_videos/control_points_2_car.mp4
141,0,car_racing_ego_car,1.0,288.0,278.0,312.0,320.0,653,axis_left,311.0,278.0,mask PCA skeleton + low contact point,generated_videos/control_points_2_car.mp4
141,0,car_racing_ego_car,1.0,288.0,278.0,312.0,320.0,653,axis_right,288.0,281.0,mask PCA skeleton + low contact point,generated_videos/control_points_2_car.mp4
141,0,car_racing_ego_car,1.0,288.0,278.0,312.0,320.0,653,contact_low,299.0,318.0,mask PCA skeleton + low contact point,generated_videos/control_points_2_car.mp4
142,0,car_racing_ego_car,1.0,288.0,278.0,312.0,320.0,669,centroid,299.4095764160156,299.97906494140625,mask PCA skeleton + low contact point,generated_videos/control_points_2_car.mp4
142,0,car_racing_ego_car,1.0,288.0,278.0,312.0,320.0,669,axis_front,290.0,319.0,mask PCA skeleton + low contact point,generated_videos/control_points_2_car.mp4
142,0,car_racing_ego_car,1.0,288.0,278.0,312.0,320.0,669,axis_back,311.0,278.0,mask PCA skeleton + low contact point,generated_videos/control_points_2_car.mp4
142,0,car_racing_ego_car,1.0,288.0,278.0,312.0,320.0,669,axis_left,311.0,282.0,mask PCA skeleton + low contact point,generated_videos/control_points_2_car.mp4
142,0,car_racing_ego_car,1.0,288.0,278.0,312.0,320.0,669,axis_right,288.0,278.0,mask PCA skeleton + low contact point,generated_videos/control_points_2_car.mp4
142,0,car_racing_ego_car,1.0,288.0,278.0,312.0,320.0,669,contact_low,299.0,318.0,mask PCA skeleton + low contact point,generated_videos/control_points_2_car.mp4
143,0,car_racing_ego_car,1.0,288.0,278.0,312.0,320.0,651,centroid,299.48541259765625,299.9017028808594,mask PCA skeleton + low contact point,generated_videos/control_points_2_car.mp4
143,0,car_racing_ego_car,1.0,288.0,278.0,312.0,320.0,651,axis_front,290.0,319.0,mask PCA skeleton + low contact point,generated_videos/control_points_2_car.mp4
143,0,car_racing_ego_car,1.0,288.0,278.0,312.0,320.0,651,axis_back,311.0,278.0,mask PCA skeleton + low contact point,generated_videos/control_points_2_car.mp4
143,0,car_racing_ego_car,1.0,288.0,278.0,312.0,320.0,651,axis_left,311.0,281.0,mask PCA skeleton + low contact point,generated_videos/control_points_2_car.mp4
143,0,car_racing_ego_car,1.0,288.0,278.0,312.0,320.0,651,axis_right,288.0,278.0,mask PCA skeleton + low contact point,generated_videos/control_points_2_car.mp4
143,0,car_racing_ego_car,1.0,288.0,278.0,312.0,320.0,651,contact_low,299.0,318.0,mask PCA skeleton + low contact point,generated_videos/control_points_2_car.mp4
144,0,car_racing_ego_car,1.0,288.0,278.0,312.0,320.0,651,centroid,299.48541259765625,299.9017028808594,mask PCA skeleton + low contact point,generated_videos/control_points_2_car.mp4
144,0,car_racing_ego_car,1.0,288.0,278.0,312.0,320.0,651,axis_front,290.0,319.0,mask PCA skeleton + low contact point,generated_videos/control_points_2_car.mp4
144,0,car_racing_ego_car,1.0,288.0,278.0,312.0,320.0,651,axis_back,311.0,278.0,mask PCA skeleton + low contact point,generated_videos/control_points_2_car.mp4
144,0,car_racing_ego_car,1.0,288.0,278.0,312.0,320.0,651,axis_left,311.0,281.0,mask PCA skeleton + low contact point,generated_videos/control_points_2_car.mp4
144,0,car_racing_ego_car,1.0,288.0,278.0,312.0,320.0,651,axis_right,288.0,278.0,mask PCA skeleton + low contact point,generated_videos/control_points_2_car.mp4
144,0,car_racing_ego_car,1.0,288.0,278.0,312.0,320.0,651,contact_low,299.0,318.0,mask PCA skeleton + low contact point,generated_videos/control_points_2_car.mp4
145,0,car_racing_ego_car,1.0,288.0,278.0,312.0,320.0,657,centroid,299.4946594238281,299.7199401855469,mask PCA skeleton + low contact point,generated_videos/control_points_2_car.mp4
145,0,car_racing_ego_car,1.0,288.0,278.0,312.0,320.0,657,axis_front,309.0,319.0,mask PCA skeleton + low contact point,generated_videos/control_points_2_car.mp4
145,0,car_racing_ego_car,1.0,288.0,278.0,312.0,320.0,657,axis_back,288.0,278.0,mask PCA skeleton + low contact point,generated_videos/control_points_2_car.mp4
145,0,car_racing_ego_car,1.0,288.0,278.0,312.0,320.0,657,axis_left,311.0,278.0,mask PCA skeleton + low contact point,generated_videos/control_points_2_car.mp4
145,0,car_racing_ego_car,1.0,288.0,278.0,312.0,320.0,657,axis_right,288.0,281.0,mask PCA skeleton + low contact point,generated_videos/control_points_2_car.mp4
145,0,car_racing_ego_car,1.0,288.0,278.0,312.0,320.0,657,contact_low,299.0,318.0,mask PCA skeleton + low contact point,generated_videos/control_points_2_car.mp4
146,0,car_racing_ego_car,1.0,288.0,278.0,312.0,320.0,667,centroid,299.5517272949219,299.73614501953125,mask PCA skeleton + low contact point,generated_videos/control_points_2_car.mp4
146,0,car_racing_ego_car,1.0,288.0,278.0,312.0,320.0,667,axis_front,290.0,319.0,mask PCA skeleton + low contact point,generated_videos/control_points_2_car.mp4
146,0,car_racing_ego_car,1.0,288.0,278.0,312.0,320.0,667,axis_back,311.0,278.0,mask PCA skeleton + low contact point,generated_videos/control_points_2_car.mp4
146,0,car_racing_ego_car,1.0,288.0,278.0,312.0,320.0,667,axis_left,311.0,283.0,mask PCA skeleton + low contact point,generated_videos/control_points_2_car.mp4
146,0,car_racing_ego_car,1.0,288.0,278.0,312.0,320.0,667,axis_right,288.0,278.0,mask PCA skeleton + low contact point,generated_videos/control_points_2_car.mp4
146,0,car_racing_ego_car,1.0,288.0,278.0,312.0,320.0,667,contact_low,299.0,318.0,mask PCA skeleton + low contact point,generated_videos/control_points_2_car.mp4
147,0,car_racing_ego_car,1.0,288.0,278.0,312.0,320.0,655,centroid,299.4366455078125,299.89007568359375,mask PCA skeleton + low contact point,generated_videos/control_points_2_car.mp4
147,0,car_racing_ego_car,1.0,288.0,278.0,312.0,320.0,655,axis_front,290.0,319.0,mask PCA skeleton + low contact point,generated_videos/control_points_2_car.mp4
147,0,car_racing_ego_car,1.0,288.0,278.0,312.0,320.0,655,axis_back,311.0,278.0,mask PCA skeleton + low contact point,generated_videos/control_points_2_car.mp4
147,0,car_racing_ego_car,1.0,288.0,278.0,312.0,320.0,655,axis_left,311.0,281.0,mask PCA skeleton + low contact point,generated_videos/control_points_2_car.mp4
147,0,car_racing_ego_car,1.0,288.0,278.0,312.0,320.0,655,axis_right,288.0,278.0,mask PCA skeleton + low contact point,generated_videos/control_points_2_car.mp4
147,0,car_racing_ego_car,1.0,288.0,278.0,312.0,320.0,655,contact_low,299.0,318.0,mask PCA skeleton + low contact point,generated_videos/control_points_2_car.mp4
148,0,car_racing_ego_car,1.0,288.0,278.0,312.0,320.0,653,centroid,299.4624938964844,299.848388671875,mask PCA skeleton + low contact point,generated_videos/control_points_2_car.mp4
148,0,car_racing_ego_car,1.0,288.0,278.0,312.0,320.0,653,axis_front,309.0,319.0,mask PCA skeleton + low contact point,generated_videos/control_points_2_car.mp4
148,0,car_racing_ego_car,1.0,288.0,278.0,312.0,320.0,653,axis_back,288.0,278.0,mask PCA skeleton + low contact point,generated_videos/control_points_2_car.mp4
148,0,car_racing_ego_car,1.0,288.0,278.0,312.0,320.0,653,axis_left,311.0,278.0,mask PCA skeleton + low contact point,generated_videos/control_points_2_car.mp4
148,0,car_racing_ego_car,1.0,288.0,278.0,312.0,320.0,653,axis_right,288.0,281.0,mask PCA skeleton + low contact point,generated_videos/control_points_2_car.mp4
148,0,car_racing_ego_car,1.0,288.0,278.0,312.0,320.0,653,contact_low,299.0,318.0,mask PCA skeleton + low contact point,generated_videos/control_points_2_car.mp4
149,0,car_racing_ego_car,1.0,288.0,278.0,312.0,320.0,653,centroid,299.4624938964844,299.848388671875,mask PCA skeleton + low contact point,generated_videos/control_points_2_car.mp4
149,0,car_racing_ego_car,1.0,288.0,278.0,312.0,320.0,653,axis_front,309.0,319.0,mask PCA skeleton + low contact point,generated_videos/control_points_2_car.mp4
149,0,car_racing_ego_car,1.0,288.0,278.0,312.0,320.0,653,axis_back,288.0,278.0,mask PCA skeleton + low contact point,generated_videos/control_points_2_car.mp4
149,0,car_racing_ego_car,1.0,288.0,278.0,312.0,320.0,653,axis_left,311.0,278.0,mask PCA skeleton + low contact point,generated_videos/control_points_2_car.mp4
149,0,car_racing_ego_car,1.0,288.0,278.0,312.0,320.0,653,axis_right,288.0,281.0,mask PCA skeleton + low contact point,generated_videos/control_points_2_car.mp4
149,0,car_racing_ego_car,1.0,288.0,278.0,312.0,320.0,653,contact_low,299.0,318.0,mask PCA skeleton + low contact point,generated_videos/control_points_2_car.mp4
150,0,car_racing_ego_car,1.0,288.0,278.0,312.0,320.0,655,centroid,299.4900817871094,299.873291015625,mask PCA skeleton + low contact point,generated_videos/control_points_2_car.mp4
150,0,car_racing_ego_car,1.0,288.0,278.0,312.0,320.0,655,axis_front,309.0,319.0,mask PCA skeleton + low contact point,generated_videos/control_points_2_car.mp4
150,0,car_racing_ego_car,1.0,288.0,278.0,312.0,320.0,655,axis_back,288.0,278.0,mask PCA skeleton + low contact point,generated_videos/control_points_2_car.mp4
150,0,car_racing_ego_car,1.0,288.0,278.0,312.0,320.0,655,axis_left,311.0,278.0,mask PCA skeleton + low contact point,generated_videos/control_points_2_car.mp4
150,0,car_racing_ego_car,1.0,288.0,278.0,312.0,320.0,655,axis_right,288.0,281.0,mask PCA skeleton + low contact point,generated_videos/control_points_2_car.mp4
150,0,car_racing_ego_car,1.0,288.0,278.0,312.0,320.0,655,contact_low,299.0,318.0,mask PCA skeleton + low contact point,generated_videos/control_points_2_car.mp4
151,0,car_racing_ego_car,1.0,288.0,278.0,312.0,320.0,651,centroid,299.48541259765625,299.9017028808594,mask PCA skeleton + low contact point,generated_videos/control_points_2_car.mp4
151,0,car_racing_ego_car,1.0,288.0,278.0,312.0,320.0,651,axis_front,290.0,319.0,mask PCA skeleton + low contact point,generated_videos/control_points_2_car.mp4
151,0,car_racing_ego_car,1.0,288.0,278.0,312.0,320.0,651,axis_back,311.0,278.0,mask PCA skeleton + low contact point,generated_videos/control_points_2_car.mp4
151,0,car_racing_ego_car,1.0,288.0,278.0,312.0,320.0,651,axis_left,311.0,281.0,mask PCA skeleton + low contact point,generated_videos/control_points_2_car.mp4
151,0,car_racing_ego_car,1.0,288.0,278.0,312.0,320.0,651,axis_right,288.0,278.0,mask PCA skeleton + low contact point,generated_videos/control_points_2_car.mp4
151,0,car_racing_ego_car,1.0,288.0,278.0,312.0,320.0,651,contact_low,299.0,318.0,mask PCA skeleton + low contact point,generated_videos/control_points_2_car.mp4
152,0,car_racing_ego_car,1.0,288.0,278.0,312.0,320.0,664,centroid,299.33734130859375,300.1144714355469,mask PCA skeleton + low contact point,generated_videos/control_points_2_car.mp4
152,0,car_racing_ego_car,1.0,288.0,278.0,312.0,320.0,664,axis_front,290.0,319.0,mask PCA skeleton + low contact point,generated_videos/control_points_2_car.mp4
152,0,car_racing_ego_car,1.0,288.0,278.0,312.0,320.0,664,axis_back,311.0,278.0,mask PCA skeleton + low contact point,generated_videos/control_points_2_car.mp4
152,0,car_racing_ego_car,1.0,288.0,278.0,312.0,320.0,664,axis_left,311.0,281.0,mask PCA skeleton + low contact point,generated_videos/control_points_2_car.mp4
152,0,car_racing_ego_car,1.0,288.0,278.0,312.0,320.0,664,axis_right,288.0,278.0,mask PCA skeleton + low contact point,generated_videos/control_points_2_car.mp4
152,0,car_racing_ego_car,1.0,288.0,278.0,312.0,320.0,664,contact_low,299.0,318.0,mask PCA skeleton + low contact point,generated_videos/control_points_2_car.mp4
153,0,car_racing_ego_car,1.0,288.0,278.0,312.0,320.0,655,centroid,299.4549560546875,299.86871337890625,mask PCA skeleton + low contact point,generated_videos/control_points_2_car.mp4
153,0,car_racing_ego_car,1.0,288.0,278.0,312.0,320.0,655,axis_front,290.0,319.0,mask PCA skeleton + low contact point,generated_videos/control_points_2_car.mp4
153,0,car_racing_ego_car,1.0,288.0,278.0,312.0,320.0,655,axis_back,311.0,278.0,mask PCA skeleton + low contact point,generated_videos/control_points_2_car.mp4
153,0,car_racing_ego_car,1.0,288.0,278.0,312.0,320.0,655,axis_left,311.0,281.0,mask PCA skeleton + low contact point,generated_videos/control_points_2_car.mp4
153,0,car_racing_ego_car,1.0,288.0,278.0,312.0,320.0,655,axis_right,288.0,278.0,mask PCA skeleton + low contact point,generated_videos/control_points_2_car.mp4
153,0,car_racing_ego_car,1.0,288.0,278.0,312.0,320.0,655,contact_low,299.0,318.0,mask PCA skeleton + low contact point,generated_videos/control_points_2_car.mp4
154,0,car_racing_ego_car,1.0,288.0,278.0,312.0,320.0,651,centroid,299.48541259765625,299.9017028808594,mask PCA skeleton + low contact point,generated_videos/control_points_2_car.mp4
154,0,car_racing_ego_car,1.0,288.0,278.0,312.0,320.0,651,axis_front,290.0,319.0,mask PCA skeleton + low contact point,generated_videos/control_points_2_car.mp4
154,0,car_racing_ego_car,1.0,288.0,278.0,312.0,320.0,651,axis_back,311.0,278.0,mask PCA skeleton + low contact point,generated_videos/control_points_2_car.mp4
154,0,car_racing_ego_car,1.0,288.0,278.0,312.0,320.0,651,axis_left,311.0,281.0,mask PCA skeleton + low contact point,generated_videos/control_points_2_car.mp4
154,0,car_racing_ego_car,1.0,288.0,278.0,312.0,320.0,651,axis_right,288.0,278.0,mask PCA skeleton + low contact point,generated_videos/control_points_2_car.mp4
154,0,car_racing_ego_car,1.0,288.0,278.0,312.0,320.0,651,contact_low,299.0,318.0,mask PCA skeleton + low contact point,generated_videos/control_points_2_car.mp4
155,0,car_racing_ego_car,1.0,288.0,278.0,312.0,320.0,653,centroid,299.5084228515625,299.848388671875,mask PCA skeleton + low contact point,generated_videos/control_points_2_car.mp4
155,0,car_racing_ego_car,1.0,288.0,278.0,312.0,320.0,653,axis_front,290.0,319.0,mask PCA skeleton + low contact point,generated_videos/control_points_2_car.mp4
155,0,car_racing_ego_car,1.0,288.0,278.0,312.0,320.0,653,axis_back,311.0,278.0,mask PCA skeleton + low contact point,generated_videos/control_points_2_car.mp4
155,0,car_racing_ego_car,1.0,288.0,278.0,312.0,320.0,653,axis_left,311.0,281.0,mask PCA skeleton + low contact point,generated_videos/control_points_2_car.mp4
155,0,car_racing_ego_car,1.0,288.0,278.0,312.0,320.0,653,axis_right,288.0,278.0,mask PCA skeleton + low contact point,generated_videos/control_points_2_car.mp4
155,0,car_racing_ego_car,1.0,288.0,278.0,312.0,320.0,653,contact_low,299.0,318.0,mask PCA skeleton + low contact point,generated_videos/control_points_2_car.mp4
156,0,car_racing_ego_car,1.0,288.0,278.0,312.0,320.0,650,centroid,299.4953918457031,299.9277038574219,mask PCA skeleton + low contact point,generated_videos/control_points_2_car.mp4
156,0,car_racing_ego_car,1.0,288.0,278.0,312.0,320.0,650,axis_front,290.0,319.0,mask PCA skeleton + low contact point,generated_videos/control_points_2_car.mp4
156,0,car_racing_ego_car,1.0,288.0,278.0,312.0,320.0,650,axis_back,311.0,278.0,mask PCA skeleton + low contact point,generated_videos/control_points_2_car.mp4
156,0,car_racing_ego_car,1.0,288.0,278.0,312.0,320.0,650,axis_left,311.0,281.0,mask PCA skeleton + low contact point,generated_videos/control_points_2_car.mp4
156,0,car_racing_ego_car,1.0,288.0,278.0,312.0,320.0,650,axis_right,288.0,278.0,mask PCA skeleton + low contact point,generated_videos/control_points_2_car.mp4
156,0,car_racing_ego_car,1.0,288.0,278.0,312.0,320.0,650,contact_low,299.0,318.0,mask PCA skeleton + low contact point,generated_videos/control_points_2_car.mp4
157,0,car_racing_ego_car,1.0,288.0,278.0,312.0,320.0,651,centroid,299.48541259765625,299.9017028808594,mask PCA skeleton + low contact point,generated_videos/control_points_2_car.mp4
157,0,car_racing_ego_car,1.0,288.0,278.0,312.0,320.0,651,axis_front,290.0,319.0,mask PCA skeleton + low contact point,generated_videos/control_points_2_car.mp4
157,0,car_racing_ego_car,1.0,288.0,278.0,312.0,320.0,651,axis_back,311.0,278.0,mask PCA skeleton + low contact point,generated_videos/control_points_2_car.mp4
157,0,car_racing_ego_car,1.0,288.0,278.0,312.0,320.0,651,axis_left,311.0,281.0,mask PCA skeleton + low contact point,generated_videos/control_points_2_car.mp4
157,0,car_racing_ego_car,1.0,288.0,278.0,312.0,320.0,651,axis_right,288.0,278.0,mask PCA skeleton + low contact point,generated_videos/control_points_2_car.mp4
157,0,car_racing_ego_car,1.0,288.0,278.0,312.0,320.0,651,contact_low,299.0,318.0,mask PCA skeleton + low contact point,generated_videos/control_points_2_car.mp4
158,0,car_racing_ego_car,1.0,288.0,278.0,312.0,320.0,652,centroid,299.5,299.9233093261719,mask PCA skeleton + low contact point,generated_videos/control_points_2_car.mp4
158,0,car_racing_ego_car,1.0,288.0,278.0,312.0,320.0,652,axis_front,290.0,319.0,mask PCA skeleton + low contact point,generated_videos/control_points_2_car.mp4
158,0,car_racing_ego_car,1.0,288.0,278.0,312.0,320.0,652,axis_back,288.0,278.0,mask PCA skeleton + low contact point,generated_videos/control_points_2_car.mp4
158,0,car_racing_ego_car,1.0,288.0,278.0,312.0,320.0,652,axis_left,311.0,278.0,mask PCA skeleton + low contact point,generated_videos/control_points_2_car.mp4
158,0,car_racing_ego_car,1.0,288.0,278.0,312.0,320.0,652,axis_right,288.0,278.0,mask PCA skeleton + low contact point,generated_videos/control_points_2_car.mp4
158,0,car_racing_ego_car,1.0,288.0,278.0,312.0,320.0,652,contact_low,299.0,318.0,mask PCA skeleton + low contact point,generated_videos/control_points_2_car.mp4
159,0,car_racing_ego_car,1.0,288.0,278.0,312.0,320.0,656,centroid,299.49542236328125,299.8948059082031,mask PCA skeleton + low contact point,generated_videos/control_points_2_car.mp4
159,0,car_racing_ego_car,1.0,288.0,278.0,312.0,320.0,656,axis_front,290.0,319.0,mask PCA skeleton + low contact point,generated_videos/control_points_2_car.mp4
159,0,car_racing_ego_car,1.0,288.0,278.0,312.0,320.0,656,axis_back,311.0,278.0,mask PCA skeleton + low contact point,generated_videos/control_points_2_car.mp4
159,0,car_racing_ego_car,1.0,288.0,278.0,312.0,320.0,656,axis_left,311.0,281.0,mask PCA skeleton + low contact point,generated_videos/control_points_2_car.mp4
159,0,car_racing_ego_car,1.0,288.0,278.0,312.0,320.0,656,axis_right,288.0,278.0,mask PCA skeleton + low contact point,generated_videos/control_points_2_car.mp4
159,0,car_racing_ego_car,1.0,288.0,278.0,312.0,320.0,656,contact_low,299.0,318.0,mask PCA skeleton + low contact point,generated_videos/control_points_2_car.mp4
160,0,car_racing_ego_car,1.0,288.0,278.0,312.0,320.0,651,centroid,299.48541259765625,299.9017028808594,mask PCA skeleton + low contact point,generated_videos/control_points_2_car.mp4
160,0,car_racing_ego_car,1.0,288.0,278.0,312.0,320.0,651,axis_front,290.0,319.0,mask PCA skeleton + low contact point,generated_videos/control_points_2_car.mp4
160,0,car_racing_ego_car,1.0,288.0,278.0,312.0,320.0,651,axis_back,311.0,278.0,mask PCA skeleton + low contact point,generated_videos/control_points_2_car.mp4
160,0,car_racing_ego_car,1.0,288.0,278.0,312.0,320.0,651,axis_left,311.0,281.0,mask PCA skeleton + low contact point,generated_videos/control_points_2_car.mp4
160,0,car_racing_ego_car,1.0,288.0,278.0,312.0,320.0,651,axis_right,288.0,278.0,mask PCA skeleton + low contact point,generated_videos/control_points_2_car.mp4
160,0,car_racing_ego_car,1.0,288.0,278.0,312.0,320.0,651,contact_low,299.0,318.0,mask PCA skeleton + low contact point,generated_videos/control_points_2_car.mp4
161,0,car_racing_ego_car,1.0,288.0,278.0,312.0,320.0,655,centroid,299.4366455078125,299.79541015625,mask PCA skeleton + low contact point,generated_videos/control_points_2_car.mp4
161,0,car_racing_ego_car,1.0,288.0,278.0,312.0,320.0,655,axis_front,309.0,319.0,mask PCA skeleton + low contact point,generated_videos/control_points_2_car.mp4
161,0,car_racing_ego_car,1.0,288.0,278.0,312.0,320.0,655,axis_back,288.0,278.0,mask PCA skeleton + low contact point,generated_videos/control_points_2_car.mp4
161,0,car_racing_ego_car,1.0,288.0,278.0,312.0,320.0,655,axis_left,311.0,278.0,mask PCA skeleton + low contact point,generated_videos/control_points_2_car.mp4
161,0,car_racing_ego_car,1.0,288.0,278.0,312.0,320.0,655,axis_right,288.0,281.0,mask PCA skeleton + low contact point,generated_videos/control_points_2_car.mp4
161,0,car_racing_ego_car,1.0,288.0,278.0,312.0,320.0,655,contact_low,299.0,318.0,mask PCA skeleton + low contact point,generated_videos/control_points_2_car.mp4
162,0,car_racing_ego_car,1.0,288.0,278.0,312.0,320.0,668,centroid,299.38623046875,300.00897216796875,mask PCA skeleton + low contact point,generated_videos/control_points_2_car.mp4
162,0,car_racing_ego_car,1.0,288.0,278.0,312.0,320.0,668,axis_front,290.0,319.0,mask PCA skeleton + low contact point,generated_videos/control_points_2_car.mp4
162,0,car_racing_ego_car,1.0,288.0,278.0,312.0,320.0,668,axis_back,311.0,278.0,mask PCA skeleton + low contact point,generated_videos/control_points_2_car.mp4
162,0,car_racing_ego_car,1.0,288.0,278.0,312.0,320.0,668,axis_left,311.0,281.0,mask PCA skeleton + low contact point,generated_videos/control_points_2_car.mp4
162,0,car_racing_ego_car,1.0,288.0,278.0,312.0,320.0,668,axis_right,288.0,278.0,mask PCA skeleton + low contact point,generated_videos/control_points_2_car.mp4
162,0,car_racing_ego_car,1.0,288.0,278.0,312.0,320.0,668,contact_low,299.0,318.0,mask PCA skeleton + low contact point,generated_videos/control_points_2_car.mp4
163,0,car_racing_ego_car,1.0,288.0,278.0,312.0,320.0,667,centroid,299.51275634765625,299.97900390625,mask PCA skeleton + low contact point,generated_videos/control_points_2_car.mp4
163,0,car_racing_ego_car,1.0,288.0,278.0,312.0,320.0,667,axis_front,309.0,319.0,mask PCA skeleton + low contact point,generated_videos/control_points_2_car.mp4
163,0,car_racing_ego_car,1.0,288.0,278.0,312.0,320.0,667,axis_back,288.0,278.0,mask PCA skeleton + low contact point,generated_videos/control_points_2_car.mp4
163,0,car_racing_ego_car,1.0,288.0,278.0,312.0,320.0,667,axis_left,311.0,278.0,mask PCA skeleton + low contact point,generated_videos/control_points_2_car.mp4
163,0,car_racing_ego_car,1.0,288.0,278.0,312.0,320.0,667,axis_right,288.0,281.0,mask PCA skeleton + low contact point,generated_videos/control_points_2_car.mp4
163,0,car_racing_ego_car,1.0,288.0,278.0,312.0,320.0,667,contact_low,299.0,318.0,mask PCA skeleton + low contact point,generated_videos/control_points_2_car.mp4
164,0,car_racing_ego_car,1.0,288.0,278.0,312.0,320.0,655,centroid,299.5160217285156,299.86871337890625,mask PCA skeleton + low contact point,generated_videos/control_points_2_car.mp4
164,0,car_racing_ego_car,1.0,288.0,278.0,312.0,320.0,655,axis_front,290.0,319.0,mask PCA skeleton + low contact point,generated_videos/control_points_2_car.mp4
164,0,car_racing_ego_car,1.0,288.0,278.0,312.0,320.0,655,axis_back,311.0,278.0,mask PCA skeleton + low contact point,generated_videos/control_points_2_car.mp4
164,0,car_racing_ego_car,1.0,288.0,278.0,312.0,320.0,655,axis_left,311.0,281.0,mask PCA skeleton + low contact point,generated_videos/control_points_2_car.mp4
164,0,car_racing_ego_car,1.0,288.0,278.0,312.0,320.0,655,axis_right,288.0,278.0,mask PCA skeleton + low contact point,generated_videos/control_points_2_car.mp4
164,0,car_racing_ego_car,1.0,288.0,278.0,312.0,320.0,655,contact_low,299.0,318.0,mask PCA skeleton + low contact point,generated_videos/control_points_2_car.mp4
165,0,car_racing_ego_car,1.0,288.0,278.0,312.0,320.0,651,centroid,299.4869384765625,299.8847961425781,mask PCA skeleton + low contact point,generated_videos/control_points_2_car.mp4
165,0,car_racing_ego_car,1.0,288.0,278.0,312.0,320.0,651,axis_front,290.0,319.0,mask PCA skeleton + low contact point,generated_videos/control_points_2_car.mp4
165,0,car_racing_ego_car,1.0,288.0,278.0,312.0,320.0,651,axis_back,311.0,278.0,mask PCA skeleton + low contact point,generated_videos/control_points_2_car.mp4
165,0,car_racing_ego_car,1.0,288.0,278.0,312.0,320.0,651,axis_left,311.0,281.0,mask PCA skeleton + low contact point,generated_videos/control_points_2_car.mp4
165,0,car_racing_ego_car,1.0,288.0,278.0,312.0,320.0,651,axis_right,288.0,278.0,mask PCA skeleton + low contact point,generated_videos/control_points_2_car.mp4
165,0,car_racing_ego_car,1.0,288.0,278.0,312.0,320.0,651,contact_low,299.0,318.0,mask PCA skeleton + low contact point,generated_videos/control_points_2_car.mp4
166,0,car_racing_ego_car,1.0,288.0,278.0,312.0,320.0,651,centroid,299.4900207519531,299.8049011230469,mask PCA skeleton + low contact point,generated_videos/control_points_2_car.mp4
166,0,car_racing_ego_car,1.0,288.0,278.0,312.0,320.0,651,axis_front,309.0,319.0,mask PCA skeleton + low contact point,generated_videos/control_points_2_car.mp4
166,0,car_racing_ego_car,1.0,288.0,278.0,312.0,320.0,651,axis_back,288.0,278.0,mask PCA skeleton + low contact point,generated_videos/control_points_2_car.mp4
166,0,car_racing_ego_car,1.0,288.0,278.0,312.0,320.0,651,axis_left,311.0,278.0,mask PCA skeleton + low contact point,generated_videos/control_points_2_car.mp4
166,0,car_racing_ego_car,1.0,288.0,278.0,312.0,320.0,651,axis_right,288.0,281.0,mask PCA skeleton + low contact point,generated_videos/control_points_2_car.mp4
166,0,car_racing_ego_car,1.0,288.0,278.0,312.0,320.0,651,contact_low,299.0,318.0,mask PCA skeleton + low contact point,generated_videos/control_points_2_car.mp4
167,0,car_racing_ego_car,1.0,288.0,278.0,312.0,320.0,651,centroid,299.48541259765625,299.9017028808594,mask PCA skeleton + low contact point,generated_videos/control_points_2_car.mp4
167,0,car_racing_ego_car,1.0,288.0,278.0,312.0,320.0,651,axis_front,290.0,319.0,mask PCA skeleton + low contact point,generated_videos/control_points_2_car.mp4
167,0,car_racing_ego_car,1.0,288.0,278.0,312.0,320.0,651,axis_back,311.0,278.0,mask PCA skeleton + low contact point,generated_videos/control_points_2_car.mp4
167,0,car_racing_ego_car,1.0,288.0,278.0,312.0,320.0,651,axis_left,311.0,281.0,mask PCA skeleton + low contact point,generated_videos/control_points_2_car.mp4
167,0,car_racing_ego_car,1.0,288.0,278.0,312.0,320.0,651,axis_right,288.0,278.0,mask PCA skeleton + low contact point,generated_videos/control_points_2_car.mp4
167,0,car_racing_ego_car,1.0,288.0,278.0,312.0,320.0,651,contact_low,299.0,318.0,mask PCA skeleton + low contact point,generated_videos/control_points_2_car.mp4
168,0,car_racing_ego_car,1.0,288.0,278.0,312.0,320.0,652,centroid,299.5,299.9233093261719,mask PCA skeleton + low contact point,generated_videos/control_points_2_car.mp4
168,0,car_racing_ego_car,1.0,288.0,278.0,312.0,320.0,652,axis_front,290.0,319.0,mask PCA skeleton + low contact point,generated_videos/control_points_2_car.mp4
168,0,car_racing_ego_car,1.0,288.0,278.0,312.0,320.0,652,axis_back,288.0,278.0,mask PCA skeleton + low contact point,generated_videos/control_points_2_car.mp4
168,0,car_racing_ego_car,1.0,288.0,278.0,312.0,320.0,652,axis_left,311.0,278.0,mask PCA skeleton + low contact point,generated_videos/control_points_2_car.mp4
168,0,car_racing_ego_car,1.0,288.0,278.0,312.0,320.0,652,axis_right,288.0,278.0,mask PCA skeleton + low contact point,generated_videos/control_points_2_car.mp4
168,0,car_racing_ego_car,1.0,288.0,278.0,312.0,320.0,652,contact_low,299.0,318.0,mask PCA skeleton + low contact point,generated_videos/control_points_2_car.mp4
169,0,car_racing_ego_car,1.0,288.0,278.0,312.0,320.0,652,centroid,299.5,299.9233093261719,mask PCA skeleton + low contact point,generated_videos/control_points_2_car.mp4
169,0,car_racing_ego_car,1.0,288.0,278.0,312.0,320.0,652,axis_front,290.0,319.0,mask PCA skeleton + low contact point,generated_videos/control_points_2_car.mp4
169,0,car_racing_ego_car,1.0,288.0,278.0,312.0,320.0,652,axis_back,288.0,278.0,mask PCA skeleton + low contact point,generated_videos/control_points_2_car.mp4
169,0,car_racing_ego_car,1.0,288.0,278.0,312.0,320.0,652,axis_left,311.0,278.0,mask PCA skeleton + low contact point,generated_videos/control_points_2_car.mp4
169,0,car_racing_ego_car,1.0,288.0,278.0,312.0,320.0,652,axis_right,288.0,278.0,mask PCA skeleton + low contact point,generated_videos/control_points_2_car.mp4
169,0,car_racing_ego_car,1.0,288.0,278.0,312.0,320.0,652,contact_low,299.0,318.0,mask PCA skeleton + low contact point,generated_videos/control_points_2_car.mp4
170,0,car_racing_ego_car,1.0,288.0,278.0,312.0,320.0,652,centroid,299.5,299.9233093261719,mask PCA skeleton + low contact point,generated_videos/control_points_2_car.mp4
170,0,car_racing_ego_car,1.0,288.0,278.0,312.0,320.0,652,axis_front,290.0,319.0,mask PCA skeleton + low contact point,generated_videos/control_points_2_car.mp4
170,0,car_racing_ego_car,1.0,288.0,278.0,312.0,320.0,652,axis_back,288.0,278.0,mask PCA skeleton + low contact point,generated_videos/control_points_2_car.mp4
170,0,car_racing_ego_car,1.0,288.0,278.0,312.0,320.0,652,axis_left,311.0,278.0,mask PCA skeleton + low contact point,generated_videos/control_points_2_car.mp4
170,0,car_racing_ego_car,1.0,288.0,278.0,312.0,320.0,652,axis_right,288.0,278.0,mask PCA skeleton + low contact point,generated_videos/control_points_2_car.mp4
170,0,car_racing_ego_car,1.0,288.0,278.0,312.0,320.0,652,contact_low,299.0,318.0,mask PCA skeleton + low contact point,generated_videos/control_points_2_car.mp4
171,0,car_racing_ego_car,1.0,288.0,278.0,312.0,320.0,651,centroid,299.48541259765625,299.9017028808594,mask PCA skeleton + low contact point,generated_videos/control_points_2_car.mp4
171,0,car_racing_ego_car,1.0,288.0,278.0,312.0,320.0,651,axis_front,290.0,319.0,mask PCA skeleton + low contact point,generated_videos/control_points_2_car.mp4
171,0,car_racing_ego_car,1.0,288.0,278.0,312.0,320.0,651,axis_back,311.0,278.0,mask PCA skeleton + low contact point,generated_videos/control_points_2_car.mp4
171,0,car_racing_ego_car,1.0,288.0,278.0,312.0,320.0,651,axis_left,311.0,281.0,mask PCA skeleton + low contact point,generated_videos/control_points_2_car.mp4
171,0,car_racing_ego_car,1.0,288.0,278.0,312.0,320.0,651,axis_right,288.0,278.0,mask PCA skeleton + low contact point,generated_videos/control_points_2_car.mp4
171,0,car_racing_ego_car,1.0,288.0,278.0,312.0,320.0,651,contact_low,299.0,318.0,mask PCA skeleton + low contact point,generated_videos/control_points_2_car.mp4
172,0,car_racing_ego_car,1.0,288.0,278.0,312.0,320.0,653,centroid,299.4624938964844,299.848388671875,mask PCA skeleton + low contact point,generated_videos/control_points_2_car.mp4
172,0,car_racing_ego_car,1.0,288.0,278.0,312.0,320.0,653,axis_front,309.0,319.0,mask PCA skeleton + low contact point,generated_videos/control_points_2_car.mp4
172,0,car_racing_ego_car,1.0,288.0,278.0,312.0,320.0,653,axis_back,288.0,278.0,mask PCA skeleton + low contact point,generated_videos/control_points_2_car.mp4
172,0,car_racing_ego_car,1.0,288.0,278.0,312.0,320.0,653,axis_left,311.0,278.0,mask PCA skeleton + low contact point,generated_videos/control_points_2_car.mp4
172,0,car_racing_ego_car,1.0,288.0,278.0,312.0,320.0,653,axis_right,288.0,281.0,mask PCA skeleton + low contact point,generated_videos/control_points_2_car.mp4
172,0,car_racing_ego_car,1.0,288.0,278.0,312.0,320.0,653,contact_low,299.0,318.0,mask PCA skeleton + low contact point,generated_videos/control_points_2_car.mp4
173,0,car_racing_ego_car,1.0,288.0,278.0,312.0,320.0,682,centroid,299.5395812988281,299.68475341796875,mask PCA skeleton + low contact point,generated_videos/control_points_2_car.mp4
173,0,car_racing_ego_car,1.0,288.0,278.0,312.0,320.0,682,axis_front,290.0,319.0,mask PCA skeleton + low contact point,generated_videos/control_points_2_car.mp4
173,0,car_racing_ego_car,1.0,288.0,278.0,312.0,320.0,682,axis_back,311.0,278.0,mask PCA skeleton + low contact point,generated_videos/control_points_2_car.mp4
173,0,car_racing_ego_car,1.0,288.0,278.0,312.0,320.0,682,axis_left,311.0,283.0,mask PCA skeleton + low contact point,generated_videos/control_points_2_car.mp4
173,0,car_racing_ego_car,1.0,288.0,278.0,312.0,320.0,682,axis_right,288.0,278.0,mask PCA skeleton + low contact point,generated_videos/control_points_2_car.mp4
173,0,car_racing_ego_car,1.0,288.0,278.0,312.0,320.0,682,contact_low,299.0,318.0,mask PCA skeleton + low contact point,generated_videos/control_points_2_car.mp4
174,0,car_racing_ego_car,1.0,288.0,278.0,312.0,320.0,651,centroid,299.48541259765625,299.9017028808594,mask PCA skeleton + low contact point,generated_videos/control_points_2_car.mp4
174,0,car_racing_ego_car,1.0,288.0,278.0,312.0,320.0,651,axis_front,290.0,319.0,mask PCA skeleton + low contact point,generated_videos/control_points_2_car.mp4
174,0,car_racing_ego_car,1.0,288.0,278.0,312.0,320.0,651,axis_back,311.0,278.0,mask PCA skeleton + low contact point,generated_videos/control_points_2_car.mp4
174,0,car_racing_ego_car,1.0,288.0,278.0,312.0,320.0,651,axis_left,311.0,281.0,mask PCA skeleton + low contact point,generated_videos/control_points_2_car.mp4
174,0,car_racing_ego_car,1.0,288.0,278.0,312.0,320.0,651,axis_right,288.0,278.0,mask PCA skeleton + low contact point,generated_videos/control_points_2_car.mp4
174,0,car_racing_ego_car,1.0,288.0,278.0,312.0,320.0,651,contact_low,299.0,318.0,mask PCA skeleton + low contact point,generated_videos/control_points_2_car.mp4
175,0,car_racing_ego_car,1.0,288.0,278.0,312.0,320.0,652,centroid,299.4447937011719,299.8895568847656,mask PCA skeleton + low contact point,generated_videos/control_points_2_car.mp4
175,0,car_racing_ego_car,1.0,288.0,278.0,312.0,320.0,652,axis_front,290.0,319.0,mask PCA skeleton + low contact point,generated_videos/control_points_2_car.mp4
175,0,car_racing_ego_car,1.0,288.0,278.0,312.0,320.0,652,axis_back,311.0,278.0,mask PCA skeleton + low contact point,generated_videos/control_points_2_car.mp4
175,0,car_racing_ego_car,1.0,288.0,278.0,312.0,320.0,652,axis_left,311.0,281.0,mask PCA skeleton + low contact point,generated_videos/control_points_2_car.mp4
175,0,car_racing_ego_car,1.0,288.0,278.0,312.0,320.0,652,axis_right,288.0,278.0,mask PCA skeleton + low contact point,generated_videos/control_points_2_car.mp4
175,0,car_racing_ego_car,1.0,288.0,278.0,312.0,320.0,652,contact_low,299.0,318.0,mask PCA skeleton + low contact point,generated_videos/control_points_2_car.mp4
176,0,car_racing_ego_car,1.0,288.0,278.0,312.0,320.0,650,centroid,299.4723205566406,299.8800048828125,mask PCA skeleton + low contact point,generated_videos/control_points_2_car.mp4
176,0,car_racing_ego_car,1.0,288.0,278.0,312.0,320.0,650,axis_front,290.0,319.0,mask PCA skeleton + low contact point,generated_videos/control_points_2_car.mp4
176,0,car_racing_ego_car,1.0,288.0,278.0,312.0,320.0,650,axis_back,311.0,278.0,mask PCA skeleton + low contact point,generated_videos/control_points_2_car.mp4
176,0,car_racing_ego_car,1.0,288.0,278.0,312.0,320.0,650,axis_left,311.0,281.0,mask PCA skeleton + low contact point,generated_videos/control_points_2_car.mp4
176,0,car_racing_ego_car,1.0,288.0,278.0,312.0,320.0,650,axis_right,288.0,278.0,mask PCA skeleton + low contact point,generated_videos/control_points_2_car.mp4
176,0,car_racing_ego_car,1.0,288.0,278.0,312.0,320.0,650,contact_low,299.0,318.0,mask PCA skeleton + low contact point,generated_videos/control_points_2_car.mp4
177,0,car_racing_ego_car,1.0,288.0,278.0,312.0,320.0,651,centroid,299.48541259765625,299.9017028808594,mask PCA skeleton + low contact point,generated_videos/control_points_2_car.mp4
177,0,car_racing_ego_car,1.0,288.0,278.0,312.0,320.0,651,axis_front,290.0,319.0,mask PCA skeleton + low contact point,generated_videos/control_points_2_car.mp4
177,0,car_racing_ego_car,1.0,288.0,278.0,312.0,320.0,651,axis_back,311.0,278.0,mask PCA skeleton + low contact point,generated_videos/control_points_2_car.mp4
177,0,car_racing_ego_car,1.0,288.0,278.0,312.0,320.0,651,axis_left,311.0,281.0,mask PCA skeleton + low contact point,generated_videos/control_points_2_car.mp4
177,0,car_racing_ego_car,1.0,288.0,278.0,312.0,320.0,651,axis_right,288.0,278.0,mask PCA skeleton + low contact point,generated_videos/control_points_2_car.mp4
177,0,car_racing_ego_car,1.0,288.0,278.0,312.0,320.0,651,contact_low,299.0,318.0,mask PCA skeleton + low contact point,generated_videos/control_points_2_car.mp4
178,0,car_racing_ego_car,1.0,288.0,278.0,312.0,320.0,653,centroid,299.4624938964844,299.848388671875,mask PCA skeleton + low contact point,generated_videos/control_points_2_car.mp4
178,0,car_racing_ego_car,1.0,288.0,278.0,312.0,320.0,653,axis_front,309.0,319.0,mask PCA skeleton + low contact point,generated_videos/control_points_2_car.mp4
178,0,car_racing_ego_car,1.0,288.0,278.0,312.0,320.0,653,axis_back,288.0,278.0,mask PCA skeleton + low contact point,generated_videos/control_points_2_car.mp4
178,0,car_racing_ego_car,1.0,288.0,278.0,312.0,320.0,653,axis_left,311.0,278.0,mask PCA skeleton + low contact point,generated_videos/control_points_2_car.mp4
178,0,car_racing_ego_car,1.0,288.0,278.0,312.0,320.0,653,axis_right,288.0,281.0,mask PCA skeleton + low contact point,generated_videos/control_points_2_car.mp4
178,0,car_racing_ego_car,1.0,288.0,278.0,312.0,320.0,653,contact_low,299.0,318.0,mask PCA skeleton + low contact point,generated_videos/control_points_2_car.mp4
179,0,car_racing_ego_car,1.0,288.0,278.0,312.0,320.0,654,centroid,299.47705078125,299.8700256347656,mask PCA skeleton + low contact point,generated_videos/control_points_2_car.mp4
179,0,car_racing_ego_car,1.0,288.0,278.0,312.0,320.0,654,axis_front,309.0,319.0,mask PCA skeleton + low contact point,generated_videos/control_points_2_car.mp4
179,0,car_racing_ego_car,1.0,288.0,278.0,312.0,320.0,654,axis_back,288.0,278.0,mask PCA skeleton + low contact point,generated_videos/control_points_2_car.mp4
179,0,car_racing_ego_car,1.0,288.0,278.0,312.0,320.0,654,axis_left,311.0,278.0,mask PCA skeleton + low contact point,generated_videos/control_points_2_car.mp4
179,0,car_racing_ego_car,1.0,288.0,278.0,312.0,320.0,654,axis_right,288.0,281.0,mask PCA skeleton + low contact point,generated_videos/control_points_2_car.mp4
179,0,car_racing_ego_car,1.0,288.0,278.0,312.0,320.0,654,contact_low,299.0,318.0,mask PCA skeleton + low contact point,generated_videos/control_points_2_car.mp4
180,0,car_racing_ego_car,1.0,288.0,278.0,312.0,320.0,653,centroid,299.4624938964844,299.848388671875,mask PCA skeleton + low contact point,generated_videos/control_points_2_car.mp4
180,0,car_racing_ego_car,1.0,288.0,278.0,312.0,320.0,653,axis_front,309.0,319.0,mask PCA skeleton + low contact point,generated_videos/control_points_2_car.mp4
180,0,car_racing_ego_car,1.0,288.0,278.0,312.0,320.0,653,axis_back,288.0,278.0,mask PCA skeleton + low contact point,generated_videos/control_points_2_car.mp4
180,0,car_racing_ego_car,1.0,288.0,278.0,312.0,320.0,653,axis_left,311.0,278.0,mask PCA skeleton + low contact point,generated_videos/control_points_2_car.mp4
180,0,car_racing_ego_car,1.0,288.0,278.0,312.0,320.0,653,axis_right,288.0,281.0,mask PCA skeleton + low contact point,generated_videos/control_points_2_car.mp4
180,0,car_racing_ego_car,1.0,288.0,278.0,312.0,320.0,653,contact_low,299.0,318.0,mask PCA skeleton + low contact point,generated_videos/control_points_2_car.mp4
181,0,car_racing_ego_car,1.0,288.0,278.0,312.0,320.0,661,centroid,299.3419189453125,299.638427734375,mask PCA skeleton + low contact point,generated_videos/control_points_2_car.mp4
181,0,car_racing_ego_car,1.0,288.0,278.0,312.0,320.0,661,axis_front,309.0,319.0,mask PCA skeleton + low contact point,generated_videos/control_points_2_car.mp4
181,0,car_racing_ego_car,1.0,288.0,278.0,312.0,320.0,661,axis_back,288.0,278.0,mask PCA skeleton + low contact point,generated_videos/control_points_2_car.mp4
181,0,car_racing_ego_car,1.0,288.0,278.0,312.0,320.0,661,axis_left,311.0,278.0,mask PCA skeleton + low contact point,generated_videos/control_points_2_car.mp4
181,0,car_racing_ego_car,1.0,288.0,278.0,312.0,320.0,661,axis_right,288.0,283.0,mask PCA skeleton + low contact point,generated_videos/control_points_2_car.mp4
181,0,car_racing_ego_car,1.0,288.0,278.0,312.0,320.0,661,contact_low,299.0,318.0,mask PCA skeleton + low contact point,generated_videos/control_points_2_car.mp4
182,0,car_racing_ego_car,1.0,288.0,278.0,312.0,320.0,666,centroid,299.3153076171875,300.0615539550781,mask PCA skeleton + low contact point,generated_videos/control_points_2_car.mp4
182,0,car_racing_ego_car,1.0,288.0,278.0,312.0,320.0,666,axis_front,290.0,319.0,mask PCA skeleton + low contact point,generated_videos/control_points_2_car.mp4
182,0,car_racing_ego_car,1.0,288.0,278.0,312.0,320.0,666,axis_back,311.0,278.0,mask PCA skeleton + low contact point,generated_videos/control_points_2_car.mp4
182,0,car_racing_ego_car,1.0,288.0,278.0,312.0,320.0,666,axis_left,311.0,281.0,mask PCA skeleton + low contact point,generated_videos/control_points_2_car.mp4
182,0,car_racing_ego_car,1.0,288.0,278.0,312.0,320.0,666,axis_right,288.0,278.0,mask PCA skeleton + low contact point,generated_videos/control_points_2_car.mp4
182,0,car_racing_ego_car,1.0,288.0,278.0,312.0,320.0,666,contact_low,299.0,318.0,mask PCA skeleton + low contact point,generated_videos/control_points_2_car.mp4
183,0,car_racing_ego_car,1.0,288.0,278.0,312.0,320.0,669,centroid,299.49029541015625,299.9267578125,mask PCA skeleton + low contact point,generated_videos/control_points_2_car.mp4
183,0,car_racing_ego_car,1.0,288.0,278.0,312.0,320.0,669,axis_front,309.0,319.0,mask PCA skeleton + low contact point,generated_videos/control_points_2_car.mp4
183,0,car_racing_ego_car,1.0,288.0,278.0,312.0,320.0,669,axis_back,288.0,278.0,mask PCA skeleton + low contact point,generated_videos/control_points_2_car.mp4
183,0,car_racing_ego_car,1.0,288.0,278.0,312.0,320.0,669,axis_left,311.0,278.0,mask PCA skeleton + low contact point,generated_videos/control_points_2_car.mp4
183,0,car_racing_ego_car,1.0,288.0,278.0,312.0,320.0,669,axis_right,288.0,281.0,mask PCA skeleton + low contact point,generated_videos/control_points_2_car.mp4
183,0,car_racing_ego_car,1.0,288.0,278.0,312.0,320.0,669,contact_low,299.0,318.0,mask PCA skeleton + low contact point,generated_videos/control_points_2_car.mp4
184,0,car_racing_ego_car,1.0,288.0,278.0,312.0,320.0,655,centroid,299.5205993652344,299.77252197265625,mask PCA skeleton + low contact point,generated_videos/control_points_2_car.mp4
184,0,car_racing_ego_car,1.0,288.0,278.0,312.0,320.0,655,axis_front,309.0,319.0,mask PCA skeleton + low contact point,generated_videos/control_points_2_car.mp4
184,0,car_racing_ego_car,1.0,288.0,278.0,312.0,320.0,655,axis_back,288.0,278.0,mask PCA skeleton + low contact point,generated_videos/control_points_2_car.mp4
184,0,car_racing_ego_car,1.0,288.0,278.0,312.0,320.0,655,axis_left,311.0,278.0,mask PCA skeleton + low contact point,generated_videos/control_points_2_car.mp4
184,0,car_racing_ego_car,1.0,288.0,278.0,312.0,320.0,655,axis_right,288.0,281.0,mask PCA skeleton + low contact point,generated_videos/control_points_2_car.mp4
184,0,car_racing_ego_car,1.0,288.0,278.0,312.0,320.0,655,contact_low,299.0,318.0,mask PCA skeleton + low contact point,generated_videos/control_points_2_car.mp4
185,0,car_racing_ego_car,1.0,288.0,278.0,312.0,320.0,662,centroid,299.3096618652344,300.072509765625,mask PCA skeleton + low contact point,generated_videos/control_points_2_car.mp4
185,0,car_racing_ego_car,1.0,288.0,278.0,312.0,320.0,662,axis_front,290.0,319.0,mask PCA skeleton + low contact point,generated_videos/control_points_2_car.mp4
185,0,car_racing_ego_car,1.0,288.0,278.0,312.0,320.0,662,axis_back,311.0,278.0,mask PCA skeleton + low contact point,generated_videos/control_points_2_car.mp4
185,0,car_racing_ego_car,1.0,288.0,278.0,312.0,320.0,662,axis_left,311.0,281.0,mask PCA skeleton + low contact point,generated_videos/control_points_2_car.mp4
185,0,car_racing_ego_car,1.0,288.0,278.0,312.0,320.0,662,axis_right,288.0,278.0,mask PCA skeleton + low contact point,generated_videos/control_points_2_car.mp4
185,0,car_racing_ego_car,1.0,288.0,278.0,312.0,320.0,662,contact_low,299.0,318.0,mask PCA skeleton + low contact point,generated_videos/control_points_2_car.mp4
186,0,car_racing_ego_car,1.0,288.0,278.0,312.0,320.0,651,centroid,299.48541259765625,299.9017028808594,mask PCA skeleton + low contact point,generated_videos/control_points_2_car.mp4
186,0,car_racing_ego_car,1.0,288.0,278.0,312.0,320.0,651,axis_front,290.0,319.0,mask PCA skeleton + low contact point,generated_videos/control_points_2_car.mp4
186,0,car_racing_ego_car,1.0,288.0,278.0,312.0,320.0,651,axis_back,311.0,278.0,mask PCA skeleton + low contact point,generated_videos/control_points_2_car.mp4
186,0,car_racing_ego_car,1.0,288.0,278.0,312.0,320.0,651,axis_left,311.0,281.0,mask PCA skeleton + low contact point,generated_videos/control_points_2_car.mp4
186,0,car_racing_ego_car,1.0,288.0,278.0,312.0,320.0,651,axis_right,288.0,278.0,mask PCA skeleton + low contact point,generated_videos/control_points_2_car.mp4
186,0,car_racing_ego_car,1.0,288.0,278.0,312.0,320.0,651,contact_low,299.0,318.0,mask PCA skeleton + low contact point,generated_videos/control_points_2_car.mp4
187,0,car_racing_ego_car,1.0,288.0,278.0,312.0,320.0,659,centroid,299.40667724609375,299.85736083984375,mask PCA skeleton + low contact point,generated_videos/control_points_2_car.mp4
187,0,car_racing_ego_car,1.0,288.0,278.0,312.0,320.0,659,axis_front,309.0,319.0,mask PCA skeleton + low contact point,generated_videos/control_points_2_car.mp4
187,0,car_racing_ego_car,1.0,288.0,278.0,312.0,320.0,659,axis_back,288.0,278.0,mask PCA skeleton + low contact point,generated_videos/control_points_2_car.mp4
187,0,car_racing_ego_car,1.0,288.0,278.0,312.0,320.0,659,axis_left,311.0,278.0,mask PCA skeleton + low contact point,generated_videos/control_points_2_car.mp4
187,0,car_racing_ego_car,1.0,288.0,278.0,312.0,320.0,659,axis_right,288.0,281.0,mask PCA skeleton + low contact point,generated_videos/control_points_2_car.mp4
187,0,car_racing_ego_car,1.0,288.0,278.0,312.0,320.0,659,contact_low,299.0,318.0,mask PCA skeleton + low contact point,generated_videos/control_points_2_car.mp4
188,0,car_racing_ego_car,1.0,288.0,278.0,312.0,320.0,656,centroid,299.45123291015625,299.81707763671875,mask PCA skeleton + low contact point,generated_videos/control_points_2_car.mp4
188,0,car_racing_ego_car,1.0,288.0,278.0,312.0,320.0,656,axis_front,309.0,319.0,mask PCA skeleton + low contact point,generated_videos/control_points_2_car.mp4
188,0,car_racing_ego_car,1.0,288.0,278.0,312.0,320.0,656,axis_back,288.0,278.0,mask PCA skeleton + low contact point,generated_videos/control_points_2_car.mp4
188,0,car_racing_ego_car,1.0,288.0,278.0,312.0,320.0,656,axis_left,311.0,278.0,mask PCA skeleton + low contact point,generated_videos/control_points_2_car.mp4
188,0,car_racing_ego_car,1.0,288.0,278.0,312.0,320.0,656,axis_right,288.0,281.0,mask PCA skeleton + low contact point,generated_videos/control_points_2_car.mp4
188,0,car_racing_ego_car,1.0,288.0,278.0,312.0,320.0,656,contact_low,299.0,318.0,mask PCA skeleton + low contact point,generated_videos/control_points_2_car.mp4
189,0,car_racing_ego_car,1.0,288.0,278.0,312.0,320.0,653,centroid,299.4624938964844,299.848388671875,mask PCA skeleton + low contact point,generated_videos/control_points_2_car.mp4
189,0,car_racing_ego_car,1.0,288.0,278.0,312.0,320.0,653,axis_front,309.0,319.0,mask PCA skeleton + low contact point,generated_videos/control_points_2_car.mp4
189,0,car_racing_ego_car,1.0,288.0,278.0,312.0,320.0,653,axis_back,288.0,278.0,mask PCA skeleton + low contact point,generated_videos/control_points_2_car.mp4
189,0,car_racing_ego_car,1.0,288.0,278.0,312.0,320.0,653,axis_left,311.0,278.0,mask PCA skeleton + low contact point,generated_videos/control_points_2_car.mp4
189,0,car_racing_ego_car,1.0,288.0,278.0,312.0,320.0,653,axis_right,288.0,281.0,mask PCA skeleton + low contact point,generated_videos/control_points_2_car.mp4
189,0,car_racing_ego_car,1.0,288.0,278.0,312.0,320.0,653,contact_low,299.0,318.0,mask PCA skeleton + low contact point,generated_videos/control_points_2_car.mp4
190,0,car_racing_ego_car,1.0,288.0,278.0,312.0,320.0,653,centroid,299.4624938964844,299.848388671875,mask PCA skeleton + low contact point,generated_videos/control_points_2_car.mp4
190,0,car_racing_ego_car,1.0,288.0,278.0,312.0,320.0,653,axis_front,309.0,319.0,mask PCA skeleton + low contact point,generated_videos/control_points_2_car.mp4
190,0,car_racing_ego_car,1.0,288.0,278.0,312.0,320.0,653,axis_back,288.0,278.0,mask PCA skeleton + low contact point,generated_videos/control_points_2_car.mp4
190,0,car_racing_ego_car,1.0,288.0,278.0,312.0,320.0,653,axis_left,311.0,278.0,mask PCA skeleton + low contact point,generated_videos/control_points_2_car.mp4
190,0,car_racing_ego_car,1.0,288.0,278.0,312.0,320.0,653,axis_right,288.0,281.0,mask PCA skeleton + low contact point,generated_videos/control_points_2_car.mp4
190,0,car_racing_ego_car,1.0,288.0,278.0,312.0,320.0,653,contact_low,299.0,318.0,mask PCA skeleton + low contact point,generated_videos/control_points_2_car.mp4
191,0,car_racing_ego_car,1.0,288.0,278.0,312.0,320.0,657,centroid,299.409423828125,299.7929992675781,mask PCA skeleton + low contact point,generated_videos/control_points_2_car.mp4
191,0,car_racing_ego_car,1.0,288.0,278.0,312.0,320.0,657,axis_front,309.0,319.0,mask PCA skeleton + low contact point,generated_videos/control_points_2_car.mp4
191,0,car_racing_ego_car,1.0,288.0,278.0,312.0,320.0,657,axis_back,288.0,278.0,mask PCA skeleton + low contact point,generated_videos/control_points_2_car.mp4
191,0,car_racing_ego_car,1.0,288.0,278.0,312.0,320.0,657,axis_left,311.0,278.0,mask PCA skeleton + low contact point,generated_videos/control_points_2_car.mp4
191,0,car_racing_ego_car,1.0,288.0,278.0,312.0,320.0,657,axis_right,288.0,281.0,mask PCA skeleton + low contact point,generated_videos/control_points_2_car.mp4
191,0,car_racing_ego_car,1.0,288.0,278.0,312.0,320.0,657,contact_low,299.0,318.0,mask PCA skeleton + low contact point,generated_videos/control_points_2_car.mp4
192,0,car_racing_ego_car,1.0,288.0,278.0,312.0,320.0,675,centroid,299.44146728515625,299.82666015625,mask PCA skeleton + low contact point,generated_videos/control_points_2_car.mp4
192,0,car_racing_ego_car,1.0,288.0,278.0,312.0,320.0,675,axis_front,290.0,319.0,mask PCA skeleton + low contact point,generated_videos/control_points_2_car.mp4
192,0,car_racing_ego_car,1.0,288.0,278.0,312.0,320.0,675,axis_back,311.0,278.0,mask PCA skeleton + low contact point,generated_videos/control_points_2_car.mp4
192,0,car_racing_ego_car,1.0,288.0,278.0,312.0,320.0,675,axis_left,311.0,282.0,mask PCA skeleton + low contact point,generated_videos/control_points_2_car.mp4
192,0,car_racing_ego_car,1.0,288.0,278.0,312.0,320.0,675,axis_right,288.0,278.0,mask PCA skeleton + low contact point,generated_videos/control_points_2_car.mp4
192,0,car_racing_ego_car,1.0,288.0,278.0,312.0,320.0,675,contact_low,299.0,318.0,mask PCA skeleton + low contact point,generated_videos/control_points_2_car.mp4
193,0,car_racing_ego_car,1.0,288.0,278.0,312.0,320.0,653,centroid,299.5130310058594,299.9264831542969,mask PCA skeleton + low contact point,generated_videos/control_points_2_car.mp4
193,0,car_racing_ego_car,1.0,288.0,278.0,312.0,320.0,653,axis_front,309.0,319.0,mask PCA skeleton + low contact point,generated_videos/control_points_2_car.mp4
193,0,car_racing_ego_car,1.0,288.0,278.0,312.0,320.0,653,axis_back,288.0,278.0,mask PCA skeleton + low contact point,generated_videos/control_points_2_car.mp4
193,0,car_racing_ego_car,1.0,288.0,278.0,312.0,320.0,653,axis_left,311.0,278.0,mask PCA skeleton + low contact point,generated_videos/control_points_2_car.mp4
193,0,car_racing_ego_car,1.0,288.0,278.0,312.0,320.0,653,axis_right,288.0,281.0,mask PCA skeleton + low contact point,generated_videos/control_points_2_car.mp4
193,0,car_racing_ego_car,1.0,288.0,278.0,312.0,320.0,653,contact_low,299.0,318.0,mask PCA skeleton + low contact point,generated_videos/control_points_2_car.mp4
194,0,car_racing_ego_car,1.0,288.0,278.0,312.0,320.0,653,centroid,299.5130310058594,299.9264831542969,mask PCA skeleton + low contact point,generated_videos/control_points_2_car.mp4
194,0,car_racing_ego_car,1.0,288.0,278.0,312.0,320.0,653,axis_front,309.0,319.0,mask PCA skeleton + low contact point,generated_videos/control_points_2_car.mp4
194,0,car_racing_ego_car,1.0,288.0,278.0,312.0,320.0,653,axis_back,288.0,278.0,mask PCA skeleton + low contact point,generated_videos/control_points_2_car.mp4
194,0,car_racing_ego_car,1.0,288.0,278.0,312.0,320.0,653,axis_left,311.0,278.0,mask PCA skeleton + low contact point,generated_videos/control_points_2_car.mp4
194,0,car_racing_ego_car,1.0,288.0,278.0,312.0,320.0,653,axis_right,288.0,281.0,mask PCA skeleton + low contact point,generated_videos/control_points_2_car.mp4
194,0,car_racing_ego_car,1.0,288.0,278.0,312.0,320.0,653,contact_low,299.0,318.0,mask PCA skeleton + low contact point,generated_videos/control_points_2_car.mp4
195,0,car_racing_ego_car,1.0,288.0,278.0,314.0,320.0,659,centroid,299.5948486328125,299.7511291503906,mask PCA skeleton + low contact point,generated_videos/control_points_2_car.mp4
195,0,car_racing_ego_car,1.0,288.0,278.0,314.0,320.0,659,axis_front,290.0,319.0,mask PCA skeleton + low contact point,generated_videos/control_points_2_car.mp4
195,0,car_racing_ego_car,1.0,288.0,278.0,314.0,320.0,659,axis_back,311.0,278.0,mask PCA skeleton + low contact point,generated_videos/control_points_2_car.mp4
195,0,car_racing_ego_car,1.0,288.0,278.0,314.0,320.0,659,axis_left,313.0,281.0,mask PCA skeleton + low contact point,generated_videos/control_points_2_car.mp4
195,0,car_racing_ego_car,1.0,288.0,278.0,314.0,320.0,659,axis_right,288.0,278.0,mask PCA skeleton + low contact point,generated_videos/control_points_2_car.mp4
195,0,car_racing_ego_car,1.0,288.0,278.0,314.0,320.0,659,contact_low,299.0,318.0,mask PCA skeleton + low contact point,generated_videos/control_points_2_car.mp4
196,0,car_racing_ego_car,1.0,288.0,278.0,312.0,320.0,668,centroid,299.38623046875,300.00897216796875,mask PCA skeleton + low contact point,generated_videos/control_points_2_car.mp4
196,0,car_racing_ego_car,1.0,288.0,278.0,312.0,320.0,668,axis_front,290.0,319.0,mask PCA skeleton + low contact point,generated_videos/control_points_2_car.mp4
196,0,car_racing_ego_car,1.0,288.0,278.0,312.0,320.0,668,axis_back,311.0,278.0,mask PCA skeleton + low contact point,generated_videos/control_points_2_car.mp4
196,0,car_racing_ego_car,1.0,288.0,278.0,312.0,320.0,668,axis_left,311.0,281.0,mask PCA skeleton + low contact point,generated_videos/control_points_2_car.mp4
196,0,car_racing_ego_car,1.0,288.0,278.0,312.0,320.0,668,axis_right,288.0,278.0,mask PCA skeleton + low contact point,generated_videos/control_points_2_car.mp4
196,0,car_racing_ego_car,1.0,288.0,278.0,312.0,320.0,668,contact_low,299.0,318.0,mask PCA skeleton + low contact point,generated_videos/control_points_2_car.mp4
197,0,car_racing_ego_car,1.0,288.0,278.0,312.0,320.0,655,centroid,299.4977111816406,299.91143798828125,mask PCA skeleton + low contact point,generated_videos/control_points_2_car.mp4
197,0,car_racing_ego_car,1.0,288.0,278.0,312.0,320.0,655,axis_front,309.0,319.0,mask PCA skeleton + low contact point,generated_videos/control_points_2_car.mp4
197,0,car_racing_ego_car,1.0,288.0,278.0,312.0,320.0,655,axis_back,288.0,278.0,mask PCA skeleton + low contact point,generated_videos/control_points_2_car.mp4
197,0,car_racing_ego_car,1.0,288.0,278.0,312.0,320.0,655,axis_left,311.0,278.0,mask PCA skeleton + low contact point,generated_videos/control_points_2_car.mp4
197,0,car_racing_ego_car,1.0,288.0,278.0,312.0,320.0,655,axis_right,288.0,281.0,mask PCA skeleton + low contact point,generated_videos/control_points_2_car.mp4
197,0,car_racing_ego_car,1.0,288.0,278.0,312.0,320.0,655,contact_low,299.0,318.0,mask PCA skeleton + low contact point,generated_videos/control_points_2_car.mp4
198,0,car_racing_ego_car,1.0,288.0,278.0,314.0,320.0,655,centroid,299.56488037109375,299.783203125,mask PCA skeleton + low contact point,generated_videos/control_points_2_car.mp4
198,0,car_racing_ego_car,1.0,288.0,278.0,314.0,320.0,655,axis_front,290.0,319.0,mask PCA skeleton + low contact point,generated_videos/control_points_2_car.mp4
198,0,car_racing_ego_car,1.0,288.0,278.0,314.0,320.0,655,axis_back,311.0,278.0,mask PCA skeleton + low contact point,generated_videos/control_points_2_car.mp4
198,0,car_racing_ego_car,1.0,288.0,278.0,314.0,320.0,655,axis_left,313.0,281.0,mask PCA skeleton + low contact point,generated_videos/control_points_2_car.mp4
198,0,car_racing_ego_car,1.0,288.0,278.0,314.0,320.0,655,axis_right,288.0,278.0,mask PCA skeleton + low contact point,generated_videos/control_points_2_car.mp4
198,0,car_racing_ego_car,1.0,288.0,278.0,314.0,320.0,655,contact_low,299.0,318.0,mask PCA skeleton + low contact point,generated_videos/control_points_2_car.mp4
199,0,car_racing_ego_car,1.0,288.0,278.0,312.0,320.0,660,centroid,299.4075622558594,300.0045471191406,mask PCA skeleton + low contact point,generated_videos/control_points_2_car.mp4
199,0,car_racing_ego_car,1.0,288.0,278.0,312.0,320.0,660,axis_front,290.0,319.0,mask PCA skeleton + low contact point,generated_videos/control_points_2_car.mp4
199,0,car_racing_ego_car,1.0,288.0,278.0,312.0,320.0,660,axis_back,311.0,278.0,mask PCA skeleton + low contact point,generated_videos/control_points_2_car.mp4
199,0,car_racing_ego_car,1.0,288.0,278.0,312.0,320.0,660,axis_left,311.0,281.0,mask PCA skeleton + low contact point,generated_videos/control_points_2_car.mp4
199,0,car_racing_ego_car,1.0,288.0,278.0,312.0,320.0,660,axis_right,288.0,278.0,mask PCA skeleton + low contact point,generated_videos/control_points_2_car.mp4
199,0,car_racing_ego_car,1.0,288.0,278.0,312.0,320.0,660,contact_low,299.0,318.0,mask PCA skeleton + low contact point,generated_videos/control_points_2_car.mp4
200,0,car_racing_ego_car,1.0,288.0,278.0,312.0,320.0,655,centroid,299.5160217285156,299.86871337890625,mask PCA skeleton + low contact point,generated_videos/control_points_2_car.mp4
200,0,car_racing_ego_car,1.0,288.0,278.0,312.0,320.0,655,axis_front,290.0,319.0,mask PCA skeleton + low contact point,generated_videos/control_points_2_car.mp4
200,0,car_racing_ego_car,1.0,288.0,278.0,312.0,320.0,655,axis_back,311.0,278.0,mask PCA skeleton + low contact point,generated_videos/control_points_2_car.mp4
200,0,car_racing_ego_car,1.0,288.0,278.0,312.0,320.0,655,axis_left,311.0,281.0,mask PCA skeleton + low contact point,generated_videos/control_points_2_car.mp4
200,0,car_racing_ego_car,1.0,288.0,278.0,312.0,320.0,655,axis_right,288.0,278.0,mask PCA skeleton + low contact point,generated_videos/control_points_2_car.mp4
200,0,car_racing_ego_car,1.0,288.0,278.0,312.0,320.0,655,contact_low,299.0,318.0,mask PCA skeleton + low contact point,generated_videos/control_points_2_car.mp4
201,0,car_racing_ego_car,1.0,288.0,278.0,312.0,320.0,657,centroid,299.4079284667969,299.99847412109375,mask PCA skeleton + low contact point,generated_videos/control_points_2_car.mp4
201,0,car_racing_ego_car,1.0,288.0,278.0,312.0,320.0,657,axis_front,290.0,319.0,mask PCA skeleton + low contact point,generated_videos/control_points_2_car.mp4
201,0,car_racing_ego_car,1.0,288.0,278.0,312.0,320.0,657,axis_back,311.0,278.0,mask PCA skeleton + low contact point,generated_videos/control_points_2_car.mp4
201,0,car_racing_ego_car,1.0,288.0,278.0,312.0,320.0,657,axis_left,311.0,281.0,mask PCA skeleton + low contact point,generated_videos/control_points_2_car.mp4
201,0,car_racing_ego_car,1.0,288.0,278.0,312.0,320.0,657,axis_right,288.0,278.0,mask PCA skeleton + low contact point,generated_videos/control_points_2_car.mp4
201,0,car_racing_ego_car,1.0,288.0,278.0,312.0,320.0,657,contact_low,299.0,318.0,mask PCA skeleton + low contact point,generated_videos/control_points_2_car.mp4
202,0,car_racing_ego_car,1.0,286.0,278.0,313.0,320.0,668,centroid,299.5643615722656,299.5164794921875,mask PCA skeleton + low contact point,generated_videos/control_points_2_car.mp4
202,0,car_racing_ego_car,1.0,286.0,278.0,313.0,320.0,668,axis_front,290.0,319.0,mask PCA skeleton + low contact point,generated_videos/control_points_2_car.mp4
202,0,car_racing_ego_car,1.0,286.0,278.0,313.0,320.0,668,axis_back,311.0,278.0,mask PCA skeleton + low contact point,generated_videos/control_points_2_car.mp4
202,0,car_racing_ego_car,1.0,286.0,278.0,313.0,320.0,668,axis_left,312.0,281.0,mask PCA skeleton + low contact point,generated_videos/control_points_2_car.mp4
202,0,car_racing_ego_car,1.0,286.0,278.0,313.0,320.0,668,axis_right,286.0,280.0,mask PCA skeleton + low contact point,generated_videos/control_points_2_car.mp4
202,0,car_racing_ego_car,1.0,286.0,278.0,313.0,320.0,668,contact_low,299.0,318.0,mask PCA skeleton + low contact point,generated_videos/control_points_2_car.mp4
203,0,car_racing_ego_car,1.0,288.0,278.0,312.0,320.0,655,centroid,299.4549560546875,299.86871337890625,mask PCA skeleton + low contact point,generated_videos/control_points_2_car.mp4
203,0,car_racing_ego_car,1.0,288.0,278.0,312.0,320.0,655,axis_front,290.0,319.0,mask PCA skeleton + low contact point,generated_videos/control_points_2_car.mp4
203,0,car_racing_ego_car,1.0,288.0,278.0,312.0,320.0,655,axis_back,311.0,278.0,mask PCA skeleton + low contact point,generated_videos/control_points_2_car.mp4
203,0,car_racing_ego_car,1.0,288.0,278.0,312.0,320.0,655,axis_left,311.0,281.0,mask PCA skeleton + low contact point,generated_videos/control_points_2_car.mp4
203,0,car_racing_ego_car,1.0,288.0,278.0,312.0,320.0,655,axis_right,288.0,278.0,mask PCA skeleton + low contact point,generated_videos/control_points_2_car.mp4
203,0,car_racing_ego_car,1.0,288.0,278.0,312.0,320.0,655,contact_low,299.0,318.0,mask PCA skeleton + low contact point,generated_videos/control_points_2_car.mp4
204,0,car_racing_ego_car,1.0,288.0,278.0,312.0,320.0,651,centroid,299.48541259765625,299.9017028808594,mask PCA skeleton + low contact point,generated_videos/control_points_2_car.mp4
204,0,car_racing_ego_car,1.0,288.0,278.0,312.0,320.0,651,axis_front,290.0,319.0,mask PCA skeleton + low contact point,generated_videos/control_points_2_car.mp4
204,0,car_racing_ego_car,1.0,288.0,278.0,312.0,320.0,651,axis_back,311.0,278.0,mask PCA skeleton + low contact point,generated_videos/control_points_2_car.mp4
204,0,car_racing_ego_car,1.0,288.0,278.0,312.0,320.0,651,axis_left,311.0,281.0,mask PCA skeleton + low contact point,generated_videos/control_points_2_car.mp4
204,0,car_racing_ego_car,1.0,288.0,278.0,312.0,320.0,651,axis_right,288.0,278.0,mask PCA skeleton + low contact point,generated_videos/control_points_2_car.mp4
204,0,car_racing_ego_car,1.0,288.0,278.0,312.0,320.0,651,contact_low,299.0,318.0,mask PCA skeleton + low contact point,generated_videos/control_points_2_car.mp4
205,0,car_racing_ego_car,1.0,288.0,278.0,312.0,320.0,662,centroid,299.5815734863281,299.7371520996094,mask PCA skeleton + low contact point,generated_videos/control_points_2_car.mp4
205,0,car_racing_ego_car,1.0,288.0,278.0,312.0,320.0,662,axis_front,290.0,319.0,mask PCA skeleton + low contact point,generated_videos/control_points_2_car.mp4
205,0,car_racing_ego_car,1.0,288.0,278.0,312.0,320.0,662,axis_back,311.0,278.0,mask PCA skeleton + low contact point,generated_videos/control_points_2_car.mp4
205,0,car_racing_ego_car,1.0,288.0,278.0,312.0,320.0,662,axis_left,311.0,281.0,mask PCA skeleton + low contact point,generated_videos/control_points_2_car.mp4
205,0,car_racing_ego_car,1.0,288.0,278.0,312.0,320.0,662,axis_right,288.0,278.0,mask PCA skeleton + low contact point,generated_videos/control_points_2_car.mp4
205,0,car_racing_ego_car,1.0,288.0,278.0,312.0,320.0,662,contact_low,299.0,318.0,mask PCA skeleton + low contact point,generated_videos/control_points_2_car.mp4
206,0,car_racing_ego_car,1.0,288.0,278.0,312.0,320.0,655,centroid,299.4549560546875,299.86871337890625,mask PCA skeleton + low contact point,generated_videos/control_points_2_car.mp4
206,0,car_racing_ego_car,1.0,288.0,278.0,312.0,320.0,655,axis_front,290.0,319.0,mask PCA skeleton + low contact point,generated_videos/control_points_2_car.mp4
206,0,car_racing_ego_car,1.0,288.0,278.0,312.0,320.0,655,axis_back,311.0,278.0,mask PCA skeleton + low contact point,generated_videos/control_points_2_car.mp4
206,0,car_racing_ego_car,1.0,288.0,278.0,312.0,320.0,655,axis_left,311.0,281.0,mask PCA skeleton + low contact point,generated_videos/control_points_2_car.mp4
206,0,car_racing_ego_car,1.0,288.0,278.0,312.0,320.0,655,axis_right,288.0,278.0,mask PCA skeleton + low contact point,generated_videos/control_points_2_car.mp4
206,0,car_racing_ego_car,1.0,288.0,278.0,312.0,320.0,655,contact_low,299.0,318.0,mask PCA skeleton + low contact point,generated_videos/control_points_2_car.mp4
207,0,car_racing_ego_car,1.0,288.0,278.0,312.0,320.0,657,centroid,299.4931640625,299.8158264160156,mask PCA skeleton + low contact point,generated_videos/control_points_2_car.mp4
207,0,car_racing_ego_car,1.0,288.0,278.0,312.0,320.0,657,axis_front,309.0,319.0,mask PCA skeleton + low contact point,generated_videos/control_points_2_car.mp4
207,0,car_racing_ego_car,1.0,288.0,278.0,312.0,320.0,657,axis_back,288.0,278.0,mask PCA skeleton + low contact point,generated_videos/control_points_2_car.mp4
207,0,car_racing_ego_car,1.0,288.0,278.0,312.0,320.0,657,axis_left,311.0,278.0,mask PCA skeleton + low contact point,generated_videos/control_points_2_car.mp4
207,0,car_racing_ego_car,1.0,288.0,278.0,312.0,320.0,657,axis_right,288.0,281.0,mask PCA skeleton + low contact point,generated_videos/control_points_2_car.mp4
207,0,car_racing_ego_car,1.0,288.0,278.0,312.0,320.0,657,contact_low,299.0,318.0,mask PCA skeleton + low contact point,generated_videos/control_points_2_car.mp4
208,0,car_racing_ego_car,1.0,288.0,278.0,312.0,320.0,659,centroid,299.5098571777344,299.81488037109375,mask PCA skeleton + low contact point,generated_videos/control_points_2_car.mp4
208,0,car_racing_ego_car,1.0,288.0,278.0,312.0,320.0,659,axis_front,290.0,319.0,mask PCA skeleton + low contact point,generated_videos/control_points_2_car.mp4
208,0,car_racing_ego_car,1.0,288.0,278.0,312.0,320.0,659,axis_back,311.0,278.0,mask PCA skeleton + low contact point,generated_videos/control_points_2_car.mp4
208,0,car_racing_ego_car,1.0,288.0,278.0,312.0,320.0,659,axis_left,311.0,281.0,mask PCA skeleton + low contact point,generated_videos/control_points_2_car.mp4
208,0,car_racing_ego_car,1.0,288.0,278.0,312.0,320.0,659,axis_right,288.0,278.0,mask PCA skeleton + low contact point,generated_videos/control_points_2_car.mp4
208,0,car_racing_ego_car,1.0,288.0,278.0,312.0,320.0,659,contact_low,299.0,318.0,mask PCA skeleton + low contact point,generated_videos/control_points_2_car.mp4
209,0,car_racing_ego_car,1.0,288.0,278.0,312.0,320.0,665,centroid,299.386474609375,299.8646545410156,mask PCA skeleton + low contact point,generated_videos/control_points_2_car.mp4
209,0,car_racing_ego_car,1.0,288.0,278.0,312.0,320.0,665,axis_front,309.0,319.0,mask PCA skeleton + low contact point,generated_videos/control_points_2_car.mp4
209,0,car_racing_ego_car,1.0,288.0,278.0,312.0,320.0,665,axis_back,288.0,278.0,mask PCA skeleton + low contact point,generated_videos/control_points_2_car.mp4
209,0,car_racing_ego_car,1.0,288.0,278.0,312.0,320.0,665,axis_left,311.0,278.0,mask PCA skeleton + low contact point,generated_videos/control_points_2_car.mp4
209,0,car_racing_ego_car,1.0,288.0,278.0,312.0,320.0,665,axis_right,288.0,281.0,mask PCA skeleton + low contact point,generated_videos/control_points_2_car.mp4
209,0,car_racing_ego_car,1.0,288.0,278.0,312.0,320.0,665,contact_low,299.0,318.0,mask PCA skeleton + low contact point,generated_videos/control_points_2_car.mp4
210,0,car_racing_ego_car,1.0,288.0,278.0,313.0,320.0,656,centroid,299.5350646972656,299.8384094238281,mask PCA skeleton + low contact point,generated_videos/control_points_2_car.mp4
210,0,car_racing_ego_car,1.0,288.0,278.0,313.0,320.0,656,axis_front,290.0,319.0,mask PCA skeleton + low contact point,generated_videos/control_points_2_car.mp4
210,0,car_racing_ego_car,1.0,288.0,278.0,313.0,320.0,656,axis_back,311.0,278.0,mask PCA skeleton + low contact point,generated_videos/control_points_2_car.mp4
210,0,car_racing_ego_car,1.0,288.0,278.0,313.0,320.0,656,axis_left,312.0,280.0,mask PCA skeleton + low contact point,generated_videos/control_points_2_car.mp4
210,0,car_racing_ego_car,1.0,288.0,278.0,313.0,320.0,656,axis_right,288.0,278.0,mask PCA skeleton + low contact point,generated_videos/control_points_2_car.mp4
210,0,car_racing_ego_car,1.0,288.0,278.0,313.0,320.0,656,contact_low,299.0,318.0,mask PCA skeleton + low contact point,generated_videos/control_points_2_car.mp4
211,0,car_racing_ego_car,1.0,288.0,278.0,312.0,320.0,675,centroid,299.4103698730469,299.8622131347656,mask PCA skeleton + low contact point,generated_videos/control_points_2_car.mp4
211,0,car_racing_ego_car,1.0,288.0,278.0,312.0,320.0,675,axis_front,290.0,319.0,mask PCA skeleton + low contact point,generated_videos/control_points_2_car.mp4
211,0,car_racing_ego_car,1.0,288.0,278.0,312.0,320.0,675,axis_back,311.0,278.0,mask PCA skeleton + low contact point,generated_videos/control_points_2_car.mp4
211,0,car_racing_ego_car,1.0,288.0,278.0,312.0,320.0,675,axis_left,311.0,281.0,mask PCA skeleton + low contact point,generated_videos/control_points_2_car.mp4
211,0,car_racing_ego_car,1.0,288.0,278.0,312.0,320.0,675,axis_right,288.0,278.0,mask PCA skeleton + low contact point,generated_videos/control_points_2_car.mp4
211,0,car_racing_ego_car,1.0,288.0,278.0,312.0,320.0,675,contact_low,299.0,318.0,mask PCA skeleton + low contact point,generated_videos/control_points_2_car.mp4
212,0,car_racing_ego_car,1.0,288.0,278.0,312.0,320.0,651,centroid,299.48541259765625,299.9017028808594,mask PCA skeleton + low contact point,generated_videos/control_points_2_car.mp4
212,0,car_racing_ego_car,1.0,288.0,278.0,312.0,320.0,651,axis_front,290.0,319.0,mask PCA skeleton + low contact point,generated_videos/control_points_2_car.mp4
212,0,car_racing_ego_car,1.0,288.0,278.0,312.0,320.0,651,axis_back,311.0,278.0,mask PCA skeleton + low contact point,generated_videos/control_points_2_car.mp4
212,0,car_racing_ego_car,1.0,288.0,278.0,312.0,320.0,651,axis_left,311.0,281.0,mask PCA skeleton + low contact point,generated_videos/control_points_2_car.mp4
212,0,car_racing_ego_car,1.0,288.0,278.0,312.0,320.0,651,axis_right,288.0,278.0,mask PCA skeleton + low contact point,generated_videos/control_points_2_car.mp4
212,0,car_racing_ego_car,1.0,288.0,278.0,312.0,320.0,651,contact_low,299.0,318.0,mask PCA skeleton + low contact point,generated_videos/control_points_2_car.mp4
213,0,car_racing_ego_car,1.0,288.0,278.0,312.0,320.0,651,centroid,299.48541259765625,299.9017028808594,mask PCA skeleton + low contact point,generated_videos/control_points_2_car.mp4
213,0,car_racing_ego_car,1.0,288.0,278.0,312.0,320.0,651,axis_front,290.0,319.0,mask PCA skeleton + low contact point,generated_videos/control_points_2_car.mp4
213,0,car_racing_ego_car,1.0,288.0,278.0,312.0,320.0,651,axis_back,311.0,278.0,mask PCA skeleton + low contact point,generated_videos/control_points_2_car.mp4
213,0,car_racing_ego_car,1.0,288.0,278.0,312.0,320.0,651,axis_left,311.0,281.0,mask PCA skeleton + low contact point,generated_videos/control_points_2_car.mp4
213,0,car_racing_ego_car,1.0,288.0,278.0,312.0,320.0,651,axis_right,288.0,278.0,mask PCA skeleton + low contact point,generated_videos/control_points_2_car.mp4
213,0,car_racing_ego_car,1.0,288.0,278.0,312.0,320.0,651,contact_low,299.0,318.0,mask PCA skeleton + low contact point,generated_videos/control_points_2_car.mp4
214,0,car_racing_ego_car,1.0,288.0,278.0,313.0,320.0,650,centroid,299.5323181152344,299.82769775390625,mask PCA skeleton + low contact point,generated_videos/control_points_2_car.mp4
214,0,car_racing_ego_car,1.0,288.0,278.0,313.0,320.0,650,axis_front,290.0,319.0,mask PCA skeleton + low contact point,generated_videos/control_points_2_car.mp4
214,0,car_racing_ego_car,1.0,288.0,278.0,313.0,320.0,650,axis_back,311.0,278.0,mask PCA skeleton + low contact point,generated_videos/control_points_2_car.mp4
214,0,car_racing_ego_car,1.0,288.0,278.0,313.0,320.0,650,axis_left,312.0,280.0,mask PCA skeleton + low contact point,generated_videos/control_points_2_car.mp4
214,0,car_racing_ego_car,1.0,288.0,278.0,313.0,320.0,650,axis_right,288.0,278.0,mask PCA skeleton + low contact point,generated_videos/control_points_2_car.mp4
214,0,car_racing_ego_car,1.0,288.0,278.0,313.0,320.0,650,contact_low,299.0,318.0,mask PCA skeleton + low contact point,generated_videos/control_points_2_car.mp4
215,0,car_racing_ego_car,1.0,288.0,278.0,312.0,320.0,656,centroid,299.38720703125,299.73931884765625,mask PCA skeleton + low contact point,generated_videos/control_points_2_car.mp4
215,0,car_racing_ego_car,1.0,288.0,278.0,312.0,320.0,656,axis_front,309.0,319.0,mask PCA skeleton + low contact point,generated_videos/control_points_2_car.mp4
215,0,car_racing_ego_car,1.0,288.0,278.0,312.0,320.0,656,axis_back,288.0,278.0,mask PCA skeleton + low contact point,generated_videos/control_points_2_car.mp4
215,0,car_racing_ego_car,1.0,288.0,278.0,312.0,320.0,656,axis_left,311.0,278.0,mask PCA skeleton + low contact point,generated_videos/control_points_2_car.mp4
215,0,car_racing_ego_car,1.0,288.0,278.0,312.0,320.0,656,axis_right,288.0,282.0,mask PCA skeleton + low contact point,generated_videos/control_points_2_car.mp4
215,0,car_racing_ego_car,1.0,288.0,278.0,312.0,320.0,656,contact_low,299.0,318.0,mask PCA skeleton + low contact point,generated_videos/control_points_2_car.mp4
216,0,car_racing_ego_car,1.0,288.0,278.0,312.0,320.0,661,centroid,299.6142272949219,299.97125244140625,mask PCA skeleton + low contact point,generated_videos/control_points_2_car.mp4
216,0,car_racing_ego_car,1.0,288.0,278.0,312.0,320.0,661,axis_front,309.0,319.0,mask PCA skeleton + low contact point,generated_videos/control_points_2_car.mp4
216,0,car_racing_ego_car,1.0,288.0,278.0,312.0,320.0,661,axis_back,288.0,278.0,mask PCA skeleton + low contact point,generated_videos/control_points_2_car.mp4
216,0,car_racing_ego_car,1.0,288.0,278.0,312.0,320.0,661,axis_left,311.0,278.0,mask PCA skeleton + low contact point,generated_videos/control_points_2_car.mp4
216,0,car_racing_ego_car,1.0,288.0,278.0,312.0,320.0,661,axis_right,288.0,281.0,mask PCA skeleton + low contact point,generated_videos/control_points_2_car.mp4
216,0,car_racing_ego_car,1.0,288.0,278.0,312.0,320.0,661,contact_low,299.0,318.0,mask PCA skeleton + low contact point,generated_videos/control_points_2_car.mp4
217,0,car_racing_ego_car,1.0,288.0,278.0,312.0,320.0,651,centroid,299.48541259765625,299.9017028808594,mask PCA skeleton + low contact point,generated_videos/control_points_2_car.mp4
217,0,car_racing_ego_car,1.0,288.0,278.0,312.0,320.0,651,axis_front,290.0,319.0,mask PCA skeleton + low contact point,generated_videos/control_points_2_car.mp4
217,0,car_racing_ego_car,1.0,288.0,278.0,312.0,320.0,651,axis_back,311.0,278.0,mask PCA skeleton + low contact point,generated_videos/control_points_2_car.mp4
217,0,car_racing_ego_car,1.0,288.0,278.0,312.0,320.0,651,axis_left,311.0,281.0,mask PCA skeleton + low contact point,generated_videos/control_points_2_car.mp4
217,0,car_racing_ego_car,1.0,288.0,278.0,312.0,320.0,651,axis_right,288.0,278.0,mask PCA skeleton + low contact point,generated_videos/control_points_2_car.mp4
217,0,car_racing_ego_car,1.0,288.0,278.0,312.0,320.0,651,contact_low,299.0,318.0,mask PCA skeleton + low contact point,generated_videos/control_points_2_car.mp4
218,0,car_racing_ego_car,1.0,288.0,278.0,312.0,320.0,657,centroid,299.4079284667969,299.99847412109375,mask PCA skeleton + low contact point,generated_videos/control_points_2_car.mp4
218,0,car_racing_ego_car,1.0,288.0,278.0,312.0,320.0,657,axis_front,290.0,319.0,mask PCA skeleton + low contact point,generated_videos/control_points_2_car.mp4
218,0,car_racing_ego_car,1.0,288.0,278.0,312.0,320.0,657,axis_back,311.0,278.0,mask PCA skeleton + low contact point,generated_videos/control_points_2_car.mp4
218,0,car_racing_ego_car,1.0,288.0,278.0,312.0,320.0,657,axis_left,311.0,281.0,mask PCA skeleton + low contact point,generated_videos/control_points_2_car.mp4
218,0,car_racing_ego_car,1.0,288.0,278.0,312.0,320.0,657,axis_right,288.0,278.0,mask PCA skeleton + low contact point,generated_videos/control_points_2_car.mp4
218,0,car_racing_ego_car,1.0,288.0,278.0,312.0,320.0,657,contact_low,299.0,318.0,mask PCA skeleton + low contact point,generated_videos/control_points_2_car.mp4
219,0,car_racing_ego_car,1.0,288.0,278.0,312.0,320.0,651,centroid,299.5007629394531,299.9017028808594,mask PCA skeleton + low contact point,generated_videos/control_points_2_car.mp4
219,0,car_racing_ego_car,1.0,288.0,278.0,312.0,320.0,651,axis_front,290.0,319.0,mask PCA skeleton + low contact point,generated_videos/control_points_2_car.mp4
219,0,car_racing_ego_car,1.0,288.0,278.0,312.0,320.0,651,axis_back,311.0,278.0,mask PCA skeleton + low contact point,generated_videos/control_points_2_car.mp4
219,0,car_racing_ego_car,1.0,288.0,278.0,312.0,320.0,651,axis_left,311.0,283.0,mask PCA skeleton + low contact point,generated_videos/control_points_2_car.mp4
219,0,car_racing_ego_car,1.0,288.0,278.0,312.0,320.0,651,axis_right,288.0,278.0,mask PCA skeleton + low contact point,generated_videos/control_points_2_car.mp4
219,0,car_racing_ego_car,1.0,288.0,278.0,312.0,320.0,651,contact_low,299.0,318.0,mask PCA skeleton + low contact point,generated_videos/control_points_2_car.mp4
220,0,car_racing_ego_car,1.0,286.0,278.0,312.0,320.0,655,centroid,299.4060974121094,299.783203125,mask PCA skeleton + low contact point,generated_videos/control_points_2_car.mp4
220,0,car_racing_ego_car,1.0,286.0,278.0,312.0,320.0,655,axis_front,309.0,319.0,mask PCA skeleton + low contact point,generated_videos/control_points_2_car.mp4
220,0,car_racing_ego_car,1.0,286.0,278.0,312.0,320.0,655,axis_back,288.0,278.0,mask PCA skeleton + low contact point,generated_videos/control_points_2_car.mp4
220,0,car_racing_ego_car,1.0,286.0,278.0,312.0,320.0,655,axis_left,311.0,278.0,mask PCA skeleton + low contact point,generated_videos/control_points_2_car.mp4
220,0,car_racing_ego_car,1.0,286.0,278.0,312.0,320.0,655,axis_right,286.0,281.0,mask PCA skeleton + low contact point,generated_videos/control_points_2_car.mp4
220,0,car_racing_ego_car,1.0,286.0,278.0,312.0,320.0,655,contact_low,299.0,318.0,mask PCA skeleton + low contact point,generated_videos/control_points_2_car.mp4
221,0,car_racing_ego_car,1.0,288.0,278.0,312.0,320.0,656,centroid,299.5304870605469,299.8902587890625,mask PCA skeleton + low contact point,generated_videos/control_points_2_car.mp4
221,0,car_racing_ego_car,1.0,288.0,278.0,312.0,320.0,656,axis_front,290.0,319.0,mask PCA skeleton + low contact point,generated_videos/control_points_2_car.mp4
221,0,car_racing_ego_car,1.0,288.0,278.0,312.0,320.0,656,axis_back,311.0,278.0,mask PCA skeleton + low contact point,generated_videos/control_points_2_car.mp4
221,0,car_racing_ego_car,1.0,288.0,278.0,312.0,320.0,656,axis_left,311.0,281.0,mask PCA skeleton + low contact point,generated_videos/control_points_2_car.mp4
221,0,car_racing_ego_car,1.0,288.0,278.0,312.0,320.0,656,axis_right,288.0,278.0,mask PCA skeleton + low contact point,generated_videos/control_points_2_car.mp4
221,0,car_racing_ego_car,1.0,288.0,278.0,312.0,320.0,656,contact_low,299.0,318.0,mask PCA skeleton + low contact point,generated_videos/control_points_2_car.mp4
222,0,car_racing_ego_car,1.0,288.0,278.0,312.0,320.0,666,centroid,299.6381530761719,299.5915832519531,mask PCA skeleton + low contact point,generated_videos/control_points_2_car.mp4
222,0,car_racing_ego_car,1.0,288.0,278.0,312.0,320.0,666,axis_front,290.0,319.0,mask PCA skeleton + low contact point,generated_videos/control_points_2_car.mp4
222,0,car_racing_ego_car,1.0,288.0,278.0,312.0,320.0,666,axis_back,311.0,278.0,mask PCA skeleton + low contact point,generated_videos/control_points_2_car.mp4
222,0,car_racing_ego_car,1.0,288.0,278.0,312.0,320.0,666,axis_left,311.0,281.0,mask PCA skeleton + low contact point,generated_videos/control_points_2_car.mp4
222,0,car_racing_ego_car,1.0,288.0,278.0,312.0,320.0,666,axis_right,288.0,278.0,mask PCA skeleton + low contact point,generated_videos/control_points_2_car.mp4
222,0,car_racing_ego_car,1.0,288.0,278.0,312.0,320.0,666,contact_low,299.0,318.0,mask PCA skeleton + low contact point,generated_videos/control_points_2_car.mp4
223,0,car_racing_ego_car,1.0,288.0,278.0,312.0,320.0,663,centroid,299.3589782714844,299.8401184082031,mask PCA skeleton + low contact point,generated_videos/control_points_2_car.mp4
223,0,car_racing_ego_car,1.0,288.0,278.0,312.0,320.0,663,axis_front,309.0,319.0,mask PCA skeleton + low contact point,generated_videos/control_points_2_car.mp4
223,0,car_racing_ego_car,1.0,288.0,278.0,312.0,320.0,663,axis_back,288.0,278.0,mask PCA skeleton + low contact point,generated_videos/control_points_2_car.mp4
223,0,car_racing_ego_car,1.0,288.0,278.0,312.0,320.0,663,axis_left,311.0,278.0,mask PCA skeleton + low contact point,generated_videos/control_points_2_car.mp4
223,0,car_racing_ego_car,1.0,288.0,278.0,312.0,320.0,663,axis_right,288.0,281.0,mask PCA skeleton + low contact point,generated_videos/control_points_2_car.mp4
223,0,car_racing_ego_car,1.0,288.0,278.0,312.0,320.0,663,contact_low,299.0,318.0,mask PCA skeleton + low contact point,generated_videos/control_points_2_car.mp4
224,0,car_racing_ego_car,1.0,288.0,278.0,312.0,320.0,655,centroid,299.5160217285156,299.86871337890625,mask PCA skeleton + low contact point,generated_videos/control_points_2_car.mp4
224,0,car_racing_ego_car,1.0,288.0,278.0,312.0,320.0,655,axis_front,290.0,319.0,mask PCA skeleton + low contact point,generated_videos/control_points_2_car.mp4
224,0,car_racing_ego_car,1.0,288.0,278.0,312.0,320.0,655,axis_back,311.0,278.0,mask PCA skeleton + low contact point,generated_videos/control_points_2_car.mp4
224,0,car_racing_ego_car,1.0,288.0,278.0,312.0,320.0,655,axis_left,311.0,281.0,mask PCA skeleton + low contact point,generated_videos/control_points_2_car.mp4
224,0,car_racing_ego_car,1.0,288.0,278.0,312.0,320.0,655,axis_right,288.0,278.0,mask PCA skeleton + low contact point,generated_videos/control_points_2_car.mp4
224,0,car_racing_ego_car,1.0,288.0,278.0,312.0,320.0,655,contact_low,299.0,318.0,mask PCA skeleton + low contact point,generated_videos/control_points_2_car.mp4
225,0,car_racing_ego_car,1.0,288.0,278.0,312.0,320.0,671,centroid,299.4649658203125,299.96124267578125,mask PCA skeleton + low contact point,generated_videos/control_points_2_car.mp4
225,0,car_racing_ego_car,1.0,288.0,278.0,312.0,320.0,671,axis_front,309.0,319.0,mask PCA skeleton + low contact point,generated_videos/control_points_2_car.mp4
225,0,car_racing_ego_car,1.0,288.0,278.0,312.0,320.0,671,axis_back,288.0,278.0,mask PCA skeleton + low contact point,generated_videos/control_points_2_car.mp4
225,0,car_racing_ego_car,1.0,288.0,278.0,312.0,320.0,671,axis_left,311.0,278.0,mask PCA skeleton + low contact point,generated_videos/control_points_2_car.mp4
225,0,car_racing_ego_car,1.0,288.0,278.0,312.0,320.0,671,axis_right,288.0,281.0,mask PCA skeleton + low contact point,generated_videos/control_points_2_car.mp4
225,0,car_racing_ego_car,1.0,288.0,278.0,312.0,320.0,671,contact_low,299.0,318.0,mask PCA skeleton + low contact point,generated_videos/control_points_2_car.mp4
226,0,car_racing_ego_car,1.0,288.0,278.0,312.0,320.0,651,centroid,299.48541259765625,299.9017028808594,mask PCA skeleton + low contact point,generated_videos/control_points_2_car.mp4
226,0,car_racing_ego_car,1.0,288.0,278.0,312.0,320.0,651,axis_front,290.0,319.0,mask PCA skeleton + low contact point,generated_videos/control_points_2_car.mp4
226,0,car_racing_ego_car,1.0,288.0,278.0,312.0,320.0,651,axis_back,311.0,278.0,mask PCA skeleton + low contact point,generated_videos/control_points_2_car.mp4
226,0,car_racing_ego_car,1.0,288.0,278.0,312.0,320.0,651,axis_left,311.0,281.0,mask PCA skeleton + low contact point,generated_videos/control_points_2_car.mp4
226,0,car_racing_ego_car,1.0,288.0,278.0,312.0,320.0,651,axis_right,288.0,278.0,mask PCA skeleton + low contact point,generated_videos/control_points_2_car.mp4
226,0,car_racing_ego_car,1.0,288.0,278.0,312.0,320.0,651,contact_low,299.0,318.0,mask PCA skeleton + low contact point,generated_videos/control_points_2_car.mp4
227,0,car_racing_ego_car,1.0,288.0,278.0,314.0,320.0,676,centroid,299.476318359375,299.825439453125,mask PCA skeleton + low contact point,generated_videos/control_points_2_car.mp4
227,0,car_racing_ego_car,1.0,288.0,278.0,314.0,320.0,676,axis_front,290.0,319.0,mask PCA skeleton + low contact point,generated_videos/control_points_2_car.mp4
227,0,car_racing_ego_car,1.0,288.0,278.0,314.0,320.0,676,axis_back,311.0,278.0,mask PCA skeleton + low contact point,generated_videos/control_points_2_car.mp4
227,0,car_racing_ego_car,1.0,288.0,278.0,314.0,320.0,676,axis_left,313.0,281.0,mask PCA skeleton + low contact point,generated_videos/control_points_2_car.mp4
227,0,car_racing_ego_car,1.0,288.0,278.0,314.0,320.0,676,axis_right,288.0,278.0,mask PCA skeleton + low contact point,generated_videos/control_points_2_car.mp4
227,0,car_racing_ego_car,1.0,288.0,278.0,314.0,320.0,676,contact_low,299.0,318.0,mask PCA skeleton + low contact point,generated_videos/control_points_2_car.mp4
228,0,car_racing_ego_car,1.0,288.0,278.0,312.0,320.0,659,centroid,299.591796875,300.0242919921875,mask PCA skeleton + low contact point,generated_videos/control_points_2_car.mp4
228,0,car_racing_ego_car,1.0,288.0,278.0,312.0,320.0,659,axis_front,309.0,319.0,mask PCA skeleton + low contact point,generated_videos/control_points_2_car.mp4
228,0,car_racing_ego_car,1.0,288.0,278.0,312.0,320.0,659,axis_back,288.0,278.0,mask PCA skeleton + low contact point,generated_videos/control_points_2_car.mp4
228,0,car_racing_ego_car,1.0,288.0,278.0,312.0,320.0,659,axis_left,311.0,278.0,mask PCA skeleton + low contact point,generated_videos/control_points_2_car.mp4
228,0,car_racing_ego_car,1.0,288.0,278.0,312.0,320.0,659,axis_right,288.0,281.0,mask PCA skeleton + low contact point,generated_videos/control_points_2_car.mp4
228,0,car_racing_ego_car,1.0,288.0,278.0,312.0,320.0,659,contact_low,299.0,318.0,mask PCA skeleton + low contact point,generated_videos/control_points_2_car.mp4
229,0,car_racing_ego_car,1.0,288.0,278.0,314.0,320.0,671,centroid,299.7228088378906,299.50372314453125,mask PCA skeleton + low contact point,generated_videos/control_points_2_car.mp4
229,0,car_racing_ego_car,1.0,288.0,278.0,314.0,320.0,671,axis_front,290.0,319.0,mask PCA skeleton + low contact point,generated_videos/control_points_2_car.mp4
229,0,car_racing_ego_car,1.0,288.0,278.0,314.0,320.0,671,axis_back,311.0,278.0,mask PCA skeleton + low contact point,generated_videos/control_points_2_car.mp4
229,0,car_racing_ego_car,1.0,288.0,278.0,314.0,320.0,671,axis_left,313.0,281.0,mask PCA skeleton + low contact point,generated_videos/control_points_2_car.mp4
229,0,car_racing_ego_car,1.0,288.0,278.0,314.0,320.0,671,axis_right,288.0,278.0,mask PCA skeleton + low contact point,generated_videos/control_points_2_car.mp4
229,0,car_racing_ego_car,1.0,288.0,278.0,314.0,320.0,671,contact_low,299.0,318.0,mask PCA skeleton + low contact point,generated_videos/control_points_2_car.mp4
230,0,car_racing_ego_car,1.0,288.0,278.0,312.0,320.0,660,centroid,299.3712158203125,299.95758056640625,mask PCA skeleton + low contact point,generated_videos/control_points_2_car.mp4
230,0,car_racing_ego_car,1.0,288.0,278.0,312.0,320.0,660,axis_front,290.0,319.0,mask PCA skeleton + low contact point,generated_videos/control_points_2_car.mp4
230,0,car_racing_ego_car,1.0,288.0,278.0,312.0,320.0,660,axis_back,311.0,278.0,mask PCA skeleton + low contact point,generated_videos/control_points_2_car.mp4
230,0,car_racing_ego_car,1.0,288.0,278.0,312.0,320.0,660,axis_left,311.0,281.0,mask PCA skeleton + low contact point,generated_videos/control_points_2_car.mp4
230,0,car_racing_ego_car,1.0,288.0,278.0,312.0,320.0,660,axis_right,288.0,278.0,mask PCA skeleton + low contact point,generated_videos/control_points_2_car.mp4
230,0,car_racing_ego_car,1.0,288.0,278.0,312.0,320.0,660,contact_low,299.0,318.0,mask PCA skeleton + low contact point,generated_videos/control_points_2_car.mp4
231,0,car_racing_ego_car,1.0,288.0,278.0,312.0,320.0,658,centroid,299.52886962890625,299.8282775878906,mask PCA skeleton + low contact point,generated_videos/control_points_2_car.mp4
231,0,car_racing_ego_car,1.0,288.0,278.0,312.0,320.0,658,axis_front,290.0,319.0,mask PCA skeleton + low contact point,generated_videos/control_points_2_car.mp4
231,0,car_racing_ego_car,1.0,288.0,278.0,312.0,320.0,658,axis_back,311.0,278.0,mask PCA skeleton + low contact point,generated_videos/control_points_2_car.mp4
231,0,car_racing_ego_car,1.0,288.0,278.0,312.0,320.0,658,axis_left,311.0,281.0,mask PCA skeleton + low contact point,generated_videos/control_points_2_car.mp4
231,0,car_racing_ego_car,1.0,288.0,278.0,312.0,320.0,658,axis_right,288.0,278.0,mask PCA skeleton + low contact point,generated_videos/control_points_2_car.mp4
231,0,car_racing_ego_car,1.0,288.0,278.0,312.0,320.0,658,contact_low,299.0,318.0,mask PCA skeleton + low contact point,generated_videos/control_points_2_car.mp4
232,0,car_racing_ego_car,1.0,288.0,278.0,312.0,320.0,651,centroid,299.48541259765625,299.9017028808594,mask PCA skeleton + low contact point,generated_videos/control_points_2_car.mp4
232,0,car_racing_ego_car,1.0,288.0,278.0,312.0,320.0,651,axis_front,290.0,319.0,mask PCA skeleton + low contact point,generated_videos/control_points_2_car.mp4
232,0,car_racing_ego_car,1.0,288.0,278.0,312.0,320.0,651,axis_back,311.0,278.0,mask PCA skeleton + low contact point,generated_videos/control_points_2_car.mp4
232,0,car_racing_ego_car,1.0,288.0,278.0,312.0,320.0,651,axis_left,311.0,281.0,mask PCA skeleton + low contact point,generated_videos/control_points_2_car.mp4
232,0,car_racing_ego_car,1.0,288.0,278.0,312.0,320.0,651,axis_right,288.0,278.0,mask PCA skeleton + low contact point,generated_videos/control_points_2_car.mp4
232,0,car_racing_ego_car,1.0,288.0,278.0,312.0,320.0,651,contact_low,299.0,318.0,mask PCA skeleton + low contact point,generated_videos/control_points_2_car.mp4
233,0,car_racing_ego_car,1.0,288.0,278.0,314.0,320.0,663,centroid,299.4645690917969,299.82806396484375,mask PCA skeleton + low contact point,generated_videos/control_points_2_car.mp4
233,0,car_racing_ego_car,1.0,288.0,278.0,314.0,320.0,663,axis_front,290.0,319.0,mask PCA skeleton + low contact point,generated_videos/control_points_2_car.mp4
233,0,car_racing_ego_car,1.0,288.0,278.0,314.0,320.0,663,axis_back,311.0,278.0,mask PCA skeleton + low contact point,generated_videos/control_points_2_car.mp4
233,0,car_racing_ego_car,1.0,288.0,278.0,314.0,320.0,663,axis_left,313.0,281.0,mask PCA skeleton + low contact point,generated_videos/control_points_2_car.mp4
233,0,car_racing_ego_car,1.0,288.0,278.0,314.0,320.0,663,axis_right,288.0,278.0,mask PCA skeleton + low contact point,generated_videos/control_points_2_car.mp4
233,0,car_racing_ego_car,1.0,288.0,278.0,314.0,320.0,663,contact_low,299.0,318.0,mask PCA skeleton + low contact point,generated_videos/control_points_2_car.mp4
234,0,car_racing_ego_car,1.0,288.0,278.0,312.0,320.0,652,centroid,299.5,299.9233093261719,mask PCA skeleton + low contact point,generated_videos/control_points_2_car.mp4
234,0,car_racing_ego_car,1.0,288.0,278.0,312.0,320.0,652,axis_front,290.0,319.0,mask PCA skeleton + low contact point,generated_videos/control_points_2_car.mp4
234,0,car_racing_ego_car,1.0,288.0,278.0,312.0,320.0,652,axis_back,288.0,278.0,mask PCA skeleton + low contact point,generated_videos/control_points_2_car.mp4
234,0,car_racing_ego_car,1.0,288.0,278.0,312.0,320.0,652,axis_left,311.0,278.0,mask PCA skeleton + low contact point,generated_videos/control_points_2_car.mp4
234,0,car_racing_ego_car,1.0,288.0,278.0,312.0,320.0,652,axis_right,288.0,278.0,mask PCA skeleton + low contact point,generated_videos/control_points_2_car.mp4
234,0,car_racing_ego_car,1.0,288.0,278.0,312.0,320.0,652,contact_low,299.0,318.0,mask PCA skeleton + low contact point,generated_videos/control_points_2_car.mp4
235,0,car_racing_ego_car,1.0,288.0,278.0,314.0,320.0,655,centroid,299.56488037109375,299.783203125,mask PCA skeleton + low contact point,generated_videos/control_points_2_car.mp4
235,0,car_racing_ego_car,1.0,288.0,278.0,314.0,320.0,655,axis_front,290.0,319.0,mask PCA skeleton + low contact point,generated_videos/control_points_2_car.mp4
235,0,car_racing_ego_car,1.0,288.0,278.0,314.0,320.0,655,axis_back,311.0,278.0,mask PCA skeleton + low contact point,generated_videos/control_points_2_car.mp4
235,0,car_racing_ego_car,1.0,288.0,278.0,314.0,320.0,655,axis_left,313.0,281.0,mask PCA skeleton + low contact point,generated_videos/control_points_2_car.mp4
235,0,car_racing_ego_car,1.0,288.0,278.0,314.0,320.0,655,axis_right,288.0,278.0,mask PCA skeleton + low contact point,generated_videos/control_points_2_car.mp4
235,0,car_racing_ego_car,1.0,288.0,278.0,314.0,320.0,655,contact_low,299.0,318.0,mask PCA skeleton + low contact point,generated_videos/control_points_2_car.mp4
236,0,car_racing_ego_car,1.0,288.0,278.0,312.0,320.0,655,centroid,299.5160217285156,299.86871337890625,mask PCA skeleton + low contact point,generated_videos/control_points_2_car.mp4
236,0,car_racing_ego_car,1.0,288.0,278.0,312.0,320.0,655,axis_front,290.0,319.0,mask PCA skeleton + low contact point,generated_videos/control_points_2_car.mp4
236,0,car_racing_ego_car,1.0,288.0,278.0,312.0,320.0,655,axis_back,311.0,278.0,mask PCA skeleton + low contact point,generated_videos/control_points_2_car.mp4
236,0,car_racing_ego_car,1.0,288.0,278.0,312.0,320.0,655,axis_left,311.0,281.0,mask PCA skeleton + low contact point,generated_videos/control_points_2_car.mp4
236,0,car_racing_ego_car,1.0,288.0,278.0,312.0,320.0,655,axis_right,288.0,278.0,mask PCA skeleton + low contact point,generated_videos/control_points_2_car.mp4
236,0,car_racing_ego_car,1.0,288.0,278.0,312.0,320.0,655,contact_low,299.0,318.0,mask PCA skeleton + low contact point,generated_videos/control_points_2_car.mp4
237,0,car_racing_ego_car,1.0,288.0,278.0,312.0,320.0,662,centroid,299.5815734863281,299.7371520996094,mask PCA skeleton + low contact point,generated_videos/control_points_2_car.mp4
237,0,car_racing_ego_car,1.0,288.0,278.0,312.0,320.0,662,axis_front,290.0,319.0,mask PCA skeleton + low contact point,generated_videos/control_points_2_car.mp4
237,0,car_racing_ego_car,1.0,288.0,278.0,312.0,320.0,662,axis_back,311.0,278.0,mask PCA skeleton + low contact point,generated_videos/control_points_2_car.mp4
237,0,car_racing_ego_car,1.0,288.0,278.0,312.0,320.0,662,axis_left,311.0,281.0,mask PCA skeleton + low contact point,generated_videos/control_points_2_car.mp4
237,0,car_racing_ego_car,1.0,288.0,278.0,312.0,320.0,662,axis_right,288.0,278.0,mask PCA skeleton + low contact point,generated_videos/control_points_2_car.mp4
237,0,car_racing_ego_car,1.0,288.0,278.0,312.0,320.0,662,contact_low,299.0,318.0,mask PCA skeleton + low contact point,generated_videos/control_points_2_car.mp4
238,0,car_racing_ego_car,1.0,288.0,278.0,312.0,320.0,662,centroid,299.5815734863281,299.7371520996094,mask PCA skeleton + low contact point,generated_videos/control_points_2_car.mp4
238,0,car_racing_ego_car,1.0,288.0,278.0,312.0,320.0,662,axis_front,290.0,319.0,mask PCA skeleton + low contact point,generated_videos/control_points_2_car.mp4
238,0,car_racing_ego_car,1.0,288.0,278.0,312.0,320.0,662,axis_back,311.0,278.0,mask PCA skeleton + low contact point,generated_videos/control_points_2_car.mp4
238,0,car_racing_ego_car,1.0,288.0,278.0,312.0,320.0,662,axis_left,311.0,281.0,mask PCA skeleton + low contact point,generated_videos/control_points_2_car.mp4
238,0,car_racing_ego_car,1.0,288.0,278.0,312.0,320.0,662,axis_right,288.0,278.0,mask PCA skeleton + low contact point,generated_videos/control_points_2_car.mp4
238,0,car_racing_ego_car,1.0,288.0,278.0,312.0,320.0,662,contact_low,299.0,318.0,mask PCA skeleton + low contact point,generated_videos/control_points_2_car.mp4
239,0,car_racing_ego_car,1.0,288.0,278.0,312.0,320.0,665,centroid,299.386474609375,299.8646545410156,mask PCA skeleton + low contact point,generated_videos/control_points_2_car.mp4
239,0,car_racing_ego_car,1.0,288.0,278.0,312.0,320.0,665,axis_front,309.0,319.0,mask PCA skeleton + low contact point,generated_videos/control_points_2_car.mp4
239,0,car_racing_ego_car,1.0,288.0,278.0,312.0,320.0,665,axis_back,288.0,278.0,mask PCA skeleton + low contact point,generated_videos/control_points_2_car.mp4
239,0,car_racing_ego_car,1.0,288.0,278.0,312.0,320.0,665,axis_left,311.0,278.0,mask PCA skeleton + low contact point,generated_videos/control_points_2_car.mp4
239,0,car_racing_ego_car,1.0,288.0,278.0,312.0,320.0,665,axis_right,288.0,281.0,mask PCA skeleton + low contact point,generated_videos/control_points_2_car.mp4
239,0,car_racing_ego_car,1.0,288.0,278.0,312.0,320.0,665,contact_low,299.0,318.0,mask PCA skeleton + low contact point,generated_videos/control_points_2_car.mp4
240,0,car_racing_ego_car,1.0,288.0,278.0,312.0,320.0,652,centroid,299.4923400878906,299.8941650390625,mask PCA skeleton + low contact point,generated_videos/control_points_2_car.mp4
240,0,car_racing_ego_car,1.0,288.0,278.0,312.0,320.0,652,axis_front,290.0,319.0,mask PCA skeleton + low contact point,generated_videos/control_points_2_car.mp4
240,0,car_racing_ego_car,1.0,288.0,278.0,312.0,320.0,652,axis_back,311.0,278.0,mask PCA skeleton + low contact point,generated_videos/control_points_2_car.mp4
240,0,car_racing_ego_car,1.0,288.0,278.0,312.0,320.0,652,axis_left,311.0,281.0,mask PCA skeleton + low contact point,generated_videos/control_points_2_car.mp4
240,0,car_racing_ego_car,1.0,288.0,278.0,312.0,320.0,652,axis_right,288.0,278.0,mask PCA skeleton + low contact point,generated_videos/control_points_2_car.mp4
240,0,car_racing_ego_car,1.0,288.0,278.0,312.0,320.0,652,contact_low,299.0,318.0,mask PCA skeleton + low contact point,generated_videos/control_points_2_car.mp4
241,0,car_racing_ego_car,1.0,288.0,278.0,312.0,320.0,652,centroid,299.5,299.9233093261719,mask PCA skeleton + low contact point,generated_videos/control_points_2_car.mp4
241,0,car_racing_ego_car,1.0,288.0,278.0,312.0,320.0,652,axis_front,290.0,319.0,mask PCA skeleton + low contact point,generated_videos/control_points_2_car.mp4
241,0,car_racing_ego_car,1.0,288.0,278.0,312.0,320.0,652,axis_back,288.0,278.0,mask PCA skeleton + low contact point,generated_videos/control_points_2_car.mp4
241,0,car_racing_ego_car,1.0,288.0,278.0,312.0,320.0,652,axis_left,311.0,278.0,mask PCA skeleton + low contact point,generated_videos/control_points_2_car.mp4
241,0,car_racing_ego_car,1.0,288.0,278.0,312.0,320.0,652,axis_right,288.0,278.0,mask PCA skeleton + low contact point,generated_videos/control_points_2_car.mp4
241,0,car_racing_ego_car,1.0,288.0,278.0,312.0,320.0,652,contact_low,299.0,318.0,mask PCA skeleton + low contact point,generated_videos/control_points_2_car.mp4
242,0,car_racing_ego_car,1.0,288.0,278.0,312.0,320.0,659,centroid,299.5963439941406,299.7648010253906,mask PCA skeleton + low contact point,generated_videos/control_points_2_car.mp4
242,0,car_racing_ego_car,1.0,288.0,278.0,312.0,320.0,659,axis_front,290.0,319.0,mask PCA skeleton + low contact point,generated_videos/control_points_2_car.mp4
242,0,car_racing_ego_car,1.0,288.0,278.0,312.0,320.0,659,axis_back,311.0,278.0,mask PCA skeleton + low contact point,generated_videos/control_points_2_car.mp4
242,0,car_racing_ego_car,1.0,288.0,278.0,312.0,320.0,659,axis_left,311.0,282.0,mask PCA skeleton + low contact point,generated_videos/control_points_2_car.mp4
242,0,car_racing_ego_car,1.0,288.0,278.0,312.0,320.0,659,axis_right,288.0,278.0,mask PCA skeleton + low contact point,generated_videos/control_points_2_car.mp4
242,0,car_racing_ego_car,1.0,288.0,278.0,312.0,320.0,659,contact_low,299.0,318.0,mask PCA skeleton + low contact point,generated_videos/control_points_2_car.mp4
243,0,car_racing_ego_car,1.0,288.0,278.0,312.0,320.0,651,centroid,299.48541259765625,299.9017028808594,mask PCA skeleton + low contact point,generated_videos/control_points_2_car.mp4
243,0,car_racing_ego_car,1.0,288.0,278.0,312.0,320.0,651,axis_front,290.0,319.0,mask PCA skeleton + low contact point,generated_videos/control_points_2_car.mp4
243,0,car_racing_ego_car,1.0,288.0,278.0,312.0,320.0,651,axis_back,311.0,278.0,mask PCA skeleton + low contact point,generated_videos/control_points_2_car.mp4
243,0,car_racing_ego_car,1.0,288.0,278.0,312.0,320.0,651,axis_left,311.0,281.0,mask PCA skeleton + low contact point,generated_videos/control_points_2_car.mp4
243,0,car_racing_ego_car,1.0,288.0,278.0,312.0,320.0,651,axis_right,288.0,278.0,mask PCA skeleton + low contact point,generated_videos/control_points_2_car.mp4
243,0,car_racing_ego_car,1.0,288.0,278.0,312.0,320.0,651,contact_low,299.0,318.0,mask PCA skeleton + low contact point,generated_videos/control_points_2_car.mp4
244,0,car_racing_ego_car,1.0,288.0,278.0,312.0,320.0,664,centroid,299.33282470703125,300.01959228515625,mask PCA skeleton + low contact point,generated_videos/control_points_2_car.mp4
244,0,car_racing_ego_car,1.0,288.0,278.0,312.0,320.0,664,axis_front,290.0,319.0,mask PCA skeleton + low contact point,generated_videos/control_points_2_car.mp4
244,0,car_racing_ego_car,1.0,288.0,278.0,312.0,320.0,664,axis_back,311.0,278.0,mask PCA skeleton + low contact point,generated_videos/control_points_2_car.mp4
244,0,car_racing_ego_car,1.0,288.0,278.0,312.0,320.0,664,axis_left,311.0,281.0,mask PCA skeleton + low contact point,generated_videos/control_points_2_car.mp4
244,0,car_racing_ego_car,1.0,288.0,278.0,312.0,320.0,664,axis_right,288.0,278.0,mask PCA skeleton + low contact point,generated_videos/control_points_2_car.mp4
244,0,car_racing_ego_car,1.0,288.0,278.0,312.0,320.0,664,contact_low,299.0,318.0,mask PCA skeleton + low contact point,generated_videos/control_points_2_car.mp4
245,0,car_racing_ego_car,1.0,288.0,278.0,312.0,320.0,656,centroid,299.55792236328125,299.7652587890625,mask PCA skeleton + low contact point,generated_videos/control_points_2_car.mp4
245,0,car_racing_ego_car,1.0,288.0,278.0,312.0,320.0,656,axis_front,290.0,319.0,mask PCA skeleton + low contact point,generated_videos/control_points_2_car.mp4
245,0,car_racing_ego_car,1.0,288.0,278.0,312.0,320.0,656,axis_back,311.0,278.0,mask PCA skeleton + low contact point,generated_videos/control_points_2_car.mp4
245,0,car_racing_ego_car,1.0,288.0,278.0,312.0,320.0,656,axis_left,311.0,282.0,mask PCA skeleton + low contact point,generated_videos/control_points_2_car.mp4
245,0,car_racing_ego_car,1.0,288.0,278.0,312.0,320.0,656,axis_right,288.0,278.0,mask PCA skeleton + low contact point,generated_videos/control_points_2_car.mp4
245,0,car_racing_ego_car,1.0,288.0,278.0,312.0,320.0,656,contact_low,299.0,318.0,mask PCA skeleton + low contact point,generated_videos/control_points_2_car.mp4
246,0,car_racing_ego_car,1.0,288.0,278.0,312.0,320.0,651,centroid,299.48541259765625,299.9017028808594,mask PCA skeleton + low contact point,generated_videos/control_points_2_car.mp4
246,0,car_racing_ego_car,1.0,288.0,278.0,312.0,320.0,651,axis_front,290.0,319.0,mask PCA skeleton + low contact point,generated_videos/control_points_2_car.mp4
246,0,car_racing_ego_car,1.0,288.0,278.0,312.0,320.0,651,axis_back,311.0,278.0,mask PCA skeleton + low contact point,generated_videos/control_points_2_car.mp4
246,0,car_racing_ego_car,1.0,288.0,278.0,312.0,320.0,651,axis_left,311.0,281.0,mask PCA skeleton + low contact point,generated_videos/control_points_2_car.mp4
246,0,car_racing_ego_car,1.0,288.0,278.0,312.0,320.0,651,axis_right,288.0,278.0,mask PCA skeleton + low contact point,generated_videos/control_points_2_car.mp4
246,0,car_racing_ego_car,1.0,288.0,278.0,312.0,320.0,651,contact_low,299.0,318.0,mask PCA skeleton + low contact point,generated_videos/control_points_2_car.mp4
247,0,car_racing_ego_car,1.0,288.0,278.0,312.0,320.0,668,centroid,299.24700927734375,299.92962646484375,mask PCA skeleton + low contact point,generated_videos/control_points_2_car.mp4
247,0,car_racing_ego_car,1.0,288.0,278.0,312.0,320.0,668,axis_front,290.0,319.0,mask PCA skeleton + low contact point,generated_videos/control_points_2_car.mp4
247,0,car_racing_ego_car,1.0,288.0,278.0,312.0,320.0,668,axis_back,311.0,278.0,mask PCA skeleton + low contact point,generated_videos/control_points_2_car.mp4
247,0,car_racing_ego_car,1.0,288.0,278.0,312.0,320.0,668,axis_left,311.0,281.0,mask PCA skeleton + low contact point,generated_videos/control_points_2_car.mp4
247,0,car_racing_ego_car,1.0,288.0,278.0,312.0,320.0,668,axis_right,288.0,278.0,mask PCA skeleton + low contact point,generated_videos/control_points_2_car.mp4
247,0,car_racing_ego_car,1.0,288.0,278.0,312.0,320.0,668,contact_low,299.0,318.0,mask PCA skeleton + low contact point,generated_videos/control_points_2_car.mp4
248,0,car_racing_ego_car,1.0,288.0,278.0,312.0,320.0,661,centroid,299.6293640136719,299.638427734375,mask PCA skeleton + low contact point,generated_videos/control_points_2_car.mp4
248,0,car_racing_ego_car,1.0,288.0,278.0,312.0,320.0,661,axis_front,290.0,319.0,mask PCA skeleton + low contact point,generated_videos/control_points_2_car.mp4
248,0,car_racing_ego_car,1.0,288.0,278.0,312.0,320.0,661,axis_back,311.0,278.0,mask PCA skeleton + low contact point,generated_videos/control_points_2_car.mp4
248,0,car_racing_ego_car,1.0,288.0,278.0,312.0,320.0,661,axis_left,311.0,283.0,mask PCA skeleton + low contact point,generated_videos/control_points_2_car.mp4
248,0,car_racing_ego_car,1.0,288.0,278.0,312.0,320.0,661,axis_right,288.0,278.0,mask PCA skeleton + low contact point,generated_videos/control_points_2_car.mp4
248,0,car_racing_ego_car,1.0,288.0,278.0,312.0,320.0,661,contact_low,299.0,318.0,mask PCA skeleton + low contact point,generated_videos/control_points_2_car.mp4
249,0,car_racing_ego_car,1.0,288.0,278.0,312.0,320.0,651,centroid,299.48541259765625,299.9017028808594,mask PCA skeleton + low contact point,generated_videos/control_points_2_car.mp4
249,0,car_racing_ego_car,1.0,288.0,278.0,312.0,320.0,651,axis_front,290.0,319.0,mask PCA skeleton + low contact point,generated_videos/control_points_2_car.mp4
249,0,car_racing_ego_car,1.0,288.0,278.0,312.0,320.0,651,axis_back,311.0,278.0,mask PCA skeleton + low contact point,generated_videos/control_points_2_car.mp4
249,0,car_racing_ego_car,1.0,288.0,278.0,312.0,320.0,651,axis_left,311.0,281.0,mask PCA skeleton + low contact point,generated_videos/control_points_2_car.mp4
249,0,car_racing_ego_car,1.0,288.0,278.0,312.0,320.0,651,axis_right,288.0,278.0,mask PCA skeleton + low contact point,generated_videos/control_points_2_car.mp4
249,0,car_racing_ego_car,1.0,288.0,278.0,312.0,320.0,651,contact_low,299.0,318.0,mask PCA skeleton + low contact point,generated_videos/control_points_2_car.mp4
250,0,car_racing_ego_car,1.0,288.0,278.0,312.0,320.0,654,centroid,299.52294921875,299.8700256347656,mask PCA skeleton + low contact point,generated_videos/control_points_2_car.mp4
250,0,car_racing_ego_car,1.0,288.0,278.0,312.0,320.0,654,axis_front,290.0,319.0,mask PCA skeleton + low contact point,generated_videos/control_points_2_car.mp4
250,0,car_racing_ego_car,1.0,288.0,278.0,312.0,320.0,654,axis_back,311.0,278.0,mask PCA skeleton + low contact point,generated_videos/control_points_2_car.mp4
250,0,car_racing_ego_car,1.0,288.0,278.0,312.0,320.0,654,axis_left,311.0,281.0,mask PCA skeleton + low contact point,generated_videos/control_points_2_car.mp4
250,0,car_racing_ego_car,1.0,288.0,278.0,312.0,320.0,654,axis_right,288.0,278.0,mask PCA skeleton + low contact point,generated_videos/control_points_2_car.mp4
250,0,car_racing_ego_car,1.0,288.0,278.0,312.0,320.0,654,contact_low,299.0,318.0,mask PCA skeleton + low contact point,generated_videos/control_points_2_car.mp4
251,0,car_racing_ego_car,1.0,288.0,278.0,312.0,320.0,670,centroid,299.5373229980469,299.7059631347656,mask PCA skeleton + low contact point,generated_videos/control_points_2_car.mp4
251,0,car_racing_ego_car,1.0,288.0,278.0,312.0,320.0,670,axis_front,290.0,319.0,mask PCA skeleton + low contact point,generated_videos/control_points_2_car.mp4
251,0,car_racing_ego_car,1.0,288.0,278.0,312.0,320.0,670,axis_back,311.0,278.0,mask PCA skeleton + low contact point,generated_videos/control_points_2_car.mp4
251,0,car_racing_ego_car,1.0,288.0,278.0,312.0,320.0,670,axis_left,311.0,281.0,mask PCA skeleton + low contact point,generated_videos/control_points_2_car.mp4
251,0,car_racing_ego_car,1.0,288.0,278.0,312.0,320.0,670,axis_right,288.0,278.0,mask PCA skeleton + low contact point,generated_videos/control_points_2_car.mp4
251,0,car_racing_ego_car,1.0,288.0,278.0,312.0,320.0,670,contact_low,299.0,318.0,mask PCA skeleton + low contact point,generated_videos/control_points_2_car.mp4
252,0,car_racing_ego_car,1.0,288.0,278.0,312.0,320.0,656,centroid,299.5304870605469,299.8902587890625,mask PCA skeleton + low contact point,generated_videos/control_points_2_car.mp4
252,0,car_racing_ego_car,1.0,288.0,278.0,312.0,320.0,656,axis_front,290.0,319.0,mask PCA skeleton + low contact point,generated_videos/control_points_2_car.mp4
252,0,car_racing_ego_car,1.0,288.0,278.0,312.0,320.0,656,axis_back,311.0,278.0,mask PCA skeleton + low contact point,generated_videos/control_points_2_car.mp4
252,0,car_racing_ego_car,1.0,288.0,278.0,312.0,320.0,656,axis_left,311.0,281.0,mask PCA skeleton + low contact point,generated_videos/control_points_2_car.mp4
252,0,car_racing_ego_car,1.0,288.0,278.0,312.0,320.0,656,axis_right,288.0,278.0,mask PCA skeleton + low contact point,generated_videos/control_points_2_car.mp4
252,0,car_racing_ego_car,1.0,288.0,278.0,312.0,320.0,656,contact_low,299.0,318.0,mask PCA skeleton + low contact point,generated_videos/control_points_2_car.mp4
253,0,car_racing_ego_car,1.0,288.0,278.0,312.0,320.0,654,centroid,299.47705078125,299.8700256347656,mask PCA skeleton + low contact point,generated_videos/control_points_2_car.mp4
253,0,car_racing_ego_car,1.0,288.0,278.0,312.0,320.0,654,axis_front,309.0,319.0,mask PCA skeleton + low contact point,generated_videos/control_points_2_car.mp4
253,0,car_racing_ego_car,1.0,288.0,278.0,312.0,320.0,654,axis_back,288.0,278.0,mask PCA skeleton + low contact point,generated_videos/control_points_2_car.mp4
253,0,car_racing_ego_car,1.0,288.0,278.0,312.0,320.0,654,axis_left,311.0,278.0,mask PCA skeleton + low contact point,generated_videos/control_points_2_car.mp4
253,0,car_racing_ego_car,1.0,288.0,278.0,312.0,320.0,654,axis_right,288.0,281.0,mask PCA skeleton + low contact point,generated_videos/control_points_2_car.mp4
253,0,car_racing_ego_car,1.0,288.0,278.0,312.0,320.0,654,contact_low,299.0,318.0,mask PCA skeleton + low contact point,generated_videos/control_points_2_car.mp4
254,0,car_racing_ego_car,1.0,288.0,278.0,312.0,320.0,652,centroid,299.5,299.9233093261719,mask PCA skeleton + low contact point,generated_videos/control_points_2_car.mp4
254,0,car_racing_ego_car,1.0,288.0,278.0,312.0,320.0,652,axis_front,290.0,319.0,mask PCA skeleton + low contact point,generated_videos/control_points_2_car.mp4
254,0,car_racing_ego_car,1.0,288.0,278.0,312.0,320.0,652,axis_back,288.0,278.0,mask PCA skeleton + low contact point,generated_videos/control_points_2_car.mp4
254,0,car_racing_ego_car,1.0,288.0,278.0,312.0,320.0,652,axis_left,311.0,278.0,mask PCA skeleton + low contact point,generated_videos/control_points_2_car.mp4
254,0,car_racing_ego_car,1.0,288.0,278.0,312.0,320.0,652,axis_right,288.0,278.0,mask PCA skeleton + low contact point,generated_videos/control_points_2_car.mp4
254,0,car_racing_ego_car,1.0,288.0,278.0,312.0,320.0,652,contact_low,299.0,318.0,mask PCA skeleton + low contact point,generated_videos/control_points_2_car.mp4
255,0,car_racing_ego_car,1.0,288.0,278.0,314.0,320.0,664,centroid,299.6385498046875,299.7289123535156,mask PCA skeleton + low contact point,generated_videos/control_points_2_car.mp4
255,0,car_racing_ego_car,1.0,288.0,278.0,314.0,320.0,664,axis_front,290.0,319.0,mask PCA skeleton + low contact point,generated_videos/control_points_2_car.mp4
255,0,car_racing_ego_car,1.0,288.0,278.0,314.0,320.0,664,axis_back,311.0,278.0,mask PCA skeleton + low contact point,generated_videos/control_points_2_car.mp4
255,0,car_racing_ego_car,1.0,288.0,278.0,314.0,320.0,664,axis_left,313.0,281.0,mask PCA skeleton + low contact point,generated_videos/control_points_2_car.mp4
255,0,car_racing_ego_car,1.0,288.0,278.0,314.0,320.0,664,axis_right,288.0,278.0,mask PCA skeleton + low contact point,generated_videos/control_points_2_car.mp4
255,0,car_racing_ego_car,1.0,288.0,278.0,314.0,320.0,664,contact_low,299.0,318.0,mask PCA skeleton + low contact point,generated_videos/control_points_2_car.mp4
256,0,car_racing_ego_car,1.0,288.0,278.0,312.0,320.0,664,centroid,299.33734130859375,300.1144714355469,mask PCA skeleton + low contact point,generated_videos/control_points_2_car.mp4
256,0,car_racing_ego_car,1.0,288.0,278.0,312.0,320.0,664,axis_front,290.0,319.0,mask PCA skeleton + low contact point,generated_videos/control_points_2_car.mp4
256,0,car_racing_ego_car,1.0,288.0,278.0,312.0,320.0,664,axis_back,311.0,278.0,mask PCA skeleton + low contact point,generated_videos/control_points_2_car.mp4
256,0,car_racing_ego_car,1.0,288.0,278.0,312.0,320.0,664,axis_left,311.0,281.0,mask PCA skeleton + low contact point,generated_videos/control_points_2_car.mp4
256,0,car_racing_ego_car,1.0,288.0,278.0,312.0,320.0,664,axis_right,288.0,278.0,mask PCA skeleton + low contact point,generated_videos/control_points_2_car.mp4
256,0,car_racing_ego_car,1.0,288.0,278.0,312.0,320.0,664,contact_low,299.0,318.0,mask PCA skeleton + low contact point,generated_videos/control_points_2_car.mp4
257,0,car_racing_ego_car,1.0,288.0,278.0,314.0,320.0,682,centroid,299.8445739746094,299.81378173828125,mask PCA skeleton + low contact point,generated_videos/control_points_2_car.mp4
257,0,car_racing_ego_car,1.0,288.0,278.0,314.0,320.0,682,axis_front,290.0,319.0,mask PCA skeleton + low contact point,generated_videos/control_points_2_car.mp4
257,0,car_racing_ego_car,1.0,288.0,278.0,314.0,320.0,682,axis_back,311.0,278.0,mask PCA skeleton + low contact point,generated_videos/control_points_2_car.mp4
257,0,car_racing_ego_car,1.0,288.0,278.0,314.0,320.0,682,axis_left,313.0,281.0,mask PCA skeleton + low contact point,generated_videos/control_points_2_car.mp4
257,0,car_racing_ego_car,1.0,288.0,278.0,314.0,320.0,682,axis_right,288.0,278.0,mask PCA skeleton + low contact point,generated_videos/control_points_2_car.mp4
257,0,car_racing_ego_car,1.0,288.0,278.0,314.0,320.0,682,contact_low,299.0,318.0,mask PCA skeleton + low contact point,generated_videos/control_points_2_car.mp4
258,0,car_racing_ego_car,1.0,288.0,278.0,312.0,320.0,652,centroid,299.5,299.9233093261719,mask PCA skeleton + low contact point,generated_videos/control_points_2_car.mp4
258,0,car_racing_ego_car,1.0,288.0,278.0,312.0,320.0,652,axis_front,290.0,319.0,mask PCA skeleton + low contact point,generated_videos/control_points_2_car.mp4
258,0,car_racing_ego_car,1.0,288.0,278.0,312.0,320.0,652,axis_back,288.0,278.0,mask PCA skeleton + low contact point,generated_videos/control_points_2_car.mp4
258,0,car_racing_ego_car,1.0,288.0,278.0,312.0,320.0,652,axis_left,311.0,278.0,mask PCA skeleton + low contact point,generated_videos/control_points_2_car.mp4
258,0,car_racing_ego_car,1.0,288.0,278.0,312.0,320.0,652,axis_right,288.0,278.0,mask PCA skeleton + low contact point,generated_videos/control_points_2_car.mp4
258,0,car_racing_ego_car,1.0,288.0,278.0,312.0,320.0,652,contact_low,299.0,318.0,mask PCA skeleton + low contact point,generated_videos/control_points_2_car.mp4
259,0,car_racing_ego_car,1.0,288.0,278.0,312.0,320.0,664,centroid,299.33734130859375,300.1144714355469,mask PCA skeleton + low contact point,generated_videos/control_points_2_car.mp4
259,0,car_racing_ego_car,1.0,288.0,278.0,312.0,320.0,664,axis_front,290.0,319.0,mask PCA skeleton + low contact point,generated_videos/control_points_2_car.mp4
259,0,car_racing_ego_car,1.0,288.0,278.0,312.0,320.0,664,axis_back,311.0,278.0,mask PCA skeleton + low contact point,generated_videos/control_points_2_car.mp4
259,0,car_racing_ego_car,1.0,288.0,278.0,312.0,320.0,664,axis_left,311.0,281.0,mask PCA skeleton + low contact point,generated_videos/control_points_2_car.mp4
259,0,car_racing_ego_car,1.0,288.0,278.0,312.0,320.0,664,axis_right,288.0,278.0,mask PCA skeleton + low contact point,generated_videos/control_points_2_car.mp4
259,0,car_racing_ego_car,1.0,288.0,278.0,312.0,320.0,664,contact_low,299.0,318.0,mask PCA skeleton + low contact point,generated_videos/control_points_2_car.mp4
260,0,car_racing_ego_car,1.0,288.0,278.0,312.0,320.0,652,centroid,299.5,299.9233093261719,mask PCA skeleton + low contact point,generated_videos/control_points_2_car.mp4
260,0,car_racing_ego_car,1.0,288.0,278.0,312.0,320.0,652,axis_front,290.0,319.0,mask PCA skeleton + low contact point,generated_videos/control_points_2_car.mp4
260,0,car_racing_ego_car,1.0,288.0,278.0,312.0,320.0,652,axis_back,288.0,278.0,mask PCA skeleton + low contact point,generated_videos/control_points_2_car.mp4
260,0,car_racing_ego_car,1.0,288.0,278.0,312.0,320.0,652,axis_left,311.0,278.0,mask PCA skeleton + low contact point,generated_videos/control_points_2_car.mp4
260,0,car_racing_ego_car,1.0,288.0,278.0,312.0,320.0,652,axis_right,288.0,278.0,mask PCA skeleton + low contact point,generated_videos/control_points_2_car.mp4
260,0,car_racing_ego_car,1.0,288.0,278.0,312.0,320.0,652,contact_low,299.0,318.0,mask PCA skeleton + low contact point,generated_videos/control_points_2_car.mp4
261,0,car_racing_ego_car,1.0,288.0,278.0,314.0,320.0,668,centroid,299.66766357421875,299.67364501953125,mask PCA skeleton + low contact point,generated_videos/control_points_2_car.mp4
261,0,car_racing_ego_car,1.0,288.0,278.0,314.0,320.0,668,axis_front,290.0,319.0,mask PCA skeleton + low contact point,generated_videos/control_points_2_car.mp4
261,0,car_racing_ego_car,1.0,288.0,278.0,314.0,320.0,668,axis_back,311.0,278.0,mask PCA skeleton + low contact point,generated_videos/control_points_2_car.mp4
261,0,car_racing_ego_car,1.0,288.0,278.0,314.0,320.0,668,axis_left,313.0,281.0,mask PCA skeleton + low contact point,generated_videos/control_points_2_car.mp4
261,0,car_racing_ego_car,1.0,288.0,278.0,314.0,320.0,668,axis_right,288.0,278.0,mask PCA skeleton + low contact point,generated_videos/control_points_2_car.mp4
261,0,car_racing_ego_car,1.0,288.0,278.0,314.0,320.0,668,contact_low,299.0,318.0,mask PCA skeleton + low contact point,generated_videos/control_points_2_car.mp4
262,0,car_racing_ego_car,1.0,288.0,278.0,312.0,320.0,664,centroid,299.33734130859375,300.1144714355469,mask PCA skeleton + low contact point,generated_videos/control_points_2_car.mp4
262,0,car_racing_ego_car,1.0,288.0,278.0,312.0,320.0,664,axis_front,290.0,319.0,mask PCA skeleton + low contact point,generated_videos/control_points_2_car.mp4
262,0,car_racing_ego_car,1.0,288.0,278.0,312.0,320.0,664,axis_back,311.0,278.0,mask PCA skeleton + low contact point,generated_videos/control_points_2_car.mp4
262,0,car_racing_ego_car,1.0,288.0,278.0,312.0,320.0,664,axis_left,311.0,281.0,mask PCA skeleton + low contact point,generated_videos/control_points_2_car.mp4
262,0,car_racing_ego_car,1.0,288.0,278.0,312.0,320.0,664,axis_right,288.0,278.0,mask PCA skeleton + low contact point,generated_videos/control_points_2_car.mp4
262,0,car_racing_ego_car,1.0,288.0,278.0,312.0,320.0,664,contact_low,299.0,318.0,mask PCA skeleton + low contact point,generated_videos/control_points_2_car.mp4
263,0,car_racing_ego_car,1.0,288.0,278.0,312.0,320.0,664,centroid,299.33734130859375,300.1144714355469,mask PCA skeleton + low contact point,generated_videos/control_points_2_car.mp4
263,0,car_racing_ego_car,1.0,288.0,278.0,312.0,320.0,664,axis_front,290.0,319.0,mask PCA skeleton + low contact point,generated_videos/control_points_2_car.mp4
263,0,car_racing_ego_car,1.0,288.0,278.0,312.0,320.0,664,axis_back,311.0,278.0,mask PCA skeleton + low contact point,generated_videos/control_points_2_car.mp4
263,0,car_racing_ego_car,1.0,288.0,278.0,312.0,320.0,664,axis_left,311.0,281.0,mask PCA skeleton + low contact point,generated_videos/control_points_2_car.mp4
263,0,car_racing_ego_car,1.0,288.0,278.0,312.0,320.0,664,axis_right,288.0,278.0,mask PCA skeleton + low contact point,generated_videos/control_points_2_car.mp4
263,0,car_racing_ego_car,1.0,288.0,278.0,312.0,320.0,664,contact_low,299.0,318.0,mask PCA skeleton + low contact point,generated_videos/control_points_2_car.mp4
264,0,car_racing_ego_car,1.0,288.0,278.0,312.0,320.0,654,centroid,299.52294921875,299.8700256347656,mask PCA skeleton + low contact point,generated_videos/control_points_2_car.mp4
264,0,car_racing_ego_car,1.0,288.0,278.0,312.0,320.0,654,axis_front,290.0,319.0,mask PCA skeleton + low contact point,generated_videos/control_points_2_car.mp4
264,0,car_racing_ego_car,1.0,288.0,278.0,312.0,320.0,654,axis_back,311.0,278.0,mask PCA skeleton + low contact point,generated_videos/control_points_2_car.mp4
264,0,car_racing_ego_car,1.0,288.0,278.0,312.0,320.0,654,axis_left,311.0,281.0,mask PCA skeleton + low contact point,generated_videos/control_points_2_car.mp4
264,0,car_racing_ego_car,1.0,288.0,278.0,312.0,320.0,654,axis_right,288.0,278.0,mask PCA skeleton + low contact point,generated_videos/control_points_2_car.mp4
264,0,car_racing_ego_car,1.0,288.0,278.0,312.0,320.0,654,contact_low,299.0,318.0,mask PCA skeleton + low contact point,generated_videos/control_points_2_car.mp4
265,0,car_racing_ego_car,1.0,288.0,278.0,312.0,320.0,654,centroid,299.44189453125,299.84710693359375,mask PCA skeleton + low contact point,generated_videos/control_points_2_car.mp4
265,0,car_racing_ego_car,1.0,288.0,278.0,312.0,320.0,654,axis_front,290.0,319.0,mask PCA skeleton + low contact point,generated_videos/control_points_2_car.mp4
265,0,car_racing_ego_car,1.0,288.0,278.0,312.0,320.0,654,axis_back,311.0,278.0,mask PCA skeleton + low contact point,generated_videos/control_points_2_car.mp4
265,0,car_racing_ego_car,1.0,288.0,278.0,312.0,320.0,654,axis_left,311.0,281.0,mask PCA skeleton + low contact point,generated_videos/control_points_2_car.mp4
265,0,car_racing_ego_car,1.0,288.0,278.0,312.0,320.0,654,axis_right,288.0,278.0,mask PCA skeleton + low contact point,generated_videos/control_points_2_car.mp4
265,0,car_racing_ego_car,1.0,288.0,278.0,312.0,320.0,654,contact_low,299.0,318.0,mask PCA skeleton + low contact point,generated_videos/control_points_2_car.mp4
266,0,car_racing_ego_car,1.0,288.0,278.0,314.0,320.0,656,centroid,299.5792541503906,299.80487060546875,mask PCA skeleton + low contact point,generated_videos/control_points_2_car.mp4
266,0,car_racing_ego_car,1.0,288.0,278.0,314.0,320.0,656,axis_front,290.0,319.0,mask PCA skeleton + low contact point,generated_videos/control_points_2_car.mp4
266,0,car_racing_ego_car,1.0,288.0,278.0,314.0,320.0,656,axis_back,311.0,278.0,mask PCA skeleton + low contact point,generated_videos/control_points_2_car.mp4
266,0,car_racing_ego_car,1.0,288.0,278.0,314.0,320.0,656,axis_left,313.0,281.0,mask PCA skeleton + low contact point,generated_videos/control_points_2_car.mp4
266,0,car_racing_ego_car,1.0,288.0,278.0,314.0,320.0,656,axis_right,288.0,278.0,mask PCA skeleton + low contact point,generated_videos/control_points_2_car.mp4
266,0,car_racing_ego_car,1.0,288.0,278.0,314.0,320.0,656,contact_low,299.0,318.0,mask PCA skeleton + low contact point,generated_videos/control_points_2_car.mp4
267,0,car_racing_ego_car,1.0,288.0,278.0,312.0,320.0,666,centroid,299.3153076171875,300.0615539550781,mask PCA skeleton + low contact point,generated_videos/control_points_2_car.mp4
267,0,car_racing_ego_car,1.0,288.0,278.0,312.0,320.0,666,axis_front,290.0,319.0,mask PCA skeleton + low contact point,generated_videos/control_points_2_car.mp4
267,0,car_racing_ego_car,1.0,288.0,278.0,312.0,320.0,666,axis_back,311.0,278.0,mask PCA skeleton + low contact point,generated_videos/control_points_2_car.mp4
267,0,car_racing_ego_car,1.0,288.0,278.0,312.0,320.0,666,axis_left,311.0,281.0,mask PCA skeleton + low contact point,generated_videos/control_points_2_car.mp4
267,0,car_racing_ego_car,1.0,288.0,278.0,312.0,320.0,666,axis_right,288.0,278.0,mask PCA skeleton + low contact point,generated_videos/control_points_2_car.mp4
267,0,car_racing_ego_car,1.0,288.0,278.0,312.0,320.0,666,contact_low,299.0,318.0,mask PCA skeleton + low contact point,generated_videos/control_points_2_car.mp4
268,0,car_racing_ego_car,1.0,288.0,278.0,312.0,320.0,652,centroid,299.4493713378906,299.8266906738281,mask PCA skeleton + low contact point,generated_videos/control_points_2_car.mp4
268,0,car_racing_ego_car,1.0,288.0,278.0,312.0,320.0,652,axis_front,309.0,319.0,mask PCA skeleton + low contact point,generated_videos/control_points_2_car.mp4
268,0,car_racing_ego_car,1.0,288.0,278.0,312.0,320.0,652,axis_back,288.0,278.0,mask PCA skeleton + low contact point,generated_videos/control_points_2_car.mp4
268,0,car_racing_ego_car,1.0,288.0,278.0,312.0,320.0,652,axis_left,311.0,278.0,mask PCA skeleton + low contact point,generated_videos/control_points_2_car.mp4
268,0,car_racing_ego_car,1.0,288.0,278.0,312.0,320.0,652,axis_right,288.0,281.0,mask PCA skeleton + low contact point,generated_videos/control_points_2_car.mp4
268,0,car_racing_ego_car,1.0,288.0,278.0,312.0,320.0,652,contact_low,299.0,318.0,mask PCA skeleton + low contact point,generated_videos/control_points_2_car.mp4
269,0,car_racing_ego_car,1.0,288.0,278.0,312.0,320.0,652,centroid,299.4493713378906,299.8266906738281,mask PCA skeleton + low contact point,generated_videos/control_points_2_car.mp4
269,0,car_racing_ego_car,1.0,288.0,278.0,312.0,320.0,652,axis_front,309.0,319.0,mask PCA skeleton + low contact point,generated_videos/control_points_2_car.mp4
269,0,car_racing_ego_car,1.0,288.0,278.0,312.0,320.0,652,axis_back,288.0,278.0,mask PCA skeleton + low contact point,generated_videos/control_points_2_car.mp4
269,0,car_racing_ego_car,1.0,288.0,278.0,312.0,320.0,652,axis_left,311.0,278.0,mask PCA skeleton + low contact point,generated_videos/control_points_2_car.mp4
269,0,car_racing_ego_car,1.0,288.0,278.0,312.0,320.0,652,axis_right,288.0,281.0,mask PCA skeleton + low contact point,generated_videos/control_points_2_car.mp4
269,0,car_racing_ego_car,1.0,288.0,278.0,312.0,320.0,652,contact_low,299.0,318.0,mask PCA skeleton + low contact point,generated_videos/control_points_2_car.mp4
270,0,car_racing_ego_car,1.0,288.0,278.0,312.0,320.0,654,centroid,299.47705078125,299.8700256347656,mask PCA skeleton + low contact point,generated_videos/control_points_2_car.mp4
270,0,car_racing_ego_car,1.0,288.0,278.0,312.0,320.0,654,axis_front,309.0,319.0,mask PCA skeleton + low contact point,generated_videos/control_points_2_car.mp4
270,0,car_racing_ego_car,1.0,288.0,278.0,312.0,320.0,654,axis_back,288.0,278.0,mask PCA skeleton + low contact point,generated_videos/control_points_2_car.mp4
270,0,car_racing_ego_car,1.0,288.0,278.0,312.0,320.0,654,axis_left,311.0,278.0,mask PCA skeleton + low contact point,generated_videos/control_points_2_car.mp4
270,0,car_racing_ego_car,1.0,288.0,278.0,312.0,320.0,654,axis_right,288.0,281.0,mask PCA skeleton + low contact point,generated_videos/control_points_2_car.mp4
270,0,car_racing_ego_car,1.0,288.0,278.0,312.0,320.0,654,contact_low,299.0,318.0,mask PCA skeleton + low contact point,generated_videos/control_points_2_car.mp4
271,0,car_racing_ego_car,1.0,288.0,278.0,312.0,320.0,652,centroid,299.5,299.9049072265625,mask PCA skeleton + low contact point,generated_videos/control_points_2_car.mp4
271,0,car_racing_ego_car,1.0,288.0,278.0,312.0,320.0,652,axis_front,290.0,319.0,mask PCA skeleton + low contact point,generated_videos/control_points_2_car.mp4
271,0,car_racing_ego_car,1.0,288.0,278.0,312.0,320.0,652,axis_back,311.0,278.0,mask PCA skeleton + low contact point,generated_videos/control_points_2_car.mp4
271,0,car_racing_ego_car,1.0,288.0,278.0,312.0,320.0,652,axis_left,311.0,281.0,mask PCA skeleton + low contact point,generated_videos/control_points_2_car.mp4
271,0,car_racing_ego_car,1.0,288.0,278.0,312.0,320.0,652,axis_right,288.0,278.0,mask PCA skeleton + low contact point,generated_videos/control_points_2_car.mp4
271,0,car_racing_ego_car,1.0,288.0,278.0,312.0,320.0,652,contact_low,299.0,318.0,mask PCA skeleton + low contact point,generated_videos/control_points_2_car.mp4
272,0,car_racing_ego_car,1.0,288.0,278.0,314.0,320.0,654,centroid,299.552001953125,299.761474609375,mask PCA skeleton + low contact point,generated_videos/control_points_2_car.mp4
272,0,car_racing_ego_car,1.0,288.0,278.0,314.0,320.0,654,axis_front,290.0,319.0,mask PCA skeleton + low contact point,generated_videos/control_points_2_car.mp4
272,0,car_racing_ego_car,1.0,288.0,278.0,314.0,320.0,654,axis_back,311.0,278.0,mask PCA skeleton + low contact point,generated_videos/control_points_2_car.mp4
272,0,car_racing_ego_car,1.0,288.0,278.0,314.0,320.0,654,axis_left,313.0,281.0,mask PCA skeleton + low contact point,generated_videos/control_points_2_car.mp4
272,0,car_racing_ego_car,1.0,288.0,278.0,314.0,320.0,654,axis_right,288.0,278.0,mask PCA skeleton + low contact point,generated_videos/control_points_2_car.mp4
272,0,car_racing_ego_car,1.0,288.0,278.0,314.0,320.0,654,contact_low,299.0,318.0,mask PCA skeleton + low contact point,generated_videos/control_points_2_car.mp4
273,0,car_racing_ego_car,1.0,288.0,278.0,312.0,320.0,664,centroid,299.33734130859375,300.1144714355469,mask PCA skeleton + low contact point,generated_videos/control_points_2_car.mp4
273,0,car_racing_ego_car,1.0,288.0,278.0,312.0,320.0,664,axis_front,290.0,319.0,mask PCA skeleton + low contact point,generated_videos/control_points_2_car.mp4
273,0,car_racing_ego_car,1.0,288.0,278.0,312.0,320.0,664,axis_back,311.0,278.0,mask PCA skeleton + low contact point,generated_videos/control_points_2_car.mp4
273,0,car_racing_ego_car,1.0,288.0,278.0,312.0,320.0,664,axis_left,311.0,281.0,mask PCA skeleton + low contact point,generated_videos/control_points_2_car.mp4
273,0,car_racing_ego_car,1.0,288.0,278.0,312.0,320.0,664,axis_right,288.0,278.0,mask PCA skeleton + low contact point,generated_videos/control_points_2_car.mp4
273,0,car_racing_ego_car,1.0,288.0,278.0,312.0,320.0,664,contact_low,299.0,318.0,mask PCA skeleton + low contact point,generated_videos/control_points_2_car.mp4
274,0,car_racing_ego_car,1.0,288.0,278.0,312.0,320.0,664,centroid,299.6099548339844,299.8027038574219,mask PCA skeleton + low contact point,generated_videos/control_points_2_car.mp4
274,0,car_racing_ego_car,1.0,288.0,278.0,312.0,320.0,664,axis_front,290.0,319.0,mask PCA skeleton + low contact point,generated_videos/control_points_2_car.mp4
274,0,car_racing_ego_car,1.0,288.0,278.0,312.0,320.0,664,axis_back,311.0,278.0,mask PCA skeleton + low contact point,generated_videos/control_points_2_car.mp4
274,0,car_racing_ego_car,1.0,288.0,278.0,312.0,320.0,664,axis_left,311.0,281.0,mask PCA skeleton + low contact point,generated_videos/control_points_2_car.mp4
274,0,car_racing_ego_car,1.0,288.0,278.0,312.0,320.0,664,axis_right,288.0,278.0,mask PCA skeleton + low contact point,generated_videos/control_points_2_car.mp4
274,0,car_racing_ego_car,1.0,288.0,278.0,312.0,320.0,664,contact_low,299.0,318.0,mask PCA skeleton + low contact point,generated_videos/control_points_2_car.mp4
275,0,car_racing_ego_car,1.0,288.0,278.0,312.0,320.0,651,centroid,299.48541259765625,299.9017028808594,mask PCA skeleton + low contact point,generated_videos/control_points_2_car.mp4
275,0,car_racing_ego_car,1.0,288.0,278.0,312.0,320.0,651,axis_front,290.0,319.0,mask PCA skeleton + low contact point,generated_videos/control_points_2_car.mp4
275,0,car_racing_ego_car,1.0,288.0,278.0,312.0,320.0,651,axis_back,311.0,278.0,mask PCA skeleton + low contact point,generated_videos/control_points_2_car.mp4
275,0,car_racing_ego_car,1.0,288.0,278.0,312.0,320.0,651,axis_left,311.0,281.0,mask PCA skeleton + low contact point,generated_videos/control_points_2_car.mp4
275,0,car_racing_ego_car,1.0,288.0,278.0,312.0,320.0,651,axis_right,288.0,278.0,mask PCA skeleton + low contact point,generated_videos/control_points_2_car.mp4
275,0,car_racing_ego_car,1.0,288.0,278.0,312.0,320.0,651,contact_low,299.0,318.0,mask PCA skeleton + low contact point,generated_videos/control_points_2_car.mp4
276,0,car_racing_ego_car,1.0,288.0,278.0,312.0,320.0,650,centroid,299.4723205566406,299.8800048828125,mask PCA skeleton + low contact point,generated_videos/control_points_2_car.mp4
276,0,car_racing_ego_car,1.0,288.0,278.0,312.0,320.0,650,axis_front,290.0,319.0,mask PCA skeleton + low contact point,generated_videos/control_points_2_car.mp4
276,0,car_racing_ego_car,1.0,288.0,278.0,312.0,320.0,650,axis_back,311.0,278.0,mask PCA skeleton + low contact point,generated_videos/control_points_2_car.mp4
276,0,car_racing_ego_car,1.0,288.0,278.0,312.0,320.0,650,axis_left,311.0,281.0,mask PCA skeleton + low contact point,generated_videos/control_points_2_car.mp4
276,0,car_racing_ego_car,1.0,288.0,278.0,312.0,320.0,650,axis_right,288.0,278.0,mask PCA skeleton + low contact point,generated_videos/control_points_2_car.mp4
276,0,car_racing_ego_car,1.0,288.0,278.0,312.0,320.0,650,contact_low,299.0,318.0,mask PCA skeleton + low contact point,generated_videos/control_points_2_car.mp4
277,0,car_racing_ego_car,1.0,288.0,278.0,312.0,320.0,650,centroid,299.4723205566406,299.8800048828125,mask PCA skeleton + low contact point,generated_videos/control_points_2_car.mp4
277,0,car_racing_ego_car,1.0,288.0,278.0,312.0,320.0,650,axis_front,290.0,319.0,mask PCA skeleton + low contact point,generated_videos/control_points_2_car.mp4
277,0,car_racing_ego_car,1.0,288.0,278.0,312.0,320.0,650,axis_back,311.0,278.0,mask PCA skeleton + low contact point,generated_videos/control_points_2_car.mp4
277,0,car_racing_ego_car,1.0,288.0,278.0,312.0,320.0,650,axis_left,311.0,281.0,mask PCA skeleton + low contact point,generated_videos/control_points_2_car.mp4
277,0,car_racing_ego_car,1.0,288.0,278.0,312.0,320.0,650,axis_right,288.0,278.0,mask PCA skeleton + low contact point,generated_videos/control_points_2_car.mp4
277,0,car_racing_ego_car,1.0,288.0,278.0,312.0,320.0,650,contact_low,299.0,318.0,mask PCA skeleton + low contact point,generated_videos/control_points_2_car.mp4
278,0,car_racing_ego_car,1.0,288.0,278.0,314.0,320.0,656,centroid,299.5792541503906,299.80487060546875,mask PCA skeleton + low contact point,generated_videos/control_points_2_car.mp4
278,0,car_racing_ego_car,1.0,288.0,278.0,314.0,320.0,656,axis_front,290.0,319.0,mask PCA skeleton + low contact point,generated_videos/control_points_2_car.mp4
278,0,car_racing_ego_car,1.0,288.0,278.0,314.0,320.0,656,axis_back,311.0,278.0,mask PCA skeleton + low contact point,generated_videos/control_points_2_car.mp4
278,0,car_racing_ego_car,1.0,288.0,278.0,314.0,320.0,656,axis_left,313.0,281.0,mask PCA skeleton + low contact point,generated_videos/control_points_2_car.mp4
278,0,car_racing_ego_car,1.0,288.0,278.0,314.0,320.0,656,axis_right,288.0,278.0,mask PCA skeleton + low contact point,generated_videos/control_points_2_car.mp4
278,0,car_racing_ego_car,1.0,288.0,278.0,314.0,320.0,656,contact_low,299.0,318.0,mask PCA skeleton + low contact point,generated_videos/control_points_2_car.mp4
279,0,car_racing_ego_car,1.0,288.0,278.0,312.0,320.0,657,centroid,299.5068359375,299.8204040527344,mask PCA skeleton + low contact point,generated_videos/control_points_2_car.mp4
279,0,car_racing_ego_car,1.0,288.0,278.0,312.0,320.0,657,axis_front,290.0,319.0,mask PCA skeleton + low contact point,generated_videos/control_points_2_car.mp4
279,0,car_racing_ego_car,1.0,288.0,278.0,312.0,320.0,657,axis_back,311.0,278.0,mask PCA skeleton + low contact point,generated_videos/control_points_2_car.mp4
279,0,car_racing_ego_car,1.0,288.0,278.0,312.0,320.0,657,axis_left,311.0,281.0,mask PCA skeleton + low contact point,generated_videos/control_points_2_car.mp4
279,0,car_racing_ego_car,1.0,288.0,278.0,312.0,320.0,657,axis_right,288.0,278.0,mask PCA skeleton + low contact point,generated_videos/control_points_2_car.mp4
279,0,car_racing_ego_car,1.0,288.0,278.0,312.0,320.0,657,contact_low,299.0,318.0,mask PCA skeleton + low contact point,generated_videos/control_points_2_car.mp4
280,0,car_racing_ego_car,1.0,288.0,278.0,314.0,320.0,654,centroid,299.552001953125,299.761474609375,mask PCA skeleton + low contact point,generated_videos/control_points_2_car.mp4
280,0,car_racing_ego_car,1.0,288.0,278.0,314.0,320.0,654,axis_front,290.0,319.0,mask PCA skeleton + low contact point,generated_videos/control_points_2_car.mp4
280,0,car_racing_ego_car,1.0,288.0,278.0,314.0,320.0,654,axis_back,311.0,278.0,mask PCA skeleton + low contact point,generated_videos/control_points_2_car.mp4
280,0,car_racing_ego_car,1.0,288.0,278.0,314.0,320.0,654,axis_left,313.0,281.0,mask PCA skeleton + low contact point,generated_videos/control_points_2_car.mp4
280,0,car_racing_ego_car,1.0,288.0,278.0,314.0,320.0,654,axis_right,288.0,278.0,mask PCA skeleton + low contact point,generated_videos/control_points_2_car.mp4
280,0,car_racing_ego_car,1.0,288.0,278.0,314.0,320.0,654,contact_low,299.0,318.0,mask PCA skeleton + low contact point,generated_videos/control_points_2_car.mp4
281,0,car_racing_ego_car,1.0,288.0,278.0,312.0,320.0,652,centroid,299.5,299.9233093261719,mask PCA skeleton + low contact point,generated_videos/control_points_2_car.mp4
281,0,car_racing_ego_car,1.0,288.0,278.0,312.0,320.0,652,axis_front,290.0,319.0,mask PCA skeleton + low contact point,generated_videos/control_points_2_car.mp4
281,0,car_racing_ego_car,1.0,288.0,278.0,312.0,320.0,652,axis_back,288.0,278.0,mask PCA skeleton + low contact point,generated_videos/control_points_2_car.mp4
281,0,car_racing_ego_car,1.0,288.0,278.0,312.0,320.0,652,axis_left,311.0,278.0,mask PCA skeleton + low contact point,generated_videos/control_points_2_car.mp4
281,0,car_racing_ego_car,1.0,288.0,278.0,312.0,320.0,652,axis_right,288.0,278.0,mask PCA skeleton + low contact point,generated_videos/control_points_2_car.mp4
281,0,car_racing_ego_car,1.0,288.0,278.0,312.0,320.0,652,contact_low,299.0,318.0,mask PCA skeleton + low contact point,generated_videos/control_points_2_car.mp4
282,0,car_racing_ego_car,1.0,288.0,278.0,312.0,320.0,678,centroid,299.678466796875,299.5058898925781,mask PCA skeleton + low contact point,generated_videos/control_points_2_car.mp4
282,0,car_racing_ego_car,1.0,288.0,278.0,312.0,320.0,678,axis_front,290.0,319.0,mask PCA skeleton + low contact point,generated_videos/control_points_2_car.mp4
282,0,car_racing_ego_car,1.0,288.0,278.0,312.0,320.0,678,axis_back,311.0,278.0,mask PCA skeleton + low contact point,generated_videos/control_points_2_car.mp4
282,0,car_racing_ego_car,1.0,288.0,278.0,312.0,320.0,678,axis_left,311.0,283.0,mask PCA skeleton + low contact point,generated_videos/control_points_2_car.mp4
282,0,car_racing_ego_car,1.0,288.0,278.0,312.0,320.0,678,axis_right,288.0,278.0,mask PCA skeleton + low contact point,generated_videos/control_points_2_car.mp4
282,0,car_racing_ego_car,1.0,288.0,278.0,312.0,320.0,678,contact_low,299.0,318.0,mask PCA skeleton + low contact point,generated_videos/control_points_2_car.mp4
283,0,car_racing_ego_car,1.0,288.0,278.0,312.0,320.0,650,centroid,299.4723205566406,299.8800048828125,mask PCA skeleton + low contact point,generated_videos/control_points_2_car.mp4
283,0,car_racing_ego_car,1.0,288.0,278.0,312.0,320.0,650,axis_front,290.0,319.0,mask PCA skeleton + low contact point,generated_videos/control_points_2_car.mp4
283,0,car_racing_ego_car,1.0,288.0,278.0,312.0,320.0,650,axis_back,311.0,278.0,mask PCA skeleton + low contact point,generated_videos/control_points_2_car.mp4
283,0,car_racing_ego_car,1.0,288.0,278.0,312.0,320.0,650,axis_left,311.0,281.0,mask PCA skeleton + low contact point,generated_videos/control_points_2_car.mp4
283,0,car_racing_ego_car,1.0,288.0,278.0,312.0,320.0,650,axis_right,288.0,278.0,mask PCA skeleton + low contact point,generated_videos/control_points_2_car.mp4
283,0,car_racing_ego_car,1.0,288.0,278.0,312.0,320.0,650,contact_low,299.0,318.0,mask PCA skeleton + low contact point,generated_videos/control_points_2_car.mp4
284,0,car_racing_ego_car,1.0,288.0,278.0,314.0,320.0,662,centroid,299.6117858886719,299.685791015625,mask PCA skeleton + low contact point,generated_videos/control_points_2_car.mp4
284,0,car_racing_ego_car,1.0,288.0,278.0,314.0,320.0,662,axis_front,290.0,319.0,mask PCA skeleton + low contact point,generated_videos/control_points_2_car.mp4
284,0,car_racing_ego_car,1.0,288.0,278.0,314.0,320.0,662,axis_back,311.0,278.0,mask PCA skeleton + low contact point,generated_videos/control_points_2_car.mp4
284,0,car_racing_ego_car,1.0,288.0,278.0,314.0,320.0,662,axis_left,313.0,281.0,mask PCA skeleton + low contact point,generated_videos/control_points_2_car.mp4
284,0,car_racing_ego_car,1.0,288.0,278.0,314.0,320.0,662,axis_right,288.0,278.0,mask PCA skeleton + low contact point,generated_videos/control_points_2_car.mp4
284,0,car_racing_ego_car,1.0,288.0,278.0,314.0,320.0,662,contact_low,299.0,318.0,mask PCA skeleton + low contact point,generated_videos/control_points_2_car.mp4
285,0,car_racing_ego_car,1.0,288.0,278.0,312.0,320.0,664,centroid,299.33734130859375,300.1144714355469,mask PCA skeleton + low contact point,generated_videos/control_points_2_car.mp4
285,0,car_racing_ego_car,1.0,288.0,278.0,312.0,320.0,664,axis_front,290.0,319.0,mask PCA skeleton + low contact point,generated_videos/control_points_2_car.mp4
285,0,car_racing_ego_car,1.0,288.0,278.0,312.0,320.0,664,axis_back,311.0,278.0,mask PCA skeleton + low contact point,generated_videos/control_points_2_car.mp4
285,0,car_racing_ego_car,1.0,288.0,278.0,312.0,320.0,664,axis_left,311.0,281.0,mask PCA skeleton + low contact point,generated_videos/control_points_2_car.mp4
285,0,car_racing_ego_car,1.0,288.0,278.0,312.0,320.0,664,axis_right,288.0,278.0,mask PCA skeleton + low contact point,generated_videos/control_points_2_car.mp4
285,0,car_racing_ego_car,1.0,288.0,278.0,312.0,320.0,664,contact_low,299.0,318.0,mask PCA skeleton + low contact point,generated_videos/control_points_2_car.mp4
286,0,car_racing_ego_car,1.0,288.0,278.0,312.0,320.0,660,centroid,299.56060791015625,299.8272705078125,mask PCA skeleton + low contact point,generated_videos/control_points_2_car.mp4
286,0,car_racing_ego_car,1.0,288.0,278.0,312.0,320.0,660,axis_front,290.0,319.0,mask PCA skeleton + low contact point,generated_videos/control_points_2_car.mp4
286,0,car_racing_ego_car,1.0,288.0,278.0,312.0,320.0,660,axis_back,311.0,278.0,mask PCA skeleton + low contact point,generated_videos/control_points_2_car.mp4
286,0,car_racing_ego_car,1.0,288.0,278.0,312.0,320.0,660,axis_left,311.0,281.0,mask PCA skeleton + low contact point,generated_videos/control_points_2_car.mp4
286,0,car_racing_ego_car,1.0,288.0,278.0,312.0,320.0,660,axis_right,288.0,278.0,mask PCA skeleton + low contact point,generated_videos/control_points_2_car.mp4
286,0,car_racing_ego_car,1.0,288.0,278.0,312.0,320.0,660,contact_low,299.0,318.0,mask PCA skeleton + low contact point,generated_videos/control_points_2_car.mp4
287,0,car_racing_ego_car,1.0,288.0,278.0,312.0,320.0,650,centroid,299.4723205566406,299.8800048828125,mask PCA skeleton + low contact point,generated_videos/control_points_2_car.mp4
287,0,car_racing_ego_car,1.0,288.0,278.0,312.0,320.0,650,axis_front,290.0,319.0,mask PCA skeleton + low contact point,generated_videos/control_points_2_car.mp4
287,0,car_racing_ego_car,1.0,288.0,278.0,312.0,320.0,650,axis_back,311.0,278.0,mask PCA skeleton + low contact point,generated_videos/control_points_2_car.mp4
287,0,car_racing_ego_car,1.0,288.0,278.0,312.0,320.0,650,axis_left,311.0,281.0,mask PCA skeleton + low contact point,generated_videos/control_points_2_car.mp4
287,0,car_racing_ego_car,1.0,288.0,278.0,312.0,320.0,650,axis_right,288.0,278.0,mask PCA skeleton + low contact point,generated_videos/control_points_2_car.mp4
287,0,car_racing_ego_car,1.0,288.0,278.0,312.0,320.0,650,contact_low,299.0,318.0,mask PCA skeleton + low contact point,generated_videos/control_points_2_car.mp4
288,0,car_racing_ego_car,1.0,288.0,278.0,312.0,320.0,650,centroid,299.4723205566406,299.8800048828125,mask PCA skeleton + low contact point,generated_videos/control_points_2_car.mp4
288,0,car_racing_ego_car,1.0,288.0,278.0,312.0,320.0,650,axis_front,290.0,319.0,mask PCA skeleton + low contact point,generated_videos/control_points_2_car.mp4
288,0,car_racing_ego_car,1.0,288.0,278.0,312.0,320.0,650,axis_back,311.0,278.0,mask PCA skeleton + low contact point,generated_videos/control_points_2_car.mp4
288,0,car_racing_ego_car,1.0,288.0,278.0,312.0,320.0,650,axis_left,311.0,281.0,mask PCA skeleton + low contact point,generated_videos/control_points_2_car.mp4
288,0,car_racing_ego_car,1.0,288.0,278.0,312.0,320.0,650,axis_right,288.0,278.0,mask PCA skeleton + low contact point,generated_videos/control_points_2_car.mp4
288,0,car_racing_ego_car,1.0,288.0,278.0,312.0,320.0,650,contact_low,299.0,318.0,mask PCA skeleton + low contact point,generated_videos/control_points_2_car.mp4
289,0,car_racing_ego_car,1.0,288.0,278.0,312.0,320.0,654,centroid,299.52294921875,299.8700256347656,mask PCA skeleton + low contact point,generated_videos/control_points_2_car.mp4
289,0,car_racing_ego_car,1.0,288.0,278.0,312.0,320.0,654,axis_front,290.0,319.0,mask PCA skeleton + low contact point,generated_videos/control_points_2_car.mp4
289,0,car_racing_ego_car,1.0,288.0,278.0,312.0,320.0,654,axis_back,311.0,278.0,mask PCA skeleton + low contact point,generated_videos/control_points_2_car.mp4
289,0,car_racing_ego_car,1.0,288.0,278.0,312.0,320.0,654,axis_left,311.0,281.0,mask PCA skeleton + low contact point,generated_videos/control_points_2_car.mp4
289,0,car_racing_ego_car,1.0,288.0,278.0,312.0,320.0,654,axis_right,288.0,278.0,mask PCA skeleton + low contact point,generated_videos/control_points_2_car.mp4
289,0,car_racing_ego_car,1.0,288.0,278.0,312.0,320.0,654,contact_low,299.0,318.0,mask PCA skeleton + low contact point,generated_videos/control_points_2_car.mp4
290,0,car_racing_ego_car,1.0,288.0,278.0,312.0,320.0,662,centroid,299.35650634765625,300.1495361328125,mask PCA skeleton + low contact point,generated_videos/control_points_2_car.mp4
290,0,car_racing_ego_car,1.0,288.0,278.0,312.0,320.0,662,axis_front,290.0,319.0,mask PCA skeleton + low contact point,generated_videos/control_points_2_car.mp4
290,0,car_racing_ego_car,1.0,288.0,278.0,312.0,320.0,662,axis_back,311.0,278.0,mask PCA skeleton + low contact point,generated_videos/control_points_2_car.mp4
290,0,car_racing_ego_car,1.0,288.0,278.0,312.0,320.0,662,axis_left,311.0,281.0,mask PCA skeleton + low contact point,generated_videos/control_points_2_car.mp4
290,0,car_racing_ego_car,1.0,288.0,278.0,312.0,320.0,662,axis_right,288.0,278.0,mask PCA skeleton + low contact point,generated_videos/control_points_2_car.mp4
290,0,car_racing_ego_car,1.0,288.0,278.0,312.0,320.0,662,contact_low,299.0,318.0,mask PCA skeleton + low contact point,generated_videos/control_points_2_car.mp4
291,0,car_racing_ego_car,1.0,288.0,278.0,312.0,320.0,650,centroid,299.4723205566406,299.8800048828125,mask PCA skeleton + low contact point,generated_videos/control_points_2_car.mp4
291,0,car_racing_ego_car,1.0,288.0,278.0,312.0,320.0,650,axis_front,290.0,319.0,mask PCA skeleton + low contact point,generated_videos/control_points_2_car.mp4
291,0,car_racing_ego_car,1.0,288.0,278.0,312.0,320.0,650,axis_back,311.0,278.0,mask PCA skeleton + low contact point,generated_videos/control_points_2_car.mp4
291,0,car_racing_ego_car,1.0,288.0,278.0,312.0,320.0,650,axis_left,311.0,281.0,mask PCA skeleton + low contact point,generated_videos/control_points_2_car.mp4
291,0,car_racing_ego_car,1.0,288.0,278.0,312.0,320.0,650,axis_right,288.0,278.0,mask PCA skeleton + low contact point,generated_videos/control_points_2_car.mp4
291,0,car_racing_ego_car,1.0,288.0,278.0,312.0,320.0,650,contact_low,299.0,318.0,mask PCA skeleton + low contact point,generated_videos/control_points_2_car.mp4
292,0,car_racing_ego_car,1.0,288.0,278.0,312.0,320.0,650,centroid,299.4723205566406,299.8800048828125,mask PCA skeleton + low contact point,generated_videos/control_points_2_car.mp4
292,0,car_racing_ego_car,1.0,288.0,278.0,312.0,320.0,650,axis_front,290.0,319.0,mask PCA skeleton + low contact point,generated_videos/control_points_2_car.mp4
292,0,car_racing_ego_car,1.0,288.0,278.0,312.0,320.0,650,axis_back,311.0,278.0,mask PCA skeleton + low contact point,generated_videos/control_points_2_car.mp4
292,0,car_racing_ego_car,1.0,288.0,278.0,312.0,320.0,650,axis_left,311.0,281.0,mask PCA skeleton + low contact point,generated_videos/control_points_2_car.mp4
292,0,car_racing_ego_car,1.0,288.0,278.0,312.0,320.0,650,axis_right,288.0,278.0,mask PCA skeleton + low contact point,generated_videos/control_points_2_car.mp4
292,0,car_racing_ego_car,1.0,288.0,278.0,312.0,320.0,650,contact_low,299.0,318.0,mask PCA skeleton + low contact point,generated_videos/control_points_2_car.mp4
293,0,car_racing_ego_car,1.0,288.0,278.0,312.0,320.0,667,centroid,299.371826171875,299.9880065917969,mask PCA skeleton + low contact point,generated_videos/control_points_2_car.mp4
293,0,car_racing_ego_car,1.0,288.0,278.0,312.0,320.0,667,axis_front,290.0,319.0,mask PCA skeleton + low contact point,generated_videos/control_points_2_car.mp4
293,0,car_racing_ego_car,1.0,288.0,278.0,312.0,320.0,667,axis_back,311.0,278.0,mask PCA skeleton + low contact point,generated_videos/control_points_2_car.mp4
293,0,car_racing_ego_car,1.0,288.0,278.0,312.0,320.0,667,axis_left,311.0,281.0,mask PCA skeleton + low contact point,generated_videos/control_points_2_car.mp4
293,0,car_racing_ego_car,1.0,288.0,278.0,312.0,320.0,667,axis_right,288.0,278.0,mask PCA skeleton + low contact point,generated_videos/control_points_2_car.mp4
293,0,car_racing_ego_car,1.0,288.0,278.0,312.0,320.0,667,contact_low,299.0,318.0,mask PCA skeleton + low contact point,generated_videos/control_points_2_car.mp4
294,0,car_racing_ego_car,1.0,288.0,278.0,312.0,320.0,650,centroid,299.4723205566406,299.8800048828125,mask PCA skeleton + low contact point,generated_videos/control_points_2_car.mp4
294,0,car_racing_ego_car,1.0,288.0,278.0,312.0,320.0,650,axis_front,290.0,319.0,mask PCA skeleton + low contact point,generated_videos/control_points_2_car.mp4
294,0,car_racing_ego_car,1.0,288.0,278.0,312.0,320.0,650,axis_back,311.0,278.0,mask PCA skeleton + low contact point,generated_videos/control_points_2_car.mp4
294,0,car_racing_ego_car,1.0,288.0,278.0,312.0,320.0,650,axis_left,311.0,281.0,mask PCA skeleton + low contact point,generated_videos/control_points_2_car.mp4
294,0,car_racing_ego_car,1.0,288.0,278.0,312.0,320.0,650,axis_right,288.0,278.0,mask PCA skeleton + low contact point,generated_videos/control_points_2_car.mp4
294,0,car_racing_ego_car,1.0,288.0,278.0,312.0,320.0,650,contact_low,299.0,318.0,mask PCA skeleton + low contact point,generated_videos/control_points_2_car.mp4
295,0,car_racing_ego_car,1.0,288.0,278.0,312.0,320.0,650,centroid,299.4800109863281,299.9769287109375,mask PCA skeleton + low contact point,generated_videos/control_points_2_car.mp4
295,0,car_racing_ego_car,1.0,288.0,278.0,312.0,320.0,650,axis_front,309.0,319.0,mask PCA skeleton + low contact point,generated_videos/control_points_2_car.mp4
295,0,car_racing_ego_car,1.0,288.0,278.0,312.0,320.0,650,axis_back,288.0,278.0,mask PCA skeleton + low contact point,generated_videos/control_points_2_car.mp4
295,0,car_racing_ego_car,1.0,288.0,278.0,312.0,320.0,650,axis_left,311.0,278.0,mask PCA skeleton + low contact point,generated_videos/control_points_2_car.mp4
295,0,car_racing_ego_car,1.0,288.0,278.0,312.0,320.0,650,axis_right,288.0,281.0,mask PCA skeleton + low contact point,generated_videos/control_points_2_car.mp4
295,0,car_racing_ego_car,1.0,288.0,278.0,312.0,320.0,650,contact_low,299.0,318.0,mask PCA skeleton + low contact point,generated_videos/control_points_2_car.mp4
296,0,car_racing_ego_car,1.0,288.0,278.0,312.0,320.0,666,centroid,299.270263671875,300.0615539550781,mask PCA skeleton + low contact point,generated_videos/control_points_2_car.mp4
296,0,car_racing_ego_car,1.0,288.0,278.0,312.0,320.0,666,axis_front,290.0,319.0,mask PCA skeleton + low contact point,generated_videos/control_points_2_car.mp4
296,0,car_racing_ego_car,1.0,288.0,278.0,312.0,320.0,666,axis_back,311.0,278.0,mask PCA skeleton + low contact point,generated_videos/control_points_2_car.mp4
296,0,car_racing_ego_car,1.0,288.0,278.0,312.0,320.0,666,axis_left,311.0,281.0,mask PCA skeleton + low contact point,generated_videos/control_points_2_car.mp4
296,0,car_racing_ego_car,1.0,288.0,278.0,312.0,320.0,666,axis_right,288.0,278.0,mask PCA skeleton + low contact point,generated_videos/control_points_2_car.mp4
296,0,car_racing_ego_car,1.0,288.0,278.0,312.0,320.0,666,contact_low,299.0,318.0,mask PCA skeleton + low contact point,generated_videos/control_points_2_car.mp4
297,0,car_racing_ego_car,1.0,288.0,278.0,312.0,320.0,650,centroid,299.4800109863281,299.9584655761719,mask PCA skeleton + low contact point,generated_videos/control_points_2_car.mp4
297,0,car_racing_ego_car,1.0,288.0,278.0,312.0,320.0,650,axis_front,309.0,319.0,mask PCA skeleton + low contact point,generated_videos/control_points_2_car.mp4
297,0,car_racing_ego_car,1.0,288.0,278.0,312.0,320.0,650,axis_back,288.0,278.0,mask PCA skeleton + low contact point,generated_videos/control_points_2_car.mp4
297,0,car_racing_ego_car,1.0,288.0,278.0,312.0,320.0,650,axis_left,311.0,278.0,mask PCA skeleton + low contact point,generated_videos/control_points_2_car.mp4
297,0,car_racing_ego_car,1.0,288.0,278.0,312.0,320.0,650,axis_right,288.0,281.0,mask PCA skeleton + low contact point,generated_videos/control_points_2_car.mp4
297,0,car_racing_ego_car,1.0,288.0,278.0,312.0,320.0,650,contact_low,299.0,318.0,mask PCA skeleton + low contact point,generated_videos/control_points_2_car.mp4
298,0,car_racing_ego_car,1.0,288.0,278.0,312.0,320.0,648,centroid,299.4521484375,299.93365478515625,mask PCA skeleton + low contact point,generated_videos/control_points_2_car.mp4
298,0,car_racing_ego_car,1.0,288.0,278.0,312.0,320.0,648,axis_front,290.0,319.0,mask PCA skeleton + low contact point,generated_videos/control_points_2_car.mp4
298,0,car_racing_ego_car,1.0,288.0,278.0,312.0,320.0,648,axis_back,311.0,278.0,mask PCA skeleton + low contact point,generated_videos/control_points_2_car.mp4
298,0,car_racing_ego_car,1.0,288.0,278.0,312.0,320.0,648,axis_left,311.0,281.0,mask PCA skeleton + low contact point,generated_videos/control_points_2_car.mp4
298,0,car_racing_ego_car,1.0,288.0,278.0,312.0,320.0,648,axis_right,288.0,278.0,mask PCA skeleton + low contact point,generated_videos/control_points_2_car.mp4
298,0,car_racing_ego_car,1.0,288.0,278.0,312.0,320.0,648,contact_low,299.0,318.0,mask PCA skeleton + low contact point,generated_videos/control_points_2_car.mp4
299,0,car_racing_ego_car,1.0,288.0,278.0,314.0,320.0,668,centroid,299.3742370605469,299.99700927734375,mask PCA skeleton + low contact point,generated_videos/control_points_2_car.mp4
299,0,car_racing_ego_car,1.0,288.0,278.0,314.0,320.0,668,axis_front,290.0,319.0,mask PCA skeleton + low contact point,generated_videos/control_points_2_car.mp4
299,0,car_racing_ego_car,1.0,288.0,278.0,314.0,320.0,668,axis_back,311.0,278.0,mask PCA skeleton + low contact point,generated_videos/control_points_2_car.mp4
299,0,car_racing_ego_car,1.0,288.0,278.0,314.0,320.0,668,axis_left,313.0,281.0,mask PCA skeleton + low contact point,generated_videos/control_points_2_car.mp4
299,0,car_racing_ego_car,1.0,288.0,278.0,314.0,320.0,668,axis_right,288.0,278.0,mask PCA skeleton + low contact point,generated_videos/control_points_2_car.mp4
299,0,car_racing_ego_car,1.0,288.0,278.0,314.0,320.0,668,contact_low,299.0,318.0,mask PCA skeleton + low contact point,generated_videos/control_points_2_car.mp4
300,0,car_racing_ego_car,1.0,288.0,278.0,312.0,320.0,647,centroid,299.4466857910156,299.9582824707031,mask PCA skeleton + low contact point,generated_videos/control_points_2_car.mp4
300,0,car_racing_ego_car,1.0,288.0,278.0,312.0,320.0,647,axis_front,309.0,319.0,mask PCA skeleton + low contact point,generated_videos/control_points_2_car.mp4
300,0,car_racing_ego_car,1.0,288.0,278.0,312.0,320.0,647,axis_back,288.0,278.0,mask PCA skeleton + low contact point,generated_videos/control_points_2_car.mp4
300,0,car_racing_ego_car,1.0,288.0,278.0,312.0,320.0,647,axis_left,311.0,278.0,mask PCA skeleton + low contact point,generated_videos/control_points_2_car.mp4
300,0,car_racing_ego_car,1.0,288.0,278.0,312.0,320.0,647,axis_right,288.0,281.0,mask PCA skeleton + low contact point,generated_videos/control_points_2_car.mp4
300,0,car_racing_ego_car,1.0,288.0,278.0,312.0,320.0,647,contact_low,299.0,318.0,mask PCA skeleton + low contact point,generated_videos/control_points_2_car.mp4
301,0,car_racing_ego_car,1.0,288.0,278.0,312.0,320.0,655,centroid,299.43817138671875,299.79388427734375,mask PCA skeleton + low contact point,generated_videos/control_points_2_car.mp4
301,0,car_racing_ego_car,1.0,288.0,278.0,312.0,320.0,655,axis_front,309.0,319.0,mask PCA skeleton + low contact point,generated_videos/control_points_2_car.mp4
301,0,car_racing_ego_car,1.0,288.0,278.0,312.0,320.0,655,axis_back,288.0,278.0,mask PCA skeleton + low contact point,generated_videos/control_points_2_car.mp4
301,0,car_racing_ego_car,1.0,288.0,278.0,312.0,320.0,655,axis_left,311.0,278.0,mask PCA skeleton + low contact point,generated_videos/control_points_2_car.mp4
301,0,car_racing_ego_car,1.0,288.0,278.0,312.0,320.0,655,axis_right,288.0,281.0,mask PCA skeleton + low contact point,generated_videos/control_points_2_car.mp4
301,0,car_racing_ego_car,1.0,288.0,278.0,312.0,320.0,655,contact_low,299.0,318.0,mask PCA skeleton + low contact point,generated_videos/control_points_2_car.mp4
302,0,car_racing_ego_car,1.0,288.0,278.0,312.0,320.0,674,centroid,299.4317626953125,299.7596435546875,mask PCA skeleton + low contact point,generated_videos/control_points_2_car.mp4
302,0,car_racing_ego_car,1.0,288.0,278.0,312.0,320.0,674,axis_front,290.0,319.0,mask PCA skeleton + low contact point,generated_videos/control_points_2_car.mp4
302,0,car_racing_ego_car,1.0,288.0,278.0,312.0,320.0,674,axis_back,311.0,278.0,mask PCA skeleton + low contact point,generated_videos/control_points_2_car.mp4
302,0,car_racing_ego_car,1.0,288.0,278.0,312.0,320.0,674,axis_left,311.0,283.0,mask PCA skeleton + low contact point,generated_videos/control_points_2_car.mp4
302,0,car_racing_ego_car,1.0,288.0,278.0,312.0,320.0,674,axis_right,288.0,278.0,mask PCA skeleton + low contact point,generated_videos/control_points_2_car.mp4
302,0,car_racing_ego_car,1.0,288.0,278.0,312.0,320.0,674,contact_low,299.0,318.0,mask PCA skeleton + low contact point,generated_videos/control_points_2_car.mp4
303,0,car_racing_ego_car,1.0,288.0,278.0,312.0,320.0,656,centroid,299.4192199707031,299.7942199707031,mask PCA skeleton + low contact point,generated_videos/control_points_2_car.mp4
303,0,car_racing_ego_car,1.0,288.0,278.0,312.0,320.0,656,axis_front,309.0,319.0,mask PCA skeleton + low contact point,generated_videos/control_points_2_car.mp4
303,0,car_racing_ego_car,1.0,288.0,278.0,312.0,320.0,656,axis_back,288.0,278.0,mask PCA skeleton + low contact point,generated_videos/control_points_2_car.mp4
303,0,car_racing_ego_car,1.0,288.0,278.0,312.0,320.0,656,axis_left,311.0,278.0,mask PCA skeleton + low contact point,generated_videos/control_points_2_car.mp4
303,0,car_racing_ego_car,1.0,288.0,278.0,312.0,320.0,656,axis_right,288.0,281.0,mask PCA skeleton + low contact point,generated_videos/control_points_2_car.mp4
303,0,car_racing_ego_car,1.0,288.0,278.0,312.0,320.0,656,contact_low,299.0,318.0,mask PCA skeleton + low contact point,generated_videos/control_points_2_car.mp4
304,0,car_racing_ego_car,1.0,288.0,278.0,312.0,320.0,658,centroid,299.4483337402344,299.83587646484375,mask PCA skeleton + low contact point,generated_videos/control_points_2_car.mp4
304,0,car_racing_ego_car,1.0,288.0,278.0,312.0,320.0,658,axis_front,309.0,319.0,mask PCA skeleton + low contact point,generated_videos/control_points_2_car.mp4
304,0,car_racing_ego_car,1.0,288.0,278.0,312.0,320.0,658,axis_back,288.0,278.0,mask PCA skeleton + low contact point,generated_videos/control_points_2_car.mp4
304,0,car_racing_ego_car,1.0,288.0,278.0,312.0,320.0,658,axis_left,311.0,278.0,mask PCA skeleton + low contact point,generated_videos/control_points_2_car.mp4
304,0,car_racing_ego_car,1.0,288.0,278.0,312.0,320.0,658,axis_right,288.0,281.0,mask PCA skeleton + low contact point,generated_videos/control_points_2_car.mp4
304,0,car_racing_ego_car,1.0,288.0,278.0,312.0,320.0,658,contact_low,299.0,318.0,mask PCA skeleton + low contact point,generated_videos/control_points_2_car.mp4
305,0,car_racing_ego_car,1.0,288.0,278.0,312.0,320.0,656,centroid,299.4527587890625,299.8155517578125,mask PCA skeleton + low contact point,generated_videos/control_points_2_car.mp4
305,0,car_racing_ego_car,1.0,288.0,278.0,312.0,320.0,656,axis_front,309.0,319.0,mask PCA skeleton + low contact point,generated_videos/control_points_2_car.mp4
305,0,car_racing_ego_car,1.0,288.0,278.0,312.0,320.0,656,axis_back,288.0,278.0,mask PCA skeleton + low contact point,generated_videos/control_points_2_car.mp4
305,0,car_racing_ego_car,1.0,288.0,278.0,312.0,320.0,656,axis_left,311.0,278.0,mask PCA skeleton + low contact point,generated_videos/control_points_2_car.mp4
305,0,car_racing_ego_car,1.0,288.0,278.0,312.0,320.0,656,axis_right,288.0,281.0,mask PCA skeleton + low contact point,generated_videos/control_points_2_car.mp4
305,0,car_racing_ego_car,1.0,288.0,278.0,312.0,320.0,656,contact_low,299.0,318.0,mask PCA skeleton + low contact point,generated_videos/control_points_2_car.mp4
306,0,car_racing_ego_car,1.0,288.0,278.0,312.0,320.0,649,centroid,299.4190979003906,299.9830627441406,mask PCA skeleton + low contact point,generated_videos/control_points_2_car.mp4
306,0,car_racing_ego_car,1.0,288.0,278.0,312.0,320.0,649,axis_front,290.0,319.0,mask PCA skeleton + low contact point,generated_videos/control_points_2_car.mp4
306,0,car_racing_ego_car,1.0,288.0,278.0,312.0,320.0,649,axis_back,311.0,278.0,mask PCA skeleton + low contact point,generated_videos/control_points_2_car.mp4
306,0,car_racing_ego_car,1.0,288.0,278.0,312.0,320.0,649,axis_left,311.0,281.0,mask PCA skeleton + low contact point,generated_videos/control_points_2_car.mp4
306,0,car_racing_ego_car,1.0,288.0,278.0,312.0,320.0,649,axis_right,288.0,278.0,mask PCA skeleton + low contact point,generated_videos/control_points_2_car.mp4
306,0,car_racing_ego_car,1.0,288.0,278.0,312.0,320.0,649,contact_low,299.0,318.0,mask PCA skeleton + low contact point,generated_videos/control_points_2_car.mp4
307,0,car_racing_ego_car,1.0,288.0,278.0,312.0,320.0,648,centroid,299.3719177246094,299.93365478515625,mask PCA skeleton + low contact point,generated_videos/control_points_2_car.mp4
307,0,car_racing_ego_car,1.0,288.0,278.0,312.0,320.0,648,axis_front,309.0,319.0,mask PCA skeleton + low contact point,generated_videos/control_points_2_car.mp4
307,0,car_racing_ego_car,1.0,288.0,278.0,312.0,320.0,648,axis_back,288.0,278.0,mask PCA skeleton + low contact point,generated_videos/control_points_2_car.mp4
307,0,car_racing_ego_car,1.0,288.0,278.0,312.0,320.0,648,axis_left,311.0,278.0,mask PCA skeleton + low contact point,generated_videos/control_points_2_car.mp4
307,0,car_racing_ego_car,1.0,288.0,278.0,312.0,320.0,648,axis_right,288.0,281.0,mask PCA skeleton + low contact point,generated_videos/control_points_2_car.mp4
307,0,car_racing_ego_car,1.0,288.0,278.0,312.0,320.0,648,contact_low,299.0,318.0,mask PCA skeleton + low contact point,generated_videos/control_points_2_car.mp4
308,0,car_racing_ego_car,1.0,288.0,278.0,312.0,320.0,659,centroid,299.4203186035156,299.8072814941406,mask PCA skeleton + low contact point,generated_videos/control_points_2_car.mp4
308,0,car_racing_ego_car,1.0,288.0,278.0,312.0,320.0,659,axis_front,309.0,319.0,mask PCA skeleton + low contact point,generated_videos/control_points_2_car.mp4
308,0,car_racing_ego_car,1.0,288.0,278.0,312.0,320.0,659,axis_back,288.0,278.0,mask PCA skeleton + low contact point,generated_videos/control_points_2_car.mp4
308,0,car_racing_ego_car,1.0,288.0,278.0,312.0,320.0,659,axis_left,311.0,278.0,mask PCA skeleton + low contact point,generated_videos/control_points_2_car.mp4
308,0,car_racing_ego_car,1.0,288.0,278.0,312.0,320.0,659,axis_right,288.0,281.0,mask PCA skeleton + low contact point,generated_videos/control_points_2_car.mp4
308,0,car_racing_ego_car,1.0,288.0,278.0,312.0,320.0,659,contact_low,299.0,318.0,mask PCA skeleton + low contact point,generated_videos/control_points_2_car.mp4
309,0,car_racing_ego_car,1.0,288.0,278.0,312.0,320.0,660,centroid,299.5,299.66363525390625,mask PCA skeleton + low contact point,generated_videos/control_points_2_car.mp4
309,0,car_racing_ego_car,1.0,288.0,278.0,312.0,320.0,660,axis_front,290.0,319.0,mask PCA skeleton + low contact point,generated_videos/control_points_2_car.mp4
309,0,car_racing_ego_car,1.0,288.0,278.0,312.0,320.0,660,axis_back,311.0,278.0,mask PCA skeleton + low contact point,generated_videos/control_points_2_car.mp4
309,0,car_racing_ego_car,1.0,288.0,278.0,312.0,320.0,660,axis_left,311.0,281.0,mask PCA skeleton + low contact point,generated_videos/control_points_2_car.mp4
309,0,car_racing_ego_car,1.0,288.0,278.0,312.0,320.0,660,axis_right,288.0,278.0,mask PCA skeleton + low contact point,generated_videos/control_points_2_car.mp4
309,0,car_racing_ego_car,1.0,288.0,278.0,312.0,320.0,660,contact_low,299.0,318.0,mask PCA skeleton + low contact point,generated_videos/control_points_2_car.mp4
310,0,car_racing_ego_car,1.0,288.0,278.0,312.0,320.0,654,centroid,299.435791015625,299.81805419921875,mask PCA skeleton + low contact point,generated_videos/control_points_2_car.mp4
310,0,car_racing_ego_car,1.0,288.0,278.0,312.0,320.0,654,axis_front,309.0,319.0,mask PCA skeleton + low contact point,generated_videos/control_points_2_car.mp4
310,0,car_racing_ego_car,1.0,288.0,278.0,312.0,320.0,654,axis_back,288.0,278.0,mask PCA skeleton + low contact point,generated_videos/control_points_2_car.mp4
310,0,car_racing_ego_car,1.0,288.0,278.0,312.0,320.0,654,axis_left,311.0,278.0,mask PCA skeleton + low contact point,generated_videos/control_points_2_car.mp4
310,0,car_racing_ego_car,1.0,288.0,278.0,312.0,320.0,654,axis_right,288.0,281.0,mask PCA skeleton + low contact point,generated_videos/control_points_2_car.mp4
310,0,car_racing_ego_car,1.0,288.0,278.0,312.0,320.0,654,contact_low,299.0,318.0,mask PCA skeleton + low contact point,generated_videos/control_points_2_car.mp4
311,0,car_racing_ego_car,1.0,288.0,278.0,312.0,320.0,655,centroid,299.45037841796875,299.8396911621094,mask PCA skeleton + low contact point,generated_videos/control_points_2_car.mp4
311,0,car_racing_ego_car,1.0,288.0,278.0,312.0,320.0,655,axis_front,309.0,319.0,mask PCA skeleton + low contact point,generated_videos/control_points_2_car.mp4
311,0,car_racing_ego_car,1.0,288.0,278.0,312.0,320.0,655,axis_back,288.0,278.0,mask PCA skeleton + low contact point,generated_videos/control_points_2_car.mp4
311,0,car_racing_ego_car,1.0,288.0,278.0,312.0,320.0,655,axis_left,311.0,278.0,mask PCA skeleton + low contact point,generated_videos/control_points_2_car.mp4
311,0,car_racing_ego_car,1.0,288.0,278.0,312.0,320.0,655,axis_right,288.0,281.0,mask PCA skeleton + low contact point,generated_videos/control_points_2_car.mp4
311,0,car_racing_ego_car,1.0,288.0,278.0,312.0,320.0,655,contact_low,299.0,318.0,mask PCA skeleton + low contact point,generated_videos/control_points_2_car.mp4
312,0,car_racing_ego_car,1.0,288.0,278.0,312.0,320.0,669,centroid,299.5500793457031,299.5261535644531,mask PCA skeleton + low contact point,generated_videos/control_points_2_car.mp4
312,0,car_racing_ego_car,1.0,288.0,278.0,312.0,320.0,669,axis_front,290.0,319.0,mask PCA skeleton + low contact point,generated_videos/control_points_2_car.mp4
312,0,car_racing_ego_car,1.0,288.0,278.0,312.0,320.0,669,axis_back,311.0,278.0,mask PCA skeleton + low contact point,generated_videos/control_points_2_car.mp4
312,0,car_racing_ego_car,1.0,288.0,278.0,312.0,320.0,669,axis_left,311.0,283.0,mask PCA skeleton + low contact point,generated_videos/control_points_2_car.mp4
312,0,car_racing_ego_car,1.0,288.0,278.0,312.0,320.0,669,axis_right,288.0,278.0,mask PCA skeleton + low contact point,generated_videos/control_points_2_car.mp4
312,0,car_racing_ego_car,1.0,288.0,278.0,312.0,320.0,669,contact_low,299.0,318.0,mask PCA skeleton + low contact point,generated_videos/control_points_2_car.mp4
313,0,car_racing_ego_car,1.0,288.0,278.0,312.0,320.0,669,centroid,299.5500793457031,299.5261535644531,mask PCA skeleton + low contact point,generated_videos/control_points_2_car.mp4
313,0,car_racing_ego_car,1.0,288.0,278.0,312.0,320.0,669,axis_front,290.0,319.0,mask PCA skeleton + low contact point,generated_videos/control_points_2_car.mp4
313,0,car_racing_ego_car,1.0,288.0,278.0,312.0,320.0,669,axis_back,311.0,278.0,mask PCA skeleton + low contact point,generated_videos/control_points_2_car.mp4
313,0,car_racing_ego_car,1.0,288.0,278.0,312.0,320.0,669,axis_left,311.0,283.0,mask PCA skeleton + low contact point,generated_videos/control_points_2_car.mp4
313,0,car_racing_ego_car,1.0,288.0,278.0,312.0,320.0,669,axis_right,288.0,278.0,mask PCA skeleton + low contact point,generated_videos/control_points_2_car.mp4
313,0,car_racing_ego_car,1.0,288.0,278.0,312.0,320.0,669,contact_low,299.0,318.0,mask PCA skeleton + low contact point,generated_videos/control_points_2_car.mp4
314,0,car_racing_ego_car,1.0,288.0,278.0,312.0,320.0,666,centroid,299.2747802734375,300.0315246582031,mask PCA skeleton + low contact point,generated_videos/control_points_2_car.mp4
314,0,car_racing_ego_car,1.0,288.0,278.0,312.0,320.0,666,axis_front,290.0,319.0,mask PCA skeleton + low contact point,generated_videos/control_points_2_car.mp4
314,0,car_racing_ego_car,1.0,288.0,278.0,312.0,320.0,666,axis_back,311.0,278.0,mask PCA skeleton + low contact point,generated_videos/control_points_2_car.mp4
314,0,car_racing_ego_car,1.0,288.0,278.0,312.0,320.0,666,axis_left,311.0,281.0,mask PCA skeleton + low contact point,generated_videos/control_points_2_car.mp4
314,0,car_racing_ego_car,1.0,288.0,278.0,312.0,320.0,666,axis_right,288.0,278.0,mask PCA skeleton + low contact point,generated_videos/control_points_2_car.mp4
314,0,car_racing_ego_car,1.0,288.0,278.0,312.0,320.0,666,contact_low,299.0,318.0,mask PCA skeleton + low contact point,generated_videos/control_points_2_car.mp4
315,0,car_racing_ego_car,1.0,286.0,278.0,312.0,320.0,657,centroid,299.3972473144531,299.77471923828125,mask PCA skeleton + low contact point,generated_videos/control_points_2_car.mp4
315,0,car_racing_ego_car,1.0,286.0,278.0,312.0,320.0,657,axis_front,309.0,319.0,mask PCA skeleton + low contact point,generated_videos/control_points_2_car.mp4
315,0,car_racing_ego_car,1.0,286.0,278.0,312.0,320.0,657,axis_back,288.0,278.0,mask PCA skeleton + low contact point,generated_videos/control_points_2_car.mp4
315,0,car_racing_ego_car,1.0,286.0,278.0,312.0,320.0,657,axis_left,311.0,278.0,mask PCA skeleton + low contact point,generated_videos/control_points_2_car.mp4
315,0,car_racing_ego_car,1.0,286.0,278.0,312.0,320.0,657,axis_right,286.0,281.0,mask PCA skeleton + low contact point,generated_videos/control_points_2_car.mp4
315,0,car_racing_ego_car,1.0,286.0,278.0,312.0,320.0,657,contact_low,299.0,318.0,mask PCA skeleton + low contact point,generated_videos/control_points_2_car.mp4
316,0,car_racing_ego_car,1.0,288.0,278.0,312.0,320.0,653,centroid,299.47625732421875,299.8927917480469,mask PCA skeleton + low contact point,generated_videos/control_points_2_car.mp4
316,0,car_racing_ego_car,1.0,288.0,278.0,312.0,320.0,653,axis_front,309.0,319.0,mask PCA skeleton + low contact point,generated_videos/control_points_2_car.mp4
316,0,car_racing_ego_car,1.0,288.0,278.0,312.0,320.0,653,axis_back,288.0,278.0,mask PCA skeleton + low contact point,generated_videos/control_points_2_car.mp4
316,0,car_racing_ego_car,1.0,288.0,278.0,312.0,320.0,653,axis_left,311.0,278.0,mask PCA skeleton + low contact point,generated_videos/control_points_2_car.mp4
316,0,car_racing_ego_car,1.0,288.0,278.0,312.0,320.0,653,axis_right,288.0,281.0,mask PCA skeleton + low contact point,generated_videos/control_points_2_car.mp4
316,0,car_racing_ego_car,1.0,288.0,278.0,312.0,320.0,653,contact_low,299.0,318.0,mask PCA skeleton + low contact point,generated_videos/control_points_2_car.mp4
317,0,car_racing_ego_car,1.0,288.0,278.0,312.0,320.0,654,centroid,299.47705078125,299.8700256347656,mask PCA skeleton + low contact point,generated_videos/control_points_2_car.mp4
317,0,car_racing_ego_car,1.0,288.0,278.0,312.0,320.0,654,axis_front,309.0,319.0,mask PCA skeleton + low contact point,generated_videos/control_points_2_car.mp4
317,0,car_racing_ego_car,1.0,288.0,278.0,312.0,320.0,654,axis_back,288.0,278.0,mask PCA skeleton + low contact point,generated_videos/control_points_2_car.mp4
317,0,car_racing_ego_car,1.0,288.0,278.0,312.0,320.0,654,axis_left,311.0,278.0,mask PCA skeleton + low contact point,generated_videos/control_points_2_car.mp4
317,0,car_racing_ego_car,1.0,288.0,278.0,312.0,320.0,654,axis_right,288.0,281.0,mask PCA skeleton + low contact point,generated_videos/control_points_2_car.mp4
317,0,car_racing_ego_car,1.0,288.0,278.0,312.0,320.0,654,contact_low,299.0,318.0,mask PCA skeleton + low contact point,generated_videos/control_points_2_car.mp4
318,0,car_racing_ego_car,1.0,288.0,278.0,312.0,320.0,662,centroid,299.3640441894531,299.7371520996094,mask PCA skeleton + low contact point,generated_videos/control_points_2_car.mp4
318,0,car_racing_ego_car,1.0,288.0,278.0,312.0,320.0,662,axis_front,309.0,319.0,mask PCA skeleton + low contact point,generated_videos/control_points_2_car.mp4
318,0,car_racing_ego_car,1.0,288.0,278.0,312.0,320.0,662,axis_back,288.0,278.0,mask PCA skeleton + low contact point,generated_videos/control_points_2_car.mp4
318,0,car_racing_ego_car,1.0,288.0,278.0,312.0,320.0,662,axis_left,311.0,278.0,mask PCA skeleton + low contact point,generated_videos/control_points_2_car.mp4
318,0,car_racing_ego_car,1.0,288.0,278.0,312.0,320.0,662,axis_right,288.0,281.0,mask PCA skeleton + low contact point,generated_videos/control_points_2_car.mp4
318,0,car_racing_ego_car,1.0,288.0,278.0,312.0,320.0,662,contact_low,299.0,318.0,mask PCA skeleton + low contact point,generated_videos/control_points_2_car.mp4
319,0,car_racing_ego_car,1.0,288.0,278.0,312.0,320.0,652,centroid,299.4570617675781,299.9233093261719,mask PCA skeleton + low contact point,generated_videos/control_points_2_car.mp4
319,0,car_racing_ego_car,1.0,288.0,278.0,312.0,320.0,652,axis_front,309.0,319.0,mask PCA skeleton + low contact point,generated_videos/control_points_2_car.mp4
319,0,car_racing_ego_car,1.0,288.0,278.0,312.0,320.0,652,axis_back,288.0,278.0,mask PCA skeleton + low contact point,generated_videos/control_points_2_car.mp4
319,0,car_racing_ego_car,1.0,288.0,278.0,312.0,320.0,652,axis_left,311.0,278.0,mask PCA skeleton + low contact point,generated_videos/control_points_2_car.mp4
319,0,car_racing_ego_car,1.0,288.0,278.0,312.0,320.0,652,axis_right,288.0,281.0,mask PCA skeleton + low contact point,generated_videos/control_points_2_car.mp4
319,0,car_racing_ego_car,1.0,288.0,278.0,312.0,320.0,652,contact_low,299.0,318.0,mask PCA skeleton + low contact point,generated_videos/control_points_2_car.mp4
320,0,car_racing_ego_car,1.0,288.0,278.0,312.0,320.0,658,centroid,299.4468078613281,299.8373718261719,mask PCA skeleton + low contact point,generated_videos/control_points_2_car.mp4
320,0,car_racing_ego_car,1.0,288.0,278.0,312.0,320.0,658,axis_front,309.0,319.0,mask PCA skeleton + low contact point,generated_videos/control_points_2_car.mp4
320,0,car_racing_ego_car,1.0,288.0,278.0,312.0,320.0,658,axis_back,288.0,278.0,mask PCA skeleton + low contact point,generated_videos/control_points_2_car.mp4
320,0,car_racing_ego_car,1.0,288.0,278.0,312.0,320.0,658,axis_left,311.0,278.0,mask PCA skeleton + low contact point,generated_videos/control_points_2_car.mp4
320,0,car_racing_ego_car,1.0,288.0,278.0,312.0,320.0,658,axis_right,288.0,281.0,mask PCA skeleton + low contact point,generated_videos/control_points_2_car.mp4
320,0,car_racing_ego_car,1.0,288.0,278.0,312.0,320.0,658,contact_low,299.0,318.0,mask PCA skeleton + low contact point,generated_videos/control_points_2_car.mp4
321,0,car_racing_ego_car,1.0,288.0,278.0,312.0,320.0,654,centroid,299.47705078125,299.8700256347656,mask PCA skeleton + low contact point,generated_videos/control_points_2_car.mp4
321,0,car_racing_ego_car,1.0,288.0,278.0,312.0,320.0,654,axis_front,309.0,319.0,mask PCA skeleton + low contact point,generated_videos/control_points_2_car.mp4
321,0,car_racing_ego_car,1.0,288.0,278.0,312.0,320.0,654,axis_back,288.0,278.0,mask PCA skeleton + low contact point,generated_videos/control_points_2_car.mp4
321,0,car_racing_ego_car,1.0,288.0,278.0,312.0,320.0,654,axis_left,311.0,278.0,mask PCA skeleton + low contact point,generated_videos/control_points_2_car.mp4
321,0,car_racing_ego_car,1.0,288.0,278.0,312.0,320.0,654,axis_right,288.0,281.0,mask PCA skeleton + low contact point,generated_videos/control_points_2_car.mp4
321,0,car_racing_ego_car,1.0,288.0,278.0,312.0,320.0,654,contact_low,299.0,318.0,mask PCA skeleton + low contact point,generated_videos/control_points_2_car.mp4
322,0,car_racing_ego_car,1.0,288.0,278.0,312.0,320.0,666,centroid,299.6036071777344,299.8092956542969,mask PCA skeleton + low contact point,generated_videos/control_points_2_car.mp4
322,0,car_racing_ego_car,1.0,288.0,278.0,312.0,320.0,666,axis_front,309.0,319.0,mask PCA skeleton + low contact point,generated_videos/control_points_2_car.mp4
322,0,car_racing_ego_car,1.0,288.0,278.0,312.0,320.0,666,axis_back,288.0,278.0,mask PCA skeleton + low contact point,generated_videos/control_points_2_car.mp4
322,0,car_racing_ego_car,1.0,288.0,278.0,312.0,320.0,666,axis_left,311.0,278.0,mask PCA skeleton + low contact point,generated_videos/control_points_2_car.mp4
322,0,car_racing_ego_car,1.0,288.0,278.0,312.0,320.0,666,axis_right,288.0,281.0,mask PCA skeleton + low contact point,generated_videos/control_points_2_car.mp4
322,0,car_racing_ego_car,1.0,288.0,278.0,312.0,320.0,666,contact_low,299.0,318.0,mask PCA skeleton + low contact point,generated_videos/control_points_2_car.mp4
323,0,car_racing_ego_car,1.0,288.0,278.0,312.0,320.0,658,centroid,299.5258483886719,299.7644348144531,mask PCA skeleton + low contact point,generated_videos/control_points_2_car.mp4
323,0,car_racing_ego_car,1.0,288.0,278.0,312.0,320.0,658,axis_front,290.0,319.0,mask PCA skeleton + low contact point,generated_videos/control_points_2_car.mp4
323,0,car_racing_ego_car,1.0,288.0,278.0,312.0,320.0,658,axis_back,311.0,278.0,mask PCA skeleton + low contact point,generated_videos/control_points_2_car.mp4
323,0,car_racing_ego_car,1.0,288.0,278.0,312.0,320.0,658,axis_left,311.0,281.0,mask PCA skeleton + low contact point,generated_videos/control_points_2_car.mp4
323,0,car_racing_ego_car,1.0,288.0,278.0,312.0,320.0,658,axis_right,288.0,278.0,mask PCA skeleton + low contact point,generated_videos/control_points_2_car.mp4
323,0,car_racing_ego_car,1.0,288.0,278.0,312.0,320.0,658,contact_low,299.0,318.0,mask PCA skeleton + low contact point,generated_videos/control_points_2_car.mp4
324,0,car_racing_ego_car,1.0,288.0,278.0,312.0,320.0,654,centroid,299.47705078125,299.8700256347656,mask PCA skeleton + low contact point,generated_videos/control_points_2_car.mp4
324,0,car_racing_ego_car,1.0,288.0,278.0,312.0,320.0,654,axis_front,309.0,319.0,mask PCA skeleton + low contact point,generated_videos/control_points_2_car.mp4
324,0,car_racing_ego_car,1.0,288.0,278.0,312.0,320.0,654,axis_back,288.0,278.0,mask PCA skeleton + low contact point,generated_videos/control_points_2_car.mp4
324,0,car_racing_ego_car,1.0,288.0,278.0,312.0,320.0,654,axis_left,311.0,278.0,mask PCA skeleton + low contact point,generated_videos/control_points_2_car.mp4
324,0,car_racing_ego_car,1.0,288.0,278.0,312.0,320.0,654,axis_right,288.0,281.0,mask PCA skeleton + low contact point,generated_videos/control_points_2_car.mp4
324,0,car_racing_ego_car,1.0,288.0,278.0,312.0,320.0,654,contact_low,299.0,318.0,mask PCA skeleton + low contact point,generated_videos/control_points_2_car.mp4
325,0,car_racing_ego_car,1.0,288.0,278.0,312.0,320.0,654,centroid,299.47705078125,299.8700256347656,mask PCA skeleton + low contact point,generated_videos/control_points_2_car.mp4
325,0,car_racing_ego_car,1.0,288.0,278.0,312.0,320.0,654,axis_front,309.0,319.0,mask PCA skeleton + low contact point,generated_videos/control_points_2_car.mp4
325,0,car_racing_ego_car,1.0,288.0,278.0,312.0,320.0,654,axis_back,288.0,278.0,mask PCA skeleton + low contact point,generated_videos/control_points_2_car.mp4
325,0,car_racing_ego_car,1.0,288.0,278.0,312.0,320.0,654,axis_left,311.0,278.0,mask PCA skeleton + low contact point,generated_videos/control_points_2_car.mp4
325,0,car_racing_ego_car,1.0,288.0,278.0,312.0,320.0,654,axis_right,288.0,281.0,mask PCA skeleton + low contact point,generated_videos/control_points_2_car.mp4
325,0,car_racing_ego_car,1.0,288.0,278.0,312.0,320.0,654,contact_low,299.0,318.0,mask PCA skeleton + low contact point,generated_videos/control_points_2_car.mp4
326,0,car_racing_ego_car,1.0,288.0,278.0,314.0,320.0,674,centroid,299.7403564453125,299.3768615722656,mask PCA skeleton + low contact point,generated_videos/control_points_2_car.mp4
326,0,car_racing_ego_car,1.0,288.0,278.0,314.0,320.0,674,axis_front,290.0,319.0,mask PCA skeleton + low contact point,generated_videos/control_points_2_car.mp4
326,0,car_racing_ego_car,1.0,288.0,278.0,314.0,320.0,674,axis_back,311.0,278.0,mask PCA skeleton + low contact point,generated_videos/control_points_2_car.mp4
326,0,car_racing_ego_car,1.0,288.0,278.0,314.0,320.0,674,axis_left,313.0,283.0,mask PCA skeleton + low contact point,generated_videos/control_points_2_car.mp4
326,0,car_racing_ego_car,1.0,288.0,278.0,314.0,320.0,674,axis_right,288.0,278.0,mask PCA skeleton + low contact point,generated_videos/control_points_2_car.mp4
326,0,car_racing_ego_car,1.0,288.0,278.0,314.0,320.0,674,contact_low,299.0,318.0,mask PCA skeleton + low contact point,generated_videos/control_points_2_car.mp4
327,0,car_racing_ego_car,1.0,288.0,278.0,312.0,320.0,654,centroid,299.47705078125,299.8700256347656,mask PCA skeleton + low contact point,generated_videos/control_points_2_car.mp4
327,0,car_racing_ego_car,1.0,288.0,278.0,312.0,320.0,654,axis_front,309.0,319.0,mask PCA skeleton + low contact point,generated_videos/control_points_2_car.mp4
327,0,car_racing_ego_car,1.0,288.0,278.0,312.0,320.0,654,axis_back,288.0,278.0,mask PCA skeleton + low contact point,generated_videos/control_points_2_car.mp4
327,0,car_racing_ego_car,1.0,288.0,278.0,312.0,320.0,654,axis_left,311.0,278.0,mask PCA skeleton + low contact point,generated_videos/control_points_2_car.mp4
327,0,car_racing_ego_car,1.0,288.0,278.0,312.0,320.0,654,axis_right,288.0,281.0,mask PCA skeleton + low contact point,generated_videos/control_points_2_car.mp4
327,0,car_racing_ego_car,1.0,288.0,278.0,312.0,320.0,654,contact_low,299.0,318.0,mask PCA skeleton + low contact point,generated_videos/control_points_2_car.mp4
328,0,car_racing_ego_car,1.0,288.0,278.0,314.0,320.0,680,centroid,299.38824462890625,299.6647033691406,mask PCA skeleton + low contact point,generated_videos/control_points_2_car.mp4
328,0,car_racing_ego_car,1.0,288.0,278.0,314.0,320.0,680,axis_front,290.0,319.0,mask PCA skeleton + low contact point,generated_videos/control_points_2_car.mp4
328,0,car_racing_ego_car,1.0,288.0,278.0,314.0,320.0,680,axis_back,313.0,278.0,mask PCA skeleton + low contact point,generated_videos/control_points_2_car.mp4
328,0,car_racing_ego_car,1.0,288.0,278.0,314.0,320.0,680,axis_left,313.0,281.0,mask PCA skeleton + low contact point,generated_videos/control_points_2_car.mp4
328,0,car_racing_ego_car,1.0,288.0,278.0,314.0,320.0,680,axis_right,288.0,278.0,mask PCA skeleton + low contact point,generated_videos/control_points_2_car.mp4
328,0,car_racing_ego_car,1.0,288.0,278.0,314.0,320.0,680,contact_low,299.0,318.0,mask PCA skeleton + low contact point,generated_videos/control_points_2_car.mp4
329,0,car_racing_ego_car,1.0,288.0,278.0,312.0,320.0,656,centroid,299.5,299.81707763671875,mask PCA skeleton + low contact point,generated_videos/control_points_2_car.mp4
329,0,car_racing_ego_car,1.0,288.0,278.0,312.0,320.0,656,axis_front,290.0,319.0,mask PCA skeleton + low contact point,generated_videos/control_points_2_car.mp4
329,0,car_racing_ego_car,1.0,288.0,278.0,312.0,320.0,656,axis_back,288.0,278.0,mask PCA skeleton + low contact point,generated_videos/control_points_2_car.mp4
329,0,car_racing_ego_car,1.0,288.0,278.0,312.0,320.0,656,axis_left,311.0,278.0,mask PCA skeleton + low contact point,generated_videos/control_points_2_car.mp4
329,0,car_racing_ego_car,1.0,288.0,278.0,312.0,320.0,656,axis_right,288.0,278.0,mask PCA skeleton + low contact point,generated_videos/control_points_2_car.mp4
329,0,car_racing_ego_car,1.0,288.0,278.0,312.0,320.0,656,contact_low,299.0,318.0,mask PCA skeleton + low contact point,generated_videos/control_points_2_car.mp4
330,0,car_racing_ego_car,1.0,288.0,278.0,314.0,320.0,676,centroid,299.6361083984375,299.5414123535156,mask PCA skeleton + low contact point,generated_videos/control_points_2_car.mp4
330,0,car_racing_ego_car,1.0,288.0,278.0,314.0,320.0,676,axis_front,290.0,319.0,mask PCA skeleton + low contact point,generated_videos/control_points_2_car.mp4
330,0,car_racing_ego_car,1.0,288.0,278.0,314.0,320.0,676,axis_back,311.0,278.0,mask PCA skeleton + low contact point,generated_videos/control_points_2_car.mp4
330,0,car_racing_ego_car,1.0,288.0,278.0,314.0,320.0,676,axis_left,313.0,281.0,mask PCA skeleton + low contact point,generated_videos/control_points_2_car.mp4
330,0,car_racing_ego_car,1.0,288.0,278.0,314.0,320.0,676,axis_right,288.0,278.0,mask PCA skeleton + low contact point,generated_videos/control_points_2_car.mp4
330,0,car_racing_ego_car,1.0,288.0,278.0,314.0,320.0,676,contact_low,299.0,318.0,mask PCA skeleton + low contact point,generated_videos/control_points_2_car.mp4
331,0,car_racing_ego_car,1.0,288.0,278.0,312.0,320.0,672,centroid,299.2321472167969,299.9047546386719,mask PCA skeleton + low contact point,generated_videos/control_points_2_car.mp4
331,0,car_racing_ego_car,1.0,288.0,278.0,312.0,320.0,672,axis_front,309.0,319.0,mask PCA skeleton + low contact point,generated_videos/control_points_2_car.mp4
331,0,car_racing_ego_car,1.0,288.0,278.0,312.0,320.0,672,axis_back,288.0,278.0,mask PCA skeleton + low contact point,generated_videos/control_points_2_car.mp4
331,0,car_racing_ego_car,1.0,288.0,278.0,312.0,320.0,672,axis_left,311.0,278.0,mask PCA skeleton + low contact point,generated_videos/control_points_2_car.mp4
331,0,car_racing_ego_car,1.0,288.0,278.0,312.0,320.0,672,axis_right,288.0,281.0,mask PCA skeleton + low contact point,generated_videos/control_points_2_car.mp4
331,0,car_racing_ego_car,1.0,288.0,278.0,312.0,320.0,672,contact_low,299.0,318.0,mask PCA skeleton + low contact point,generated_videos/control_points_2_car.mp4
332,0,car_racing_ego_car,1.0,288.0,278.0,314.0,320.0,660,centroid,299.57879638671875,299.70001220703125,mask PCA skeleton + low contact point,generated_videos/control_points_2_car.mp4
332,0,car_racing_ego_car,1.0,288.0,278.0,314.0,320.0,660,axis_front,290.0,319.0,mask PCA skeleton + low contact point,generated_videos/control_points_2_car.mp4
332,0,car_racing_ego_car,1.0,288.0,278.0,314.0,320.0,660,axis_back,311.0,278.0,mask PCA skeleton + low contact point,generated_videos/control_points_2_car.mp4
332,0,car_racing_ego_car,1.0,288.0,278.0,314.0,320.0,660,axis_left,313.0,281.0,mask PCA skeleton + low contact point,generated_videos/control_points_2_car.mp4
332,0,car_racing_ego_car,1.0,288.0,278.0,314.0,320.0,660,axis_right,288.0,278.0,mask PCA skeleton + low contact point,generated_videos/control_points_2_car.mp4
332,0,car_racing_ego_car,1.0,288.0,278.0,314.0,320.0,660,contact_low,299.0,318.0,mask PCA skeleton + low contact point,generated_videos/control_points_2_car.mp4
333,0,car_racing_ego_car,1.0,288.0,278.0,312.0,320.0,654,centroid,299.47705078125,299.8700256347656,mask PCA skeleton + low contact point,generated_videos/control_points_2_car.mp4
333,0,car_racing_ego_car,1.0,288.0,278.0,312.0,320.0,654,axis_front,309.0,319.0,mask PCA skeleton + low contact point,generated_videos/control_points_2_car.mp4
333,0,car_racing_ego_car,1.0,288.0,278.0,312.0,320.0,654,axis_back,288.0,278.0,mask PCA skeleton + low contact point,generated_videos/control_points_2_car.mp4
333,0,car_racing_ego_car,1.0,288.0,278.0,312.0,320.0,654,axis_left,311.0,278.0,mask PCA skeleton + low contact point,generated_videos/control_points_2_car.mp4
333,0,car_racing_ego_car,1.0,288.0,278.0,312.0,320.0,654,axis_right,288.0,281.0,mask PCA skeleton + low contact point,generated_videos/control_points_2_car.mp4
333,0,car_racing_ego_car,1.0,288.0,278.0,312.0,320.0,654,contact_low,299.0,318.0,mask PCA skeleton + low contact point,generated_videos/control_points_2_car.mp4
334,0,car_racing_ego_car,1.0,288.0,278.0,312.0,320.0,666,centroid,299.56756591796875,299.73724365234375,mask PCA skeleton + low contact point,generated_videos/control_points_2_car.mp4
334,0,car_racing_ego_car,1.0,288.0,278.0,312.0,320.0,666,axis_front,290.0,319.0,mask PCA skeleton + low contact point,generated_videos/control_points_2_car.mp4
334,0,car_racing_ego_car,1.0,288.0,278.0,312.0,320.0,666,axis_back,311.0,278.0,mask PCA skeleton + low contact point,generated_videos/control_points_2_car.mp4
334,0,car_racing_ego_car,1.0,288.0,278.0,312.0,320.0,666,axis_left,311.0,281.0,mask PCA skeleton + low contact point,generated_videos/control_points_2_car.mp4
334,0,car_racing_ego_car,1.0,288.0,278.0,312.0,320.0,666,axis_right,288.0,278.0,mask PCA skeleton + low contact point,generated_videos/control_points_2_car.mp4
334,0,car_racing_ego_car,1.0,288.0,278.0,312.0,320.0,666,contact_low,299.0,318.0,mask PCA skeleton + low contact point,generated_videos/control_points_2_car.mp4
335,0,car_racing_ego_car,1.0,288.0,278.0,312.0,320.0,673,centroid,299.2154541015625,299.8781433105469,mask PCA skeleton + low contact point,generated_videos/control_points_2_car.mp4
335,0,car_racing_ego_car,1.0,288.0,278.0,312.0,320.0,673,axis_front,309.0,319.0,mask PCA skeleton + low contact point,generated_videos/control_points_2_car.mp4
335,0,car_racing_ego_car,1.0,288.0,278.0,312.0,320.0,673,axis_back,288.0,278.0,mask PCA skeleton + low contact point,generated_videos/control_points_2_car.mp4
335,0,car_racing_ego_car,1.0,288.0,278.0,312.0,320.0,673,axis_left,311.0,278.0,mask PCA skeleton + low contact point,generated_videos/control_points_2_car.mp4
335,0,car_racing_ego_car,1.0,288.0,278.0,312.0,320.0,673,axis_right,288.0,282.0,mask PCA skeleton + low contact point,generated_videos/control_points_2_car.mp4
335,0,car_racing_ego_car,1.0,288.0,278.0,312.0,320.0,673,contact_low,299.0,318.0,mask PCA skeleton + low contact point,generated_videos/control_points_2_car.mp4
336,0,car_racing_ego_car,1.0,288.0,278.0,312.0,320.0,662,centroid,299.6042175292969,300.16766357421875,mask PCA skeleton + low contact point,generated_videos/control_points_2_car.mp4
336,0,car_racing_ego_car,1.0,288.0,278.0,312.0,320.0,662,axis_front,309.0,319.0,mask PCA skeleton + low contact point,generated_videos/control_points_2_car.mp4
336,0,car_racing_ego_car,1.0,288.0,278.0,312.0,320.0,662,axis_back,288.0,278.0,mask PCA skeleton + low contact point,generated_videos/control_points_2_car.mp4
336,0,car_racing_ego_car,1.0,288.0,278.0,312.0,320.0,662,axis_left,311.0,278.0,mask PCA skeleton + low contact point,generated_videos/control_points_2_car.mp4
336,0,car_racing_ego_car,1.0,288.0,278.0,312.0,320.0,662,axis_right,288.0,281.0,mask PCA skeleton + low contact point,generated_videos/control_points_2_car.mp4
336,0,car_racing_ego_car,1.0,288.0,278.0,312.0,320.0,662,contact_low,299.0,318.0,mask PCA skeleton + low contact point,generated_videos/control_points_2_car.mp4
337,0,car_racing_ego_car,1.0,288.0,278.0,312.0,320.0,658,centroid,299.4468078613281,299.8373718261719,mask PCA skeleton + low contact point,generated_videos/control_points_2_car.mp4
337,0,car_racing_ego_car,1.0,288.0,278.0,312.0,320.0,658,axis_front,309.0,319.0,mask PCA skeleton + low contact point,generated_videos/control_points_2_car.mp4
337,0,car_racing_ego_car,1.0,288.0,278.0,312.0,320.0,658,axis_back,288.0,278.0,mask PCA skeleton + low contact point,generated_videos/control_points_2_car.mp4
337,0,car_racing_ego_car,1.0,288.0,278.0,312.0,320.0,658,axis_left,311.0,278.0,mask PCA skeleton + low contact point,generated_videos/control_points_2_car.mp4
337,0,car_racing_ego_car,1.0,288.0,278.0,312.0,320.0,658,axis_right,288.0,281.0,mask PCA skeleton + low contact point,generated_videos/control_points_2_car.mp4
337,0,car_racing_ego_car,1.0,288.0,278.0,312.0,320.0,658,contact_low,299.0,318.0,mask PCA skeleton + low contact point,generated_videos/control_points_2_car.mp4
338,0,car_racing_ego_car,1.0,288.0,278.0,312.0,320.0,658,centroid,299.4468078613281,299.8373718261719,mask PCA skeleton + low contact point,generated_videos/control_points_2_car.mp4
338,0,car_racing_ego_car,1.0,288.0,278.0,312.0,320.0,658,axis_front,309.0,319.0,mask PCA skeleton + low contact point,generated_videos/control_points_2_car.mp4
338,0,car_racing_ego_car,1.0,288.0,278.0,312.0,320.0,658,axis_back,288.0,278.0,mask PCA skeleton + low contact point,generated_videos/control_points_2_car.mp4
338,0,car_racing_ego_car,1.0,288.0,278.0,312.0,320.0,658,axis_left,311.0,278.0,mask PCA skeleton + low contact point,generated_videos/control_points_2_car.mp4
338,0,car_racing_ego_car,1.0,288.0,278.0,312.0,320.0,658,axis_right,288.0,281.0,mask PCA skeleton + low contact point,generated_videos/control_points_2_car.mp4
338,0,car_racing_ego_car,1.0,288.0,278.0,312.0,320.0,658,contact_low,299.0,318.0,mask PCA skeleton + low contact point,generated_videos/control_points_2_car.mp4
339,0,car_racing_ego_car,1.0,288.0,278.0,312.0,320.0,666,centroid,299.3153076171875,300.0615539550781,mask PCA skeleton + low contact point,generated_videos/control_points_2_car.mp4
339,0,car_racing_ego_car,1.0,288.0,278.0,312.0,320.0,666,axis_front,290.0,319.0,mask PCA skeleton + low contact point,generated_videos/control_points_2_car.mp4
339,0,car_racing_ego_car,1.0,288.0,278.0,312.0,320.0,666,axis_back,311.0,278.0,mask PCA skeleton + low contact point,generated_videos/control_points_2_car.mp4
339,0,car_racing_ego_car,1.0,288.0,278.0,312.0,320.0,666,axis_left,311.0,281.0,mask PCA skeleton + low contact point,generated_videos/control_points_2_car.mp4
339,0,car_racing_ego_car,1.0,288.0,278.0,312.0,320.0,666,axis_right,288.0,278.0,mask PCA skeleton + low contact point,generated_videos/control_points_2_car.mp4
339,0,car_racing_ego_car,1.0,288.0,278.0,312.0,320.0,666,contact_low,299.0,318.0,mask PCA skeleton + low contact point,generated_videos/control_points_2_car.mp4
340,0,car_racing_ego_car,1.0,288.0,278.0,312.0,320.0,656,centroid,299.44818115234375,299.8932800292969,mask PCA skeleton + low contact point,generated_videos/control_points_2_car.mp4
340,0,car_racing_ego_car,1.0,288.0,278.0,312.0,320.0,656,axis_front,309.0,319.0,mask PCA skeleton + low contact point,generated_videos/control_points_2_car.mp4
340,0,car_racing_ego_car,1.0,288.0,278.0,312.0,320.0,656,axis_back,288.0,278.0,mask PCA skeleton + low contact point,generated_videos/control_points_2_car.mp4
340,0,car_racing_ego_car,1.0,288.0,278.0,312.0,320.0,656,axis_left,311.0,278.0,mask PCA skeleton + low contact point,generated_videos/control_points_2_car.mp4
340,0,car_racing_ego_car,1.0,288.0,278.0,312.0,320.0,656,axis_right,288.0,281.0,mask PCA skeleton + low contact point,generated_videos/control_points_2_car.mp4
340,0,car_racing_ego_car,1.0,288.0,278.0,312.0,320.0,656,contact_low,299.0,318.0,mask PCA skeleton + low contact point,generated_videos/control_points_2_car.mp4
341,0,car_racing_ego_car,1.0,288.0,278.0,312.0,320.0,654,centroid,299.47552490234375,299.8684997558594,mask PCA skeleton + low contact point,generated_videos/control_points_2_car.mp4
341,0,car_racing_ego_car,1.0,288.0,278.0,312.0,320.0,654,axis_front,309.0,319.0,mask PCA skeleton + low contact point,generated_videos/control_points_2_car.mp4
341,0,car_racing_ego_car,1.0,288.0,278.0,312.0,320.0,654,axis_back,288.0,278.0,mask PCA skeleton + low contact point,generated_videos/control_points_2_car.mp4
341,0,car_racing_ego_car,1.0,288.0,278.0,312.0,320.0,654,axis_left,311.0,278.0,mask PCA skeleton + low contact point,generated_videos/control_points_2_car.mp4
341,0,car_racing_ego_car,1.0,288.0,278.0,312.0,320.0,654,axis_right,288.0,281.0,mask PCA skeleton + low contact point,generated_videos/control_points_2_car.mp4
341,0,car_racing_ego_car,1.0,288.0,278.0,312.0,320.0,654,contact_low,299.0,318.0,mask PCA skeleton + low contact point,generated_videos/control_points_2_car.mp4
342,0,car_racing_ego_car,1.0,288.0,278.0,312.0,320.0,654,centroid,299.47552490234375,299.8684997558594,mask PCA skeleton + low contact point,generated_videos/control_points_2_car.mp4
342,0,car_racing_ego_car,1.0,288.0,278.0,312.0,320.0,654,axis_front,309.0,319.0,mask PCA skeleton + low contact point,generated_videos/control_points_2_car.mp4
342,0,car_racing_ego_car,1.0,288.0,278.0,312.0,320.0,654,axis_back,288.0,278.0,mask PCA skeleton + low contact point,generated_videos/control_points_2_car.mp4
342,0,car_racing_ego_car,1.0,288.0,278.0,312.0,320.0,654,axis_left,311.0,278.0,mask PCA skeleton + low contact point,generated_videos/control_points_2_car.mp4
342,0,car_racing_ego_car,1.0,288.0,278.0,312.0,320.0,654,axis_right,288.0,281.0,mask PCA skeleton + low contact point,generated_videos/control_points_2_car.mp4
342,0,car_racing_ego_car,1.0,288.0,278.0,312.0,320.0,654,contact_low,299.0,318.0,mask PCA skeleton + low contact point,generated_videos/control_points_2_car.mp4
343,0,car_racing_ego_car,1.0,288.0,278.0,312.0,320.0,673,centroid,299.2154541015625,299.8781433105469,mask PCA skeleton + low contact point,generated_videos/control_points_2_car.mp4
343,0,car_racing_ego_car,1.0,288.0,278.0,312.0,320.0,673,axis_front,309.0,319.0,mask PCA skeleton + low contact point,generated_videos/control_points_2_car.mp4
343,0,car_racing_ego_car,1.0,288.0,278.0,312.0,320.0,673,axis_back,288.0,278.0,mask PCA skeleton + low contact point,generated_videos/control_points_2_car.mp4
343,0,car_racing_ego_car,1.0,288.0,278.0,312.0,320.0,673,axis_left,311.0,278.0,mask PCA skeleton + low contact point,generated_videos/control_points_2_car.mp4
343,0,car_racing_ego_car,1.0,288.0,278.0,312.0,320.0,673,axis_right,288.0,282.0,mask PCA skeleton + low contact point,generated_videos/control_points_2_car.mp4
343,0,car_racing_ego_car,1.0,288.0,278.0,312.0,320.0,673,contact_low,299.0,318.0,mask PCA skeleton + low contact point,generated_videos/control_points_2_car.mp4
344,0,car_racing_ego_car,1.0,288.0,278.0,312.0,320.0,664,centroid,299.66265869140625,300.1144714355469,mask PCA skeleton + low contact point,generated_videos/control_points_2_car.mp4
344,0,car_racing_ego_car,1.0,288.0,278.0,312.0,320.0,664,axis_front,309.0,319.0,mask PCA skeleton + low contact point,generated_videos/control_points_2_car.mp4
344,0,car_racing_ego_car,1.0,288.0,278.0,312.0,320.0,664,axis_back,288.0,278.0,mask PCA skeleton + low contact point,generated_videos/control_points_2_car.mp4
344,0,car_racing_ego_car,1.0,288.0,278.0,312.0,320.0,664,axis_left,311.0,278.0,mask PCA skeleton + low contact point,generated_videos/control_points_2_car.mp4
344,0,car_racing_ego_car,1.0,288.0,278.0,312.0,320.0,664,axis_right,288.0,281.0,mask PCA skeleton + low contact point,generated_videos/control_points_2_car.mp4
344,0,car_racing_ego_car,1.0,288.0,278.0,312.0,320.0,664,contact_low,299.0,318.0,mask PCA skeleton + low contact point,generated_videos/control_points_2_car.mp4
345,0,car_racing_ego_car,1.0,288.0,278.0,312.0,320.0,658,centroid,299.4924011230469,299.8373718261719,mask PCA skeleton + low contact point,generated_videos/control_points_2_car.mp4
345,0,car_racing_ego_car,1.0,288.0,278.0,312.0,320.0,658,axis_front,290.0,319.0,mask PCA skeleton + low contact point,generated_videos/control_points_2_car.mp4
345,0,car_racing_ego_car,1.0,288.0,278.0,312.0,320.0,658,axis_back,311.0,278.0,mask PCA skeleton + low contact point,generated_videos/control_points_2_car.mp4
345,0,car_racing_ego_car,1.0,288.0,278.0,312.0,320.0,658,axis_left,311.0,281.0,mask PCA skeleton + low contact point,generated_videos/control_points_2_car.mp4
345,0,car_racing_ego_car,1.0,288.0,278.0,312.0,320.0,658,axis_right,288.0,278.0,mask PCA skeleton + low contact point,generated_videos/control_points_2_car.mp4
345,0,car_racing_ego_car,1.0,288.0,278.0,312.0,320.0,658,contact_low,299.0,318.0,mask PCA skeleton + low contact point,generated_videos/control_points_2_car.mp4
346,0,car_racing_ego_car,1.0,288.0,278.0,312.0,320.0,665,centroid,299.3007507324219,300.04058837890625,mask PCA skeleton + low contact point,generated_videos/control_points_2_car.mp4
346,0,car_racing_ego_car,1.0,288.0,278.0,312.0,320.0,665,axis_front,290.0,319.0,mask PCA skeleton + low contact point,generated_videos/control_points_2_car.mp4
346,0,car_racing_ego_car,1.0,288.0,278.0,312.0,320.0,665,axis_back,311.0,278.0,mask PCA skeleton + low contact point,generated_videos/control_points_2_car.mp4
346,0,car_racing_ego_car,1.0,288.0,278.0,312.0,320.0,665,axis_left,311.0,281.0,mask PCA skeleton + low contact point,generated_videos/control_points_2_car.mp4
346,0,car_racing_ego_car,1.0,288.0,278.0,312.0,320.0,665,axis_right,288.0,278.0,mask PCA skeleton + low contact point,generated_videos/control_points_2_car.mp4
346,0,car_racing_ego_car,1.0,288.0,278.0,312.0,320.0,665,contact_low,299.0,318.0,mask PCA skeleton + low contact point,generated_videos/control_points_2_car.mp4
347,0,car_racing_ego_car,1.0,288.0,278.0,312.0,320.0,652,centroid,299.5,299.9233093261719,mask PCA skeleton + low contact point,generated_videos/control_points_2_car.mp4
347,0,car_racing_ego_car,1.0,288.0,278.0,312.0,320.0,652,axis_front,290.0,319.0,mask PCA skeleton + low contact point,generated_videos/control_points_2_car.mp4
347,0,car_racing_ego_car,1.0,288.0,278.0,312.0,320.0,652,axis_back,288.0,278.0,mask PCA skeleton + low contact point,generated_videos/control_points_2_car.mp4
347,0,car_racing_ego_car,1.0,288.0,278.0,312.0,320.0,652,axis_left,311.0,278.0,mask PCA skeleton + low contact point,generated_videos/control_points_2_car.mp4
347,0,car_racing_ego_car,1.0,288.0,278.0,312.0,320.0,652,axis_right,288.0,278.0,mask PCA skeleton + low contact point,generated_videos/control_points_2_car.mp4
347,0,car_racing_ego_car,1.0,288.0,278.0,312.0,320.0,652,contact_low,299.0,318.0,mask PCA skeleton + low contact point,generated_videos/control_points_2_car.mp4
348,0,car_racing_ego_car,1.0,288.0,278.0,312.0,320.0,651,centroid,299.48541259765625,299.9017028808594,mask PCA skeleton + low contact point,generated_videos/control_points_2_car.mp4
348,0,car_racing_ego_car,1.0,288.0,278.0,312.0,320.0,651,axis_front,290.0,319.0,mask PCA skeleton + low contact point,generated_videos/control_points_2_car.mp4
348,0,car_racing_ego_car,1.0,288.0,278.0,312.0,320.0,651,axis_back,311.0,278.0,mask PCA skeleton + low contact point,generated_videos/control_points_2_car.mp4
348,0,car_racing_ego_car,1.0,288.0,278.0,312.0,320.0,651,axis_left,311.0,281.0,mask PCA skeleton + low contact point,generated_videos/control_points_2_car.mp4
348,0,car_racing_ego_car,1.0,288.0,278.0,312.0,320.0,651,axis_right,288.0,278.0,mask PCA skeleton + low contact point,generated_videos/control_points_2_car.mp4
348,0,car_racing_ego_car,1.0,288.0,278.0,312.0,320.0,651,contact_low,299.0,318.0,mask PCA skeleton + low contact point,generated_videos/control_points_2_car.mp4
349,0,car_racing_ego_car,1.0,288.0,278.0,314.0,320.0,661,centroid,299.61724853515625,299.638427734375,mask PCA skeleton + low contact point,generated_videos/control_points_2_car.mp4
349,0,car_racing_ego_car,1.0,288.0,278.0,314.0,320.0,661,axis_front,290.0,319.0,mask PCA skeleton + low contact point,generated_videos/control_points_2_car.mp4
349,0,car_racing_ego_car,1.0,288.0,278.0,314.0,320.0,661,axis_back,311.0,278.0,mask PCA skeleton + low contact point,generated_videos/control_points_2_car.mp4
349,0,car_racing_ego_car,1.0,288.0,278.0,314.0,320.0,661,axis_left,313.0,281.0,mask PCA skeleton + low contact point,generated_videos/control_points_2_car.mp4
349,0,car_racing_ego_car,1.0,288.0,278.0,314.0,320.0,661,axis_right,288.0,278.0,mask PCA skeleton + low contact point,generated_videos/control_points_2_car.mp4
349,0,car_racing_ego_car,1.0,288.0,278.0,314.0,320.0,661,contact_low,299.0,318.0,mask PCA skeleton + low contact point,generated_videos/control_points_2_car.mp4
350,0,car_racing_ego_car,1.0,288.0,278.0,312.0,320.0,651,centroid,299.48541259765625,299.9017028808594,mask PCA skeleton + low contact point,generated_videos/control_points_2_car.mp4
350,0,car_racing_ego_car,1.0,288.0,278.0,312.0,320.0,651,axis_front,290.0,319.0,mask PCA skeleton + low contact point,generated_videos/control_points_2_car.mp4
350,0,car_racing_ego_car,1.0,288.0,278.0,312.0,320.0,651,axis_back,311.0,278.0,mask PCA skeleton + low contact point,generated_videos/control_points_2_car.mp4
350,0,car_racing_ego_car,1.0,288.0,278.0,312.0,320.0,651,axis_left,311.0,281.0,mask PCA skeleton + low contact point,generated_videos/control_points_2_car.mp4
350,0,car_racing_ego_car,1.0,288.0,278.0,312.0,320.0,651,axis_right,288.0,278.0,mask PCA skeleton + low contact point,generated_videos/control_points_2_car.mp4
350,0,car_racing_ego_car,1.0,288.0,278.0,312.0,320.0,651,contact_low,299.0,318.0,mask PCA skeleton + low contact point,generated_videos/control_points_2_car.mp4
351,0,car_racing_ego_car,1.0,288.0,278.0,312.0,320.0,651,centroid,299.48541259765625,299.9017028808594,mask PCA skeleton + low contact point,generated_videos/control_points_2_car.mp4
351,0,car_racing_ego_car,1.0,288.0,278.0,312.0,320.0,651,axis_front,290.0,319.0,mask PCA skeleton + low contact point,generated_videos/control_points_2_car.mp4
351,0,car_racing_ego_car,1.0,288.0,278.0,312.0,320.0,651,axis_back,311.0,278.0,mask PCA skeleton + low contact point,generated_videos/control_points_2_car.mp4
351,0,car_racing_ego_car,1.0,288.0,278.0,312.0,320.0,651,axis_left,311.0,281.0,mask PCA skeleton + low contact point,generated_videos/control_points_2_car.mp4
351,0,car_racing_ego_car,1.0,288.0,278.0,312.0,320.0,651,axis_right,288.0,278.0,mask PCA skeleton + low contact point,generated_videos/control_points_2_car.mp4
351,0,car_racing_ego_car,1.0,288.0,278.0,312.0,320.0,651,contact_low,299.0,318.0,mask PCA skeleton + low contact point,generated_videos/control_points_2_car.mp4
352,0,car_racing_ego_car,1.0,288.0,278.0,312.0,320.0,664,centroid,299.33734130859375,300.1144714355469,mask PCA skeleton + low contact point,generated_videos/control_points_2_car.mp4
352,0,car_racing_ego_car,1.0,288.0,278.0,312.0,320.0,664,axis_front,290.0,319.0,mask PCA skeleton + low contact point,generated_videos/control_points_2_car.mp4
352,0,car_racing_ego_car,1.0,288.0,278.0,312.0,320.0,664,axis_back,311.0,278.0,mask PCA skeleton + low contact point,generated_videos/control_points_2_car.mp4
352,0,car_racing_ego_car,1.0,288.0,278.0,312.0,320.0,664,axis_left,311.0,281.0,mask PCA skeleton + low contact point,generated_videos/control_points_2_car.mp4
352,0,car_racing_ego_car,1.0,288.0,278.0,312.0,320.0,664,axis_right,288.0,278.0,mask PCA skeleton + low contact point,generated_videos/control_points_2_car.mp4
352,0,car_racing_ego_car,1.0,288.0,278.0,312.0,320.0,664,contact_low,299.0,318.0,mask PCA skeleton + low contact point,generated_videos/control_points_2_car.mp4
353,0,car_racing_ego_car,1.0,288.0,278.0,314.0,320.0,656,centroid,299.5792541503906,299.80487060546875,mask PCA skeleton + low contact point,generated_videos/control_points_2_car.mp4
353,0,car_racing_ego_car,1.0,288.0,278.0,314.0,320.0,656,axis_front,290.0,319.0,mask PCA skeleton + low contact point,generated_videos/control_points_2_car.mp4
353,0,car_racing_ego_car,1.0,288.0,278.0,314.0,320.0,656,axis_back,311.0,278.0,mask PCA skeleton + low contact point,generated_videos/control_points_2_car.mp4
353,0,car_racing_ego_car,1.0,288.0,278.0,314.0,320.0,656,axis_left,313.0,281.0,mask PCA skeleton + low contact point,generated_videos/control_points_2_car.mp4
353,0,car_racing_ego_car,1.0,288.0,278.0,314.0,320.0,656,axis_right,288.0,278.0,mask PCA skeleton + low contact point,generated_videos/control_points_2_car.mp4
353,0,car_racing_ego_car,1.0,288.0,278.0,314.0,320.0,656,contact_low,299.0,318.0,mask PCA skeleton + low contact point,generated_videos/control_points_2_car.mp4
354,0,car_racing_ego_car,1.0,288.0,278.0,312.0,320.0,653,centroid,299.5130310058594,299.9264831542969,mask PCA skeleton + low contact point,generated_videos/control_points_2_car.mp4
354,0,car_racing_ego_car,1.0,288.0,278.0,312.0,320.0,653,axis_front,309.0,319.0,mask PCA skeleton + low contact point,generated_videos/control_points_2_car.mp4
354,0,car_racing_ego_car,1.0,288.0,278.0,312.0,320.0,653,axis_back,288.0,278.0,mask PCA skeleton + low contact point,generated_videos/control_points_2_car.mp4
354,0,car_racing_ego_car,1.0,288.0,278.0,312.0,320.0,653,axis_left,311.0,278.0,mask PCA skeleton + low contact point,generated_videos/control_points_2_car.mp4
354,0,car_racing_ego_car,1.0,288.0,278.0,312.0,320.0,653,axis_right,288.0,281.0,mask PCA skeleton + low contact point,generated_videos/control_points_2_car.mp4
354,0,car_racing_ego_car,1.0,288.0,278.0,312.0,320.0,653,contact_low,299.0,318.0,mask PCA skeleton + low contact point,generated_videos/control_points_2_car.mp4
355,0,car_racing_ego_car,1.0,288.0,278.0,314.0,320.0,657,centroid,299.5875244140625,299.7305908203125,mask PCA skeleton + low contact point,generated_videos/control_points_2_car.mp4
355,0,car_racing_ego_car,1.0,288.0,278.0,314.0,320.0,657,axis_front,290.0,319.0,mask PCA skeleton + low contact point,generated_videos/control_points_2_car.mp4
355,0,car_racing_ego_car,1.0,288.0,278.0,314.0,320.0,657,axis_back,311.0,278.0,mask PCA skeleton + low contact point,generated_videos/control_points_2_car.mp4
355,0,car_racing_ego_car,1.0,288.0,278.0,314.0,320.0,657,axis_left,313.0,281.0,mask PCA skeleton + low contact point,generated_videos/control_points_2_car.mp4
355,0,car_racing_ego_car,1.0,288.0,278.0,314.0,320.0,657,axis_right,288.0,278.0,mask PCA skeleton + low contact point,generated_videos/control_points_2_car.mp4
355,0,car_racing_ego_car,1.0,288.0,278.0,314.0,320.0,657,contact_low,299.0,318.0,mask PCA skeleton + low contact point,generated_videos/control_points_2_car.mp4
356,0,car_racing_ego_car,1.0,288.0,278.0,312.0,320.0,664,centroid,299.33734130859375,300.1144714355469,mask PCA skeleton + low contact point,generated_videos/control_points_2_car.mp4
356,0,car_racing_ego_car,1.0,288.0,278.0,312.0,320.0,664,axis_front,290.0,319.0,mask PCA skeleton + low contact point,generated_videos/control_points_2_car.mp4
356,0,car_racing_ego_car,1.0,288.0,278.0,312.0,320.0,664,axis_back,311.0,278.0,mask PCA skeleton + low contact point,generated_videos/control_points_2_car.mp4
356,0,car_racing_ego_car,1.0,288.0,278.0,312.0,320.0,664,axis_left,311.0,281.0,mask PCA skeleton + low contact point,generated_videos/control_points_2_car.mp4
356,0,car_racing_ego_car,1.0,288.0,278.0,312.0,320.0,664,axis_right,288.0,278.0,mask PCA skeleton + low contact point,generated_videos/control_points_2_car.mp4
356,0,car_racing_ego_car,1.0,288.0,278.0,312.0,320.0,664,contact_low,299.0,318.0,mask PCA skeleton + low contact point,generated_videos/control_points_2_car.mp4
357,0,car_racing_ego_car,1.0,288.0,278.0,312.0,320.0,652,centroid,299.5,299.9049072265625,mask PCA skeleton + low contact point,generated_videos/control_points_2_car.mp4
357,0,car_racing_ego_car,1.0,288.0,278.0,312.0,320.0,652,axis_front,290.0,319.0,mask PCA skeleton + low contact point,generated_videos/control_points_2_car.mp4
357,0,car_racing_ego_car,1.0,288.0,278.0,312.0,320.0,652,axis_back,311.0,278.0,mask PCA skeleton + low contact point,generated_videos/control_points_2_car.mp4
357,0,car_racing_ego_car,1.0,288.0,278.0,312.0,320.0,652,axis_left,311.0,281.0,mask PCA skeleton + low contact point,generated_videos/control_points_2_car.mp4
357,0,car_racing_ego_car,1.0,288.0,278.0,312.0,320.0,652,axis_right,288.0,278.0,mask PCA skeleton + low contact point,generated_videos/control_points_2_car.mp4
357,0,car_racing_ego_car,1.0,288.0,278.0,312.0,320.0,652,contact_low,299.0,318.0,mask PCA skeleton + low contact point,generated_videos/control_points_2_car.mp4
358,0,car_racing_ego_car,1.0,288.0,278.0,312.0,320.0,653,centroid,299.45941162109375,299.89739990234375,mask PCA skeleton + low contact point,generated_videos/control_points_2_car.mp4
358,0,car_racing_ego_car,1.0,288.0,278.0,312.0,320.0,653,axis_front,290.0,319.0,mask PCA skeleton + low contact point,generated_videos/control_points_2_car.mp4
358,0,car_racing_ego_car,1.0,288.0,278.0,312.0,320.0,653,axis_back,311.0,278.0,mask PCA skeleton + low contact point,generated_videos/control_points_2_car.mp4
358,0,car_racing_ego_car,1.0,288.0,278.0,312.0,320.0,653,axis_left,311.0,281.0,mask PCA skeleton + low contact point,generated_videos/control_points_2_car.mp4
358,0,car_racing_ego_car,1.0,288.0,278.0,312.0,320.0,653,axis_right,288.0,278.0,mask PCA skeleton + low contact point,generated_videos/control_points_2_car.mp4
358,0,car_racing_ego_car,1.0,288.0,278.0,312.0,320.0,653,contact_low,299.0,318.0,mask PCA skeleton + low contact point,generated_videos/control_points_2_car.mp4
359,0,car_racing_ego_car,1.0,288.0,278.0,314.0,320.0,656,centroid,299.5914611816406,299.7469482421875,mask PCA skeleton + low contact point,generated_videos/control_points_2_car.mp4
359,0,car_racing_ego_car,1.0,288.0,278.0,314.0,320.0,656,axis_front,290.0,319.0,mask PCA skeleton + low contact point,generated_videos/control_points_2_car.mp4
359,0,car_racing_ego_car,1.0,288.0,278.0,314.0,320.0,656,axis_back,311.0,278.0,mask PCA skeleton + low contact point,generated_videos/control_points_2_car.mp4
359,0,car_racing_ego_car,1.0,288.0,278.0,314.0,320.0,656,axis_left,313.0,281.0,mask PCA skeleton + low contact point,generated_videos/control_points_2_car.mp4
359,0,car_racing_ego_car,1.0,288.0,278.0,314.0,320.0,656,axis_right,288.0,278.0,mask PCA skeleton + low contact point,generated_videos/control_points_2_car.mp4
359,0,car_racing_ego_car,1.0,288.0,278.0,314.0,320.0,656,contact_low,299.0,318.0,mask PCA skeleton + low contact point,generated_videos/control_points_2_car.mp4
360,0,car_racing_ego_car,1.0,288.0,278.0,312.0,320.0,656,centroid,299.4603576660156,299.8536682128906,mask PCA skeleton + low contact point,generated_videos/control_points_2_car.mp4
360,0,car_racing_ego_car,1.0,288.0,278.0,312.0,320.0,656,axis_front,309.0,319.0,mask PCA skeleton + low contact point,generated_videos/control_points_2_car.mp4
360,0,car_racing_ego_car,1.0,288.0,278.0,312.0,320.0,656,axis_back,288.0,278.0,mask PCA skeleton + low contact point,generated_videos/control_points_2_car.mp4
360,0,car_racing_ego_car,1.0,288.0,278.0,312.0,320.0,656,axis_left,311.0,278.0,mask PCA skeleton + low contact point,generated_videos/control_points_2_car.mp4
360,0,car_racing_ego_car,1.0,288.0,278.0,312.0,320.0,656,axis_right,288.0,281.0,mask PCA skeleton + low contact point,generated_videos/control_points_2_car.mp4
360,0,car_racing_ego_car,1.0,288.0,278.0,312.0,320.0,656,contact_low,299.0,318.0,mask PCA skeleton + low contact point,generated_videos/control_points_2_car.mp4
361,0,car_racing_ego_car,1.0,288.0,278.0,312.0,320.0,655,centroid,299.4885559082031,299.87176513671875,mask PCA skeleton + low contact point,generated_videos/control_points_2_car.mp4
361,0,car_racing_ego_car,1.0,288.0,278.0,312.0,320.0,655,axis_front,309.0,319.0,mask PCA skeleton + low contact point,generated_videos/control_points_2_car.mp4
361,0,car_racing_ego_car,1.0,288.0,278.0,312.0,320.0,655,axis_back,288.0,278.0,mask PCA skeleton + low contact point,generated_videos/control_points_2_car.mp4
361,0,car_racing_ego_car,1.0,288.0,278.0,312.0,320.0,655,axis_left,311.0,278.0,mask PCA skeleton + low contact point,generated_videos/control_points_2_car.mp4
361,0,car_racing_ego_car,1.0,288.0,278.0,312.0,320.0,655,axis_right,288.0,281.0,mask PCA skeleton + low contact point,generated_videos/control_points_2_car.mp4
361,0,car_racing_ego_car,1.0,288.0,278.0,312.0,320.0,655,contact_low,299.0,318.0,mask PCA skeleton + low contact point,generated_videos/control_points_2_car.mp4
362,0,car_racing_ego_car,1.0,288.0,278.0,312.0,320.0,653,centroid,299.4609375,299.84686279296875,mask PCA skeleton + low contact point,generated_videos/control_points_2_car.mp4
362,0,car_racing_ego_car,1.0,288.0,278.0,312.0,320.0,653,axis_front,309.0,319.0,mask PCA skeleton + low contact point,generated_videos/control_points_2_car.mp4
362,0,car_racing_ego_car,1.0,288.0,278.0,312.0,320.0,653,axis_back,288.0,278.0,mask PCA skeleton + low contact point,generated_videos/control_points_2_car.mp4
362,0,car_racing_ego_car,1.0,288.0,278.0,312.0,320.0,653,axis_left,311.0,278.0,mask PCA skeleton + low contact point,generated_videos/control_points_2_car.mp4
362,0,car_racing_ego_car,1.0,288.0,278.0,312.0,320.0,653,axis_right,288.0,281.0,mask PCA skeleton + low contact point,generated_videos/control_points_2_car.mp4
362,0,car_racing_ego_car,1.0,288.0,278.0,312.0,320.0,653,contact_low,299.0,318.0,mask PCA skeleton + low contact point,generated_videos/control_points_2_car.mp4
363,0,car_racing_ego_car,1.0,288.0,278.0,312.0,320.0,653,centroid,299.4609375,299.84686279296875,mask PCA skeleton + low contact point,generated_videos/control_points_2_car.mp4
363,0,car_racing_ego_car,1.0,288.0,278.0,312.0,320.0,653,axis_front,309.0,319.0,mask PCA skeleton + low contact point,generated_videos/control_points_2_car.mp4
363,0,car_racing_ego_car,1.0,288.0,278.0,312.0,320.0,653,axis_back,288.0,278.0,mask PCA skeleton + low contact point,generated_videos/control_points_2_car.mp4
363,0,car_racing_ego_car,1.0,288.0,278.0,312.0,320.0,653,axis_left,311.0,278.0,mask PCA skeleton + low contact point,generated_videos/control_points_2_car.mp4
363,0,car_racing_ego_car,1.0,288.0,278.0,312.0,320.0,653,axis_right,288.0,281.0,mask PCA skeleton + low contact point,generated_videos/control_points_2_car.mp4
363,0,car_racing_ego_car,1.0,288.0,278.0,312.0,320.0,653,contact_low,299.0,318.0,mask PCA skeleton + low contact point,generated_videos/control_points_2_car.mp4
364,0,car_racing_ego_car,1.0,288.0,278.0,312.0,320.0,665,centroid,299.29925537109375,300.0390930175781,mask PCA skeleton + low contact point,generated_videos/control_points_2_car.mp4
364,0,car_racing_ego_car,1.0,288.0,278.0,312.0,320.0,665,axis_front,290.0,319.0,mask PCA skeleton + low contact point,generated_videos/control_points_2_car.mp4
364,0,car_racing_ego_car,1.0,288.0,278.0,312.0,320.0,665,axis_back,311.0,278.0,mask PCA skeleton + low contact point,generated_videos/control_points_2_car.mp4
364,0,car_racing_ego_car,1.0,288.0,278.0,312.0,320.0,665,axis_left,311.0,281.0,mask PCA skeleton + low contact point,generated_videos/control_points_2_car.mp4
364,0,car_racing_ego_car,1.0,288.0,278.0,312.0,320.0,665,axis_right,288.0,278.0,mask PCA skeleton + low contact point,generated_videos/control_points_2_car.mp4
364,0,car_racing_ego_car,1.0,288.0,278.0,312.0,320.0,665,contact_low,299.0,318.0,mask PCA skeleton + low contact point,generated_videos/control_points_2_car.mp4
365,0,car_racing_ego_car,1.0,288.0,278.0,312.0,320.0,651,centroid,299.48541259765625,299.9017028808594,mask PCA skeleton + low contact point,generated_videos/control_points_2_car.mp4
365,0,car_racing_ego_car,1.0,288.0,278.0,312.0,320.0,651,axis_front,290.0,319.0,mask PCA skeleton + low contact point,generated_videos/control_points_2_car.mp4
365,0,car_racing_ego_car,1.0,288.0,278.0,312.0,320.0,651,axis_back,311.0,278.0,mask PCA skeleton + low contact point,generated_videos/control_points_2_car.mp4
365,0,car_racing_ego_car,1.0,288.0,278.0,312.0,320.0,651,axis_left,311.0,281.0,mask PCA skeleton + low contact point,generated_videos/control_points_2_car.mp4
365,0,car_racing_ego_car,1.0,288.0,278.0,312.0,320.0,651,axis_right,288.0,278.0,mask PCA skeleton + low contact point,generated_videos/control_points_2_car.mp4
365,0,car_racing_ego_car,1.0,288.0,278.0,312.0,320.0,651,contact_low,299.0,318.0,mask PCA skeleton + low contact point,generated_videos/control_points_2_car.mp4
366,0,car_racing_ego_car,1.0,288.0,278.0,312.0,320.0,654,centroid,299.52447509765625,299.819580078125,mask PCA skeleton + low contact point,generated_videos/control_points_2_car.mp4
366,0,car_racing_ego_car,1.0,288.0,278.0,312.0,320.0,654,axis_front,290.0,319.0,mask PCA skeleton + low contact point,generated_videos/control_points_2_car.mp4
366,0,car_racing_ego_car,1.0,288.0,278.0,312.0,320.0,654,axis_back,311.0,278.0,mask PCA skeleton + low contact point,generated_videos/control_points_2_car.mp4
366,0,car_racing_ego_car,1.0,288.0,278.0,312.0,320.0,654,axis_left,311.0,281.0,mask PCA skeleton + low contact point,generated_videos/control_points_2_car.mp4
366,0,car_racing_ego_car,1.0,288.0,278.0,312.0,320.0,654,axis_right,288.0,278.0,mask PCA skeleton + low contact point,generated_videos/control_points_2_car.mp4
366,0,car_racing_ego_car,1.0,288.0,278.0,312.0,320.0,654,contact_low,299.0,318.0,mask PCA skeleton + low contact point,generated_videos/control_points_2_car.mp4
367,0,car_racing_ego_car,1.0,288.0,278.0,312.0,320.0,653,centroid,299.4578857421875,299.9264831542969,mask PCA skeleton + low contact point,generated_videos/control_points_2_car.mp4
367,0,car_racing_ego_car,1.0,288.0,278.0,312.0,320.0,653,axis_front,290.0,319.0,mask PCA skeleton + low contact point,generated_videos/control_points_2_car.mp4
367,0,car_racing_ego_car,1.0,288.0,278.0,312.0,320.0,653,axis_back,311.0,278.0,mask PCA skeleton + low contact point,generated_videos/control_points_2_car.mp4
367,0,car_racing_ego_car,1.0,288.0,278.0,312.0,320.0,653,axis_left,311.0,281.0,mask PCA skeleton + low contact point,generated_videos/control_points_2_car.mp4
367,0,car_racing_ego_car,1.0,288.0,278.0,312.0,320.0,653,axis_right,288.0,278.0,mask PCA skeleton + low contact point,generated_videos/control_points_2_car.mp4
367,0,car_racing_ego_car,1.0,288.0,278.0,312.0,320.0,653,contact_low,299.0,318.0,mask PCA skeleton + low contact point,generated_videos/control_points_2_car.mp4
368,0,car_racing_ego_car,1.0,288.0,278.0,312.0,320.0,652,centroid,299.5,299.9233093261719,mask PCA skeleton + low contact point,generated_videos/control_points_2_car.mp4
368,0,car_racing_ego_car,1.0,288.0,278.0,312.0,320.0,652,axis_front,290.0,319.0,mask PCA skeleton + low contact point,generated_videos/control_points_2_car.mp4
368,0,car_racing_ego_car,1.0,288.0,278.0,312.0,320.0,652,axis_back,288.0,278.0,mask PCA skeleton + low contact point,generated_videos/control_points_2_car.mp4
368,0,car_racing_ego_car,1.0,288.0,278.0,312.0,320.0,652,axis_left,311.0,278.0,mask PCA skeleton + low contact point,generated_videos/control_points_2_car.mp4
368,0,car_racing_ego_car,1.0,288.0,278.0,312.0,320.0,652,axis_right,288.0,278.0,mask PCA skeleton + low contact point,generated_videos/control_points_2_car.mp4
368,0,car_racing_ego_car,1.0,288.0,278.0,312.0,320.0,652,contact_low,299.0,318.0,mask PCA skeleton + low contact point,generated_videos/control_points_2_car.mp4
369,0,car_racing_ego_car,1.0,288.0,278.0,312.0,320.0,651,centroid,299.48541259765625,299.9017028808594,mask PCA skeleton + low contact point,generated_videos/control_points_2_car.mp4
369,0,car_racing_ego_car,1.0,288.0,278.0,312.0,320.0,651,axis_front,290.0,319.0,mask PCA skeleton + low contact point,generated_videos/control_points_2_car.mp4
369,0,car_racing_ego_car,1.0,288.0,278.0,312.0,320.0,651,axis_back,311.0,278.0,mask PCA skeleton + low contact point,generated_videos/control_points_2_car.mp4
369,0,car_racing_ego_car,1.0,288.0,278.0,312.0,320.0,651,axis_left,311.0,281.0,mask PCA skeleton + low contact point,generated_videos/control_points_2_car.mp4
369,0,car_racing_ego_car,1.0,288.0,278.0,312.0,320.0,651,axis_right,288.0,278.0,mask PCA skeleton + low contact point,generated_videos/control_points_2_car.mp4
369,0,car_racing_ego_car,1.0,288.0,278.0,312.0,320.0,651,contact_low,299.0,318.0,mask PCA skeleton + low contact point,generated_videos/control_points_2_car.mp4
370,0,car_racing_ego_car,1.0,288.0,278.0,312.0,320.0,651,centroid,299.48541259765625,299.9017028808594,mask PCA skeleton + low contact point,generated_videos/control_points_2_car.mp4
370,0,car_racing_ego_car,1.0,288.0,278.0,312.0,320.0,651,axis_front,290.0,319.0,mask PCA skeleton + low contact point,generated_videos/control_points_2_car.mp4
370,0,car_racing_ego_car,1.0,288.0,278.0,312.0,320.0,651,axis_back,311.0,278.0,mask PCA skeleton + low contact point,generated_videos/control_points_2_car.mp4
370,0,car_racing_ego_car,1.0,288.0,278.0,312.0,320.0,651,axis_left,311.0,281.0,mask PCA skeleton + low contact point,generated_videos/control_points_2_car.mp4
370,0,car_racing_ego_car,1.0,288.0,278.0,312.0,320.0,651,axis_right,288.0,278.0,mask PCA skeleton + low contact point,generated_videos/control_points_2_car.mp4
370,0,car_racing_ego_car,1.0,288.0,278.0,312.0,320.0,651,contact_low,299.0,318.0,mask PCA skeleton + low contact point,generated_videos/control_points_2_car.mp4
371,0,car_racing_ego_car,1.0,288.0,278.0,312.0,320.0,656,centroid,299.5,299.81707763671875,mask PCA skeleton + low contact point,generated_videos/control_points_2_car.mp4
371,0,car_racing_ego_car,1.0,288.0,278.0,312.0,320.0,656,axis_front,290.0,319.0,mask PCA skeleton + low contact point,generated_videos/control_points_2_car.mp4
371,0,car_racing_ego_car,1.0,288.0,278.0,312.0,320.0,656,axis_back,288.0,278.0,mask PCA skeleton + low contact point,generated_videos/control_points_2_car.mp4
371,0,car_racing_ego_car,1.0,288.0,278.0,312.0,320.0,656,axis_left,311.0,278.0,mask PCA skeleton + low contact point,generated_videos/control_points_2_car.mp4
371,0,car_racing_ego_car,1.0,288.0,278.0,312.0,320.0,656,axis_right,288.0,278.0,mask PCA skeleton + low contact point,generated_videos/control_points_2_car.mp4
371,0,car_racing_ego_car,1.0,288.0,278.0,312.0,320.0,656,contact_low,299.0,318.0,mask PCA skeleton + low contact point,generated_videos/control_points_2_car.mp4
372,0,car_racing_ego_car,1.0,288.0,278.0,312.0,320.0,652,centroid,299.5,299.9233093261719,mask PCA skeleton + low contact point,generated_videos/control_points_2_car.mp4
372,0,car_racing_ego_car,1.0,288.0,278.0,312.0,320.0,652,axis_front,290.0,319.0,mask PCA skeleton + low contact point,generated_videos/control_points_2_car.mp4
372,0,car_racing_ego_car,1.0,288.0,278.0,312.0,320.0,652,axis_back,288.0,278.0,mask PCA skeleton + low contact point,generated_videos/control_points_2_car.mp4
372,0,car_racing_ego_car,1.0,288.0,278.0,312.0,320.0,652,axis_left,311.0,278.0,mask PCA skeleton + low contact point,generated_videos/control_points_2_car.mp4
372,0,car_racing_ego_car,1.0,288.0,278.0,312.0,320.0,652,axis_right,288.0,278.0,mask PCA skeleton + low contact point,generated_videos/control_points_2_car.mp4
372,0,car_racing_ego_car,1.0,288.0,278.0,312.0,320.0,652,contact_low,299.0,318.0,mask PCA skeleton + low contact point,generated_videos/control_points_2_car.mp4
373,0,car_racing_ego_car,1.0,288.0,278.0,312.0,320.0,659,centroid,299.591796875,299.7663269042969,mask PCA skeleton + low contact point,generated_videos/control_points_2_car.mp4
373,0,car_racing_ego_car,1.0,288.0,278.0,312.0,320.0,659,axis_front,290.0,319.0,mask PCA skeleton + low contact point,generated_videos/control_points_2_car.mp4
373,0,car_racing_ego_car,1.0,288.0,278.0,312.0,320.0,659,axis_back,311.0,278.0,mask PCA skeleton + low contact point,generated_videos/control_points_2_car.mp4
373,0,car_racing_ego_car,1.0,288.0,278.0,312.0,320.0,659,axis_left,311.0,281.0,mask PCA skeleton + low contact point,generated_videos/control_points_2_car.mp4
373,0,car_racing_ego_car,1.0,288.0,278.0,312.0,320.0,659,axis_right,288.0,278.0,mask PCA skeleton + low contact point,generated_videos/control_points_2_car.mp4
373,0,car_racing_ego_car,1.0,288.0,278.0,312.0,320.0,659,contact_low,299.0,318.0,mask PCA skeleton + low contact point,generated_videos/control_points_2_car.mp4
374,0,car_racing_ego_car,1.0,288.0,278.0,312.0,320.0,665,centroid,299.29925537109375,300.0390930175781,mask PCA skeleton + low contact point,generated_videos/control_points_2_car.mp4
374,0,car_racing_ego_car,1.0,288.0,278.0,312.0,320.0,665,axis_front,290.0,319.0,mask PCA skeleton + low contact point,generated_videos/control_points_2_car.mp4
374,0,car_racing_ego_car,1.0,288.0,278.0,312.0,320.0,665,axis_back,311.0,278.0,mask PCA skeleton + low contact point,generated_videos/control_points_2_car.mp4
374,0,car_racing_ego_car,1.0,288.0,278.0,312.0,320.0,665,axis_left,311.0,281.0,mask PCA skeleton + low contact point,generated_videos/control_points_2_car.mp4
374,0,car_racing_ego_car,1.0,288.0,278.0,312.0,320.0,665,axis_right,288.0,278.0,mask PCA skeleton + low contact point,generated_videos/control_points_2_car.mp4
374,0,car_racing_ego_car,1.0,288.0,278.0,312.0,320.0,665,contact_low,299.0,318.0,mask PCA skeleton + low contact point,generated_videos/control_points_2_car.mp4
375,0,car_racing_ego_car,1.0,288.0,266.0,324.0,320.0,899,centroid,303.2269287109375,293.03448486328125,mask PCA skeleton + low contact point,generated_videos/control_points_2_car.mp4
375,0,car_racing_ego_car,1.0,288.0,266.0,324.0,320.0,899,axis_front,290.0,319.0,mask PCA skeleton + low contact point,generated_videos/control_points_2_car.mp4
375,0,car_racing_ego_car,1.0,288.0,266.0,324.0,320.0,899,axis_back,315.0,266.0,mask PCA skeleton + low contact point,generated_videos/control_points_2_car.mp4
375,0,car_racing_ego_car,1.0,288.0,266.0,324.0,320.0,899,axis_left,323.0,283.0,mask PCA skeleton + low contact point,generated_videos/control_points_2_car.mp4
375,0,car_racing_ego_car,1.0,288.0,266.0,324.0,320.0,899,axis_right,288.0,278.0,mask PCA skeleton + low contact point,generated_videos/control_points_2_car.mp4
375,0,car_racing_ego_car,1.0,288.0,266.0,324.0,320.0,899,contact_low,299.0,317.0,mask PCA skeleton + low contact point,generated_videos/control_points_2_car.mp4
376,0,car_racing_ego_car,1.0,288.0,274.0,324.0,320.0,876,centroid,302.8207702636719,295.85845947265625,mask PCA skeleton + low contact point,generated_videos/control_points_2_car.mp4
376,0,car_racing_ego_car,1.0,288.0,274.0,324.0,320.0,876,axis_front,290.0,319.0,mask PCA skeleton + low contact point,generated_videos/control_points_2_car.mp4
376,0,car_racing_ego_car,1.0,288.0,274.0,324.0,320.0,876,axis_back,315.0,274.0,mask PCA skeleton + low contact point,generated_videos/control_points_2_car.mp4
376,0,car_racing_ego_car,1.0,288.0,274.0,324.0,320.0,876,axis_left,323.0,289.0,mask PCA skeleton + low contact point,generated_videos/control_points_2_car.mp4
376,0,car_racing_ego_car,1.0,288.0,274.0,324.0,320.0,876,axis_right,288.0,278.0,mask PCA skeleton + low contact point,generated_videos/control_points_2_car.mp4
376,0,car_racing_ego_car,1.0,288.0,274.0,324.0,320.0,876,contact_low,299.0,317.0,mask PCA skeleton + low contact point,generated_videos/control_points_2_car.mp4
377,0,car_racing_ego_car,1.0,288.0,278.0,323.0,320.0,873,centroid,302.6483459472656,298.1466064453125,mask PCA skeleton + low contact point,generated_videos/control_points_2_car.mp4
377,0,car_racing_ego_car,1.0,288.0,278.0,323.0,320.0,873,axis_front,290.0,319.0,mask PCA skeleton + low contact point,generated_videos/control_points_2_car.mp4
377,0,car_racing_ego_car,1.0,288.0,278.0,323.0,320.0,873,axis_back,311.0,278.0,mask PCA skeleton + low contact point,generated_videos/control_points_2_car.mp4
377,0,car_racing_ego_car,1.0,288.0,278.0,323.0,320.0,873,axis_left,322.0,297.0,mask PCA skeleton + low contact point,generated_videos/control_points_2_car.mp4
377,0,car_racing_ego_car,1.0,288.0,278.0,323.0,320.0,873,axis_right,288.0,278.0,mask PCA skeleton + low contact point,generated_videos/control_points_2_car.mp4
377,0,car_racing_ego_car,1.0,288.0,278.0,323.0,320.0,873,contact_low,299.0,317.0,mask PCA skeleton + low contact point,generated_videos/control_points_2_car.mp4
378,0,car_racing_ego_car,1.0,288.0,258.0,322.0,320.0,1143,centroid,303.1452331542969,291.9649963378906,mask PCA skeleton + low contact point,generated_videos/control_points_2_car.mp4
378,0,car_racing_ego_car,1.0,288.0,258.0,322.0,320.0,1143,axis_front,290.0,319.0,mask PCA skeleton + low contact point,generated_videos/control_points_2_car.mp4
378,0,car_racing_ego_car,1.0,288.0,258.0,322.0,320.0,1143,axis_back,302.0,258.0,mask PCA skeleton + low contact point,generated_videos/control_points_2_car.mp4
378,0,car_racing_ego_car,1.0,288.0,258.0,322.0,320.0,1143,axis_left,321.0,305.0,mask PCA skeleton + low contact point,generated_videos/control_points_2_car.mp4
378,0,car_racing_ego_car,1.0,288.0,258.0,322.0,320.0,1143,axis_right,288.0,278.0,mask PCA skeleton + low contact point,generated_videos/control_points_2_car.mp4
378,0,car_racing_ego_car,1.0,288.0,258.0,322.0,320.0,1143,contact_low,299.0,317.0,mask PCA skeleton + low contact point,generated_videos/control_points_2_car.mp4
379,0,car_racing_ego_car,1.0,288.0,266.0,322.0,320.0,992,centroid,302.79534912109375,296.1875,mask PCA skeleton + low contact point,generated_videos/control_points_2_car.mp4
379,0,car_racing_ego_car,1.0,288.0,266.0,322.0,320.0,992,axis_front,309.0,319.0,mask PCA skeleton + low contact point,generated_videos/control_points_2_car.mp4
379,0,car_racing_ego_car,1.0,288.0,266.0,322.0,320.0,992,axis_back,298.0,266.0,mask PCA skeleton + low contact point,generated_videos/control_points_2_car.mp4
379,0,car_racing_ego_car,1.0,288.0,266.0,322.0,320.0,992,axis_left,321.0,308.0,mask PCA skeleton + low contact point,generated_videos/control_points_2_car.mp4
379,0,car_racing_ego_car,1.0,288.0,266.0,322.0,320.0,992,axis_right,288.0,281.0,mask PCA skeleton + low contact point,generated_videos/control_points_2_car.mp4
379,0,car_racing_ego_car,1.0,288.0,266.0,322.0,320.0,992,contact_low,299.0,317.0,mask PCA skeleton + low contact point,generated_videos/control_points_2_car.mp4
380,0,car_racing_ego_car,1.0,288.0,274.0,322.0,326.0,926,centroid,302.4989318847656,301.1036682128906,mask PCA skeleton + low contact point,generated_videos/control_points_2_car.mp4
380,0,car_racing_ego_car,1.0,288.0,274.0,322.0,326.0,926,axis_front,313.0,325.0,mask PCA skeleton + low contact point,generated_videos/control_points_2_car.mp4
380,0,car_racing_ego_car,1.0,288.0,274.0,322.0,326.0,926,axis_back,298.0,274.0,mask PCA skeleton + low contact point,generated_videos/control_points_2_car.mp4
380,0,car_racing_ego_car,1.0,288.0,274.0,322.0,326.0,926,axis_left,321.0,316.0,mask PCA skeleton + low contact point,generated_videos/control_points_2_car.mp4
380,0,car_racing_ego_car,1.0,288.0,274.0,322.0,326.0,926,axis_right,290.0,319.0,mask PCA skeleton + low contact point,generated_videos/control_points_2_car.mp4
380,0,car_racing_ego_car,1.0,288.0,274.0,322.0,326.0,926,contact_low,312.0,320.0,mask PCA skeleton + low contact point,generated_videos/control_points_2_car.mp4
381,0,car_racing_ego_car,1.0,288.0,278.0,324.0,334.0,933,centroid,303.15863037109375,304.61199951171875,mask PCA skeleton + low contact point,generated_videos/control_points_2_car.mp4
381,0,car_racing_ego_car,1.0,288.0,278.0,324.0,334.0,933,axis_front,313.0,333.0,mask PCA skeleton + low contact point,generated_videos/control_points_2_car.mp4
381,0,car_racing_ego_car,1.0,288.0,278.0,324.0,334.0,933,axis_back,288.0,278.0,mask PCA skeleton + low contact point,generated_videos/control_points_2_car.mp4
381,0,car_racing_ego_car,1.0,288.0,278.0,324.0,334.0,933,axis_left,311.0,278.0,mask PCA skeleton + low contact point,generated_videos/control_points_2_car.mp4
381,0,car_racing_ego_car,1.0,288.0,278.0,324.0,334.0,933,axis_right,290.0,319.0,mask PCA skeleton + low contact point,generated_videos/control_points_2_car.mp4
381,0,car_racing_ego_car,1.0,288.0,278.0,324.0,334.0,933,contact_low,314.0,327.0,mask PCA skeleton + low contact point,generated_videos/control_points_2_car.mp4
382,0,car_racing_ego_car,1.0,288.0,278.0,324.0,336.0,970,centroid,303.0226745605469,306.8989562988281,mask PCA skeleton + low contact point,generated_videos/control_points_2_car.mp4
382,0,car_racing_ego_car,1.0,288.0,278.0,324.0,336.0,970,axis_front,323.0,335.0,mask PCA skeleton + low contact point,generated_videos/control_points_2_car.mp4
382,0,car_racing_ego_car,1.0,288.0,278.0,324.0,336.0,970,axis_back,288.0,278.0,mask PCA skeleton + low contact point,generated_videos/control_points_2_car.mp4
382,0,car_racing_ego_car,1.0,288.0,278.0,324.0,336.0,970,axis_left,311.0,278.0,mask PCA skeleton + low contact point,generated_videos/control_points_2_car.mp4
382,0,car_racing_ego_car,1.0,288.0,278.0,324.0,336.0,970,axis_right,290.0,319.0,mask PCA skeleton + low contact point,generated_videos/control_points_2_car.mp4
382,0,car_racing_ego_car,1.0,288.0,278.0,324.0,336.0,970,contact_low,315.0,333.0,mask PCA skeleton + low contact point,generated_videos/control_points_2_car.mp4
383,0,car_racing_ego_car,1.0,288.0,252.0,316.0,320.0,1021,centroid,302.0480041503906,287.4221496582031,mask PCA skeleton + low contact point,generated_videos/control_points_2_car.mp4
383,0,car_racing_ego_car,1.0,288.0,252.0,316.0,320.0,1021,axis_front,290.0,319.0,mask PCA skeleton + low contact point,generated_videos/control_points_2_car.mp4
383,0,car_racing_ego_car,1.0,288.0,252.0,316.0,320.0,1021,axis_back,309.0,252.0,mask PCA skeleton + low contact point,generated_videos/control_points_2_car.mp4
383,0,car_racing_ego_car,1.0,288.0,252.0,316.0,320.0,1021,axis_left,309.0,319.0,mask PCA skeleton + low contact point,generated_videos/control_points_2_car.mp4
383,0,car_racing_ego_car,1.0,288.0,252.0,316.0,320.0,1021,axis_right,288.0,278.0,mask PCA skeleton + low contact point,generated_videos/control_points_2_car.mp4
383,0,car_racing_ego_car,1.0,288.0,252.0,316.0,320.0,1021,contact_low,299.0,317.0,mask PCA skeleton + low contact point,generated_videos/control_points_2_car.mp4
384,0,car_racing_ego_car,1.0,288.0,258.0,316.0,324.0,959,centroid,301.6611022949219,292.6558837890625,mask PCA skeleton + low contact point,generated_videos/control_points_2_car.mp4
384,0,car_racing_ego_car,1.0,288.0,258.0,316.0,324.0,959,axis_front,296.0,323.0,mask PCA skeleton + low contact point,generated_videos/control_points_2_car.mp4
384,0,car_racing_ego_car,1.0,288.0,258.0,316.0,324.0,959,axis_back,303.0,258.0,mask PCA skeleton + low contact point,generated_videos/control_points_2_car.mp4
384,0,car_racing_ego_car,1.0,288.0,258.0,316.0,324.0,959,axis_left,309.0,322.0,mask PCA skeleton + low contact point,generated_videos/control_points_2_car.mp4
384,0,car_racing_ego_car,1.0,288.0,258.0,316.0,324.0,959,axis_right,288.0,278.0,mask PCA skeleton + low contact point,generated_videos/control_points_2_car.mp4
384,0,car_racing_ego_car,1.0,288.0,258.0,316.0,324.0,959,contact_low,302.0,320.0,mask PCA skeleton + low contact point,generated_videos/control_points_2_car.mp4
385,0,car_racing_ego_car,1.0,288.0,268.0,316.0,332.0,997,centroid,301.2698059082031,299.59478759765625,mask PCA skeleton + low contact point,generated_videos/control_points_2_car.mp4
385,0,car_racing_ego_car,1.0,288.0,268.0,316.0,332.0,997,axis_front,296.0,331.0,mask PCA skeleton + low contact point,generated_videos/control_points_2_car.mp4
385,0,car_racing_ego_car,1.0,288.0,268.0,316.0,332.0,997,axis_back,311.0,268.0,mask PCA skeleton + low contact point,generated_videos/control_points_2_car.mp4
385,0,car_racing_ego_car,1.0,288.0,268.0,316.0,332.0,997,axis_left,315.0,271.0,mask PCA skeleton + low contact point,generated_videos/control_points_2_car.mp4
385,0,car_racing_ego_car,1.0,288.0,268.0,316.0,332.0,997,axis_right,288.0,278.0,mask PCA skeleton + low contact point,generated_videos/control_points_2_car.mp4
385,0,car_racing_ego_car,1.0,288.0,268.0,316.0,332.0,997,contact_low,302.0,328.0,mask PCA skeleton + low contact point,generated_videos/control_points_2_car.mp4
386,0,car_racing_ego_car,1.0,288.0,275.0,314.0,336.0,1036,centroid,301.2171936035156,304.90057373046875,mask PCA skeleton + low contact point,generated_videos/control_points_2_car.mp4
386,0,car_racing_ego_car,1.0,288.0,275.0,314.0,336.0,1036,axis_front,311.0,335.0,mask PCA skeleton + low contact point,generated_videos/control_points_2_car.mp4
386,0,car_racing_ego_car,1.0,288.0,275.0,314.0,336.0,1036,axis_back,300.0,275.0,mask PCA skeleton + low contact point,generated_videos/control_points_2_car.mp4
386,0,car_racing_ego_car,1.0,288.0,275.0,314.0,336.0,1036,axis_left,313.0,276.0,mask PCA skeleton + low contact point,generated_videos/control_points_2_car.mp4
386,0,car_racing_ego_car,1.0,288.0,275.0,314.0,336.0,1036,axis_right,288.0,281.0,mask PCA skeleton + low contact point,generated_videos/control_points_2_car.mp4
386,0,car_racing_ego_car,1.0,288.0,275.0,314.0,336.0,1036,contact_low,303.0,332.0,mask PCA skeleton + low contact point,generated_videos/control_points_2_car.mp4
387,0,car_racing_ego_car,1.0,288.0,278.0,312.0,320.0,751,centroid,300.2343444824219,299.1611328125,mask PCA skeleton + low contact point,generated_videos/control_points_2_car.mp4
387,0,car_racing_ego_car,1.0,288.0,278.0,312.0,320.0,751,axis_front,290.0,319.0,mask PCA skeleton + low contact point,generated_videos/control_points_2_car.mp4
387,0,car_racing_ego_car,1.0,288.0,278.0,312.0,320.0,751,axis_back,311.0,278.0,mask PCA skeleton + low contact point,generated_videos/control_points_2_car.mp4
387,0,car_racing_ego_car,1.0,288.0,278.0,312.0,320.0,751,axis_left,311.0,299.0,mask PCA skeleton + low contact point,generated_videos/control_points_2_car.mp4
387,0,car_racing_ego_car,1.0,288.0,278.0,312.0,320.0,751,axis_right,288.0,278.0,mask PCA skeleton + low contact point,generated_videos/control_points_2_car.mp4
387,0,car_racing_ego_car,1.0,288.0,278.0,312.0,320.0,751,contact_low,299.0,318.0,mask PCA skeleton + low contact point,generated_videos/control_points_2_car.mp4
388,0,car_racing_ego_car,1.0,288.0,278.0,312.0,320.0,751,centroid,300.2343444824219,299.1611328125,mask PCA skeleton + low contact point,generated_videos/control_points_2_car.mp4
388,0,car_racing_ego_car,1.0,288.0,278.0,312.0,320.0,751,axis_front,290.0,319.0,mask PCA skeleton + low contact point,generated_videos/control_points_2_car.mp4
388,0,car_racing_ego_car,1.0,288.0,278.0,312.0,320.0,751,axis_back,311.0,278.0,mask PCA skeleton + low contact point,generated_videos/control_points_2_car.mp4
388,0,car_racing_ego_car,1.0,288.0,278.0,312.0,320.0,751,axis_left,311.0,299.0,mask PCA skeleton + low contact point,generated_videos/control_points_2_car.mp4
388,0,car_racing_ego_car,1.0,288.0,278.0,312.0,320.0,751,axis_right,288.0,278.0,mask PCA skeleton + low contact point,generated_videos/control_points_2_car.mp4
388,0,car_racing_ego_car,1.0,288.0,278.0,312.0,320.0,751,contact_low,299.0,318.0,mask PCA skeleton + low contact point,generated_videos/control_points_2_car.mp4
389,0,car_racing_ego_car,1.0,288.0,278.0,312.0,320.0,706,centroid,300.15155029296875,299.6005554199219,mask PCA skeleton + low contact point,generated_videos/control_points_2_car.mp4
389,0,car_racing_ego_car,1.0,288.0,278.0,312.0,320.0,706,axis_front,290.0,319.0,mask PCA skeleton + low contact point,generated_videos/control_points_2_car.mp4
389,0,car_racing_ego_car,1.0,288.0,278.0,312.0,320.0,706,axis_back,311.0,278.0,mask PCA skeleton + low contact point,generated_videos/control_points_2_car.mp4
389,0,car_racing_ego_car,1.0,288.0,278.0,312.0,320.0,706,axis_left,311.0,299.0,mask PCA skeleton + low contact point,generated_videos/control_points_2_car.mp4
389,0,car_racing_ego_car,1.0,288.0,278.0,312.0,320.0,706,axis_right,288.0,278.0,mask PCA skeleton + low contact point,generated_videos/control_points_2_car.mp4
389,0,car_racing_ego_car,1.0,288.0,278.0,312.0,320.0,706,contact_low,299.0,318.0,mask PCA skeleton + low contact point,generated_videos/control_points_2_car.mp4
390,0,car_racing_ego_car,1.0,288.0,278.0,312.0,324.0,692,centroid,299.5202331542969,301.3901672363281,mask PCA skeleton + low contact point,generated_videos/control_points_2_car.mp4
390,0,car_racing_ego_car,1.0,288.0,278.0,312.0,324.0,692,axis_front,296.0,323.0,mask PCA skeleton + low contact point,generated_videos/control_points_2_car.mp4
390,0,car_racing_ego_car,1.0,288.0,278.0,312.0,324.0,692,axis_back,288.0,278.0,mask PCA skeleton + low contact point,generated_videos/control_points_2_car.mp4
390,0,car_racing_ego_car,1.0,288.0,278.0,312.0,324.0,692,axis_left,311.0,278.0,mask PCA skeleton + low contact point,generated_videos/control_points_2_car.mp4
390,0,car_racing_ego_car,1.0,288.0,278.0,312.0,324.0,692,axis_right,288.0,281.0,mask PCA skeleton + low contact point,generated_videos/control_points_2_car.mp4
390,0,car_racing_ego_car,1.0,288.0,278.0,312.0,324.0,692,contact_low,301.0,320.0,mask PCA skeleton + low contact point,generated_videos/control_points_2_car.mp4
391,0,car_racing_ego_car,1.0,288.0,278.0,312.0,332.0,815,centroid,300.22821044921875,304.6625671386719,mask PCA skeleton + low contact point,generated_videos/control_points_2_car.mp4
391,0,car_racing_ego_car,1.0,288.0,278.0,312.0,332.0,815,axis_front,296.0,331.0,mask PCA skeleton + low contact point,generated_videos/control_points_2_car.mp4
391,0,car_racing_ego_car,1.0,288.0,278.0,312.0,332.0,815,axis_back,288.0,278.0,mask PCA skeleton + low contact point,generated_videos/control_points_2_car.mp4
391,0,car_racing_ego_car,1.0,288.0,278.0,312.0,332.0,815,axis_left,311.0,278.0,mask PCA skeleton + low contact point,generated_videos/control_points_2_car.mp4
391,0,car_racing_ego_car,1.0,288.0,278.0,312.0,332.0,815,axis_right,290.0,319.0,mask PCA skeleton + low contact point,generated_videos/control_points_2_car.mp4
391,0,car_racing_ego_car,1.0,288.0,278.0,312.0,332.0,815,contact_low,303.0,327.0,mask PCA skeleton + low contact point,generated_videos/control_points_2_car.mp4
392,0,car_racing_ego_car,1.0,288.0,278.0,312.0,336.0,880,centroid,300.6102294921875,307.3647766113281,mask PCA skeleton + low contact point,generated_videos/control_points_2_car.mp4
392,0,car_racing_ego_car,1.0,288.0,278.0,312.0,336.0,880,axis_front,311.0,335.0,mask PCA skeleton + low contact point,generated_videos/control_points_2_car.mp4
392,0,car_racing_ego_car,1.0,288.0,278.0,312.0,336.0,880,axis_back,288.0,278.0,mask PCA skeleton + low contact point,generated_videos/control_points_2_car.mp4
392,0,car_racing_ego_car,1.0,288.0,278.0,312.0,336.0,880,axis_left,311.0,278.0,mask PCA skeleton + low contact point,generated_videos/control_points_2_car.mp4
392,0,car_racing_ego_car,1.0,288.0,278.0,312.0,336.0,880,axis_right,290.0,319.0,mask PCA skeleton + low contact point,generated_videos/control_points_2_car.mp4
392,0,car_racing_ego_car,1.0,288.0,278.0,312.0,336.0,880,contact_low,304.0,332.0,mask PCA skeleton + low contact point,generated_videos/control_points_2_car.mp4
393,0,car_racing_ego_car,1.0,288.0,278.0,312.0,336.0,886,centroid,300.5462646484375,307.51129150390625,mask PCA skeleton + low contact point,generated_videos/control_points_2_car.mp4
393,0,car_racing_ego_car,1.0,288.0,278.0,312.0,336.0,886,axis_front,311.0,335.0,mask PCA skeleton + low contact point,generated_videos/control_points_2_car.mp4
393,0,car_racing_ego_car,1.0,288.0,278.0,312.0,336.0,886,axis_back,288.0,278.0,mask PCA skeleton + low contact point,generated_videos/control_points_2_car.mp4
393,0,car_racing_ego_car,1.0,288.0,278.0,312.0,336.0,886,axis_left,311.0,278.0,mask PCA skeleton + low contact point,generated_videos/control_points_2_car.mp4
393,0,car_racing_ego_car,1.0,288.0,278.0,312.0,336.0,886,axis_right,290.0,319.0,mask PCA skeleton + low contact point,generated_videos/control_points_2_car.mp4
393,0,car_racing_ego_car,1.0,288.0,278.0,312.0,336.0,886,contact_low,304.0,332.0,mask PCA skeleton + low contact point,generated_videos/control_points_2_car.mp4
394,0,car_racing_ego_car,1.0,288.0,278.0,312.0,320.0,648,centroid,299.4259338378906,300.0308532714844,mask PCA skeleton + low contact point,generated_videos/control_points_2_car.mp4
394,0,car_racing_ego_car,1.0,288.0,278.0,312.0,320.0,648,axis_front,309.0,319.0,mask PCA skeleton + low contact point,generated_videos/control_points_2_car.mp4
394,0,car_racing_ego_car,1.0,288.0,278.0,312.0,320.0,648,axis_back,288.0,278.0,mask PCA skeleton + low contact point,generated_videos/control_points_2_car.mp4
394,0,car_racing_ego_car,1.0,288.0,278.0,312.0,320.0,648,axis_left,311.0,278.0,mask PCA skeleton + low contact point,generated_videos/control_points_2_car.mp4
394,0,car_racing_ego_car,1.0,288.0,278.0,312.0,320.0,648,axis_right,288.0,281.0,mask PCA skeleton + low contact point,generated_videos/control_points_2_car.mp4
394,0,car_racing_ego_car,1.0,288.0,278.0,312.0,320.0,648,contact_low,299.0,318.0,mask PCA skeleton + low contact point,generated_videos/control_points_2_car.mp4
395,0,car_racing_ego_car,1.0,288.0,278.0,312.0,320.0,650,centroid,299.3999938964844,299.9584655761719,mask PCA skeleton + low contact point,generated_videos/control_points_2_car.mp4
395,0,car_racing_ego_car,1.0,288.0,278.0,312.0,320.0,650,axis_front,309.0,319.0,mask PCA skeleton + low contact point,generated_videos/control_points_2_car.mp4
395,0,car_racing_ego_car,1.0,288.0,278.0,312.0,320.0,650,axis_back,288.0,278.0,mask PCA skeleton + low contact point,generated_videos/control_points_2_car.mp4
395,0,car_racing_ego_car,1.0,288.0,278.0,312.0,320.0,650,axis_left,311.0,278.0,mask PCA skeleton + low contact point,generated_videos/control_points_2_car.mp4
395,0,car_racing_ego_car,1.0,288.0,278.0,312.0,320.0,650,axis_right,288.0,281.0,mask PCA skeleton + low contact point,generated_videos/control_points_2_car.mp4
395,0,car_racing_ego_car,1.0,288.0,278.0,312.0,320.0,650,contact_low,299.0,318.0,mask PCA skeleton + low contact point,generated_videos/control_points_2_car.mp4
396,0,car_racing_ego_car,1.0,288.0,278.0,312.0,320.0,644,centroid,299.4767150878906,300.04193115234375,mask PCA skeleton + low contact point,generated_videos/control_points_2_car.mp4
396,0,car_racing_ego_car,1.0,288.0,278.0,312.0,320.0,644,axis_front,309.0,319.0,mask PCA skeleton + low contact point,generated_videos/control_points_2_car.mp4
396,0,car_racing_ego_car,1.0,288.0,278.0,312.0,320.0,644,axis_back,288.0,278.0,mask PCA skeleton + low contact point,generated_videos/control_points_2_car.mp4
396,0,car_racing_ego_car,1.0,288.0,278.0,312.0,320.0,644,axis_left,311.0,278.0,mask PCA skeleton + low contact point,generated_videos/control_points_2_car.mp4
396,0,car_racing_ego_car,1.0,288.0,278.0,312.0,320.0,644,axis_right,288.0,281.0,mask PCA skeleton + low contact point,generated_videos/control_points_2_car.mp4
396,0,car_racing_ego_car,1.0,288.0,278.0,312.0,320.0,644,contact_low,299.0,318.0,mask PCA skeleton + low contact point,generated_videos/control_points_2_car.mp4
397,0,car_racing_ego_car,1.0,288.0,278.0,312.0,320.0,646,centroid,299.44891357421875,300.08514404296875,mask PCA skeleton + low contact point,generated_videos/control_points_2_car.mp4
397,0,car_racing_ego_car,1.0,288.0,278.0,312.0,320.0,646,axis_front,309.0,319.0,mask PCA skeleton + low contact point,generated_videos/control_points_2_car.mp4
397,0,car_racing_ego_car,1.0,288.0,278.0,312.0,320.0,646,axis_back,288.0,278.0,mask PCA skeleton + low contact point,generated_videos/control_points_2_car.mp4
397,0,car_racing_ego_car,1.0,288.0,278.0,312.0,320.0,646,axis_left,311.0,278.0,mask PCA skeleton + low contact point,generated_videos/control_points_2_car.mp4
397,0,car_racing_ego_car,1.0,288.0,278.0,312.0,320.0,646,axis_right,288.0,281.0,mask PCA skeleton + low contact point,generated_videos/control_points_2_car.mp4
397,0,car_racing_ego_car,1.0,288.0,278.0,312.0,320.0,646,contact_low,299.0,318.0,mask PCA skeleton + low contact point,generated_videos/control_points_2_car.mp4
398,0,car_racing_ego_car,1.0,288.0,278.0,312.0,320.0,658,centroid,299.2781066894531,299.8267517089844,mask PCA skeleton + low contact point,generated_videos/control_points_2_car.mp4
398,0,car_racing_ego_car,1.0,288.0,278.0,312.0,320.0,658,axis_front,309.0,319.0,mask PCA skeleton + low contact point,generated_videos/control_points_2_car.mp4
398,0,car_racing_ego_car,1.0,288.0,278.0,312.0,320.0,658,axis_back,288.0,278.0,mask PCA skeleton + low contact point,generated_videos/control_points_2_car.mp4
398,0,car_racing_ego_car,1.0,288.0,278.0,312.0,320.0,658,axis_left,311.0,278.0,mask PCA skeleton + low contact point,generated_videos/control_points_2_car.mp4
398,0,car_racing_ego_car,1.0,288.0,278.0,312.0,320.0,658,axis_right,288.0,283.0,mask PCA skeleton + low contact point,generated_videos/control_points_2_car.mp4
398,0,car_racing_ego_car,1.0,288.0,278.0,312.0,320.0,658,contact_low,299.0,318.0,mask PCA skeleton + low contact point,generated_videos/control_points_2_car.mp4
399,0,car_racing_ego_car,1.0,288.0,278.0,312.0,320.0,645,centroid,299.4620056152344,300.01239013671875,mask PCA skeleton + low contact point,generated_videos/control_points_2_car.mp4
399,0,car_racing_ego_car,1.0,288.0,278.0,312.0,320.0,645,axis_front,309.0,319.0,mask PCA skeleton + low contact point,generated_videos/control_points_2_car.mp4
399,0,car_racing_ego_car,1.0,288.0,278.0,312.0,320.0,645,axis_back,288.0,278.0,mask PCA skeleton + low contact point,generated_videos/control_points_2_car.mp4
399,0,car_racing_ego_car,1.0,288.0,278.0,312.0,320.0,645,axis_left,311.0,278.0,mask PCA skeleton + low contact point,generated_videos/control_points_2_car.mp4
399,0,car_racing_ego_car,1.0,288.0,278.0,312.0,320.0,645,axis_right,288.0,281.0,mask PCA skeleton + low contact point,generated_videos/control_points_2_car.mp4
399,0,car_racing_ego_car,1.0,288.0,278.0,312.0,320.0,645,contact_low,299.0,318.0,mask PCA skeleton + low contact point,generated_videos/control_points_2_car.mp4
400,0,car_racing_ego_car,1.0,288.0,278.0,312.0,320.0,643,centroid,299.4618835449219,300.02020263671875,mask PCA skeleton + low contact point,generated_videos/control_points_2_car.mp4
400,0,car_racing_ego_car,1.0,288.0,278.0,312.0,320.0,643,axis_front,309.0,319.0,mask PCA skeleton + low contact point,generated_videos/control_points_2_car.mp4
400,0,car_racing_ego_car,1.0,288.0,278.0,312.0,320.0,643,axis_back,288.0,278.0,mask PCA skeleton + low contact point,generated_videos/control_points_2_car.mp4
400,0,car_racing_ego_car,1.0,288.0,278.0,312.0,320.0,643,axis_left,311.0,278.0,mask PCA skeleton + low contact point,generated_videos/control_points_2_car.mp4
400,0,car_racing_ego_car,1.0,288.0,278.0,312.0,320.0,643,axis_right,288.0,281.0,mask PCA skeleton + low contact point,generated_videos/control_points_2_car.mp4
400,0,car_racing_ego_car,1.0,288.0,278.0,312.0,320.0,643,contact_low,299.0,318.0,mask PCA skeleton + low contact point,generated_videos/control_points_2_car.mp4
401,0,car_racing_ego_car,1.0,288.0,278.0,312.0,320.0,643,centroid,299.4618835449219,300.02020263671875,mask PCA skeleton + low contact point,generated_videos/control_points_2_car.mp4
401,0,car_racing_ego_car,1.0,288.0,278.0,312.0,320.0,643,axis_front,309.0,319.0,mask PCA skeleton + low contact point,generated_videos/control_points_2_car.mp4
401,0,car_racing_ego_car,1.0,288.0,278.0,312.0,320.0,643,axis_back,288.0,278.0,mask PCA skeleton + low contact point,generated_videos/control_points_2_car.mp4
401,0,car_racing_ego_car,1.0,288.0,278.0,312.0,320.0,643,axis_left,311.0,278.0,mask PCA skeleton + low contact point,generated_videos/control_points_2_car.mp4
401,0,car_racing_ego_car,1.0,288.0,278.0,312.0,320.0,643,axis_right,288.0,281.0,mask PCA skeleton + low contact point,generated_videos/control_points_2_car.mp4
401,0,car_racing_ego_car,1.0,288.0,278.0,312.0,320.0,643,contact_low,299.0,318.0,mask PCA skeleton + low contact point,generated_videos/control_points_2_car.mp4
402,0,car_racing_ego_car,1.0,288.0,278.0,312.0,320.0,644,centroid,299.4767150878906,300.04193115234375,mask PCA skeleton + low contact point,generated_videos/control_points_2_car.mp4
402,0,car_racing_ego_car,1.0,288.0,278.0,312.0,320.0,644,axis_front,309.0,319.0,mask PCA skeleton + low contact point,generated_videos/control_points_2_car.mp4
402,0,car_racing_ego_car,1.0,288.0,278.0,312.0,320.0,644,axis_back,288.0,278.0,mask PCA skeleton + low contact point,generated_videos/control_points_2_car.mp4
402,0,car_racing_ego_car,1.0,288.0,278.0,312.0,320.0,644,axis_left,311.0,278.0,mask PCA skeleton + low contact point,generated_videos/control_points_2_car.mp4
402,0,car_racing_ego_car,1.0,288.0,278.0,312.0,320.0,644,axis_right,288.0,281.0,mask PCA skeleton + low contact point,generated_videos/control_points_2_car.mp4
402,0,car_racing_ego_car,1.0,288.0,278.0,312.0,320.0,644,contact_low,299.0,318.0,mask PCA skeleton + low contact point,generated_videos/control_points_2_car.mp4
403,0,car_racing_ego_car,1.0,288.0,278.0,312.0,320.0,644,centroid,299.4767150878906,300.04193115234375,mask PCA skeleton + low contact point,generated_videos/control_points_2_car.mp4
403,0,car_racing_ego_car,1.0,288.0,278.0,312.0,320.0,644,axis_front,309.0,319.0,mask PCA skeleton + low contact point,generated_videos/control_points_2_car.mp4
403,0,car_racing_ego_car,1.0,288.0,278.0,312.0,320.0,644,axis_back,288.0,278.0,mask PCA skeleton + low contact point,generated_videos/control_points_2_car.mp4
403,0,car_racing_ego_car,1.0,288.0,278.0,312.0,320.0,644,axis_left,311.0,278.0,mask PCA skeleton + low contact point,generated_videos/control_points_2_car.mp4
403,0,car_racing_ego_car,1.0,288.0,278.0,312.0,320.0,644,axis_right,288.0,281.0,mask PCA skeleton + low contact point,generated_videos/control_points_2_car.mp4
403,0,car_racing_ego_car,1.0,288.0,278.0,312.0,320.0,644,contact_low,299.0,318.0,mask PCA skeleton + low contact point,generated_videos/control_points_2_car.mp4
404,0,car_racing_ego_car,1.0,288.0,278.0,312.0,320.0,656,centroid,299.30487060546875,299.79876708984375,mask PCA skeleton + low contact point,generated_videos/control_points_2_car.mp4
404,0,car_racing_ego_car,1.0,288.0,278.0,312.0,320.0,656,axis_front,309.0,319.0,mask PCA skeleton + low contact point,generated_videos/control_points_2_car.mp4
404,0,car_racing_ego_car,1.0,288.0,278.0,312.0,320.0,656,axis_back,288.0,278.0,mask PCA skeleton + low contact point,generated_videos/control_points_2_car.mp4
404,0,car_racing_ego_car,1.0,288.0,278.0,312.0,320.0,656,axis_left,311.0,278.0,mask PCA skeleton + low contact point,generated_videos/control_points_2_car.mp4
404,0,car_racing_ego_car,1.0,288.0,278.0,312.0,320.0,656,axis_right,288.0,283.0,mask PCA skeleton + low contact point,generated_videos/control_points_2_car.mp4
404,0,car_racing_ego_car,1.0,288.0,278.0,312.0,320.0,656,contact_low,299.0,318.0,mask PCA skeleton + low contact point,generated_videos/control_points_2_car.mp4
405,0,car_racing_ego_car,1.0,288.0,278.0,312.0,320.0,656,centroid,299.30487060546875,299.79876708984375,mask PCA skeleton + low contact point,generated_videos/control_points_2_car.mp4
405,0,car_racing_ego_car,1.0,288.0,278.0,312.0,320.0,656,axis_front,309.0,319.0,mask PCA skeleton + low contact point,generated_videos/control_points_2_car.mp4
405,0,car_racing_ego_car,1.0,288.0,278.0,312.0,320.0,656,axis_back,288.0,278.0,mask PCA skeleton + low contact point,generated_videos/control_points_2_car.mp4
405,0,car_racing_ego_car,1.0,288.0,278.0,312.0,320.0,656,axis_left,311.0,278.0,mask PCA skeleton + low contact point,generated_videos/control_points_2_car.mp4
405,0,car_racing_ego_car,1.0,288.0,278.0,312.0,320.0,656,axis_right,288.0,283.0,mask PCA skeleton + low contact point,generated_videos/control_points_2_car.mp4
405,0,car_racing_ego_car,1.0,288.0,278.0,312.0,320.0,656,contact_low,299.0,318.0,mask PCA skeleton + low contact point,generated_videos/control_points_2_car.mp4
406,0,car_racing_ego_car,1.0,288.0,278.0,312.0,320.0,646,centroid,299.44891357421875,300.08514404296875,mask PCA skeleton + low contact point,generated_videos/control_points_2_car.mp4
406,0,car_racing_ego_car,1.0,288.0,278.0,312.0,320.0,646,axis_front,309.0,319.0,mask PCA skeleton + low contact point,generated_videos/control_points_2_car.mp4
406,0,car_racing_ego_car,1.0,288.0,278.0,312.0,320.0,646,axis_back,288.0,278.0,mask PCA skeleton + low contact point,generated_videos/control_points_2_car.mp4
406,0,car_racing_ego_car,1.0,288.0,278.0,312.0,320.0,646,axis_left,311.0,278.0,mask PCA skeleton + low contact point,generated_videos/control_points_2_car.mp4
406,0,car_racing_ego_car,1.0,288.0,278.0,312.0,320.0,646,axis_right,288.0,281.0,mask PCA skeleton + low contact point,generated_videos/control_points_2_car.mp4
406,0,car_racing_ego_car,1.0,288.0,278.0,312.0,320.0,646,contact_low,299.0,318.0,mask PCA skeleton + low contact point,generated_videos/control_points_2_car.mp4
407,0,car_racing_ego_car,1.0,288.0,278.0,312.0,320.0,646,centroid,299.44891357421875,300.08514404296875,mask PCA skeleton + low contact point,generated_videos/control_points_2_car.mp4
407,0,car_racing_ego_car,1.0,288.0,278.0,312.0,320.0,646,axis_front,309.0,319.0,mask PCA skeleton + low contact point,generated_videos/control_points_2_car.mp4
407,0,car_racing_ego_car,1.0,288.0,278.0,312.0,320.0,646,axis_back,288.0,278.0,mask PCA skeleton + low contact point,generated_videos/control_points_2_car.mp4
407,0,car_racing_ego_car,1.0,288.0,278.0,312.0,320.0,646,axis_left,311.0,278.0,mask PCA skeleton + low contact point,generated_videos/control_points_2_car.mp4
407,0,car_racing_ego_car,1.0,288.0,278.0,312.0,320.0,646,axis_right,288.0,281.0,mask PCA skeleton + low contact point,generated_videos/control_points_2_car.mp4
407,0,car_racing_ego_car,1.0,288.0,278.0,312.0,320.0,646,contact_low,299.0,318.0,mask PCA skeleton + low contact point,generated_videos/control_points_2_car.mp4
408,0,car_racing_ego_car,1.0,288.0,278.0,312.0,320.0,644,centroid,299.4767150878906,300.04193115234375,mask PCA skeleton + low contact point,generated_videos/control_points_2_car.mp4
408,0,car_racing_ego_car,1.0,288.0,278.0,312.0,320.0,644,axis_front,309.0,319.0,mask PCA skeleton + low contact point,generated_videos/control_points_2_car.mp4
408,0,car_racing_ego_car,1.0,288.0,278.0,312.0,320.0,644,axis_back,288.0,278.0,mask PCA skeleton + low contact point,generated_videos/control_points_2_car.mp4
408,0,car_racing_ego_car,1.0,288.0,278.0,312.0,320.0,644,axis_left,311.0,278.0,mask PCA skeleton + low contact point,generated_videos/control_points_2_car.mp4
408,0,car_racing_ego_car,1.0,288.0,278.0,312.0,320.0,644,axis_right,288.0,281.0,mask PCA skeleton + low contact point,generated_videos/control_points_2_car.mp4
408,0,car_racing_ego_car,1.0,288.0,278.0,312.0,320.0,644,contact_low,299.0,318.0,mask PCA skeleton + low contact point,generated_videos/control_points_2_car.mp4
409,0,car_racing_ego_car,1.0,288.0,278.0,312.0,320.0,644,centroid,299.4767150878906,300.04193115234375,mask PCA skeleton + low contact point,generated_videos/control_points_2_car.mp4
409,0,car_racing_ego_car,1.0,288.0,278.0,312.0,320.0,644,axis_front,309.0,319.0,mask PCA skeleton + low contact point,generated_videos/control_points_2_car.mp4
409,0,car_racing_ego_car,1.0,288.0,278.0,312.0,320.0,644,axis_back,288.0,278.0,mask PCA skeleton + low contact point,generated_videos/control_points_2_car.mp4
409,0,car_racing_ego_car,1.0,288.0,278.0,312.0,320.0,644,axis_left,311.0,278.0,mask PCA skeleton + low contact point,generated_videos/control_points_2_car.mp4
409,0,car_racing_ego_car,1.0,288.0,278.0,312.0,320.0,644,axis_right,288.0,281.0,mask PCA skeleton + low contact point,generated_videos/control_points_2_car.mp4
409,0,car_racing_ego_car,1.0,288.0,278.0,312.0,320.0,644,contact_low,299.0,318.0,mask PCA skeleton + low contact point,generated_videos/control_points_2_car.mp4
410,0,car_racing_ego_car,1.0,288.0,278.0,312.0,320.0,648,centroid,299.4212951660156,300.0941467285156,mask PCA skeleton + low contact point,generated_videos/control_points_2_car.mp4
410,0,car_racing_ego_car,1.0,288.0,278.0,312.0,320.0,648,axis_front,309.0,319.0,mask PCA skeleton + low contact point,generated_videos/control_points_2_car.mp4
410,0,car_racing_ego_car,1.0,288.0,278.0,312.0,320.0,648,axis_back,288.0,278.0,mask PCA skeleton + low contact point,generated_videos/control_points_2_car.mp4
410,0,car_racing_ego_car,1.0,288.0,278.0,312.0,320.0,648,axis_left,311.0,278.0,mask PCA skeleton + low contact point,generated_videos/control_points_2_car.mp4
410,0,car_racing_ego_car,1.0,288.0,278.0,312.0,320.0,648,axis_right,288.0,281.0,mask PCA skeleton + low contact point,generated_videos/control_points_2_car.mp4
410,0,car_racing_ego_car,1.0,288.0,278.0,312.0,320.0,648,contact_low,299.0,318.0,mask PCA skeleton + low contact point,generated_videos/control_points_2_car.mp4
411,0,car_racing_ego_car,1.0,288.0,278.0,312.0,320.0,648,centroid,299.4212951660156,300.0941467285156,mask PCA skeleton + low contact point,generated_videos/control_points_2_car.mp4
411,0,car_racing_ego_car,1.0,288.0,278.0,312.0,320.0,648,axis_front,309.0,319.0,mask PCA skeleton + low contact point,generated_videos/control_points_2_car.mp4
411,0,car_racing_ego_car,1.0,288.0,278.0,312.0,320.0,648,axis_back,288.0,278.0,mask PCA skeleton + low contact point,generated_videos/control_points_2_car.mp4
411,0,car_racing_ego_car,1.0,288.0,278.0,312.0,320.0,648,axis_left,311.0,278.0,mask PCA skeleton + low contact point,generated_videos/control_points_2_car.mp4
411,0,car_racing_ego_car,1.0,288.0,278.0,312.0,320.0,648,axis_right,288.0,281.0,mask PCA skeleton + low contact point,generated_videos/control_points_2_car.mp4
411,0,car_racing_ego_car,1.0,288.0,278.0,312.0,320.0,648,contact_low,299.0,318.0,mask PCA skeleton + low contact point,generated_videos/control_points_2_car.mp4
412,0,car_racing_ego_car,1.0,288.0,278.0,312.0,320.0,644,centroid,299.4767150878906,300.04193115234375,mask PCA skeleton + low contact point,generated_videos/control_points_2_car.mp4
412,0,car_racing_ego_car,1.0,288.0,278.0,312.0,320.0,644,axis_front,309.0,319.0,mask PCA skeleton + low contact point,generated_videos/control_points_2_car.mp4
412,0,car_racing_ego_car,1.0,288.0,278.0,312.0,320.0,644,axis_back,288.0,278.0,mask PCA skeleton + low contact point,generated_videos/control_points_2_car.mp4
412,0,car_racing_ego_car,1.0,288.0,278.0,312.0,320.0,644,axis_left,311.0,278.0,mask PCA skeleton + low contact point,generated_videos/control_points_2_car.mp4
412,0,car_racing_ego_car,1.0,288.0,278.0,312.0,320.0,644,axis_right,288.0,281.0,mask PCA skeleton + low contact point,generated_videos/control_points_2_car.mp4
412,0,car_racing_ego_car,1.0,288.0,278.0,312.0,320.0,644,contact_low,299.0,318.0,mask PCA skeleton + low contact point,generated_videos/control_points_2_car.mp4
413,0,car_racing_ego_car,1.0,288.0,278.0,312.0,320.0,644,centroid,299.4767150878906,300.04193115234375,mask PCA skeleton + low contact point,generated_videos/control_points_2_car.mp4
413,0,car_racing_ego_car,1.0,288.0,278.0,312.0,320.0,644,axis_front,309.0,319.0,mask PCA skeleton + low contact point,generated_videos/control_points_2_car.mp4
413,0,car_racing_ego_car,1.0,288.0,278.0,312.0,320.0,644,axis_back,288.0,278.0,mask PCA skeleton + low contact point,generated_videos/control_points_2_car.mp4
413,0,car_racing_ego_car,1.0,288.0,278.0,312.0,320.0,644,axis_left,311.0,278.0,mask PCA skeleton + low contact point,generated_videos/control_points_2_car.mp4
413,0,car_racing_ego_car,1.0,288.0,278.0,312.0,320.0,644,axis_right,288.0,281.0,mask PCA skeleton + low contact point,generated_videos/control_points_2_car.mp4
413,0,car_racing_ego_car,1.0,288.0,278.0,312.0,320.0,644,contact_low,299.0,318.0,mask PCA skeleton + low contact point,generated_videos/control_points_2_car.mp4
414,0,car_racing_ego_car,1.0,288.0,278.0,312.0,320.0,658,centroid,299.4179382324219,299.668701171875,mask PCA skeleton + low contact point,generated_videos/control_points_2_car.mp4
414,0,car_racing_ego_car,1.0,288.0,278.0,312.0,320.0,658,axis_front,309.0,319.0,mask PCA skeleton + low contact point,generated_videos/control_points_2_car.mp4
414,0,car_racing_ego_car,1.0,288.0,278.0,312.0,320.0,658,axis_back,288.0,278.0,mask PCA skeleton + low contact point,generated_videos/control_points_2_car.mp4
414,0,car_racing_ego_car,1.0,288.0,278.0,312.0,320.0,658,axis_left,311.0,278.0,mask PCA skeleton + low contact point,generated_videos/control_points_2_car.mp4
414,0,car_racing_ego_car,1.0,288.0,278.0,312.0,320.0,658,axis_right,288.0,281.0,mask PCA skeleton + low contact point,generated_videos/control_points_2_car.mp4
414,0,car_racing_ego_car,1.0,288.0,278.0,312.0,320.0,658,contact_low,299.0,318.0,mask PCA skeleton + low contact point,generated_videos/control_points_2_car.mp4
415,0,car_racing_ego_car,1.0,288.0,278.0,312.0,320.0,658,centroid,299.4179382324219,299.668701171875,mask PCA skeleton + low contact point,generated_videos/control_points_2_car.mp4
415,0,car_racing_ego_car,1.0,288.0,278.0,312.0,320.0,658,axis_front,309.0,319.0,mask PCA skeleton + low contact point,generated_videos/control_points_2_car.mp4
415,0,car_racing_ego_car,1.0,288.0,278.0,312.0,320.0,658,axis_back,288.0,278.0,mask PCA skeleton + low contact point,generated_videos/control_points_2_car.mp4
415,0,car_racing_ego_car,1.0,288.0,278.0,312.0,320.0,658,axis_left,311.0,278.0,mask PCA skeleton + low contact point,generated_videos/control_points_2_car.mp4
415,0,car_racing_ego_car,1.0,288.0,278.0,312.0,320.0,658,axis_right,288.0,281.0,mask PCA skeleton + low contact point,generated_videos/control_points_2_car.mp4
415,0,car_racing_ego_car,1.0,288.0,278.0,312.0,320.0,658,contact_low,299.0,318.0,mask PCA skeleton + low contact point,generated_videos/control_points_2_car.mp4
416,0,car_racing_ego_car,1.0,288.0,278.0,312.0,320.0,656,centroid,299.4695129394531,299.8902587890625,mask PCA skeleton + low contact point,generated_videos/control_points_2_car.mp4
416,0,car_racing_ego_car,1.0,288.0,278.0,312.0,320.0,656,axis_front,309.0,319.0,mask PCA skeleton + low contact point,generated_videos/control_points_2_car.mp4
416,0,car_racing_ego_car,1.0,288.0,278.0,312.0,320.0,656,axis_back,288.0,278.0,mask PCA skeleton + low contact point,generated_videos/control_points_2_car.mp4
416,0,car_racing_ego_car,1.0,288.0,278.0,312.0,320.0,656,axis_left,311.0,278.0,mask PCA skeleton + low contact point,generated_videos/control_points_2_car.mp4
416,0,car_racing_ego_car,1.0,288.0,278.0,312.0,320.0,656,axis_right,288.0,281.0,mask PCA skeleton + low contact point,generated_videos/control_points_2_car.mp4
416,0,car_racing_ego_car,1.0,288.0,278.0,312.0,320.0,656,contact_low,299.0,318.0,mask PCA skeleton + low contact point,generated_videos/control_points_2_car.mp4
417,0,car_racing_ego_car,1.0,288.0,278.0,312.0,320.0,656,centroid,299.4695129394531,299.8902587890625,mask PCA skeleton + low contact point,generated_videos/control_points_2_car.mp4
417,0,car_racing_ego_car,1.0,288.0,278.0,312.0,320.0,656,axis_front,309.0,319.0,mask PCA skeleton + low contact point,generated_videos/control_points_2_car.mp4
417,0,car_racing_ego_car,1.0,288.0,278.0,312.0,320.0,656,axis_back,288.0,278.0,mask PCA skeleton + low contact point,generated_videos/control_points_2_car.mp4
417,0,car_racing_ego_car,1.0,288.0,278.0,312.0,320.0,656,axis_left,311.0,278.0,mask PCA skeleton + low contact point,generated_videos/control_points_2_car.mp4
417,0,car_racing_ego_car,1.0,288.0,278.0,312.0,320.0,656,axis_right,288.0,281.0,mask PCA skeleton + low contact point,generated_videos/control_points_2_car.mp4
417,0,car_racing_ego_car,1.0,288.0,278.0,312.0,320.0,656,contact_low,299.0,318.0,mask PCA skeleton + low contact point,generated_videos/control_points_2_car.mp4
418,0,car_racing_ego_car,1.0,288.0,278.0,312.0,320.0,653,centroid,299.56353759765625,299.7503967285156,mask PCA skeleton + low contact point,generated_videos/control_points_2_car.mp4
418,0,car_racing_ego_car,1.0,288.0,278.0,312.0,320.0,653,axis_front,290.0,319.0,mask PCA skeleton + low contact point,generated_videos/control_points_2_car.mp4
418,0,car_racing_ego_car,1.0,288.0,278.0,312.0,320.0,653,axis_back,311.0,278.0,mask PCA skeleton + low contact point,generated_videos/control_points_2_car.mp4
418,0,car_racing_ego_car,1.0,288.0,278.0,312.0,320.0,653,axis_left,311.0,281.0,mask PCA skeleton + low contact point,generated_videos/control_points_2_car.mp4
418,0,car_racing_ego_car,1.0,288.0,278.0,312.0,320.0,653,axis_right,288.0,278.0,mask PCA skeleton + low contact point,generated_videos/control_points_2_car.mp4
418,0,car_racing_ego_car,1.0,288.0,278.0,312.0,320.0,653,contact_low,299.0,318.0,mask PCA skeleton + low contact point,generated_videos/control_points_2_car.mp4
419,0,car_racing_ego_car,1.0,288.0,278.0,312.0,320.0,653,centroid,299.56353759765625,299.7503967285156,mask PCA skeleton + low contact point,generated_videos/control_points_2_car.mp4
419,0,car_racing_ego_car,1.0,288.0,278.0,312.0,320.0,653,axis_front,290.0,319.0,mask PCA skeleton + low contact point,generated_videos/control_points_2_car.mp4
419,0,car_racing_ego_car,1.0,288.0,278.0,312.0,320.0,653,axis_back,311.0,278.0,mask PCA skeleton + low contact point,generated_videos/control_points_2_car.mp4
419,0,car_racing_ego_car,1.0,288.0,278.0,312.0,320.0,653,axis_left,311.0,281.0,mask PCA skeleton + low contact point,generated_videos/control_points_2_car.mp4
419,0,car_racing_ego_car,1.0,288.0,278.0,312.0,320.0,653,axis_right,288.0,278.0,mask PCA skeleton + low contact point,generated_videos/control_points_2_car.mp4
419,0,car_racing_ego_car,1.0,288.0,278.0,312.0,320.0,653,contact_low,299.0,318.0,mask PCA skeleton + low contact point,generated_videos/control_points_2_car.mp4
420,0,car_racing_ego_car,1.0,288.0,278.0,312.0,320.0,651,centroid,299.4900207519531,299.9308776855469,mask PCA skeleton + low contact point,generated_videos/control_points_2_car.mp4
420,0,car_racing_ego_car,1.0,288.0,278.0,312.0,320.0,651,axis_front,309.0,319.0,mask PCA skeleton + low contact point,generated_videos/control_points_2_car.mp4
420,0,car_racing_ego_car,1.0,288.0,278.0,312.0,320.0,651,axis_back,288.0,278.0,mask PCA skeleton + low contact point,generated_videos/control_points_2_car.mp4
420,0,car_racing_ego_car,1.0,288.0,278.0,312.0,320.0,651,axis_left,311.0,278.0,mask PCA skeleton + low contact point,generated_videos/control_points_2_car.mp4
420,0,car_racing_ego_car,1.0,288.0,278.0,312.0,320.0,651,axis_right,288.0,281.0,mask PCA skeleton + low contact point,generated_videos/control_points_2_car.mp4
420,0,car_racing_ego_car,1.0,288.0,278.0,312.0,320.0,651,contact_low,299.0,318.0,mask PCA skeleton + low contact point,generated_videos/control_points_2_car.mp4
421,0,car_racing_ego_car,1.0,288.0,278.0,312.0,320.0,651,centroid,299.4900207519531,299.9308776855469,mask PCA skeleton + low contact point,generated_videos/control_points_2_car.mp4
421,0,car_racing_ego_car,1.0,288.0,278.0,312.0,320.0,651,axis_front,309.0,319.0,mask PCA skeleton + low contact point,generated_videos/control_points_2_car.mp4
421,0,car_racing_ego_car,1.0,288.0,278.0,312.0,320.0,651,axis_back,288.0,278.0,mask PCA skeleton + low contact point,generated_videos/control_points_2_car.mp4
421,0,car_racing_ego_car,1.0,288.0,278.0,312.0,320.0,651,axis_left,311.0,278.0,mask PCA skeleton + low contact point,generated_videos/control_points_2_car.mp4
421,0,car_racing_ego_car,1.0,288.0,278.0,312.0,320.0,651,axis_right,288.0,281.0,mask PCA skeleton + low contact point,generated_videos/control_points_2_car.mp4
421,0,car_racing_ego_car,1.0,288.0,278.0,312.0,320.0,651,contact_low,299.0,318.0,mask PCA skeleton + low contact point,generated_videos/control_points_2_car.mp4
422,0,car_racing_ego_car,1.0,288.0,278.0,312.0,320.0,652,centroid,299.4493713378906,299.8266906738281,mask PCA skeleton + low contact point,generated_videos/control_points_2_car.mp4
422,0,car_racing_ego_car,1.0,288.0,278.0,312.0,320.0,652,axis_front,309.0,319.0,mask PCA skeleton + low contact point,generated_videos/control_points_2_car.mp4
422,0,car_racing_ego_car,1.0,288.0,278.0,312.0,320.0,652,axis_back,288.0,278.0,mask PCA skeleton + low contact point,generated_videos/control_points_2_car.mp4
422,0,car_racing_ego_car,1.0,288.0,278.0,312.0,320.0,652,axis_left,311.0,278.0,mask PCA skeleton + low contact point,generated_videos/control_points_2_car.mp4
422,0,car_racing_ego_car,1.0,288.0,278.0,312.0,320.0,652,axis_right,288.0,281.0,mask PCA skeleton + low contact point,generated_videos/control_points_2_car.mp4
422,0,car_racing_ego_car,1.0,288.0,278.0,312.0,320.0,652,contact_low,299.0,318.0,mask PCA skeleton + low contact point,generated_videos/control_points_2_car.mp4
423,0,car_racing_ego_car,1.0,288.0,278.0,312.0,320.0,652,centroid,299.4493713378906,299.8266906738281,mask PCA skeleton + low contact point,generated_videos/control_points_2_car.mp4
423,0,car_racing_ego_car,1.0,288.0,278.0,312.0,320.0,652,axis_front,309.0,319.0,mask PCA skeleton + low contact point,generated_videos/control_points_2_car.mp4
423,0,car_racing_ego_car,1.0,288.0,278.0,312.0,320.0,652,axis_back,288.0,278.0,mask PCA skeleton + low contact point,generated_videos/control_points_2_car.mp4
423,0,car_racing_ego_car,1.0,288.0,278.0,312.0,320.0,652,axis_left,311.0,278.0,mask PCA skeleton + low contact point,generated_videos/control_points_2_car.mp4
423,0,car_racing_ego_car,1.0,288.0,278.0,312.0,320.0,652,axis_right,288.0,281.0,mask PCA skeleton + low contact point,generated_videos/control_points_2_car.mp4
423,0,car_racing_ego_car,1.0,288.0,278.0,312.0,320.0,652,contact_low,299.0,318.0,mask PCA skeleton + low contact point,generated_videos/control_points_2_car.mp4
424,0,car_racing_ego_car,1.0,288.0,278.0,312.0,320.0,653,centroid,299.3828430175781,299.7013854980469,mask PCA skeleton + low contact point,generated_videos/control_points_2_car.mp4
424,0,car_racing_ego_car,1.0,288.0,278.0,312.0,320.0,653,axis_front,309.0,319.0,mask PCA skeleton + low contact point,generated_videos/control_points_2_car.mp4
424,0,car_racing_ego_car,1.0,288.0,278.0,312.0,320.0,653,axis_back,288.0,278.0,mask PCA skeleton + low contact point,generated_videos/control_points_2_car.mp4
424,0,car_racing_ego_car,1.0,288.0,278.0,312.0,320.0,653,axis_left,311.0,278.0,mask PCA skeleton + low contact point,generated_videos/control_points_2_car.mp4
424,0,car_racing_ego_car,1.0,288.0,278.0,312.0,320.0,653,axis_right,288.0,282.0,mask PCA skeleton + low contact point,generated_videos/control_points_2_car.mp4
424,0,car_racing_ego_car,1.0,288.0,278.0,312.0,320.0,653,contact_low,299.0,318.0,mask PCA skeleton + low contact point,generated_videos/control_points_2_car.mp4
425,0,car_racing_ego_car,1.0,288.0,278.0,312.0,320.0,653,centroid,299.4624938964844,299.848388671875,mask PCA skeleton + low contact point,generated_videos/control_points_2_car.mp4
425,0,car_racing_ego_car,1.0,288.0,278.0,312.0,320.0,653,axis_front,309.0,319.0,mask PCA skeleton + low contact point,generated_videos/control_points_2_car.mp4
425,0,car_racing_ego_car,1.0,288.0,278.0,312.0,320.0,653,axis_back,288.0,278.0,mask PCA skeleton + low contact point,generated_videos/control_points_2_car.mp4
425,0,car_racing_ego_car,1.0,288.0,278.0,312.0,320.0,653,axis_left,311.0,278.0,mask PCA skeleton + low contact point,generated_videos/control_points_2_car.mp4
425,0,car_racing_ego_car,1.0,288.0,278.0,312.0,320.0,653,axis_right,288.0,281.0,mask PCA skeleton + low contact point,generated_videos/control_points_2_car.mp4
425,0,car_racing_ego_car,1.0,288.0,278.0,312.0,320.0,653,contact_low,299.0,318.0,mask PCA skeleton + low contact point,generated_videos/control_points_2_car.mp4
426,0,car_racing_ego_car,1.0,288.0,278.0,312.0,320.0,653,centroid,299.4624938964844,299.848388671875,mask PCA skeleton + low contact point,generated_videos/control_points_2_car.mp4
426,0,car_racing_ego_car,1.0,288.0,278.0,312.0,320.0,653,axis_front,309.0,319.0,mask PCA skeleton + low contact point,generated_videos/control_points_2_car.mp4
426,0,car_racing_ego_car,1.0,288.0,278.0,312.0,320.0,653,axis_back,288.0,278.0,mask PCA skeleton + low contact point,generated_videos/control_points_2_car.mp4
426,0,car_racing_ego_car,1.0,288.0,278.0,312.0,320.0,653,axis_left,311.0,278.0,mask PCA skeleton + low contact point,generated_videos/control_points_2_car.mp4
426,0,car_racing_ego_car,1.0,288.0,278.0,312.0,320.0,653,axis_right,288.0,281.0,mask PCA skeleton + low contact point,generated_videos/control_points_2_car.mp4
426,0,car_racing_ego_car,1.0,288.0,278.0,312.0,320.0,653,contact_low,299.0,318.0,mask PCA skeleton + low contact point,generated_videos/control_points_2_car.mp4
427,0,car_racing_ego_car,1.0,288.0,278.0,312.0,320.0,657,centroid,299.45965576171875,299.7427673339844,mask PCA skeleton + low contact point,generated_videos/control_points_2_car.mp4
427,0,car_racing_ego_car,1.0,288.0,278.0,312.0,320.0,657,axis_front,309.0,319.0,mask PCA skeleton + low contact point,generated_videos/control_points_2_car.mp4
427,0,car_racing_ego_car,1.0,288.0,278.0,312.0,320.0,657,axis_back,288.0,278.0,mask PCA skeleton + low contact point,generated_videos/control_points_2_car.mp4
427,0,car_racing_ego_car,1.0,288.0,278.0,312.0,320.0,657,axis_left,311.0,278.0,mask PCA skeleton + low contact point,generated_videos/control_points_2_car.mp4
427,0,car_racing_ego_car,1.0,288.0,278.0,312.0,320.0,657,axis_right,288.0,281.0,mask PCA skeleton + low contact point,generated_videos/control_points_2_car.mp4
427,0,car_racing_ego_car,1.0,288.0,278.0,312.0,320.0,657,contact_low,299.0,318.0,mask PCA skeleton + low contact point,generated_videos/control_points_2_car.mp4
428,0,car_racing_ego_car,1.0,288.0,278.0,312.0,320.0,657,centroid,299.45965576171875,299.7427673339844,mask PCA skeleton + low contact point,generated_videos/control_points_2_car.mp4
428,0,car_racing_ego_car,1.0,288.0,278.0,312.0,320.0,657,axis_front,309.0,319.0,mask PCA skeleton + low contact point,generated_videos/control_points_2_car.mp4
428,0,car_racing_ego_car,1.0,288.0,278.0,312.0,320.0,657,axis_back,288.0,278.0,mask PCA skeleton + low contact point,generated_videos/control_points_2_car.mp4
428,0,car_racing_ego_car,1.0,288.0,278.0,312.0,320.0,657,axis_left,311.0,278.0,mask PCA skeleton + low contact point,generated_videos/control_points_2_car.mp4
428,0,car_racing_ego_car,1.0,288.0,278.0,312.0,320.0,657,axis_right,288.0,281.0,mask PCA skeleton + low contact point,generated_videos/control_points_2_car.mp4
428,0,car_racing_ego_car,1.0,288.0,278.0,312.0,320.0,657,contact_low,299.0,318.0,mask PCA skeleton + low contact point,generated_videos/control_points_2_car.mp4
429,0,car_racing_ego_car,1.0,288.0,278.0,312.0,320.0,659,centroid,299.4582824707031,299.8103332519531,mask PCA skeleton + low contact point,generated_videos/control_points_2_car.mp4
429,0,car_racing_ego_car,1.0,288.0,278.0,312.0,320.0,659,axis_front,309.0,319.0,mask PCA skeleton + low contact point,generated_videos/control_points_2_car.mp4
429,0,car_racing_ego_car,1.0,288.0,278.0,312.0,320.0,659,axis_back,288.0,278.0,mask PCA skeleton + low contact point,generated_videos/control_points_2_car.mp4
429,0,car_racing_ego_car,1.0,288.0,278.0,312.0,320.0,659,axis_left,311.0,278.0,mask PCA skeleton + low contact point,generated_videos/control_points_2_car.mp4
429,0,car_racing_ego_car,1.0,288.0,278.0,312.0,320.0,659,axis_right,288.0,281.0,mask PCA skeleton + low contact point,generated_videos/control_points_2_car.mp4
429,0,car_racing_ego_car,1.0,288.0,278.0,312.0,320.0,659,contact_low,299.0,318.0,mask PCA skeleton + low contact point,generated_videos/control_points_2_car.mp4
430,0,car_racing_ego_car,1.0,288.0,278.0,312.0,320.0,659,centroid,299.4582824707031,299.8103332519531,mask PCA skeleton + low contact point,generated_videos/control_points_2_car.mp4
430,0,car_racing_ego_car,1.0,288.0,278.0,312.0,320.0,659,axis_front,309.0,319.0,mask PCA skeleton + low contact point,generated_videos/control_points_2_car.mp4
430,0,car_racing_ego_car,1.0,288.0,278.0,312.0,320.0,659,axis_back,288.0,278.0,mask PCA skeleton + low contact point,generated_videos/control_points_2_car.mp4
430,0,car_racing_ego_car,1.0,288.0,278.0,312.0,320.0,659,axis_left,311.0,278.0,mask PCA skeleton + low contact point,generated_videos/control_points_2_car.mp4
430,0,car_racing_ego_car,1.0,288.0,278.0,312.0,320.0,659,axis_right,288.0,281.0,mask PCA skeleton + low contact point,generated_videos/control_points_2_car.mp4
430,0,car_racing_ego_car,1.0,288.0,278.0,312.0,320.0,659,contact_low,299.0,318.0,mask PCA skeleton + low contact point,generated_videos/control_points_2_car.mp4
431,0,car_racing_ego_car,1.0,288.0,278.0,312.0,320.0,655,centroid,299.4855041503906,299.79541015625,mask PCA skeleton + low contact point,generated_videos/control_points_2_car.mp4
431,0,car_racing_ego_car,1.0,288.0,278.0,312.0,320.0,655,axis_front,290.0,319.0,mask PCA skeleton + low contact point,generated_videos/control_points_2_car.mp4
431,0,car_racing_ego_car,1.0,288.0,278.0,312.0,320.0,655,axis_back,311.0,278.0,mask PCA skeleton + low contact point,generated_videos/control_points_2_car.mp4
431,0,car_racing_ego_car,1.0,288.0,278.0,312.0,320.0,655,axis_left,311.0,281.0,mask PCA skeleton + low contact point,generated_videos/control_points_2_car.mp4
431,0,car_racing_ego_car,1.0,288.0,278.0,312.0,320.0,655,axis_right,288.0,278.0,mask PCA skeleton + low contact point,generated_videos/control_points_2_car.mp4
431,0,car_racing_ego_car,1.0,288.0,278.0,312.0,320.0,655,contact_low,299.0,318.0,mask PCA skeleton + low contact point,generated_videos/control_points_2_car.mp4
432,0,car_racing_ego_car,1.0,288.0,278.0,312.0,320.0,655,centroid,299.4855041503906,299.79541015625,mask PCA skeleton + low contact point,generated_videos/control_points_2_car.mp4
432,0,car_racing_ego_car,1.0,288.0,278.0,312.0,320.0,655,axis_front,290.0,319.0,mask PCA skeleton + low contact point,generated_videos/control_points_2_car.mp4
432,0,car_racing_ego_car,1.0,288.0,278.0,312.0,320.0,655,axis_back,311.0,278.0,mask PCA skeleton + low contact point,generated_videos/control_points_2_car.mp4
432,0,car_racing_ego_car,1.0,288.0,278.0,312.0,320.0,655,axis_left,311.0,281.0,mask PCA skeleton + low contact point,generated_videos/control_points_2_car.mp4
432,0,car_racing_ego_car,1.0,288.0,278.0,312.0,320.0,655,axis_right,288.0,278.0,mask PCA skeleton + low contact point,generated_videos/control_points_2_car.mp4
432,0,car_racing_ego_car,1.0,288.0,278.0,312.0,320.0,655,contact_low,299.0,318.0,mask PCA skeleton + low contact point,generated_videos/control_points_2_car.mp4
433,0,car_racing_ego_car,1.0,288.0,278.0,312.0,320.0,667,centroid,299.3283386230469,300.064453125,mask PCA skeleton + low contact point,generated_videos/control_points_2_car.mp4
433,0,car_racing_ego_car,1.0,288.0,278.0,312.0,320.0,667,axis_front,290.0,319.0,mask PCA skeleton + low contact point,generated_videos/control_points_2_car.mp4
433,0,car_racing_ego_car,1.0,288.0,278.0,312.0,320.0,667,axis_back,311.0,278.0,mask PCA skeleton + low contact point,generated_videos/control_points_2_car.mp4
433,0,car_racing_ego_car,1.0,288.0,278.0,312.0,320.0,667,axis_left,311.0,281.0,mask PCA skeleton + low contact point,generated_videos/control_points_2_car.mp4
433,0,car_racing_ego_car,1.0,288.0,278.0,312.0,320.0,667,axis_right,288.0,278.0,mask PCA skeleton + low contact point,generated_videos/control_points_2_car.mp4
433,0,car_racing_ego_car,1.0,288.0,278.0,312.0,320.0,667,contact_low,299.0,318.0,mask PCA skeleton + low contact point,generated_videos/control_points_2_car.mp4
434,0,car_racing_ego_car,1.0,288.0,278.0,312.0,320.0,667,centroid,299.3283386230469,300.064453125,mask PCA skeleton + low contact point,generated_videos/control_points_2_car.mp4
434,0,car_racing_ego_car,1.0,288.0,278.0,312.0,320.0,667,axis_front,290.0,319.0,mask PCA skeleton + low contact point,generated_videos/control_points_2_car.mp4
434,0,car_racing_ego_car,1.0,288.0,278.0,312.0,320.0,667,axis_back,311.0,278.0,mask PCA skeleton + low contact point,generated_videos/control_points_2_car.mp4
434,0,car_racing_ego_car,1.0,288.0,278.0,312.0,320.0,667,axis_left,311.0,281.0,mask PCA skeleton + low contact point,generated_videos/control_points_2_car.mp4
434,0,car_racing_ego_car,1.0,288.0,278.0,312.0,320.0,667,axis_right,288.0,278.0,mask PCA skeleton + low contact point,generated_videos/control_points_2_car.mp4
434,0,car_racing_ego_car,1.0,288.0,278.0,312.0,320.0,667,contact_low,299.0,318.0,mask PCA skeleton + low contact point,generated_videos/control_points_2_car.mp4
435,0,car_racing_ego_car,1.0,288.0,278.0,312.0,320.0,653,centroid,299.511474609375,299.8958740234375,mask PCA skeleton + low contact point,generated_videos/control_points_2_car.mp4
435,0,car_racing_ego_car,1.0,288.0,278.0,312.0,320.0,653,axis_front,290.0,319.0,mask PCA skeleton + low contact point,generated_videos/control_points_2_car.mp4
435,0,car_racing_ego_car,1.0,288.0,278.0,312.0,320.0,653,axis_back,311.0,278.0,mask PCA skeleton + low contact point,generated_videos/control_points_2_car.mp4
435,0,car_racing_ego_car,1.0,288.0,278.0,312.0,320.0,653,axis_left,311.0,281.0,mask PCA skeleton + low contact point,generated_videos/control_points_2_car.mp4
435,0,car_racing_ego_car,1.0,288.0,278.0,312.0,320.0,653,axis_right,288.0,278.0,mask PCA skeleton + low contact point,generated_videos/control_points_2_car.mp4
435,0,car_racing_ego_car,1.0,288.0,278.0,312.0,320.0,653,contact_low,299.0,318.0,mask PCA skeleton + low contact point,generated_videos/control_points_2_car.mp4
436,0,car_racing_ego_car,1.0,288.0,278.0,312.0,320.0,653,centroid,299.511474609375,299.8958740234375,mask PCA skeleton + low contact point,generated_videos/control_points_2_car.mp4
436,0,car_racing_ego_car,1.0,288.0,278.0,312.0,320.0,653,axis_front,290.0,319.0,mask PCA skeleton + low contact point,generated_videos/control_points_2_car.mp4
436,0,car_racing_ego_car,1.0,288.0,278.0,312.0,320.0,653,axis_back,311.0,278.0,mask PCA skeleton + low contact point,generated_videos/control_points_2_car.mp4
436,0,car_racing_ego_car,1.0,288.0,278.0,312.0,320.0,653,axis_left,311.0,281.0,mask PCA skeleton + low contact point,generated_videos/control_points_2_car.mp4
436,0,car_racing_ego_car,1.0,288.0,278.0,312.0,320.0,653,axis_right,288.0,278.0,mask PCA skeleton + low contact point,generated_videos/control_points_2_car.mp4
436,0,car_racing_ego_car,1.0,288.0,278.0,312.0,320.0,653,contact_low,299.0,318.0,mask PCA skeleton + low contact point,generated_videos/control_points_2_car.mp4
437,0,car_racing_ego_car,1.0,288.0,278.0,312.0,320.0,657,centroid,299.45965576171875,299.7427673339844,mask PCA skeleton + low contact point,generated_videos/control_points_2_car.mp4
437,0,car_racing_ego_car,1.0,288.0,278.0,312.0,320.0,657,axis_front,309.0,319.0,mask PCA skeleton + low contact point,generated_videos/control_points_2_car.mp4
437,0,car_racing_ego_car,1.0,288.0,278.0,312.0,320.0,657,axis_back,288.0,278.0,mask PCA skeleton + low contact point,generated_videos/control_points_2_car.mp4
437,0,car_racing_ego_car,1.0,288.0,278.0,312.0,320.0,657,axis_left,311.0,278.0,mask PCA skeleton + low contact point,generated_videos/control_points_2_car.mp4
437,0,car_racing_ego_car,1.0,288.0,278.0,312.0,320.0,657,axis_right,288.0,281.0,mask PCA skeleton + low contact point,generated_videos/control_points_2_car.mp4
437,0,car_racing_ego_car,1.0,288.0,278.0,312.0,320.0,657,contact_low,299.0,318.0,mask PCA skeleton + low contact point,generated_videos/control_points_2_car.mp4
438,0,car_racing_ego_car,1.0,288.0,278.0,312.0,320.0,657,centroid,299.45965576171875,299.7427673339844,mask PCA skeleton + low contact point,generated_videos/control_points_2_car.mp4
438,0,car_racing_ego_car,1.0,288.0,278.0,312.0,320.0,657,axis_front,309.0,319.0,mask PCA skeleton + low contact point,generated_videos/control_points_2_car.mp4
438,0,car_racing_ego_car,1.0,288.0,278.0,312.0,320.0,657,axis_back,288.0,278.0,mask PCA skeleton + low contact point,generated_videos/control_points_2_car.mp4
438,0,car_racing_ego_car,1.0,288.0,278.0,312.0,320.0,657,axis_left,311.0,278.0,mask PCA skeleton + low contact point,generated_videos/control_points_2_car.mp4
438,0,car_racing_ego_car,1.0,288.0,278.0,312.0,320.0,657,axis_right,288.0,281.0,mask PCA skeleton + low contact point,generated_videos/control_points_2_car.mp4
438,0,car_racing_ego_car,1.0,288.0,278.0,312.0,320.0,657,contact_low,299.0,318.0,mask PCA skeleton + low contact point,generated_videos/control_points_2_car.mp4
439,0,car_racing_ego_car,1.0,288.0,278.0,312.0,320.0,664,centroid,299.6325378417969,299.9638671875,mask PCA skeleton + low contact point,generated_videos/control_points_2_car.mp4
439,0,car_racing_ego_car,1.0,288.0,278.0,312.0,320.0,664,axis_front,309.0,319.0,mask PCA skeleton + low contact point,generated_videos/control_points_2_car.mp4
439,0,car_racing_ego_car,1.0,288.0,278.0,312.0,320.0,664,axis_back,288.0,278.0,mask PCA skeleton + low contact point,generated_videos/control_points_2_car.mp4
439,0,car_racing_ego_car,1.0,288.0,278.0,312.0,320.0,664,axis_left,311.0,278.0,mask PCA skeleton + low contact point,generated_videos/control_points_2_car.mp4
439,0,car_racing_ego_car,1.0,288.0,278.0,312.0,320.0,664,axis_right,288.0,281.0,mask PCA skeleton + low contact point,generated_videos/control_points_2_car.mp4
439,0,car_racing_ego_car,1.0,288.0,278.0,312.0,320.0,664,contact_low,299.0,318.0,mask PCA skeleton + low contact point,generated_videos/control_points_2_car.mp4
440,0,car_racing_ego_car,1.0,288.0,278.0,312.0,320.0,664,centroid,299.6325378417969,299.9638671875,mask PCA skeleton + low contact point,generated_videos/control_points_2_car.mp4
440,0,car_racing_ego_car,1.0,288.0,278.0,312.0,320.0,664,axis_front,309.0,319.0,mask PCA skeleton + low contact point,generated_videos/control_points_2_car.mp4
440,0,car_racing_ego_car,1.0,288.0,278.0,312.0,320.0,664,axis_back,288.0,278.0,mask PCA skeleton + low contact point,generated_videos/control_points_2_car.mp4
440,0,car_racing_ego_car,1.0,288.0,278.0,312.0,320.0,664,axis_left,311.0,278.0,mask PCA skeleton + low contact point,generated_videos/control_points_2_car.mp4
440,0,car_racing_ego_car,1.0,288.0,278.0,312.0,320.0,664,axis_right,288.0,281.0,mask PCA skeleton + low contact point,generated_videos/control_points_2_car.mp4
440,0,car_racing_ego_car,1.0,288.0,278.0,312.0,320.0,664,contact_low,299.0,318.0,mask PCA skeleton + low contact point,generated_videos/control_points_2_car.mp4
441,0,car_racing_ego_car,1.0,288.0,278.0,312.0,320.0,653,centroid,299.511474609375,299.8958740234375,mask PCA skeleton + low contact point,generated_videos/control_points_2_car.mp4
441,0,car_racing_ego_car,1.0,288.0,278.0,312.0,320.0,653,axis_front,290.0,319.0,mask PCA skeleton + low contact point,generated_videos/control_points_2_car.mp4
441,0,car_racing_ego_car,1.0,288.0,278.0,312.0,320.0,653,axis_back,311.0,278.0,mask PCA skeleton + low contact point,generated_videos/control_points_2_car.mp4
441,0,car_racing_ego_car,1.0,288.0,278.0,312.0,320.0,653,axis_left,311.0,281.0,mask PCA skeleton + low contact point,generated_videos/control_points_2_car.mp4
441,0,car_racing_ego_car,1.0,288.0,278.0,312.0,320.0,653,axis_right,288.0,278.0,mask PCA skeleton + low contact point,generated_videos/control_points_2_car.mp4
441,0,car_racing_ego_car,1.0,288.0,278.0,312.0,320.0,653,contact_low,299.0,318.0,mask PCA skeleton + low contact point,generated_videos/control_points_2_car.mp4
442,0,car_racing_ego_car,1.0,288.0,278.0,312.0,320.0,653,centroid,299.511474609375,299.8958740234375,mask PCA skeleton + low contact point,generated_videos/control_points_2_car.mp4
442,0,car_racing_ego_car,1.0,288.0,278.0,312.0,320.0,653,axis_front,290.0,319.0,mask PCA skeleton + low contact point,generated_videos/control_points_2_car.mp4
442,0,car_racing_ego_car,1.0,288.0,278.0,312.0,320.0,653,axis_back,311.0,278.0,mask PCA skeleton + low contact point,generated_videos/control_points_2_car.mp4
442,0,car_racing_ego_car,1.0,288.0,278.0,312.0,320.0,653,axis_left,311.0,281.0,mask PCA skeleton + low contact point,generated_videos/control_points_2_car.mp4
442,0,car_racing_ego_car,1.0,288.0,278.0,312.0,320.0,653,axis_right,288.0,278.0,mask PCA skeleton + low contact point,generated_videos/control_points_2_car.mp4
442,0,car_racing_ego_car,1.0,288.0,278.0,312.0,320.0,653,contact_low,299.0,318.0,mask PCA skeleton + low contact point,generated_videos/control_points_2_car.mp4
443,0,car_racing_ego_car,1.0,288.0,278.0,312.0,320.0,664,centroid,299.3343505859375,300.0662536621094,mask PCA skeleton + low contact point,generated_videos/control_points_2_car.mp4
443,0,car_racing_ego_car,1.0,288.0,278.0,312.0,320.0,664,axis_front,290.0,319.0,mask PCA skeleton + low contact point,generated_videos/control_points_2_car.mp4
443,0,car_racing_ego_car,1.0,288.0,278.0,312.0,320.0,664,axis_back,311.0,278.0,mask PCA skeleton + low contact point,generated_videos/control_points_2_car.mp4
443,0,car_racing_ego_car,1.0,288.0,278.0,312.0,320.0,664,axis_left,311.0,281.0,mask PCA skeleton + low contact point,generated_videos/control_points_2_car.mp4
443,0,car_racing_ego_car,1.0,288.0,278.0,312.0,320.0,664,axis_right,288.0,278.0,mask PCA skeleton + low contact point,generated_videos/control_points_2_car.mp4
443,0,car_racing_ego_car,1.0,288.0,278.0,312.0,320.0,664,contact_low,299.0,318.0,mask PCA skeleton + low contact point,generated_videos/control_points_2_car.mp4
444,0,car_racing_ego_car,1.0,288.0,278.0,312.0,320.0,664,centroid,299.3343505859375,300.0662536621094,mask PCA skeleton + low contact point,generated_videos/control_points_2_car.mp4
444,0,car_racing_ego_car,1.0,288.0,278.0,312.0,320.0,664,axis_front,290.0,319.0,mask PCA skeleton + low contact point,generated_videos/control_points_2_car.mp4
444,0,car_racing_ego_car,1.0,288.0,278.0,312.0,320.0,664,axis_back,311.0,278.0,mask PCA skeleton + low contact point,generated_videos/control_points_2_car.mp4
444,0,car_racing_ego_car,1.0,288.0,278.0,312.0,320.0,664,axis_left,311.0,281.0,mask PCA skeleton + low contact point,generated_videos/control_points_2_car.mp4
444,0,car_racing_ego_car,1.0,288.0,278.0,312.0,320.0,664,axis_right,288.0,278.0,mask PCA skeleton + low contact point,generated_videos/control_points_2_car.mp4
444,0,car_racing_ego_car,1.0,288.0,278.0,312.0,320.0,664,contact_low,299.0,318.0,mask PCA skeleton + low contact point,generated_videos/control_points_2_car.mp4
445,0,car_racing_ego_car,1.0,288.0,278.0,312.0,320.0,653,centroid,299.511474609375,299.8958740234375,mask PCA skeleton + low contact point,generated_videos/control_points_2_car.mp4
445,0,car_racing_ego_car,1.0,288.0,278.0,312.0,320.0,653,axis_front,290.0,319.0,mask PCA skeleton + low contact point,generated_videos/control_points_2_car.mp4
445,0,car_racing_ego_car,1.0,288.0,278.0,312.0,320.0,653,axis_back,311.0,278.0,mask PCA skeleton + low contact point,generated_videos/control_points_2_car.mp4
445,0,car_racing_ego_car,1.0,288.0,278.0,312.0,320.0,653,axis_left,311.0,281.0,mask PCA skeleton + low contact point,generated_videos/control_points_2_car.mp4
445,0,car_racing_ego_car,1.0,288.0,278.0,312.0,320.0,653,axis_right,288.0,278.0,mask PCA skeleton + low contact point,generated_videos/control_points_2_car.mp4
445,0,car_racing_ego_car,1.0,288.0,278.0,312.0,320.0,653,contact_low,299.0,318.0,mask PCA skeleton + low contact point,generated_videos/control_points_2_car.mp4
446,0,car_racing_ego_car,1.0,288.0,278.0,312.0,320.0,653,centroid,299.511474609375,299.8958740234375,mask PCA skeleton + low contact point,generated_videos/control_points_2_car.mp4
446,0,car_racing_ego_car,1.0,288.0,278.0,312.0,320.0,653,axis_front,290.0,319.0,mask PCA skeleton + low contact point,generated_videos/control_points_2_car.mp4
446,0,car_racing_ego_car,1.0,288.0,278.0,312.0,320.0,653,axis_back,311.0,278.0,mask PCA skeleton + low contact point,generated_videos/control_points_2_car.mp4
446,0,car_racing_ego_car,1.0,288.0,278.0,312.0,320.0,653,axis_left,311.0,281.0,mask PCA skeleton + low contact point,generated_videos/control_points_2_car.mp4
446,0,car_racing_ego_car,1.0,288.0,278.0,312.0,320.0,653,axis_right,288.0,278.0,mask PCA skeleton + low contact point,generated_videos/control_points_2_car.mp4
446,0,car_racing_ego_car,1.0,288.0,278.0,312.0,320.0,653,contact_low,299.0,318.0,mask PCA skeleton + low contact point,generated_videos/control_points_2_car.mp4
447,0,car_racing_ego_car,1.0,288.0,278.0,312.0,320.0,663,centroid,299.36651611328125,299.585205078125,mask PCA skeleton + low contact point,generated_videos/control_points_2_car.mp4
447,0,car_racing_ego_car,1.0,288.0,278.0,312.0,320.0,663,axis_front,309.0,319.0,mask PCA skeleton + low contact point,generated_videos/control_points_2_car.mp4
447,0,car_racing_ego_car,1.0,288.0,278.0,312.0,320.0,663,axis_back,288.0,278.0,mask PCA skeleton + low contact point,generated_videos/control_points_2_car.mp4
447,0,car_racing_ego_car,1.0,288.0,278.0,312.0,320.0,663,axis_left,311.0,278.0,mask PCA skeleton + low contact point,generated_videos/control_points_2_car.mp4
447,0,car_racing_ego_car,1.0,288.0,278.0,312.0,320.0,663,axis_right,288.0,283.0,mask PCA skeleton + low contact point,generated_videos/control_points_2_car.mp4
447,0,car_racing_ego_car,1.0,288.0,278.0,312.0,320.0,663,contact_low,299.0,318.0,mask PCA skeleton + low contact point,generated_videos/control_points_2_car.mp4
448,0,car_racing_ego_car,1.0,288.0,278.0,312.0,320.0,663,centroid,299.36651611328125,299.585205078125,mask PCA skeleton + low contact point,generated_videos/control_points_2_car.mp4
448,0,car_racing_ego_car,1.0,288.0,278.0,312.0,320.0,663,axis_front,309.0,319.0,mask PCA skeleton + low contact point,generated_videos/control_points_2_car.mp4
448,0,car_racing_ego_car,1.0,288.0,278.0,312.0,320.0,663,axis_back,288.0,278.0,mask PCA skeleton + low contact point,generated_videos/control_points_2_car.mp4
448,0,car_racing_ego_car,1.0,288.0,278.0,312.0,320.0,663,axis_left,311.0,278.0,mask PCA skeleton + low contact point,generated_videos/control_points_2_car.mp4
448,0,car_racing_ego_car,1.0,288.0,278.0,312.0,320.0,663,axis_right,288.0,283.0,mask PCA skeleton + low contact point,generated_videos/control_points_2_car.mp4
448,0,car_racing_ego_car,1.0,288.0,278.0,312.0,320.0,663,contact_low,299.0,318.0,mask PCA skeleton + low contact point,generated_videos/control_points_2_car.mp4
449,0,car_racing_ego_car,1.0,288.0,278.0,312.0,320.0,663,centroid,299.56109619140625,299.9909362792969,mask PCA skeleton + low contact point,generated_videos/control_points_2_car.mp4
449,0,car_racing_ego_car,1.0,288.0,278.0,312.0,320.0,663,axis_front,309.0,319.0,mask PCA skeleton + low contact point,generated_videos/control_points_2_car.mp4
449,0,car_racing_ego_car,1.0,288.0,278.0,312.0,320.0,663,axis_back,288.0,278.0,mask PCA skeleton + low contact point,generated_videos/control_points_2_car.mp4
449,0,car_racing_ego_car,1.0,288.0,278.0,312.0,320.0,663,axis_left,311.0,278.0,mask PCA skeleton + low contact point,generated_videos/control_points_2_car.mp4
449,0,car_racing_ego_car,1.0,288.0,278.0,312.0,320.0,663,axis_right,288.0,281.0,mask PCA skeleton + low contact point,generated_videos/control_points_2_car.mp4
449,0,car_racing_ego_car,1.0,288.0,278.0,312.0,320.0,663,contact_low,299.0,318.0,mask PCA skeleton + low contact point,generated_videos/control_points_2_car.mp4
450,0,car_racing_ego_car,1.0,288.0,278.0,312.0,320.0,663,centroid,299.3650207519531,299.58673095703125,mask PCA skeleton + low contact point,generated_videos/control_points_2_car.mp4
450,0,car_racing_ego_car,1.0,288.0,278.0,312.0,320.0,663,axis_front,309.0,319.0,mask PCA skeleton + low contact point,generated_videos/control_points_2_car.mp4
450,0,car_racing_ego_car,1.0,288.0,278.0,312.0,320.0,663,axis_back,288.0,278.0,mask PCA skeleton + low contact point,generated_videos/control_points_2_car.mp4
450,0,car_racing_ego_car,1.0,288.0,278.0,312.0,320.0,663,axis_left,311.0,278.0,mask PCA skeleton + low contact point,generated_videos/control_points_2_car.mp4
450,0,car_racing_ego_car,1.0,288.0,278.0,312.0,320.0,663,axis_right,288.0,283.0,mask PCA skeleton + low contact point,generated_videos/control_points_2_car.mp4
450,0,car_racing_ego_car,1.0,288.0,278.0,312.0,320.0,663,contact_low,299.0,318.0,mask PCA skeleton + low contact point,generated_videos/control_points_2_car.mp4
451,0,car_racing_ego_car,1.0,288.0,278.0,312.0,320.0,663,centroid,299.3650207519531,299.58673095703125,mask PCA skeleton + low contact point,generated_videos/control_points_2_car.mp4
451,0,car_racing_ego_car,1.0,288.0,278.0,312.0,320.0,663,axis_front,309.0,319.0,mask PCA skeleton + low contact point,generated_videos/control_points_2_car.mp4
451,0,car_racing_ego_car,1.0,288.0,278.0,312.0,320.0,663,axis_back,288.0,278.0,mask PCA skeleton + low contact point,generated_videos/control_points_2_car.mp4
451,0,car_racing_ego_car,1.0,288.0,278.0,312.0,320.0,663,axis_left,311.0,278.0,mask PCA skeleton + low contact point,generated_videos/control_points_2_car.mp4
451,0,car_racing_ego_car,1.0,288.0,278.0,312.0,320.0,663,axis_right,288.0,283.0,mask PCA skeleton + low contact point,generated_videos/control_points_2_car.mp4
451,0,car_racing_ego_car,1.0,288.0,278.0,312.0,320.0,663,contact_low,299.0,318.0,mask PCA skeleton + low contact point,generated_videos/control_points_2_car.mp4
452,0,car_racing_ego_car,1.0,288.0,278.0,312.0,320.0,653,centroid,299.4624938964844,299.848388671875,mask PCA skeleton + low contact point,generated_videos/control_points_2_car.mp4
452,0,car_racing_ego_car,1.0,288.0,278.0,312.0,320.0,653,axis_front,309.0,319.0,mask PCA skeleton + low contact point,generated_videos/control_points_2_car.mp4
452,0,car_racing_ego_car,1.0,288.0,278.0,312.0,320.0,653,axis_back,288.0,278.0,mask PCA skeleton + low contact point,generated_videos/control_points_2_car.mp4
452,0,car_racing_ego_car,1.0,288.0,278.0,312.0,320.0,653,axis_left,311.0,278.0,mask PCA skeleton + low contact point,generated_videos/control_points_2_car.mp4
452,0,car_racing_ego_car,1.0,288.0,278.0,312.0,320.0,653,axis_right,288.0,281.0,mask PCA skeleton + low contact point,generated_videos/control_points_2_car.mp4
452,0,car_racing_ego_car,1.0,288.0,278.0,312.0,320.0,653,contact_low,299.0,318.0,mask PCA skeleton + low contact point,generated_videos/control_points_2_car.mp4
453,0,car_racing_ego_car,1.0,288.0,278.0,312.0,320.0,653,centroid,299.4624938964844,299.848388671875,mask PCA skeleton + low contact point,generated_videos/control_points_2_car.mp4
453,0,car_racing_ego_car,1.0,288.0,278.0,312.0,320.0,653,axis_front,309.0,319.0,mask PCA skeleton + low contact point,generated_videos/control_points_2_car.mp4
453,0,car_racing_ego_car,1.0,288.0,278.0,312.0,320.0,653,axis_back,288.0,278.0,mask PCA skeleton + low contact point,generated_videos/control_points_2_car.mp4
453,0,car_racing_ego_car,1.0,288.0,278.0,312.0,320.0,653,axis_left,311.0,278.0,mask PCA skeleton + low contact point,generated_videos/control_points_2_car.mp4
453,0,car_racing_ego_car,1.0,288.0,278.0,312.0,320.0,653,axis_right,288.0,281.0,mask PCA skeleton + low contact point,generated_videos/control_points_2_car.mp4
453,0,car_racing_ego_car,1.0,288.0,278.0,312.0,320.0,653,contact_low,299.0,318.0,mask PCA skeleton + low contact point,generated_videos/control_points_2_car.mp4
454,0,car_racing_ego_car,1.0,288.0,278.0,314.0,320.0,658,centroid,299.5531921386719,299.7036437988281,mask PCA skeleton + low contact point,generated_videos/control_points_2_car.mp4
454,0,car_racing_ego_car,1.0,288.0,278.0,314.0,320.0,658,axis_front,290.0,319.0,mask PCA skeleton + low contact point,generated_videos/control_points_2_car.mp4
454,0,car_racing_ego_car,1.0,288.0,278.0,314.0,320.0,658,axis_back,311.0,278.0,mask PCA skeleton + low contact point,generated_videos/control_points_2_car.mp4
454,0,car_racing_ego_car,1.0,288.0,278.0,314.0,320.0,658,axis_left,313.0,281.0,mask PCA skeleton + low contact point,generated_videos/control_points_2_car.mp4
454,0,car_racing_ego_car,1.0,288.0,278.0,314.0,320.0,658,axis_right,288.0,278.0,mask PCA skeleton + low contact point,generated_videos/control_points_2_car.mp4
454,0,car_racing_ego_car,1.0,288.0,278.0,314.0,320.0,658,contact_low,299.0,318.0,mask PCA skeleton + low contact point,generated_videos/control_points_2_car.mp4
455,0,car_racing_ego_car,1.0,288.0,278.0,314.0,320.0,658,centroid,299.5531921386719,299.7036437988281,mask PCA skeleton + low contact point,generated_videos/control_points_2_car.mp4
455,0,car_racing_ego_car,1.0,288.0,278.0,314.0,320.0,658,axis_front,290.0,319.0,mask PCA skeleton + low contact point,generated_videos/control_points_2_car.mp4
455,0,car_racing_ego_car,1.0,288.0,278.0,314.0,320.0,658,axis_back,311.0,278.0,mask PCA skeleton + low contact point,generated_videos/control_points_2_car.mp4
455,0,car_racing_ego_car,1.0,288.0,278.0,314.0,320.0,658,axis_left,313.0,281.0,mask PCA skeleton + low contact point,generated_videos/control_points_2_car.mp4
455,0,car_racing_ego_car,1.0,288.0,278.0,314.0,320.0,658,axis_right,288.0,278.0,mask PCA skeleton + low contact point,generated_videos/control_points_2_car.mp4
455,0,car_racing_ego_car,1.0,288.0,278.0,314.0,320.0,658,contact_low,299.0,318.0,mask PCA skeleton + low contact point,generated_videos/control_points_2_car.mp4
456,0,car_racing_ego_car,1.0,288.0,278.0,312.0,320.0,655,centroid,299.4855041503906,299.79541015625,mask PCA skeleton + low contact point,generated_videos/control_points_2_car.mp4
456,0,car_racing_ego_car,1.0,288.0,278.0,312.0,320.0,655,axis_front,290.0,319.0,mask PCA skeleton + low contact point,generated_videos/control_points_2_car.mp4
456,0,car_racing_ego_car,1.0,288.0,278.0,312.0,320.0,655,axis_back,311.0,278.0,mask PCA skeleton + low contact point,generated_videos/control_points_2_car.mp4
456,0,car_racing_ego_car,1.0,288.0,278.0,312.0,320.0,655,axis_left,311.0,281.0,mask PCA skeleton + low contact point,generated_videos/control_points_2_car.mp4
456,0,car_racing_ego_car,1.0,288.0,278.0,312.0,320.0,655,axis_right,288.0,278.0,mask PCA skeleton + low contact point,generated_videos/control_points_2_car.mp4
456,0,car_racing_ego_car,1.0,288.0,278.0,312.0,320.0,655,contact_low,299.0,318.0,mask PCA skeleton + low contact point,generated_videos/control_points_2_car.mp4
457,0,car_racing_ego_car,1.0,288.0,278.0,312.0,320.0,655,centroid,299.4855041503906,299.79541015625,mask PCA skeleton + low contact point,generated_videos/control_points_2_car.mp4
457,0,car_racing_ego_car,1.0,288.0,278.0,312.0,320.0,655,axis_front,290.0,319.0,mask PCA skeleton + low contact point,generated_videos/control_points_2_car.mp4
457,0,car_racing_ego_car,1.0,288.0,278.0,312.0,320.0,655,axis_back,311.0,278.0,mask PCA skeleton + low contact point,generated_videos/control_points_2_car.mp4
457,0,car_racing_ego_car,1.0,288.0,278.0,312.0,320.0,655,axis_left,311.0,281.0,mask PCA skeleton + low contact point,generated_videos/control_points_2_car.mp4
457,0,car_racing_ego_car,1.0,288.0,278.0,312.0,320.0,655,axis_right,288.0,278.0,mask PCA skeleton + low contact point,generated_videos/control_points_2_car.mp4
457,0,car_racing_ego_car,1.0,288.0,278.0,312.0,320.0,655,contact_low,299.0,318.0,mask PCA skeleton + low contact point,generated_videos/control_points_2_car.mp4
458,0,car_racing_ego_car,1.0,288.0,278.0,312.0,320.0,653,centroid,299.4624938964844,299.848388671875,mask PCA skeleton + low contact point,generated_videos/control_points_2_car.mp4
458,0,car_racing_ego_car,1.0,288.0,278.0,312.0,320.0,653,axis_front,309.0,319.0,mask PCA skeleton + low contact point,generated_videos/control_points_2_car.mp4
458,0,car_racing_ego_car,1.0,288.0,278.0,312.0,320.0,653,axis_back,288.0,278.0,mask PCA skeleton + low contact point,generated_videos/control_points_2_car.mp4
458,0,car_racing_ego_car,1.0,288.0,278.0,312.0,320.0,653,axis_left,311.0,278.0,mask PCA skeleton + low contact point,generated_videos/control_points_2_car.mp4
458,0,car_racing_ego_car,1.0,288.0,278.0,312.0,320.0,653,axis_right,288.0,281.0,mask PCA skeleton + low contact point,generated_videos/control_points_2_car.mp4
458,0,car_racing_ego_car,1.0,288.0,278.0,312.0,320.0,653,contact_low,299.0,318.0,mask PCA skeleton + low contact point,generated_videos/control_points_2_car.mp4
459,0,car_racing_ego_car,1.0,288.0,278.0,312.0,320.0,653,centroid,299.4624938964844,299.848388671875,mask PCA skeleton + low contact point,generated_videos/control_points_2_car.mp4
459,0,car_racing_ego_car,1.0,288.0,278.0,312.0,320.0,653,axis_front,309.0,319.0,mask PCA skeleton + low contact point,generated_videos/control_points_2_car.mp4
459,0,car_racing_ego_car,1.0,288.0,278.0,312.0,320.0,653,axis_back,288.0,278.0,mask PCA skeleton + low contact point,generated_videos/control_points_2_car.mp4
459,0,car_racing_ego_car,1.0,288.0,278.0,312.0,320.0,653,axis_left,311.0,278.0,mask PCA skeleton + low contact point,generated_videos/control_points_2_car.mp4
459,0,car_racing_ego_car,1.0,288.0,278.0,312.0,320.0,653,axis_right,288.0,281.0,mask PCA skeleton + low contact point,generated_videos/control_points_2_car.mp4
459,0,car_racing_ego_car,1.0,288.0,278.0,312.0,320.0,653,contact_low,299.0,318.0,mask PCA skeleton + low contact point,generated_videos/control_points_2_car.mp4
460,0,car_racing_ego_car,1.0,288.0,278.0,312.0,320.0,661,centroid,299.4281311035156,299.68231201171875,mask PCA skeleton + low contact point,generated_videos/control_points_2_car.mp4
460,0,car_racing_ego_car,1.0,288.0,278.0,312.0,320.0,661,axis_front,309.0,319.0,mask PCA skeleton + low contact point,generated_videos/control_points_2_car.mp4
460,0,car_racing_ego_car,1.0,288.0,278.0,312.0,320.0,661,axis_back,288.0,278.0,mask PCA skeleton + low contact point,generated_videos/control_points_2_car.mp4
460,0,car_racing_ego_car,1.0,288.0,278.0,312.0,320.0,661,axis_left,311.0,278.0,mask PCA skeleton + low contact point,generated_videos/control_points_2_car.mp4
460,0,car_racing_ego_car,1.0,288.0,278.0,312.0,320.0,661,axis_right,288.0,282.0,mask PCA skeleton + low contact point,generated_videos/control_points_2_car.mp4
460,0,car_racing_ego_car,1.0,288.0,278.0,312.0,320.0,661,contact_low,299.0,318.0,mask PCA skeleton + low contact point,generated_videos/control_points_2_car.mp4
461,0,car_racing_ego_car,1.0,288.0,278.0,312.0,320.0,661,centroid,299.4281311035156,299.68231201171875,mask PCA skeleton + low contact point,generated_videos/control_points_2_car.mp4
461,0,car_racing_ego_car,1.0,288.0,278.0,312.0,320.0,661,axis_front,309.0,319.0,mask PCA skeleton + low contact point,generated_videos/control_points_2_car.mp4
461,0,car_racing_ego_car,1.0,288.0,278.0,312.0,320.0,661,axis_back,288.0,278.0,mask PCA skeleton + low contact point,generated_videos/control_points_2_car.mp4
461,0,car_racing_ego_car,1.0,288.0,278.0,312.0,320.0,661,axis_left,311.0,278.0,mask PCA skeleton + low contact point,generated_videos/control_points_2_car.mp4
461,0,car_racing_ego_car,1.0,288.0,278.0,312.0,320.0,661,axis_right,288.0,282.0,mask PCA skeleton + low contact point,generated_videos/control_points_2_car.mp4
461,0,car_racing_ego_car,1.0,288.0,278.0,312.0,320.0,661,contact_low,299.0,318.0,mask PCA skeleton + low contact point,generated_videos/control_points_2_car.mp4
462,0,car_racing_ego_car,1.0,288.0,278.0,312.0,320.0,653,centroid,299.4349060058594,299.9219055175781,mask PCA skeleton + low contact point,generated_videos/control_points_2_car.mp4
462,0,car_racing_ego_car,1.0,288.0,278.0,312.0,320.0,653,axis_front,309.0,319.0,mask PCA skeleton + low contact point,generated_videos/control_points_2_car.mp4
462,0,car_racing_ego_car,1.0,288.0,278.0,312.0,320.0,653,axis_back,288.0,278.0,mask PCA skeleton + low contact point,generated_videos/control_points_2_car.mp4
462,0,car_racing_ego_car,1.0,288.0,278.0,312.0,320.0,653,axis_left,311.0,278.0,mask PCA skeleton + low contact point,generated_videos/control_points_2_car.mp4
462,0,car_racing_ego_car,1.0,288.0,278.0,312.0,320.0,653,axis_right,288.0,281.0,mask PCA skeleton + low contact point,generated_videos/control_points_2_car.mp4
462,0,car_racing_ego_car,1.0,288.0,278.0,312.0,320.0,653,contact_low,299.0,318.0,mask PCA skeleton + low contact point,generated_videos/control_points_2_car.mp4
463,0,car_racing_ego_car,1.0,288.0,278.0,312.0,320.0,653,centroid,299.4349060058594,299.9219055175781,mask PCA skeleton + low contact point,generated_videos/control_points_2_car.mp4
463,0,car_racing_ego_car,1.0,288.0,278.0,312.0,320.0,653,axis_front,309.0,319.0,mask PCA skeleton + low contact point,generated_videos/control_points_2_car.mp4
463,0,car_racing_ego_car,1.0,288.0,278.0,312.0,320.0,653,axis_back,288.0,278.0,mask PCA skeleton + low contact point,generated_videos/control_points_2_car.mp4
463,0,car_racing_ego_car,1.0,288.0,278.0,312.0,320.0,653,axis_left,311.0,278.0,mask PCA skeleton + low contact point,generated_videos/control_points_2_car.mp4
463,0,car_racing_ego_car,1.0,288.0,278.0,312.0,320.0,653,axis_right,288.0,281.0,mask PCA skeleton + low contact point,generated_videos/control_points_2_car.mp4
463,0,car_racing_ego_car,1.0,288.0,278.0,312.0,320.0,653,contact_low,299.0,318.0,mask PCA skeleton + low contact point,generated_videos/control_points_2_car.mp4
464,0,car_racing_ego_car,1.0,288.0,278.0,312.0,320.0,656,centroid,299.50152587890625,299.8155517578125,mask PCA skeleton + low contact point,generated_videos/control_points_2_car.mp4
464,0,car_racing_ego_car,1.0,288.0,278.0,312.0,320.0,656,axis_front,290.0,319.0,mask PCA skeleton + low contact point,generated_videos/control_points_2_car.mp4
464,0,car_racing_ego_car,1.0,288.0,278.0,312.0,320.0,656,axis_back,311.0,278.0,mask PCA skeleton + low contact point,generated_videos/control_points_2_car.mp4
464,0,car_racing_ego_car,1.0,288.0,278.0,312.0,320.0,656,axis_left,311.0,281.0,mask PCA skeleton + low contact point,generated_videos/control_points_2_car.mp4
464,0,car_racing_ego_car,1.0,288.0,278.0,312.0,320.0,656,axis_right,288.0,278.0,mask PCA skeleton + low contact point,generated_videos/control_points_2_car.mp4
464,0,car_racing_ego_car,1.0,288.0,278.0,312.0,320.0,656,contact_low,299.0,318.0,mask PCA skeleton + low contact point,generated_videos/control_points_2_car.mp4
465,0,car_racing_ego_car,1.0,288.0,278.0,312.0,320.0,656,centroid,299.50152587890625,299.8155517578125,mask PCA skeleton + low contact point,generated_videos/control_points_2_car.mp4
465,0,car_racing_ego_car,1.0,288.0,278.0,312.0,320.0,656,axis_front,290.0,319.0,mask PCA skeleton + low contact point,generated_videos/control_points_2_car.mp4
465,0,car_racing_ego_car,1.0,288.0,278.0,312.0,320.0,656,axis_back,311.0,278.0,mask PCA skeleton + low contact point,generated_videos/control_points_2_car.mp4
465,0,car_racing_ego_car,1.0,288.0,278.0,312.0,320.0,656,axis_left,311.0,281.0,mask PCA skeleton + low contact point,generated_videos/control_points_2_car.mp4
465,0,car_racing_ego_car,1.0,288.0,278.0,312.0,320.0,656,axis_right,288.0,278.0,mask PCA skeleton + low contact point,generated_videos/control_points_2_car.mp4
465,0,car_racing_ego_car,1.0,288.0,278.0,312.0,320.0,656,contact_low,299.0,318.0,mask PCA skeleton + low contact point,generated_videos/control_points_2_car.mp4
466,0,car_racing_ego_car,1.0,288.0,278.0,312.0,320.0,657,centroid,299.512939453125,299.7412414550781,mask PCA skeleton + low contact point,generated_videos/control_points_2_car.mp4
466,0,car_racing_ego_car,1.0,288.0,278.0,312.0,320.0,657,axis_front,290.0,319.0,mask PCA skeleton + low contact point,generated_videos/control_points_2_car.mp4
466,0,car_racing_ego_car,1.0,288.0,278.0,312.0,320.0,657,axis_back,311.0,278.0,mask PCA skeleton + low contact point,generated_videos/control_points_2_car.mp4
466,0,car_racing_ego_car,1.0,288.0,278.0,312.0,320.0,657,axis_left,311.0,281.0,mask PCA skeleton + low contact point,generated_videos/control_points_2_car.mp4
466,0,car_racing_ego_car,1.0,288.0,278.0,312.0,320.0,657,axis_right,288.0,278.0,mask PCA skeleton + low contact point,generated_videos/control_points_2_car.mp4
466,0,car_racing_ego_car,1.0,288.0,278.0,312.0,320.0,657,contact_low,299.0,318.0,mask PCA skeleton + low contact point,generated_videos/control_points_2_car.mp4
467,0,car_racing_ego_car,1.0,288.0,278.0,312.0,320.0,657,centroid,299.512939453125,299.7412414550781,mask PCA skeleton + low contact point,generated_videos/control_points_2_car.mp4
467,0,car_racing_ego_car,1.0,288.0,278.0,312.0,320.0,657,axis_front,290.0,319.0,mask PCA skeleton + low contact point,generated_videos/control_points_2_car.mp4
467,0,car_racing_ego_car,1.0,288.0,278.0,312.0,320.0,657,axis_back,311.0,278.0,mask PCA skeleton + low contact point,generated_videos/control_points_2_car.mp4
467,0,car_racing_ego_car,1.0,288.0,278.0,312.0,320.0,657,axis_left,311.0,281.0,mask PCA skeleton + low contact point,generated_videos/control_points_2_car.mp4
467,0,car_racing_ego_car,1.0,288.0,278.0,312.0,320.0,657,axis_right,288.0,278.0,mask PCA skeleton + low contact point,generated_videos/control_points_2_car.mp4
467,0,car_racing_ego_car,1.0,288.0,278.0,312.0,320.0,657,contact_low,299.0,318.0,mask PCA skeleton + low contact point,generated_videos/control_points_2_car.mp4
468,0,car_racing_ego_car,1.0,288.0,278.0,312.0,320.0,653,centroid,299.4624938964844,299.848388671875,mask PCA skeleton + low contact point,generated_videos/control_points_2_car.mp4
468,0,car_racing_ego_car,1.0,288.0,278.0,312.0,320.0,653,axis_front,309.0,319.0,mask PCA skeleton + low contact point,generated_videos/control_points_2_car.mp4
468,0,car_racing_ego_car,1.0,288.0,278.0,312.0,320.0,653,axis_back,288.0,278.0,mask PCA skeleton + low contact point,generated_videos/control_points_2_car.mp4
468,0,car_racing_ego_car,1.0,288.0,278.0,312.0,320.0,653,axis_left,311.0,278.0,mask PCA skeleton + low contact point,generated_videos/control_points_2_car.mp4
468,0,car_racing_ego_car,1.0,288.0,278.0,312.0,320.0,653,axis_right,288.0,281.0,mask PCA skeleton + low contact point,generated_videos/control_points_2_car.mp4
468,0,car_racing_ego_car,1.0,288.0,278.0,312.0,320.0,653,contact_low,299.0,318.0,mask PCA skeleton + low contact point,generated_videos/control_points_2_car.mp4
469,0,car_racing_ego_car,1.0,288.0,278.0,312.0,320.0,653,centroid,299.4624938964844,299.848388671875,mask PCA skeleton + low contact point,generated_videos/control_points_2_car.mp4
469,0,car_racing_ego_car,1.0,288.0,278.0,312.0,320.0,653,axis_front,309.0,319.0,mask PCA skeleton + low contact point,generated_videos/control_points_2_car.mp4
469,0,car_racing_ego_car,1.0,288.0,278.0,312.0,320.0,653,axis_back,288.0,278.0,mask PCA skeleton + low contact point,generated_videos/control_points_2_car.mp4
469,0,car_racing_ego_car,1.0,288.0,278.0,312.0,320.0,653,axis_left,311.0,278.0,mask PCA skeleton + low contact point,generated_videos/control_points_2_car.mp4
469,0,car_racing_ego_car,1.0,288.0,278.0,312.0,320.0,653,axis_right,288.0,281.0,mask PCA skeleton + low contact point,generated_videos/control_points_2_car.mp4
469,0,car_racing_ego_car,1.0,288.0,278.0,312.0,320.0,653,contact_low,299.0,318.0,mask PCA skeleton + low contact point,generated_videos/control_points_2_car.mp4
470,0,car_racing_ego_car,1.0,288.0,278.0,314.0,320.0,664,centroid,299.4322204589844,299.5993957519531,mask PCA skeleton + low contact point,generated_videos/control_points_2_car.mp4
470,0,car_racing_ego_car,1.0,288.0,278.0,314.0,320.0,664,axis_front,309.0,319.0,mask PCA skeleton + low contact point,generated_videos/control_points_2_car.mp4
470,0,car_racing_ego_car,1.0,288.0,278.0,314.0,320.0,664,axis_back,288.0,278.0,mask PCA skeleton + low contact point,generated_videos/control_points_2_car.mp4
470,0,car_racing_ego_car,1.0,288.0,278.0,314.0,320.0,664,axis_left,313.0,281.0,mask PCA skeleton + low contact point,generated_videos/control_points_2_car.mp4
470,0,car_racing_ego_car,1.0,288.0,278.0,314.0,320.0,664,axis_right,288.0,282.0,mask PCA skeleton + low contact point,generated_videos/control_points_2_car.mp4
470,0,car_racing_ego_car,1.0,288.0,278.0,314.0,320.0,664,contact_low,299.0,318.0,mask PCA skeleton + low contact point,generated_videos/control_points_2_car.mp4
471,0,car_racing_ego_car,1.0,288.0,278.0,314.0,320.0,664,centroid,299.4322204589844,299.5993957519531,mask PCA skeleton + low contact point,generated_videos/control_points_2_car.mp4
471,0,car_racing_ego_car,1.0,288.0,278.0,314.0,320.0,664,axis_front,309.0,319.0,mask PCA skeleton + low contact point,generated_videos/control_points_2_car.mp4
471,0,car_racing_ego_car,1.0,288.0,278.0,314.0,320.0,664,axis_back,288.0,278.0,mask PCA skeleton + low contact point,generated_videos/control_points_2_car.mp4
471,0,car_racing_ego_car,1.0,288.0,278.0,314.0,320.0,664,axis_left,313.0,281.0,mask PCA skeleton + low contact point,generated_videos/control_points_2_car.mp4
471,0,car_racing_ego_car,1.0,288.0,278.0,314.0,320.0,664,axis_right,288.0,282.0,mask PCA skeleton + low contact point,generated_videos/control_points_2_car.mp4
471,0,car_racing_ego_car,1.0,288.0,278.0,314.0,320.0,664,contact_low,299.0,318.0,mask PCA skeleton + low contact point,generated_videos/control_points_2_car.mp4
472,0,car_racing_ego_car,1.0,288.0,278.0,312.0,320.0,655,centroid,299.4855041503906,299.79541015625,mask PCA skeleton + low contact point,generated_videos/control_points_2_car.mp4
472,0,car_racing_ego_car,1.0,288.0,278.0,312.0,320.0,655,axis_front,290.0,319.0,mask PCA skeleton + low contact point,generated_videos/control_points_2_car.mp4
472,0,car_racing_ego_car,1.0,288.0,278.0,312.0,320.0,655,axis_back,311.0,278.0,mask PCA skeleton + low contact point,generated_videos/control_points_2_car.mp4
472,0,car_racing_ego_car,1.0,288.0,278.0,312.0,320.0,655,axis_left,311.0,281.0,mask PCA skeleton + low contact point,generated_videos/control_points_2_car.mp4
472,0,car_racing_ego_car,1.0,288.0,278.0,312.0,320.0,655,axis_right,288.0,278.0,mask PCA skeleton + low contact point,generated_videos/control_points_2_car.mp4
472,0,car_racing_ego_car,1.0,288.0,278.0,312.0,320.0,655,contact_low,299.0,318.0,mask PCA skeleton + low contact point,generated_videos/control_points_2_car.mp4
473,0,car_racing_ego_car,1.0,288.0,278.0,312.0,320.0,655,centroid,299.4855041503906,299.79541015625,mask PCA skeleton + low contact point,generated_videos/control_points_2_car.mp4
473,0,car_racing_ego_car,1.0,288.0,278.0,312.0,320.0,655,axis_front,290.0,319.0,mask PCA skeleton + low contact point,generated_videos/control_points_2_car.mp4
473,0,car_racing_ego_car,1.0,288.0,278.0,312.0,320.0,655,axis_back,311.0,278.0,mask PCA skeleton + low contact point,generated_videos/control_points_2_car.mp4
473,0,car_racing_ego_car,1.0,288.0,278.0,312.0,320.0,655,axis_left,311.0,281.0,mask PCA skeleton + low contact point,generated_videos/control_points_2_car.mp4
473,0,car_racing_ego_car,1.0,288.0,278.0,312.0,320.0,655,axis_right,288.0,278.0,mask PCA skeleton + low contact point,generated_videos/control_points_2_car.mp4
473,0,car_racing_ego_car,1.0,288.0,278.0,312.0,320.0,655,contact_low,299.0,318.0,mask PCA skeleton + low contact point,generated_videos/control_points_2_car.mp4
474,0,car_racing_ego_car,1.0,288.0,278.0,312.0,320.0,667,centroid,299.70166015625,300.1064453125,mask PCA skeleton + low contact point,generated_videos/control_points_2_car.mp4
474,0,car_racing_ego_car,1.0,288.0,278.0,312.0,320.0,667,axis_front,309.0,319.0,mask PCA skeleton + low contact point,generated_videos/control_points_2_car.mp4
474,0,car_racing_ego_car,1.0,288.0,278.0,312.0,320.0,667,axis_back,288.0,278.0,mask PCA skeleton + low contact point,generated_videos/control_points_2_car.mp4
474,0,car_racing_ego_car,1.0,288.0,278.0,312.0,320.0,667,axis_left,311.0,278.0,mask PCA skeleton + low contact point,generated_videos/control_points_2_car.mp4
474,0,car_racing_ego_car,1.0,288.0,278.0,312.0,320.0,667,axis_right,288.0,281.0,mask PCA skeleton + low contact point,generated_videos/control_points_2_car.mp4
474,0,car_racing_ego_car,1.0,288.0,278.0,312.0,320.0,667,contact_low,299.0,318.0,mask PCA skeleton + low contact point,generated_videos/control_points_2_car.mp4
475,0,car_racing_ego_car,1.0,288.0,278.0,312.0,320.0,656,centroid,299.57318115234375,299.7682800292969,mask PCA skeleton + low contact point,generated_videos/control_points_2_car.mp4
475,0,car_racing_ego_car,1.0,288.0,278.0,312.0,320.0,656,axis_front,290.0,319.0,mask PCA skeleton + low contact point,generated_videos/control_points_2_car.mp4
475,0,car_racing_ego_car,1.0,288.0,278.0,312.0,320.0,656,axis_back,311.0,278.0,mask PCA skeleton + low contact point,generated_videos/control_points_2_car.mp4
475,0,car_racing_ego_car,1.0,288.0,278.0,312.0,320.0,656,axis_left,311.0,281.0,mask PCA skeleton + low contact point,generated_videos/control_points_2_car.mp4
475,0,car_racing_ego_car,1.0,288.0,278.0,312.0,320.0,656,axis_right,288.0,278.0,mask PCA skeleton + low contact point,generated_videos/control_points_2_car.mp4
475,0,car_racing_ego_car,1.0,288.0,278.0,312.0,320.0,656,contact_low,299.0,318.0,mask PCA skeleton + low contact point,generated_videos/control_points_2_car.mp4
476,0,car_racing_ego_car,1.0,288.0,278.0,312.0,320.0,656,centroid,299.57318115234375,299.7682800292969,mask PCA skeleton + low contact point,generated_videos/control_points_2_car.mp4
476,0,car_racing_ego_car,1.0,288.0,278.0,312.0,320.0,656,axis_front,290.0,319.0,mask PCA skeleton + low contact point,generated_videos/control_points_2_car.mp4
476,0,car_racing_ego_car,1.0,288.0,278.0,312.0,320.0,656,axis_back,311.0,278.0,mask PCA skeleton + low contact point,generated_videos/control_points_2_car.mp4
476,0,car_racing_ego_car,1.0,288.0,278.0,312.0,320.0,656,axis_left,311.0,281.0,mask PCA skeleton + low contact point,generated_videos/control_points_2_car.mp4
476,0,car_racing_ego_car,1.0,288.0,278.0,312.0,320.0,656,axis_right,288.0,278.0,mask PCA skeleton + low contact point,generated_videos/control_points_2_car.mp4
476,0,car_racing_ego_car,1.0,288.0,278.0,312.0,320.0,656,contact_low,299.0,318.0,mask PCA skeleton + low contact point,generated_videos/control_points_2_car.mp4
477,0,car_racing_ego_car,1.0,288.0,278.0,312.0,320.0,653,centroid,299.4624938964844,299.848388671875,mask PCA skeleton + low contact point,generated_videos/control_points_2_car.mp4
477,0,car_racing_ego_car,1.0,288.0,278.0,312.0,320.0,653,axis_front,309.0,319.0,mask PCA skeleton + low contact point,generated_videos/control_points_2_car.mp4
477,0,car_racing_ego_car,1.0,288.0,278.0,312.0,320.0,653,axis_back,288.0,278.0,mask PCA skeleton + low contact point,generated_videos/control_points_2_car.mp4
477,0,car_racing_ego_car,1.0,288.0,278.0,312.0,320.0,653,axis_left,311.0,278.0,mask PCA skeleton + low contact point,generated_videos/control_points_2_car.mp4
477,0,car_racing_ego_car,1.0,288.0,278.0,312.0,320.0,653,axis_right,288.0,281.0,mask PCA skeleton + low contact point,generated_videos/control_points_2_car.mp4
477,0,car_racing_ego_car,1.0,288.0,278.0,312.0,320.0,653,contact_low,299.0,318.0,mask PCA skeleton + low contact point,generated_videos/control_points_2_car.mp4
478,0,car_racing_ego_car,1.0,288.0,278.0,312.0,320.0,653,centroid,299.4624938964844,299.848388671875,mask PCA skeleton + low contact point,generated_videos/control_points_2_car.mp4
478,0,car_racing_ego_car,1.0,288.0,278.0,312.0,320.0,653,axis_front,309.0,319.0,mask PCA skeleton + low contact point,generated_videos/control_points_2_car.mp4
478,0,car_racing_ego_car,1.0,288.0,278.0,312.0,320.0,653,axis_back,288.0,278.0,mask PCA skeleton + low contact point,generated_videos/control_points_2_car.mp4
478,0,car_racing_ego_car,1.0,288.0,278.0,312.0,320.0,653,axis_left,311.0,278.0,mask PCA skeleton + low contact point,generated_videos/control_points_2_car.mp4
478,0,car_racing_ego_car,1.0,288.0,278.0,312.0,320.0,653,axis_right,288.0,281.0,mask PCA skeleton + low contact point,generated_videos/control_points_2_car.mp4
478,0,car_racing_ego_car,1.0,288.0,278.0,312.0,320.0,653,contact_low,299.0,318.0,mask PCA skeleton + low contact point,generated_videos/control_points_2_car.mp4
479,0,car_racing_ego_car,1.0,288.0,278.0,312.0,320.0,656,centroid,299.44970703125,299.8948059082031,mask PCA skeleton + low contact point,generated_videos/control_points_2_car.mp4
479,0,car_racing_ego_car,1.0,288.0,278.0,312.0,320.0,656,axis_front,309.0,319.0,mask PCA skeleton + low contact point,generated_videos/control_points_2_car.mp4
479,0,car_racing_ego_car,1.0,288.0,278.0,312.0,320.0,656,axis_back,288.0,278.0,mask PCA skeleton + low contact point,generated_videos/control_points_2_car.mp4
479,0,car_racing_ego_car,1.0,288.0,278.0,312.0,320.0,656,axis_left,311.0,278.0,mask PCA skeleton + low contact point,generated_videos/control_points_2_car.mp4
479,0,car_racing_ego_car,1.0,288.0,278.0,312.0,320.0,656,axis_right,288.0,281.0,mask PCA skeleton + low contact point,generated_videos/control_points_2_car.mp4
479,0,car_racing_ego_car,1.0,288.0,278.0,312.0,320.0,656,contact_low,299.0,318.0,mask PCA skeleton + low contact point,generated_videos/control_points_2_car.mp4
480,0,car_racing_ego_car,1.0,288.0,278.0,312.0,320.0,656,centroid,299.44970703125,299.8948059082031,mask PCA skeleton + low contact point,generated_videos/control_points_2_car.mp4
480,0,car_racing_ego_car,1.0,288.0,278.0,312.0,320.0,656,axis_front,309.0,319.0,mask PCA skeleton + low contact point,generated_videos/control_points_2_car.mp4
480,0,car_racing_ego_car,1.0,288.0,278.0,312.0,320.0,656,axis_back,288.0,278.0,mask PCA skeleton + low contact point,generated_videos/control_points_2_car.mp4
480,0,car_racing_ego_car,1.0,288.0,278.0,312.0,320.0,656,axis_left,311.0,278.0,mask PCA skeleton + low contact point,generated_videos/control_points_2_car.mp4
480,0,car_racing_ego_car,1.0,288.0,278.0,312.0,320.0,656,axis_right,288.0,281.0,mask PCA skeleton + low contact point,generated_videos/control_points_2_car.mp4
480,0,car_racing_ego_car,1.0,288.0,278.0,312.0,320.0,656,contact_low,299.0,318.0,mask PCA skeleton + low contact point,generated_videos/control_points_2_car.mp4
481,0,car_racing_ego_car,1.0,288.0,278.0,314.0,320.0,657,centroid,299.5418701171875,299.7305908203125,mask PCA skeleton + low contact point,generated_videos/control_points_2_car.mp4
481,0,car_racing_ego_car,1.0,288.0,278.0,314.0,320.0,657,axis_front,290.0,319.0,mask PCA skeleton + low contact point,generated_videos/control_points_2_car.mp4
481,0,car_racing_ego_car,1.0,288.0,278.0,314.0,320.0,657,axis_back,311.0,278.0,mask PCA skeleton + low contact point,generated_videos/control_points_2_car.mp4
481,0,car_racing_ego_car,1.0,288.0,278.0,314.0,320.0,657,axis_left,313.0,281.0,mask PCA skeleton + low contact point,generated_videos/control_points_2_car.mp4
481,0,car_racing_ego_car,1.0,288.0,278.0,314.0,320.0,657,axis_right,288.0,278.0,mask PCA skeleton + low contact point,generated_videos/control_points_2_car.mp4
481,0,car_racing_ego_car,1.0,288.0,278.0,314.0,320.0,657,contact_low,299.0,318.0,mask PCA skeleton + low contact point,generated_videos/control_points_2_car.mp4
482,0,car_racing_ego_car,1.0,288.0,278.0,314.0,320.0,657,centroid,299.5418701171875,299.7305908203125,mask PCA skeleton + low contact point,generated_videos/control_points_2_car.mp4
482,0,car_racing_ego_car,1.0,288.0,278.0,314.0,320.0,657,axis_front,290.0,319.0,mask PCA skeleton + low contact point,generated_videos/control_points_2_car.mp4
482,0,car_racing_ego_car,1.0,288.0,278.0,314.0,320.0,657,axis_back,311.0,278.0,mask PCA skeleton + low contact point,generated_videos/control_points_2_car.mp4
482,0,car_racing_ego_car,1.0,288.0,278.0,314.0,320.0,657,axis_left,313.0,281.0,mask PCA skeleton + low contact point,generated_videos/control_points_2_car.mp4
482,0,car_racing_ego_car,1.0,288.0,278.0,314.0,320.0,657,axis_right,288.0,278.0,mask PCA skeleton + low contact point,generated_videos/control_points_2_car.mp4
482,0,car_racing_ego_car,1.0,288.0,278.0,314.0,320.0,657,contact_low,299.0,318.0,mask PCA skeleton + low contact point,generated_videos/control_points_2_car.mp4
483,0,car_racing_ego_car,1.0,288.0,278.0,312.0,320.0,661,centroid,299.3736877441406,299.6853332519531,mask PCA skeleton + low contact point,generated_videos/control_points_2_car.mp4
483,0,car_racing_ego_car,1.0,288.0,278.0,312.0,320.0,661,axis_front,309.0,319.0,mask PCA skeleton + low contact point,generated_videos/control_points_2_car.mp4
483,0,car_racing_ego_car,1.0,288.0,278.0,312.0,320.0,661,axis_back,288.0,278.0,mask PCA skeleton + low contact point,generated_videos/control_points_2_car.mp4
483,0,car_racing_ego_car,1.0,288.0,278.0,312.0,320.0,661,axis_left,311.0,278.0,mask PCA skeleton + low contact point,generated_videos/control_points_2_car.mp4
483,0,car_racing_ego_car,1.0,288.0,278.0,312.0,320.0,661,axis_right,288.0,282.0,mask PCA skeleton + low contact point,generated_videos/control_points_2_car.mp4
483,0,car_racing_ego_car,1.0,288.0,278.0,312.0,320.0,661,contact_low,299.0,318.0,mask PCA skeleton + low contact point,generated_videos/control_points_2_car.mp4
484,0,car_racing_ego_car,1.0,288.0,278.0,312.0,320.0,661,centroid,299.3736877441406,299.6853332519531,mask PCA skeleton + low contact point,generated_videos/control_points_2_car.mp4
484,0,car_racing_ego_car,1.0,288.0,278.0,312.0,320.0,661,axis_front,309.0,319.0,mask PCA skeleton + low contact point,generated_videos/control_points_2_car.mp4
484,0,car_racing_ego_car,1.0,288.0,278.0,312.0,320.0,661,axis_back,288.0,278.0,mask PCA skeleton + low contact point,generated_videos/control_points_2_car.mp4
484,0,car_racing_ego_car,1.0,288.0,278.0,312.0,320.0,661,axis_left,311.0,278.0,mask PCA skeleton + low contact point,generated_videos/control_points_2_car.mp4
484,0,car_racing_ego_car,1.0,288.0,278.0,312.0,320.0,661,axis_right,288.0,282.0,mask PCA skeleton + low contact point,generated_videos/control_points_2_car.mp4
484,0,car_racing_ego_car,1.0,288.0,278.0,312.0,320.0,661,contact_low,299.0,318.0,mask PCA skeleton + low contact point,generated_videos/control_points_2_car.mp4
485,0,car_racing_ego_car,1.0,288.0,278.0,312.0,320.0,655,centroid,299.43511962890625,299.873291015625,mask PCA skeleton + low contact point,generated_videos/control_points_2_car.mp4
485,0,car_racing_ego_car,1.0,288.0,278.0,312.0,320.0,655,axis_front,290.0,319.0,mask PCA skeleton + low contact point,generated_videos/control_points_2_car.mp4
485,0,car_racing_ego_car,1.0,288.0,278.0,312.0,320.0,655,axis_back,311.0,278.0,mask PCA skeleton + low contact point,generated_videos/control_points_2_car.mp4
485,0,car_racing_ego_car,1.0,288.0,278.0,312.0,320.0,655,axis_left,311.0,281.0,mask PCA skeleton + low contact point,generated_videos/control_points_2_car.mp4
485,0,car_racing_ego_car,1.0,288.0,278.0,312.0,320.0,655,axis_right,288.0,278.0,mask PCA skeleton + low contact point,generated_videos/control_points_2_car.mp4
485,0,car_racing_ego_car,1.0,288.0,278.0,312.0,320.0,655,contact_low,299.0,318.0,mask PCA skeleton + low contact point,generated_videos/control_points_2_car.mp4
486,0,car_racing_ego_car,1.0,288.0,278.0,312.0,320.0,655,centroid,299.43511962890625,299.873291015625,mask PCA skeleton + low contact point,generated_videos/control_points_2_car.mp4
486,0,car_racing_ego_car,1.0,288.0,278.0,312.0,320.0,655,axis_front,290.0,319.0,mask PCA skeleton + low contact point,generated_videos/control_points_2_car.mp4
486,0,car_racing_ego_car,1.0,288.0,278.0,312.0,320.0,655,axis_back,311.0,278.0,mask PCA skeleton + low contact point,generated_videos/control_points_2_car.mp4
486,0,car_racing_ego_car,1.0,288.0,278.0,312.0,320.0,655,axis_left,311.0,281.0,mask PCA skeleton + low contact point,generated_videos/control_points_2_car.mp4
486,0,car_racing_ego_car,1.0,288.0,278.0,312.0,320.0,655,axis_right,288.0,278.0,mask PCA skeleton + low contact point,generated_videos/control_points_2_car.mp4
486,0,car_racing_ego_car,1.0,288.0,278.0,312.0,320.0,655,contact_low,299.0,318.0,mask PCA skeleton + low contact point,generated_videos/control_points_2_car.mp4
487,0,car_racing_ego_car,1.0,288.0,278.0,312.0,320.0,652,centroid,299.45245361328125,299.8742370605469,mask PCA skeleton + low contact point,generated_videos/control_points_2_car.mp4
487,0,car_racing_ego_car,1.0,288.0,278.0,312.0,320.0,652,axis_front,309.0,319.0,mask PCA skeleton + low contact point,generated_videos/control_points_2_car.mp4
487,0,car_racing_ego_car,1.0,288.0,278.0,312.0,320.0,652,axis_back,288.0,278.0,mask PCA skeleton + low contact point,generated_videos/control_points_2_car.mp4
487,0,car_racing_ego_car,1.0,288.0,278.0,312.0,320.0,652,axis_left,311.0,278.0,mask PCA skeleton + low contact point,generated_videos/control_points_2_car.mp4
487,0,car_racing_ego_car,1.0,288.0,278.0,312.0,320.0,652,axis_right,288.0,281.0,mask PCA skeleton + low contact point,generated_videos/control_points_2_car.mp4
487,0,car_racing_ego_car,1.0,288.0,278.0,312.0,320.0,652,contact_low,299.0,318.0,mask PCA skeleton + low contact point,generated_videos/control_points_2_car.mp4
488,0,car_racing_ego_car,1.0,288.0,278.0,312.0,320.0,652,centroid,299.45245361328125,299.8742370605469,mask PCA skeleton + low contact point,generated_videos/control_points_2_car.mp4
488,0,car_racing_ego_car,1.0,288.0,278.0,312.0,320.0,652,axis_front,309.0,319.0,mask PCA skeleton + low contact point,generated_videos/control_points_2_car.mp4
488,0,car_racing_ego_car,1.0,288.0,278.0,312.0,320.0,652,axis_back,288.0,278.0,mask PCA skeleton + low contact point,generated_videos/control_points_2_car.mp4
488,0,car_racing_ego_car,1.0,288.0,278.0,312.0,320.0,652,axis_left,311.0,278.0,mask PCA skeleton + low contact point,generated_videos/control_points_2_car.mp4
488,0,car_racing_ego_car,1.0,288.0,278.0,312.0,320.0,652,axis_right,288.0,281.0,mask PCA skeleton + low contact point,generated_videos/control_points_2_car.mp4
488,0,car_racing_ego_car,1.0,288.0,278.0,312.0,320.0,652,contact_low,299.0,318.0,mask PCA skeleton + low contact point,generated_videos/control_points_2_car.mp4
489,0,car_racing_ego_car,1.0,288.0,278.0,312.0,320.0,654,centroid,299.47705078125,299.8700256347656,mask PCA skeleton + low contact point,generated_videos/control_points_2_car.mp4
489,0,car_racing_ego_car,1.0,288.0,278.0,312.0,320.0,654,axis_front,309.0,319.0,mask PCA skeleton + low contact point,generated_videos/control_points_2_car.mp4
489,0,car_racing_ego_car,1.0,288.0,278.0,312.0,320.0,654,axis_back,288.0,278.0,mask PCA skeleton + low contact point,generated_videos/control_points_2_car.mp4
489,0,car_racing_ego_car,1.0,288.0,278.0,312.0,320.0,654,axis_left,311.0,278.0,mask PCA skeleton + low contact point,generated_videos/control_points_2_car.mp4
489,0,car_racing_ego_car,1.0,288.0,278.0,312.0,320.0,654,axis_right,288.0,281.0,mask PCA skeleton + low contact point,generated_videos/control_points_2_car.mp4
489,0,car_racing_ego_car,1.0,288.0,278.0,312.0,320.0,654,contact_low,299.0,318.0,mask PCA skeleton + low contact point,generated_videos/control_points_2_car.mp4
490,0,car_racing_ego_car,1.0,288.0,278.0,312.0,320.0,654,centroid,299.47705078125,299.8700256347656,mask PCA skeleton + low contact point,generated_videos/control_points_2_car.mp4
490,0,car_racing_ego_car,1.0,288.0,278.0,312.0,320.0,654,axis_front,309.0,319.0,mask PCA skeleton + low contact point,generated_videos/control_points_2_car.mp4
490,0,car_racing_ego_car,1.0,288.0,278.0,312.0,320.0,654,axis_back,288.0,278.0,mask PCA skeleton + low contact point,generated_videos/control_points_2_car.mp4
490,0,car_racing_ego_car,1.0,288.0,278.0,312.0,320.0,654,axis_left,311.0,278.0,mask PCA skeleton + low contact point,generated_videos/control_points_2_car.mp4
490,0,car_racing_ego_car,1.0,288.0,278.0,312.0,320.0,654,axis_right,288.0,281.0,mask PCA skeleton + low contact point,generated_videos/control_points_2_car.mp4
490,0,car_racing_ego_car,1.0,288.0,278.0,312.0,320.0,654,contact_low,299.0,318.0,mask PCA skeleton + low contact point,generated_videos/control_points_2_car.mp4
491,0,car_racing_ego_car,1.0,288.0,278.0,312.0,320.0,652,centroid,299.45245361328125,299.8742370605469,mask PCA skeleton + low contact point,generated_videos/control_points_2_car.mp4
491,0,car_racing_ego_car,1.0,288.0,278.0,312.0,320.0,652,axis_front,309.0,319.0,mask PCA skeleton + low contact point,generated_videos/control_points_2_car.mp4
491,0,car_racing_ego_car,1.0,288.0,278.0,312.0,320.0,652,axis_back,288.0,278.0,mask PCA skeleton + low contact point,generated_videos/control_points_2_car.mp4
491,0,car_racing_ego_car,1.0,288.0,278.0,312.0,320.0,652,axis_left,311.0,278.0,mask PCA skeleton + low contact point,generated_videos/control_points_2_car.mp4
491,0,car_racing_ego_car,1.0,288.0,278.0,312.0,320.0,652,axis_right,288.0,281.0,mask PCA skeleton + low contact point,generated_videos/control_points_2_car.mp4
491,0,car_racing_ego_car,1.0,288.0,278.0,312.0,320.0,652,contact_low,299.0,318.0,mask PCA skeleton + low contact point,generated_videos/control_points_2_car.mp4
492,0,car_racing_ego_car,1.0,288.0,278.0,312.0,320.0,652,centroid,299.45245361328125,299.8742370605469,mask PCA skeleton + low contact point,generated_videos/control_points_2_car.mp4
492,0,car_racing_ego_car,1.0,288.0,278.0,312.0,320.0,652,axis_front,309.0,319.0,mask PCA skeleton + low contact point,generated_videos/control_points_2_car.mp4
492,0,car_racing_ego_car,1.0,288.0,278.0,312.0,320.0,652,axis_back,288.0,278.0,mask PCA skeleton + low contact point,generated_videos/control_points_2_car.mp4
492,0,car_racing_ego_car,1.0,288.0,278.0,312.0,320.0,652,axis_left,311.0,278.0,mask PCA skeleton + low contact point,generated_videos/control_points_2_car.mp4
492,0,car_racing_ego_car,1.0,288.0,278.0,312.0,320.0,652,axis_right,288.0,281.0,mask PCA skeleton + low contact point,generated_videos/control_points_2_car.mp4
492,0,car_racing_ego_car,1.0,288.0,278.0,312.0,320.0,652,contact_low,299.0,318.0,mask PCA skeleton + low contact point,generated_videos/control_points_2_car.mp4
493,0,car_racing_ego_car,1.0,288.0,278.0,312.0,320.0,652,centroid,299.45245361328125,299.8742370605469,mask PCA skeleton + low contact point,generated_videos/control_points_2_car.mp4
493,0,car_racing_ego_car,1.0,288.0,278.0,312.0,320.0,652,axis_front,309.0,319.0,mask PCA skeleton + low contact point,generated_videos/control_points_2_car.mp4
493,0,car_racing_ego_car,1.0,288.0,278.0,312.0,320.0,652,axis_back,288.0,278.0,mask PCA skeleton + low contact point,generated_videos/control_points_2_car.mp4
493,0,car_racing_ego_car,1.0,288.0,278.0,312.0,320.0,652,axis_left,311.0,278.0,mask PCA skeleton + low contact point,generated_videos/control_points_2_car.mp4
493,0,car_racing_ego_car,1.0,288.0,278.0,312.0,320.0,652,axis_right,288.0,281.0,mask PCA skeleton + low contact point,generated_videos/control_points_2_car.mp4
493,0,car_racing_ego_car,1.0,288.0,278.0,312.0,320.0,652,contact_low,299.0,318.0,mask PCA skeleton + low contact point,generated_videos/control_points_2_car.mp4
494,0,car_racing_ego_car,1.0,288.0,278.0,312.0,320.0,652,centroid,299.45245361328125,299.8742370605469,mask PCA skeleton + low contact point,generated_videos/control_points_2_car.mp4
494,0,car_racing_ego_car,1.0,288.0,278.0,312.0,320.0,652,axis_front,309.0,319.0,mask PCA skeleton + low contact point,generated_videos/control_points_2_car.mp4
494,0,car_racing_ego_car,1.0,288.0,278.0,312.0,320.0,652,axis_back,288.0,278.0,mask PCA skeleton + low contact point,generated_videos/control_points_2_car.mp4
494,0,car_racing_ego_car,1.0,288.0,278.0,312.0,320.0,652,axis_left,311.0,278.0,mask PCA skeleton + low contact point,generated_videos/control_points_2_car.mp4
494,0,car_racing_ego_car,1.0,288.0,278.0,312.0,320.0,652,axis_right,288.0,281.0,mask PCA skeleton + low contact point,generated_videos/control_points_2_car.mp4
494,0,car_racing_ego_car,1.0,288.0,278.0,312.0,320.0,652,contact_low,299.0,318.0,mask PCA skeleton + low contact point,generated_videos/control_points_2_car.mp4
495,0,car_racing_ego_car,1.0,288.0,278.0,312.0,320.0,655,centroid,299.44122314453125,299.8427429199219,mask PCA skeleton + low contact point,generated_videos/control_points_2_car.mp4
495,0,car_racing_ego_car,1.0,288.0,278.0,312.0,320.0,655,axis_front,309.0,319.0,mask PCA skeleton + low contact point,generated_videos/control_points_2_car.mp4
495,0,car_racing_ego_car,1.0,288.0,278.0,312.0,320.0,655,axis_back,288.0,278.0,mask PCA skeleton + low contact point,generated_videos/control_points_2_car.mp4
495,0,car_racing_ego_car,1.0,288.0,278.0,312.0,320.0,655,axis_left,311.0,278.0,mask PCA skeleton + low contact point,generated_videos/control_points_2_car.mp4
495,0,car_racing_ego_car,1.0,288.0,278.0,312.0,320.0,655,axis_right,288.0,281.0,mask PCA skeleton + low contact point,generated_videos/control_points_2_car.mp4
495,0,car_racing_ego_car,1.0,288.0,278.0,312.0,320.0,655,contact_low,299.0,318.0,mask PCA skeleton + low contact point,generated_videos/control_points_2_car.mp4
496,0,car_racing_ego_car,1.0,288.0,278.0,312.0,320.0,655,centroid,299.44122314453125,299.8427429199219,mask PCA skeleton + low contact point,generated_videos/control_points_2_car.mp4
496,0,car_racing_ego_car,1.0,288.0,278.0,312.0,320.0,655,axis_front,309.0,319.0,mask PCA skeleton + low contact point,generated_videos/control_points_2_car.mp4
496,0,car_racing_ego_car,1.0,288.0,278.0,312.0,320.0,655,axis_back,288.0,278.0,mask PCA skeleton + low contact point,generated_videos/control_points_2_car.mp4
496,0,car_racing_ego_car,1.0,288.0,278.0,312.0,320.0,655,axis_left,311.0,278.0,mask PCA skeleton + low contact point,generated_videos/control_points_2_car.mp4
496,0,car_racing_ego_car,1.0,288.0,278.0,312.0,320.0,655,axis_right,288.0,281.0,mask PCA skeleton + low contact point,generated_videos/control_points_2_car.mp4
496,0,car_racing_ego_car,1.0,288.0,278.0,312.0,320.0,655,contact_low,299.0,318.0,mask PCA skeleton + low contact point,generated_videos/control_points_2_car.mp4
497,0,car_racing_ego_car,1.0,288.0,278.0,312.0,320.0,654,centroid,299.4266052246094,299.82110595703125,mask PCA skeleton + low contact point,generated_videos/control_points_2_car.mp4
497,0,car_racing_ego_car,1.0,288.0,278.0,312.0,320.0,654,axis_front,309.0,319.0,mask PCA skeleton + low contact point,generated_videos/control_points_2_car.mp4
497,0,car_racing_ego_car,1.0,288.0,278.0,312.0,320.0,654,axis_back,288.0,278.0,mask PCA skeleton + low contact point,generated_videos/control_points_2_car.mp4
497,0,car_racing_ego_car,1.0,288.0,278.0,312.0,320.0,654,axis_left,311.0,278.0,mask PCA skeleton + low contact point,generated_videos/control_points_2_car.mp4
497,0,car_racing_ego_car,1.0,288.0,278.0,312.0,320.0,654,axis_right,288.0,281.0,mask PCA skeleton + low contact point,generated_videos/control_points_2_car.mp4
497,0,car_racing_ego_car,1.0,288.0,278.0,312.0,320.0,654,contact_low,299.0,318.0,mask PCA skeleton + low contact point,generated_videos/control_points_2_car.mp4
498,0,car_racing_ego_car,1.0,288.0,278.0,312.0,320.0,654,centroid,299.4266052246094,299.82110595703125,mask PCA skeleton + low contact point,generated_videos/control_points_2_car.mp4
498,0,car_racing_ego_car,1.0,288.0,278.0,312.0,320.0,654,axis_front,309.0,319.0,mask PCA skeleton + low contact point,generated_videos/control_points_2_car.mp4
498,0,car_racing_ego_car,1.0,288.0,278.0,312.0,320.0,654,axis_back,288.0,278.0,mask PCA skeleton + low contact point,generated_videos/control_points_2_car.mp4
498,0,car_racing_ego_car,1.0,288.0,278.0,312.0,320.0,654,axis_left,311.0,278.0,mask PCA skeleton + low contact point,generated_videos/control_points_2_car.mp4
498,0,car_racing_ego_car,1.0,288.0,278.0,312.0,320.0,654,axis_right,288.0,281.0,mask PCA skeleton + low contact point,generated_videos/control_points_2_car.mp4
498,0,car_racing_ego_car,1.0,288.0,278.0,312.0,320.0,654,contact_low,299.0,318.0,mask PCA skeleton + low contact point,generated_videos/control_points_2_car.mp4
499,0,car_racing_ego_car,1.0,288.0,278.0,312.0,320.0,655,centroid,299.43359375,299.90533447265625,mask PCA skeleton + low contact point,generated_videos/control_points_2_car.mp4
499,0,car_racing_ego_car,1.0,288.0,278.0,312.0,320.0,655,axis_front,309.0,319.0,mask PCA skeleton + low contact point,generated_videos/control_points_2_car.mp4
499,0,car_racing_ego_car,1.0,288.0,278.0,312.0,320.0,655,axis_back,288.0,278.0,mask PCA skeleton + low contact point,generated_videos/control_points_2_car.mp4
499,0,car_racing_ego_car,1.0,288.0,278.0,312.0,320.0,655,axis_left,311.0,278.0,mask PCA skeleton + low contact point,generated_videos/control_points_2_car.mp4
499,0,car_racing_ego_car,1.0,288.0,278.0,312.0,320.0,655,axis_right,288.0,303.0,mask PCA skeleton + low contact point,generated_videos/control_points_2_car.mp4
499,0,car_racing_ego_car,1.0,288.0,278.0,312.0,320.0,655,contact_low,299.0,318.0,mask PCA skeleton + low contact point,generated_videos/control_points_2_car.mp4
500,0,car_racing_ego_car,1.0,288.0,278.0,312.0,320.0,654,centroid,299.47705078125,299.8700256347656,mask PCA skeleton + low contact point,generated_videos/control_points_2_car.mp4
500,0,car_racing_ego_car,1.0,288.0,278.0,312.0,320.0,654,axis_front,309.0,319.0,mask PCA skeleton + low contact point,generated_videos/control_points_2_car.mp4
500,0,car_racing_ego_car,1.0,288.0,278.0,312.0,320.0,654,axis_back,288.0,278.0,mask PCA skeleton + low contact point,generated_videos/control_points_2_car.mp4
500,0,car_racing_ego_car,1.0,288.0,278.0,312.0,320.0,654,axis_left,311.0,278.0,mask PCA skeleton + low contact point,generated_videos/control_points_2_car.mp4
500,0,car_racing_ego_car,1.0,288.0,278.0,312.0,320.0,654,axis_right,288.0,281.0,mask PCA skeleton + low contact point,generated_videos/control_points_2_car.mp4
500,0,car_racing_ego_car,1.0,288.0,278.0,312.0,320.0,654,contact_low,299.0,318.0,mask PCA skeleton + low contact point,generated_videos/control_points_2_car.mp4
501,0,car_racing_ego_car,1.0,288.0,278.0,312.0,320.0,654,centroid,299.47705078125,299.8700256347656,mask PCA skeleton + low contact point,generated_videos/control_points_2_car.mp4
501,0,car_racing_ego_car,1.0,288.0,278.0,312.0,320.0,654,axis_front,309.0,319.0,mask PCA skeleton + low contact point,generated_videos/control_points_2_car.mp4
501,0,car_racing_ego_car,1.0,288.0,278.0,312.0,320.0,654,axis_back,288.0,278.0,mask PCA skeleton + low contact point,generated_videos/control_points_2_car.mp4
501,0,car_racing_ego_car,1.0,288.0,278.0,312.0,320.0,654,axis_left,311.0,278.0,mask PCA skeleton + low contact point,generated_videos/control_points_2_car.mp4
501,0,car_racing_ego_car,1.0,288.0,278.0,312.0,320.0,654,axis_right,288.0,281.0,mask PCA skeleton + low contact point,generated_videos/control_points_2_car.mp4
501,0,car_racing_ego_car,1.0,288.0,278.0,312.0,320.0,654,contact_low,299.0,318.0,mask PCA skeleton + low contact point,generated_videos/control_points_2_car.mp4
502,0,car_racing_ego_car,1.0,288.0,278.0,312.0,320.0,656,centroid,299.44970703125,299.8948059082031,mask PCA skeleton + low contact point,generated_videos/control_points_2_car.mp4
502,0,car_racing_ego_car,1.0,288.0,278.0,312.0,320.0,656,axis_front,309.0,319.0,mask PCA skeleton + low contact point,generated_videos/control_points_2_car.mp4
502,0,car_racing_ego_car,1.0,288.0,278.0,312.0,320.0,656,axis_back,288.0,278.0,mask PCA skeleton + low contact point,generated_videos/control_points_2_car.mp4
502,0,car_racing_ego_car,1.0,288.0,278.0,312.0,320.0,656,axis_left,311.0,278.0,mask PCA skeleton + low contact point,generated_videos/control_points_2_car.mp4
502,0,car_racing_ego_car,1.0,288.0,278.0,312.0,320.0,656,axis_right,288.0,281.0,mask PCA skeleton + low contact point,generated_videos/control_points_2_car.mp4
502,0,car_racing_ego_car,1.0,288.0,278.0,312.0,320.0,656,contact_low,299.0,318.0,mask PCA skeleton + low contact point,generated_videos/control_points_2_car.mp4
503,0,car_racing_ego_car,1.0,288.0,278.0,312.0,320.0,656,centroid,299.44970703125,299.8948059082031,mask PCA skeleton + low contact point,generated_videos/control_points_2_car.mp4
503,0,car_racing_ego_car,1.0,288.0,278.0,312.0,320.0,656,axis_front,309.0,319.0,mask PCA skeleton + low contact point,generated_videos/control_points_2_car.mp4
503,0,car_racing_ego_car,1.0,288.0,278.0,312.0,320.0,656,axis_back,288.0,278.0,mask PCA skeleton + low contact point,generated_videos/control_points_2_car.mp4
503,0,car_racing_ego_car,1.0,288.0,278.0,312.0,320.0,656,axis_left,311.0,278.0,mask PCA skeleton + low contact point,generated_videos/control_points_2_car.mp4
503,0,car_racing_ego_car,1.0,288.0,278.0,312.0,320.0,656,axis_right,288.0,281.0,mask PCA skeleton + low contact point,generated_videos/control_points_2_car.mp4
503,0,car_racing_ego_car,1.0,288.0,278.0,312.0,320.0,656,contact_low,299.0,318.0,mask PCA skeleton + low contact point,generated_videos/control_points_2_car.mp4
504,0,car_racing_ego_car,1.0,288.0,278.0,312.0,320.0,654,centroid,299.47705078125,299.8700256347656,mask PCA skeleton + low contact point,generated_videos/control_points_2_car.mp4
504,0,car_racing_ego_car,1.0,288.0,278.0,312.0,320.0,654,axis_front,309.0,319.0,mask PCA skeleton + low contact point,generated_videos/control_points_2_car.mp4
504,0,car_racing_ego_car,1.0,288.0,278.0,312.0,320.0,654,axis_back,288.0,278.0,mask PCA skeleton + low contact point,generated_videos/control_points_2_car.mp4
504,0,car_racing_ego_car,1.0,288.0,278.0,312.0,320.0,654,axis_left,311.0,278.0,mask PCA skeleton + low contact point,generated_videos/control_points_2_car.mp4
504,0,car_racing_ego_car,1.0,288.0,278.0,312.0,320.0,654,axis_right,288.0,281.0,mask PCA skeleton + low contact point,generated_videos/control_points_2_car.mp4
504,0,car_racing_ego_car,1.0,288.0,278.0,312.0,320.0,654,contact_low,299.0,318.0,mask PCA skeleton + low contact point,generated_videos/control_points_2_car.mp4
505,0,car_racing_ego_car,1.0,288.0,278.0,312.0,320.0,654,centroid,299.47705078125,299.8700256347656,mask PCA skeleton + low contact point,generated_videos/control_points_2_car.mp4
505,0,car_racing_ego_car,1.0,288.0,278.0,312.0,320.0,654,axis_front,309.0,319.0,mask PCA skeleton + low contact point,generated_videos/control_points_2_car.mp4
505,0,car_racing_ego_car,1.0,288.0,278.0,312.0,320.0,654,axis_back,288.0,278.0,mask PCA skeleton + low contact point,generated_videos/control_points_2_car.mp4
505,0,car_racing_ego_car,1.0,288.0,278.0,312.0,320.0,654,axis_left,311.0,278.0,mask PCA skeleton + low contact point,generated_videos/control_points_2_car.mp4
505,0,car_racing_ego_car,1.0,288.0,278.0,312.0,320.0,654,axis_right,288.0,281.0,mask PCA skeleton + low contact point,generated_videos/control_points_2_car.mp4
505,0,car_racing_ego_car,1.0,288.0,278.0,312.0,320.0,654,contact_low,299.0,318.0,mask PCA skeleton + low contact point,generated_videos/control_points_2_car.mp4
506,0,car_racing_ego_car,1.0,288.0,278.0,312.0,320.0,653,centroid,299.4670715332031,299.8958740234375,mask PCA skeleton + low contact point,generated_videos/control_points_2_car.mp4
506,0,car_racing_ego_car,1.0,288.0,278.0,312.0,320.0,653,axis_front,309.0,319.0,mask PCA skeleton + low contact point,generated_videos/control_points_2_car.mp4
506,0,car_racing_ego_car,1.0,288.0,278.0,312.0,320.0,653,axis_back,288.0,278.0,mask PCA skeleton + low contact point,generated_videos/control_points_2_car.mp4
506,0,car_racing_ego_car,1.0,288.0,278.0,312.0,320.0,653,axis_left,311.0,278.0,mask PCA skeleton + low contact point,generated_videos/control_points_2_car.mp4
506,0,car_racing_ego_car,1.0,288.0,278.0,312.0,320.0,653,axis_right,288.0,281.0,mask PCA skeleton + low contact point,generated_videos/control_points_2_car.mp4
506,0,car_racing_ego_car,1.0,288.0,278.0,312.0,320.0,653,contact_low,299.0,318.0,mask PCA skeleton + low contact point,generated_videos/control_points_2_car.mp4
507,0,car_racing_ego_car,1.0,288.0,278.0,312.0,320.0,653,centroid,299.4670715332031,299.8958740234375,mask PCA skeleton + low contact point,generated_videos/control_points_2_car.mp4
507,0,car_racing_ego_car,1.0,288.0,278.0,312.0,320.0,653,axis_front,309.0,319.0,mask PCA skeleton + low contact point,generated_videos/control_points_2_car.mp4
507,0,car_racing_ego_car,1.0,288.0,278.0,312.0,320.0,653,axis_back,288.0,278.0,mask PCA skeleton + low contact point,generated_videos/control_points_2_car.mp4
507,0,car_racing_ego_car,1.0,288.0,278.0,312.0,320.0,653,axis_left,311.0,278.0,mask PCA skeleton + low contact point,generated_videos/control_points_2_car.mp4
507,0,car_racing_ego_car,1.0,288.0,278.0,312.0,320.0,653,axis_right,288.0,281.0,mask PCA skeleton + low contact point,generated_videos/control_points_2_car.mp4
507,0,car_racing_ego_car,1.0,288.0,278.0,312.0,320.0,653,contact_low,299.0,318.0,mask PCA skeleton + low contact point,generated_videos/control_points_2_car.mp4
508,0,car_racing_ego_car,1.0,286.0,278.0,312.0,320.0,660,centroid,299.3742370605469,299.698486328125,mask PCA skeleton + low contact point,generated_videos/control_points_2_car.mp4
508,0,car_racing_ego_car,1.0,286.0,278.0,312.0,320.0,660,axis_front,309.0,319.0,mask PCA skeleton + low contact point,generated_videos/control_points_2_car.mp4
508,0,car_racing_ego_car,1.0,286.0,278.0,312.0,320.0,660,axis_back,288.0,278.0,mask PCA skeleton + low contact point,generated_videos/control_points_2_car.mp4
508,0,car_racing_ego_car,1.0,286.0,278.0,312.0,320.0,660,axis_left,311.0,278.0,mask PCA skeleton + low contact point,generated_videos/control_points_2_car.mp4
508,0,car_racing_ego_car,1.0,286.0,278.0,312.0,320.0,660,axis_right,286.0,281.0,mask PCA skeleton + low contact point,generated_videos/control_points_2_car.mp4
508,0,car_racing_ego_car,1.0,286.0,278.0,312.0,320.0,660,contact_low,299.0,318.0,mask PCA skeleton + low contact point,generated_videos/control_points_2_car.mp4
509,0,car_racing_ego_car,1.0,286.0,278.0,312.0,320.0,660,centroid,299.3742370605469,299.698486328125,mask PCA skeleton + low contact point,generated_videos/control_points_2_car.mp4
509,0,car_racing_ego_car,1.0,286.0,278.0,312.0,320.0,660,axis_front,309.0,319.0,mask PCA skeleton + low contact point,generated_videos/control_points_2_car.mp4
509,0,car_racing_ego_car,1.0,286.0,278.0,312.0,320.0,660,axis_back,288.0,278.0,mask PCA skeleton + low contact point,generated_videos/control_points_2_car.mp4
509,0,car_racing_ego_car,1.0,286.0,278.0,312.0,320.0,660,axis_left,311.0,278.0,mask PCA skeleton + low contact point,generated_videos/control_points_2_car.mp4
509,0,car_racing_ego_car,1.0,286.0,278.0,312.0,320.0,660,axis_right,286.0,281.0,mask PCA skeleton + low contact point,generated_videos/control_points_2_car.mp4
509,0,car_racing_ego_car,1.0,286.0,278.0,312.0,320.0,660,contact_low,299.0,318.0,mask PCA skeleton + low contact point,generated_videos/control_points_2_car.mp4
510,0,car_racing_ego_car,1.0,288.0,278.0,312.0,320.0,655,centroid,299.44122314453125,299.8427429199219,mask PCA skeleton + low contact point,generated_videos/control_points_2_car.mp4
510,0,car_racing_ego_car,1.0,288.0,278.0,312.0,320.0,655,axis_front,309.0,319.0,mask PCA skeleton + low contact point,generated_videos/control_points_2_car.mp4
510,0,car_racing_ego_car,1.0,288.0,278.0,312.0,320.0,655,axis_back,288.0,278.0,mask PCA skeleton + low contact point,generated_videos/control_points_2_car.mp4
510,0,car_racing_ego_car,1.0,288.0,278.0,312.0,320.0,655,axis_left,311.0,278.0,mask PCA skeleton + low contact point,generated_videos/control_points_2_car.mp4
510,0,car_racing_ego_car,1.0,288.0,278.0,312.0,320.0,655,axis_right,288.0,281.0,mask PCA skeleton + low contact point,generated_videos/control_points_2_car.mp4
510,0,car_racing_ego_car,1.0,288.0,278.0,312.0,320.0,655,contact_low,299.0,318.0,mask PCA skeleton + low contact point,generated_videos/control_points_2_car.mp4
511,0,car_racing_ego_car,1.0,288.0,278.0,312.0,320.0,655,centroid,299.44122314453125,299.8427429199219,mask PCA skeleton + low contact point,generated_videos/control_points_2_car.mp4
511,0,car_racing_ego_car,1.0,288.0,278.0,312.0,320.0,655,axis_front,309.0,319.0,mask PCA skeleton + low contact point,generated_videos/control_points_2_car.mp4
511,0,car_racing_ego_car,1.0,288.0,278.0,312.0,320.0,655,axis_back,288.0,278.0,mask PCA skeleton + low contact point,generated_videos/control_points_2_car.mp4
511,0,car_racing_ego_car,1.0,288.0,278.0,312.0,320.0,655,axis_left,311.0,278.0,mask PCA skeleton + low contact point,generated_videos/control_points_2_car.mp4
511,0,car_racing_ego_car,1.0,288.0,278.0,312.0,320.0,655,axis_right,288.0,281.0,mask PCA skeleton + low contact point,generated_videos/control_points_2_car.mp4
511,0,car_racing_ego_car,1.0,288.0,278.0,312.0,320.0,655,contact_low,299.0,318.0,mask PCA skeleton + low contact point,generated_videos/control_points_2_car.mp4
512,0,car_racing_ego_car,1.0,286.0,278.0,312.0,320.0,660,centroid,299.3742370605469,299.698486328125,mask PCA skeleton + low contact point,generated_videos/control_points_2_car.mp4
512,0,car_racing_ego_car,1.0,286.0,278.0,312.0,320.0,660,axis_front,309.0,319.0,mask PCA skeleton + low contact point,generated_videos/control_points_2_car.mp4
512,0,car_racing_ego_car,1.0,286.0,278.0,312.0,320.0,660,axis_back,288.0,278.0,mask PCA skeleton + low contact point,generated_videos/control_points_2_car.mp4
512,0,car_racing_ego_car,1.0,286.0,278.0,312.0,320.0,660,axis_left,311.0,278.0,mask PCA skeleton + low contact point,generated_videos/control_points_2_car.mp4
512,0,car_racing_ego_car,1.0,286.0,278.0,312.0,320.0,660,axis_right,286.0,281.0,mask PCA skeleton + low contact point,generated_videos/control_points_2_car.mp4
512,0,car_racing_ego_car,1.0,286.0,278.0,312.0,320.0,660,contact_low,299.0,318.0,mask PCA skeleton + low contact point,generated_videos/control_points_2_car.mp4
513,0,car_racing_ego_car,1.0,286.0,278.0,312.0,320.0,660,centroid,299.3742370605469,299.698486328125,mask PCA skeleton + low contact point,generated_videos/control_points_2_car.mp4
513,0,car_racing_ego_car,1.0,286.0,278.0,312.0,320.0,660,axis_front,309.0,319.0,mask PCA skeleton + low contact point,generated_videos/control_points_2_car.mp4
513,0,car_racing_ego_car,1.0,286.0,278.0,312.0,320.0,660,axis_back,288.0,278.0,mask PCA skeleton + low contact point,generated_videos/control_points_2_car.mp4
513,0,car_racing_ego_car,1.0,286.0,278.0,312.0,320.0,660,axis_left,311.0,278.0,mask PCA skeleton + low contact point,generated_videos/control_points_2_car.mp4
513,0,car_racing_ego_car,1.0,286.0,278.0,312.0,320.0,660,axis_right,286.0,281.0,mask PCA skeleton + low contact point,generated_videos/control_points_2_car.mp4
513,0,car_racing_ego_car,1.0,286.0,278.0,312.0,320.0,660,contact_low,299.0,318.0,mask PCA skeleton + low contact point,generated_videos/control_points_2_car.mp4
514,0,car_racing_ego_car,1.0,288.0,278.0,312.0,320.0,659,centroid,299.4901428222656,299.7359619140625,mask PCA skeleton + low contact point,generated_videos/control_points_2_car.mp4
514,0,car_racing_ego_car,1.0,288.0,278.0,312.0,320.0,659,axis_front,309.0,319.0,mask PCA skeleton + low contact point,generated_videos/control_points_2_car.mp4
514,0,car_racing_ego_car,1.0,288.0,278.0,312.0,320.0,659,axis_back,288.0,278.0,mask PCA skeleton + low contact point,generated_videos/control_points_2_car.mp4
514,0,car_racing_ego_car,1.0,288.0,278.0,312.0,320.0,659,axis_left,311.0,278.0,mask PCA skeleton + low contact point,generated_videos/control_points_2_car.mp4
514,0,car_racing_ego_car,1.0,288.0,278.0,312.0,320.0,659,axis_right,288.0,281.0,mask PCA skeleton + low contact point,generated_videos/control_points_2_car.mp4
514,0,car_racing_ego_car,1.0,288.0,278.0,312.0,320.0,659,contact_low,299.0,318.0,mask PCA skeleton + low contact point,generated_videos/control_points_2_car.mp4
515,0,car_racing_ego_car,1.0,288.0,278.0,312.0,320.0,659,centroid,299.4901428222656,299.7359619140625,mask PCA skeleton + low contact point,generated_videos/control_points_2_car.mp4
515,0,car_racing_ego_car,1.0,288.0,278.0,312.0,320.0,659,axis_front,309.0,319.0,mask PCA skeleton + low contact point,generated_videos/control_points_2_car.mp4
515,0,car_racing_ego_car,1.0,288.0,278.0,312.0,320.0,659,axis_back,288.0,278.0,mask PCA skeleton + low contact point,generated_videos/control_points_2_car.mp4
515,0,car_racing_ego_car,1.0,288.0,278.0,312.0,320.0,659,axis_left,311.0,278.0,mask PCA skeleton + low contact point,generated_videos/control_points_2_car.mp4
515,0,car_racing_ego_car,1.0,288.0,278.0,312.0,320.0,659,axis_right,288.0,281.0,mask PCA skeleton + low contact point,generated_videos/control_points_2_car.mp4
515,0,car_racing_ego_car,1.0,288.0,278.0,312.0,320.0,659,contact_low,299.0,318.0,mask PCA skeleton + low contact point,generated_videos/control_points_2_car.mp4
516,0,car_racing_ego_car,1.0,286.0,278.0,312.0,320.0,662,centroid,299.4018249511719,299.72357177734375,mask PCA skeleton + low contact point,generated_videos/control_points_2_car.mp4
516,0,car_racing_ego_car,1.0,286.0,278.0,312.0,320.0,662,axis_front,309.0,319.0,mask PCA skeleton + low contact point,generated_videos/control_points_2_car.mp4
516,0,car_racing_ego_car,1.0,286.0,278.0,312.0,320.0,662,axis_back,288.0,278.0,mask PCA skeleton + low contact point,generated_videos/control_points_2_car.mp4
516,0,car_racing_ego_car,1.0,286.0,278.0,312.0,320.0,662,axis_left,311.0,278.0,mask PCA skeleton + low contact point,generated_videos/control_points_2_car.mp4
516,0,car_racing_ego_car,1.0,286.0,278.0,312.0,320.0,662,axis_right,286.0,281.0,mask PCA skeleton + low contact point,generated_videos/control_points_2_car.mp4
516,0,car_racing_ego_car,1.0,286.0,278.0,312.0,320.0,662,contact_low,299.0,318.0,mask PCA skeleton + low contact point,generated_videos/control_points_2_car.mp4
517,0,car_racing_ego_car,1.0,286.0,278.0,312.0,320.0,662,centroid,299.4018249511719,299.72357177734375,mask PCA skeleton + low contact point,generated_videos/control_points_2_car.mp4
517,0,car_racing_ego_car,1.0,286.0,278.0,312.0,320.0,662,axis_front,309.0,319.0,mask PCA skeleton + low contact point,generated_videos/control_points_2_car.mp4
517,0,car_racing_ego_car,1.0,286.0,278.0,312.0,320.0,662,axis_back,288.0,278.0,mask PCA skeleton + low contact point,generated_videos/control_points_2_car.mp4
517,0,car_racing_ego_car,1.0,286.0,278.0,312.0,320.0,662,axis_left,311.0,278.0,mask PCA skeleton + low contact point,generated_videos/control_points_2_car.mp4
517,0,car_racing_ego_car,1.0,286.0,278.0,312.0,320.0,662,axis_right,286.0,281.0,mask PCA skeleton + low contact point,generated_videos/control_points_2_car.mp4
517,0,car_racing_ego_car,1.0,286.0,278.0,312.0,320.0,662,contact_low,299.0,318.0,mask PCA skeleton + low contact point,generated_videos/control_points_2_car.mp4
518,0,car_racing_ego_car,1.0,288.0,278.0,312.0,320.0,656,centroid,299.50152587890625,299.8155517578125,mask PCA skeleton + low contact point,generated_videos/control_points_2_car.mp4
518,0,car_racing_ego_car,1.0,288.0,278.0,312.0,320.0,656,axis_front,290.0,319.0,mask PCA skeleton + low contact point,generated_videos/control_points_2_car.mp4
518,0,car_racing_ego_car,1.0,288.0,278.0,312.0,320.0,656,axis_back,311.0,278.0,mask PCA skeleton + low contact point,generated_videos/control_points_2_car.mp4
518,0,car_racing_ego_car,1.0,288.0,278.0,312.0,320.0,656,axis_left,311.0,281.0,mask PCA skeleton + low contact point,generated_videos/control_points_2_car.mp4
518,0,car_racing_ego_car,1.0,288.0,278.0,312.0,320.0,656,axis_right,288.0,278.0,mask PCA skeleton + low contact point,generated_videos/control_points_2_car.mp4
518,0,car_racing_ego_car,1.0,288.0,278.0,312.0,320.0,656,contact_low,299.0,318.0,mask PCA skeleton + low contact point,generated_videos/control_points_2_car.mp4
519,0,car_racing_ego_car,1.0,288.0,278.0,312.0,320.0,656,centroid,299.50152587890625,299.8155517578125,mask PCA skeleton + low contact point,generated_videos/control_points_2_car.mp4
519,0,car_racing_ego_car,1.0,288.0,278.0,312.0,320.0,656,axis_front,290.0,319.0,mask PCA skeleton + low contact point,generated_videos/control_points_2_car.mp4
519,0,car_racing_ego_car,1.0,288.0,278.0,312.0,320.0,656,axis_back,311.0,278.0,mask PCA skeleton + low contact point,generated_videos/control_points_2_car.mp4
519,0,car_racing_ego_car,1.0,288.0,278.0,312.0,320.0,656,axis_left,311.0,281.0,mask PCA skeleton + low contact point,generated_videos/control_points_2_car.mp4
519,0,car_racing_ego_car,1.0,288.0,278.0,312.0,320.0,656,axis_right,288.0,278.0,mask PCA skeleton + low contact point,generated_videos/control_points_2_car.mp4
519,0,car_racing_ego_car,1.0,288.0,278.0,312.0,320.0,656,contact_low,299.0,318.0,mask PCA skeleton + low contact point,generated_videos/control_points_2_car.mp4
520,0,car_racing_ego_car,1.0,288.0,278.0,312.0,320.0,654,centroid,299.47705078125,299.8700256347656,mask PCA skeleton + low contact point,generated_videos/control_points_2_car.mp4
520,0,car_racing_ego_car,1.0,288.0,278.0,312.0,320.0,654,axis_front,309.0,319.0,mask PCA skeleton + low contact point,generated_videos/control_points_2_car.mp4
520,0,car_racing_ego_car,1.0,288.0,278.0,312.0,320.0,654,axis_back,288.0,278.0,mask PCA skeleton + low contact point,generated_videos/control_points_2_car.mp4
520,0,car_racing_ego_car,1.0,288.0,278.0,312.0,320.0,654,axis_left,311.0,278.0,mask PCA skeleton + low contact point,generated_videos/control_points_2_car.mp4
520,0,car_racing_ego_car,1.0,288.0,278.0,312.0,320.0,654,axis_right,288.0,281.0,mask PCA skeleton + low contact point,generated_videos/control_points_2_car.mp4
520,0,car_racing_ego_car,1.0,288.0,278.0,312.0,320.0,654,contact_low,299.0,318.0,mask PCA skeleton + low contact point,generated_videos/control_points_2_car.mp4
521,0,car_racing_ego_car,1.0,288.0,278.0,312.0,320.0,654,centroid,299.47705078125,299.8700256347656,mask PCA skeleton + low contact point,generated_videos/control_points_2_car.mp4
521,0,car_racing_ego_car,1.0,288.0,278.0,312.0,320.0,654,axis_front,309.0,319.0,mask PCA skeleton + low contact point,generated_videos/control_points_2_car.mp4
521,0,car_racing_ego_car,1.0,288.0,278.0,312.0,320.0,654,axis_back,288.0,278.0,mask PCA skeleton + low contact point,generated_videos/control_points_2_car.mp4
521,0,car_racing_ego_car,1.0,288.0,278.0,312.0,320.0,654,axis_left,311.0,278.0,mask PCA skeleton + low contact point,generated_videos/control_points_2_car.mp4
521,0,car_racing_ego_car,1.0,288.0,278.0,312.0,320.0,654,axis_right,288.0,281.0,mask PCA skeleton + low contact point,generated_videos/control_points_2_car.mp4
521,0,car_racing_ego_car,1.0,288.0,278.0,312.0,320.0,654,contact_low,299.0,318.0,mask PCA skeleton + low contact point,generated_videos/control_points_2_car.mp4
522,0,car_racing_ego_car,1.0,288.0,278.0,312.0,320.0,654,centroid,299.47705078125,299.8700256347656,mask PCA skeleton + low contact point,generated_videos/control_points_2_car.mp4
522,0,car_racing_ego_car,1.0,288.0,278.0,312.0,320.0,654,axis_front,309.0,319.0,mask PCA skeleton + low contact point,generated_videos/control_points_2_car.mp4
522,0,car_racing_ego_car,1.0,288.0,278.0,312.0,320.0,654,axis_back,288.0,278.0,mask PCA skeleton + low contact point,generated_videos/control_points_2_car.mp4
522,0,car_racing_ego_car,1.0,288.0,278.0,312.0,320.0,654,axis_left,311.0,278.0,mask PCA skeleton + low contact point,generated_videos/control_points_2_car.mp4
522,0,car_racing_ego_car,1.0,288.0,278.0,312.0,320.0,654,axis_right,288.0,281.0,mask PCA skeleton + low contact point,generated_videos/control_points_2_car.mp4
522,0,car_racing_ego_car,1.0,288.0,278.0,312.0,320.0,654,contact_low,299.0,318.0,mask PCA skeleton + low contact point,generated_videos/control_points_2_car.mp4
523,0,car_racing_ego_car,1.0,288.0,278.0,312.0,320.0,654,centroid,299.47705078125,299.8700256347656,mask PCA skeleton + low contact point,generated_videos/control_points_2_car.mp4
523,0,car_racing_ego_car,1.0,288.0,278.0,312.0,320.0,654,axis_front,309.0,319.0,mask PCA skeleton + low contact point,generated_videos/control_points_2_car.mp4
523,0,car_racing_ego_car,1.0,288.0,278.0,312.0,320.0,654,axis_back,288.0,278.0,mask PCA skeleton + low contact point,generated_videos/control_points_2_car.mp4
523,0,car_racing_ego_car,1.0,288.0,278.0,312.0,320.0,654,axis_left,311.0,278.0,mask PCA skeleton + low contact point,generated_videos/control_points_2_car.mp4
523,0,car_racing_ego_car,1.0,288.0,278.0,312.0,320.0,654,axis_right,288.0,281.0,mask PCA skeleton + low contact point,generated_videos/control_points_2_car.mp4
523,0,car_racing_ego_car,1.0,288.0,278.0,312.0,320.0,654,contact_low,299.0,318.0,mask PCA skeleton + low contact point,generated_videos/control_points_2_car.mp4
524,0,car_racing_ego_car,1.0,288.0,278.0,312.0,320.0,666,centroid,299.3153076171875,300.0615539550781,mask PCA skeleton + low contact point,generated_videos/control_points_2_car.mp4
524,0,car_racing_ego_car,1.0,288.0,278.0,312.0,320.0,666,axis_front,290.0,319.0,mask PCA skeleton + low contact point,generated_videos/control_points_2_car.mp4
524,0,car_racing_ego_car,1.0,288.0,278.0,312.0,320.0,666,axis_back,311.0,278.0,mask PCA skeleton + low contact point,generated_videos/control_points_2_car.mp4
524,0,car_racing_ego_car,1.0,288.0,278.0,312.0,320.0,666,axis_left,311.0,281.0,mask PCA skeleton + low contact point,generated_videos/control_points_2_car.mp4
524,0,car_racing_ego_car,1.0,288.0,278.0,312.0,320.0,666,axis_right,288.0,278.0,mask PCA skeleton + low contact point,generated_videos/control_points_2_car.mp4
524,0,car_racing_ego_car,1.0,288.0,278.0,312.0,320.0,666,contact_low,299.0,318.0,mask PCA skeleton + low contact point,generated_videos/control_points_2_car.mp4
525,0,car_racing_ego_car,1.0,288.0,278.0,312.0,320.0,656,centroid,299.45123291015625,299.81707763671875,mask PCA skeleton + low contact point,generated_videos/control_points_2_car.mp4
525,0,car_racing_ego_car,1.0,288.0,278.0,312.0,320.0,656,axis_front,309.0,319.0,mask PCA skeleton + low contact point,generated_videos/control_points_2_car.mp4
525,0,car_racing_ego_car,1.0,288.0,278.0,312.0,320.0,656,axis_back,288.0,278.0,mask PCA skeleton + low contact point,generated_videos/control_points_2_car.mp4
525,0,car_racing_ego_car,1.0,288.0,278.0,312.0,320.0,656,axis_left,311.0,278.0,mask PCA skeleton + low contact point,generated_videos/control_points_2_car.mp4
525,0,car_racing_ego_car,1.0,288.0,278.0,312.0,320.0,656,axis_right,288.0,281.0,mask PCA skeleton + low contact point,generated_videos/control_points_2_car.mp4
525,0,car_racing_ego_car,1.0,288.0,278.0,312.0,320.0,656,contact_low,299.0,318.0,mask PCA skeleton + low contact point,generated_videos/control_points_2_car.mp4
526,0,car_racing_ego_car,1.0,288.0,278.0,312.0,320.0,656,centroid,299.45123291015625,299.81707763671875,mask PCA skeleton + low contact point,generated_videos/control_points_2_car.mp4
526,0,car_racing_ego_car,1.0,288.0,278.0,312.0,320.0,656,axis_front,309.0,319.0,mask PCA skeleton + low contact point,generated_videos/control_points_2_car.mp4
526,0,car_racing_ego_car,1.0,288.0,278.0,312.0,320.0,656,axis_back,288.0,278.0,mask PCA skeleton + low contact point,generated_videos/control_points_2_car.mp4
526,0,car_racing_ego_car,1.0,288.0,278.0,312.0,320.0,656,axis_left,311.0,278.0,mask PCA skeleton + low contact point,generated_videos/control_points_2_car.mp4
526,0,car_racing_ego_car,1.0,288.0,278.0,312.0,320.0,656,axis_right,288.0,281.0,mask PCA skeleton + low contact point,generated_videos/control_points_2_car.mp4
526,0,car_racing_ego_car,1.0,288.0,278.0,312.0,320.0,656,contact_low,299.0,318.0,mask PCA skeleton + low contact point,generated_videos/control_points_2_car.mp4
527,0,car_racing_ego_car,1.0,288.0,278.0,312.0,320.0,654,centroid,299.47705078125,299.8700256347656,mask PCA skeleton + low contact point,generated_videos/control_points_2_car.mp4
527,0,car_racing_ego_car,1.0,288.0,278.0,312.0,320.0,654,axis_front,309.0,319.0,mask PCA skeleton + low contact point,generated_videos/control_points_2_car.mp4
527,0,car_racing_ego_car,1.0,288.0,278.0,312.0,320.0,654,axis_back,288.0,278.0,mask PCA skeleton + low contact point,generated_videos/control_points_2_car.mp4
527,0,car_racing_ego_car,1.0,288.0,278.0,312.0,320.0,654,axis_left,311.0,278.0,mask PCA skeleton + low contact point,generated_videos/control_points_2_car.mp4
527,0,car_racing_ego_car,1.0,288.0,278.0,312.0,320.0,654,axis_right,288.0,281.0,mask PCA skeleton + low contact point,generated_videos/control_points_2_car.mp4
527,0,car_racing_ego_car,1.0,288.0,278.0,312.0,320.0,654,contact_low,299.0,318.0,mask PCA skeleton + low contact point,generated_videos/control_points_2_car.mp4
528,0,car_racing_ego_car,1.0,288.0,278.0,312.0,320.0,654,centroid,299.47705078125,299.8700256347656,mask PCA skeleton + low contact point,generated_videos/control_points_2_car.mp4
528,0,car_racing_ego_car,1.0,288.0,278.0,312.0,320.0,654,axis_front,309.0,319.0,mask PCA skeleton + low contact point,generated_videos/control_points_2_car.mp4
528,0,car_racing_ego_car,1.0,288.0,278.0,312.0,320.0,654,axis_back,288.0,278.0,mask PCA skeleton + low contact point,generated_videos/control_points_2_car.mp4
528,0,car_racing_ego_car,1.0,288.0,278.0,312.0,320.0,654,axis_left,311.0,278.0,mask PCA skeleton + low contact point,generated_videos/control_points_2_car.mp4
528,0,car_racing_ego_car,1.0,288.0,278.0,312.0,320.0,654,axis_right,288.0,281.0,mask PCA skeleton + low contact point,generated_videos/control_points_2_car.mp4
528,0,car_racing_ego_car,1.0,288.0,278.0,312.0,320.0,654,contact_low,299.0,318.0,mask PCA skeleton + low contact point,generated_videos/control_points_2_car.mp4
529,0,car_racing_ego_car,1.0,288.0,278.0,312.0,320.0,658,centroid,299.5075988769531,299.8373718261719,mask PCA skeleton + low contact point,generated_videos/control_points_2_car.mp4
529,0,car_racing_ego_car,1.0,288.0,278.0,312.0,320.0,658,axis_front,309.0,319.0,mask PCA skeleton + low contact point,generated_videos/control_points_2_car.mp4
529,0,car_racing_ego_car,1.0,288.0,278.0,312.0,320.0,658,axis_back,288.0,278.0,mask PCA skeleton + low contact point,generated_videos/control_points_2_car.mp4
529,0,car_racing_ego_car,1.0,288.0,278.0,312.0,320.0,658,axis_left,311.0,278.0,mask PCA skeleton + low contact point,generated_videos/control_points_2_car.mp4
529,0,car_racing_ego_car,1.0,288.0,278.0,312.0,320.0,658,axis_right,288.0,281.0,mask PCA skeleton + low contact point,generated_videos/control_points_2_car.mp4
529,0,car_racing_ego_car,1.0,288.0,278.0,312.0,320.0,658,contact_low,299.0,318.0,mask PCA skeleton + low contact point,generated_videos/control_points_2_car.mp4
530,0,car_racing_ego_car,1.0,288.0,278.0,312.0,320.0,658,centroid,299.5075988769531,299.8373718261719,mask PCA skeleton + low contact point,generated_videos/control_points_2_car.mp4
530,0,car_racing_ego_car,1.0,288.0,278.0,312.0,320.0,658,axis_front,309.0,319.0,mask PCA skeleton + low contact point,generated_videos/control_points_2_car.mp4
530,0,car_racing_ego_car,1.0,288.0,278.0,312.0,320.0,658,axis_back,288.0,278.0,mask PCA skeleton + low contact point,generated_videos/control_points_2_car.mp4
530,0,car_racing_ego_car,1.0,288.0,278.0,312.0,320.0,658,axis_left,311.0,278.0,mask PCA skeleton + low contact point,generated_videos/control_points_2_car.mp4
530,0,car_racing_ego_car,1.0,288.0,278.0,312.0,320.0,658,axis_right,288.0,281.0,mask PCA skeleton + low contact point,generated_videos/control_points_2_car.mp4
530,0,car_racing_ego_car,1.0,288.0,278.0,312.0,320.0,658,contact_low,299.0,318.0,mask PCA skeleton + low contact point,generated_videos/control_points_2_car.mp4
531,0,car_racing_ego_car,1.0,288.0,278.0,312.0,320.0,652,centroid,299.4923400878906,300.00152587890625,mask PCA skeleton + low contact point,generated_videos/control_points_2_car.mp4
531,0,car_racing_ego_car,1.0,288.0,278.0,312.0,320.0,652,axis_front,290.0,319.0,mask PCA skeleton + low contact point,generated_videos/control_points_2_car.mp4
531,0,car_racing_ego_car,1.0,288.0,278.0,312.0,320.0,652,axis_back,311.0,278.0,mask PCA skeleton + low contact point,generated_videos/control_points_2_car.mp4
531,0,car_racing_ego_car,1.0,288.0,278.0,312.0,320.0,652,axis_left,311.0,281.0,mask PCA skeleton + low contact point,generated_videos/control_points_2_car.mp4
531,0,car_racing_ego_car,1.0,288.0,278.0,312.0,320.0,652,axis_right,288.0,278.0,mask PCA skeleton + low contact point,generated_videos/control_points_2_car.mp4
531,0,car_racing_ego_car,1.0,288.0,278.0,312.0,320.0,652,contact_low,299.0,318.0,mask PCA skeleton + low contact point,generated_videos/control_points_2_car.mp4
532,0,car_racing_ego_car,1.0,288.0,278.0,312.0,320.0,652,centroid,299.4923400878906,300.00152587890625,mask PCA skeleton + low contact point,generated_videos/control_points_2_car.mp4
532,0,car_racing_ego_car,1.0,288.0,278.0,312.0,320.0,652,axis_front,290.0,319.0,mask PCA skeleton + low contact point,generated_videos/control_points_2_car.mp4
532,0,car_racing_ego_car,1.0,288.0,278.0,312.0,320.0,652,axis_back,311.0,278.0,mask PCA skeleton + low contact point,generated_videos/control_points_2_car.mp4
532,0,car_racing_ego_car,1.0,288.0,278.0,312.0,320.0,652,axis_left,311.0,281.0,mask PCA skeleton + low contact point,generated_videos/control_points_2_car.mp4
532,0,car_racing_ego_car,1.0,288.0,278.0,312.0,320.0,652,axis_right,288.0,278.0,mask PCA skeleton + low contact point,generated_videos/control_points_2_car.mp4
532,0,car_racing_ego_car,1.0,288.0,278.0,312.0,320.0,652,contact_low,299.0,318.0,mask PCA skeleton + low contact point,generated_videos/control_points_2_car.mp4
533,0,car_racing_ego_car,1.0,288.0,278.0,312.0,320.0,658,centroid,299.4802551269531,299.84954833984375,mask PCA skeleton + low contact point,generated_videos/control_points_2_car.mp4
533,0,car_racing_ego_car,1.0,288.0,278.0,312.0,320.0,658,axis_front,290.0,319.0,mask PCA skeleton + low contact point,generated_videos/control_points_2_car.mp4
533,0,car_racing_ego_car,1.0,288.0,278.0,312.0,320.0,658,axis_back,311.0,278.0,mask PCA skeleton + low contact point,generated_videos/control_points_2_car.mp4
533,0,car_racing_ego_car,1.0,288.0,278.0,312.0,320.0,658,axis_left,311.0,281.0,mask PCA skeleton + low contact point,generated_videos/control_points_2_car.mp4
533,0,car_racing_ego_car,1.0,288.0,278.0,312.0,320.0,658,axis_right,288.0,278.0,mask PCA skeleton + low contact point,generated_videos/control_points_2_car.mp4
533,0,car_racing_ego_car,1.0,288.0,278.0,312.0,320.0,658,contact_low,299.0,318.0,mask PCA skeleton + low contact point,generated_videos/control_points_2_car.mp4
534,0,car_racing_ego_car,1.0,288.0,278.0,312.0,320.0,658,centroid,299.4802551269531,299.84954833984375,mask PCA skeleton + low contact point,generated_videos/control_points_2_car.mp4
534,0,car_racing_ego_car,1.0,288.0,278.0,312.0,320.0,658,axis_front,290.0,319.0,mask PCA skeleton + low contact point,generated_videos/control_points_2_car.mp4
534,0,car_racing_ego_car,1.0,288.0,278.0,312.0,320.0,658,axis_back,311.0,278.0,mask PCA skeleton + low contact point,generated_videos/control_points_2_car.mp4
534,0,car_racing_ego_car,1.0,288.0,278.0,312.0,320.0,658,axis_left,311.0,281.0,mask PCA skeleton + low contact point,generated_videos/control_points_2_car.mp4
534,0,car_racing_ego_car,1.0,288.0,278.0,312.0,320.0,658,axis_right,288.0,278.0,mask PCA skeleton + low contact point,generated_videos/control_points_2_car.mp4
534,0,car_racing_ego_car,1.0,288.0,278.0,312.0,320.0,658,contact_low,299.0,318.0,mask PCA skeleton + low contact point,generated_videos/control_points_2_car.mp4
535,0,car_racing_ego_car,1.0,288.0,278.0,312.0,320.0,653,centroid,299.4854431152344,299.89434814453125,mask PCA skeleton + low contact point,generated_videos/control_points_2_car.mp4
535,0,car_racing_ego_car,1.0,288.0,278.0,312.0,320.0,653,axis_front,309.0,319.0,mask PCA skeleton + low contact point,generated_videos/control_points_2_car.mp4
535,0,car_racing_ego_car,1.0,288.0,278.0,312.0,320.0,653,axis_back,288.0,278.0,mask PCA skeleton + low contact point,generated_videos/control_points_2_car.mp4
535,0,car_racing_ego_car,1.0,288.0,278.0,312.0,320.0,653,axis_left,311.0,278.0,mask PCA skeleton + low contact point,generated_videos/control_points_2_car.mp4
535,0,car_racing_ego_car,1.0,288.0,278.0,312.0,320.0,653,axis_right,288.0,281.0,mask PCA skeleton + low contact point,generated_videos/control_points_2_car.mp4
535,0,car_racing_ego_car,1.0,288.0,278.0,312.0,320.0,653,contact_low,299.0,318.0,mask PCA skeleton + low contact point,generated_videos/control_points_2_car.mp4
536,0,car_racing_ego_car,1.0,288.0,278.0,312.0,320.0,653,centroid,299.4854431152344,299.89434814453125,mask PCA skeleton + low contact point,generated_videos/control_points_2_car.mp4
536,0,car_racing_ego_car,1.0,288.0,278.0,312.0,320.0,653,axis_front,309.0,319.0,mask PCA skeleton + low contact point,generated_videos/control_points_2_car.mp4
536,0,car_racing_ego_car,1.0,288.0,278.0,312.0,320.0,653,axis_back,288.0,278.0,mask PCA skeleton + low contact point,generated_videos/control_points_2_car.mp4
536,0,car_racing_ego_car,1.0,288.0,278.0,312.0,320.0,653,axis_left,311.0,278.0,mask PCA skeleton + low contact point,generated_videos/control_points_2_car.mp4
536,0,car_racing_ego_car,1.0,288.0,278.0,312.0,320.0,653,axis_right,288.0,281.0,mask PCA skeleton + low contact point,generated_videos/control_points_2_car.mp4
536,0,car_racing_ego_car,1.0,288.0,278.0,312.0,320.0,653,contact_low,299.0,318.0,mask PCA skeleton + low contact point,generated_videos/control_points_2_car.mp4
537,0,car_racing_ego_car,1.0,288.0,278.0,312.0,320.0,650,centroid,299.5199890136719,299.9769287109375,mask PCA skeleton + low contact point,generated_videos/control_points_2_car.mp4
537,0,car_racing_ego_car,1.0,288.0,278.0,312.0,320.0,650,axis_front,290.0,319.0,mask PCA skeleton + low contact point,generated_videos/control_points_2_car.mp4
537,0,car_racing_ego_car,1.0,288.0,278.0,312.0,320.0,650,axis_back,311.0,278.0,mask PCA skeleton + low contact point,generated_videos/control_points_2_car.mp4
537,0,car_racing_ego_car,1.0,288.0,278.0,312.0,320.0,650,axis_left,311.0,281.0,mask PCA skeleton + low contact point,generated_videos/control_points_2_car.mp4
537,0,car_racing_ego_car,1.0,288.0,278.0,312.0,320.0,650,axis_right,288.0,278.0,mask PCA skeleton + low contact point,generated_videos/control_points_2_car.mp4
537,0,car_racing_ego_car,1.0,288.0,278.0,312.0,320.0,650,contact_low,299.0,318.0,mask PCA skeleton + low contact point,generated_videos/control_points_2_car.mp4
538,0,car_racing_ego_car,1.0,288.0,278.0,312.0,320.0,650,centroid,299.5199890136719,299.9769287109375,mask PCA skeleton + low contact point,generated_videos/control_points_2_car.mp4
538,0,car_racing_ego_car,1.0,288.0,278.0,312.0,320.0,650,axis_front,290.0,319.0,mask PCA skeleton + low contact point,generated_videos/control_points_2_car.mp4
538,0,car_racing_ego_car,1.0,288.0,278.0,312.0,320.0,650,axis_back,311.0,278.0,mask PCA skeleton + low contact point,generated_videos/control_points_2_car.mp4
538,0,car_racing_ego_car,1.0,288.0,278.0,312.0,320.0,650,axis_left,311.0,281.0,mask PCA skeleton + low contact point,generated_videos/control_points_2_car.mp4
538,0,car_racing_ego_car,1.0,288.0,278.0,312.0,320.0,650,axis_right,288.0,278.0,mask PCA skeleton + low contact point,generated_videos/control_points_2_car.mp4
538,0,car_racing_ego_car,1.0,288.0,278.0,312.0,320.0,650,contact_low,299.0,318.0,mask PCA skeleton + low contact point,generated_videos/control_points_2_car.mp4
539,0,car_racing_ego_car,1.0,288.0,278.0,312.0,320.0,654,centroid,299.47705078125,299.8700256347656,mask PCA skeleton + low contact point,generated_videos/control_points_2_car.mp4
539,0,car_racing_ego_car,1.0,288.0,278.0,312.0,320.0,654,axis_front,309.0,319.0,mask PCA skeleton + low contact point,generated_videos/control_points_2_car.mp4
539,0,car_racing_ego_car,1.0,288.0,278.0,312.0,320.0,654,axis_back,288.0,278.0,mask PCA skeleton + low contact point,generated_videos/control_points_2_car.mp4
539,0,car_racing_ego_car,1.0,288.0,278.0,312.0,320.0,654,axis_left,311.0,278.0,mask PCA skeleton + low contact point,generated_videos/control_points_2_car.mp4
539,0,car_racing_ego_car,1.0,288.0,278.0,312.0,320.0,654,axis_right,288.0,281.0,mask PCA skeleton + low contact point,generated_videos/control_points_2_car.mp4
539,0,car_racing_ego_car,1.0,288.0,278.0,312.0,320.0,654,contact_low,299.0,318.0,mask PCA skeleton + low contact point,generated_videos/control_points_2_car.mp4
540,0,car_racing_ego_car,1.0,288.0,278.0,312.0,320.0,654,centroid,299.47705078125,299.8700256347656,mask PCA skeleton + low contact point,generated_videos/control_points_2_car.mp4
540,0,car_racing_ego_car,1.0,288.0,278.0,312.0,320.0,654,axis_front,309.0,319.0,mask PCA skeleton + low contact point,generated_videos/control_points_2_car.mp4
540,0,car_racing_ego_car,1.0,288.0,278.0,312.0,320.0,654,axis_back,288.0,278.0,mask PCA skeleton + low contact point,generated_videos/control_points_2_car.mp4
540,0,car_racing_ego_car,1.0,288.0,278.0,312.0,320.0,654,axis_left,311.0,278.0,mask PCA skeleton + low contact point,generated_videos/control_points_2_car.mp4
540,0,car_racing_ego_car,1.0,288.0,278.0,312.0,320.0,654,axis_right,288.0,281.0,mask PCA skeleton + low contact point,generated_videos/control_points_2_car.mp4
540,0,car_racing_ego_car,1.0,288.0,278.0,312.0,320.0,654,contact_low,299.0,318.0,mask PCA skeleton + low contact point,generated_videos/control_points_2_car.mp4
541,0,car_racing_ego_car,1.0,288.0,278.0,312.0,320.0,664,centroid,299.6204833984375,299.6927795410156,mask PCA skeleton + low contact point,generated_videos/control_points_2_car.mp4
541,0,car_racing_ego_car,1.0,288.0,278.0,312.0,320.0,664,axis_front,290.0,319.0,mask PCA skeleton + low contact point,generated_videos/control_points_2_car.mp4
541,0,car_racing_ego_car,1.0,288.0,278.0,312.0,320.0,664,axis_back,311.0,278.0,mask PCA skeleton + low contact point,generated_videos/control_points_2_car.mp4
541,0,car_racing_ego_car,1.0,288.0,278.0,312.0,320.0,664,axis_left,311.0,283.0,mask PCA skeleton + low contact point,generated_videos/control_points_2_car.mp4
541,0,car_racing_ego_car,1.0,288.0,278.0,312.0,320.0,664,axis_right,288.0,278.0,mask PCA skeleton + low contact point,generated_videos/control_points_2_car.mp4
541,0,car_racing_ego_car,1.0,288.0,278.0,312.0,320.0,664,contact_low,299.0,318.0,mask PCA skeleton + low contact point,generated_videos/control_points_2_car.mp4
542,0,car_racing_ego_car,1.0,288.0,278.0,312.0,320.0,664,centroid,299.6204833984375,299.6927795410156,mask PCA skeleton + low contact point,generated_videos/control_points_2_car.mp4
542,0,car_racing_ego_car,1.0,288.0,278.0,312.0,320.0,664,axis_front,290.0,319.0,mask PCA skeleton + low contact point,generated_videos/control_points_2_car.mp4
542,0,car_racing_ego_car,1.0,288.0,278.0,312.0,320.0,664,axis_back,311.0,278.0,mask PCA skeleton + low contact point,generated_videos/control_points_2_car.mp4
542,0,car_racing_ego_car,1.0,288.0,278.0,312.0,320.0,664,axis_left,311.0,283.0,mask PCA skeleton + low contact point,generated_videos/control_points_2_car.mp4
542,0,car_racing_ego_car,1.0,288.0,278.0,312.0,320.0,664,axis_right,288.0,278.0,mask PCA skeleton + low contact point,generated_videos/control_points_2_car.mp4
542,0,car_racing_ego_car,1.0,288.0,278.0,312.0,320.0,664,contact_low,299.0,318.0,mask PCA skeleton + low contact point,generated_videos/control_points_2_car.mp4
543,0,car_racing_ego_car,1.0,288.0,278.0,312.0,320.0,650,centroid,299.5199890136719,299.9769287109375,mask PCA skeleton + low contact point,generated_videos/control_points_2_car.mp4
543,0,car_racing_ego_car,1.0,288.0,278.0,312.0,320.0,650,axis_front,290.0,319.0,mask PCA skeleton + low contact point,generated_videos/control_points_2_car.mp4
543,0,car_racing_ego_car,1.0,288.0,278.0,312.0,320.0,650,axis_back,311.0,278.0,mask PCA skeleton + low contact point,generated_videos/control_points_2_car.mp4
543,0,car_racing_ego_car,1.0,288.0,278.0,312.0,320.0,650,axis_left,311.0,281.0,mask PCA skeleton + low contact point,generated_videos/control_points_2_car.mp4
543,0,car_racing_ego_car,1.0,288.0,278.0,312.0,320.0,650,axis_right,288.0,278.0,mask PCA skeleton + low contact point,generated_videos/control_points_2_car.mp4
543,0,car_racing_ego_car,1.0,288.0,278.0,312.0,320.0,650,contact_low,299.0,318.0,mask PCA skeleton + low contact point,generated_videos/control_points_2_car.mp4
544,0,car_racing_ego_car,1.0,288.0,278.0,312.0,320.0,650,centroid,299.5199890136719,299.9769287109375,mask PCA skeleton + low contact point,generated_videos/control_points_2_car.mp4
544,0,car_racing_ego_car,1.0,288.0,278.0,312.0,320.0,650,axis_front,290.0,319.0,mask PCA skeleton + low contact point,generated_videos/control_points_2_car.mp4
544,0,car_racing_ego_car,1.0,288.0,278.0,312.0,320.0,650,axis_back,311.0,278.0,mask PCA skeleton + low contact point,generated_videos/control_points_2_car.mp4
544,0,car_racing_ego_car,1.0,288.0,278.0,312.0,320.0,650,axis_left,311.0,281.0,mask PCA skeleton + low contact point,generated_videos/control_points_2_car.mp4
544,0,car_racing_ego_car,1.0,288.0,278.0,312.0,320.0,650,axis_right,288.0,278.0,mask PCA skeleton + low contact point,generated_videos/control_points_2_car.mp4
544,0,car_racing_ego_car,1.0,288.0,278.0,312.0,320.0,650,contact_low,299.0,318.0,mask PCA skeleton + low contact point,generated_videos/control_points_2_car.mp4
545,0,car_racing_ego_car,1.0,288.0,278.0,312.0,320.0,656,centroid,299.5594482421875,300.0167541503906,mask PCA skeleton + low contact point,generated_videos/control_points_2_car.mp4
545,0,car_racing_ego_car,1.0,288.0,278.0,312.0,320.0,656,axis_front,290.0,319.0,mask PCA skeleton + low contact point,generated_videos/control_points_2_car.mp4
545,0,car_racing_ego_car,1.0,288.0,278.0,312.0,320.0,656,axis_back,311.0,278.0,mask PCA skeleton + low contact point,generated_videos/control_points_2_car.mp4
545,0,car_racing_ego_car,1.0,288.0,278.0,312.0,320.0,656,axis_left,311.0,303.0,mask PCA skeleton + low contact point,generated_videos/control_points_2_car.mp4
545,0,car_racing_ego_car,1.0,288.0,278.0,312.0,320.0,656,axis_right,288.0,278.0,mask PCA skeleton + low contact point,generated_videos/control_points_2_car.mp4
545,0,car_racing_ego_car,1.0,288.0,278.0,312.0,320.0,656,contact_low,299.0,318.0,mask PCA skeleton + low contact point,generated_videos/control_points_2_car.mp4
546,0,car_racing_ego_car,1.0,288.0,278.0,312.0,320.0,656,centroid,299.5594482421875,300.0167541503906,mask PCA skeleton + low contact point,generated_videos/control_points_2_car.mp4
546,0,car_racing_ego_car,1.0,288.0,278.0,312.0,320.0,656,axis_front,290.0,319.0,mask PCA skeleton + low contact point,generated_videos/control_points_2_car.mp4
546,0,car_racing_ego_car,1.0,288.0,278.0,312.0,320.0,656,axis_back,311.0,278.0,mask PCA skeleton + low contact point,generated_videos/control_points_2_car.mp4
546,0,car_racing_ego_car,1.0,288.0,278.0,312.0,320.0,656,axis_left,311.0,303.0,mask PCA skeleton + low contact point,generated_videos/control_points_2_car.mp4
546,0,car_racing_ego_car,1.0,288.0,278.0,312.0,320.0,656,axis_right,288.0,278.0,mask PCA skeleton + low contact point,generated_videos/control_points_2_car.mp4
546,0,car_racing_ego_car,1.0,288.0,278.0,312.0,320.0,656,contact_low,299.0,318.0,mask PCA skeleton + low contact point,generated_videos/control_points_2_car.mp4
547,0,car_racing_ego_car,1.0,288.0,278.0,312.0,320.0,650,centroid,299.5199890136719,299.9769287109375,mask PCA skeleton + low contact point,generated_videos/control_points_2_car.mp4
547,0,car_racing_ego_car,1.0,288.0,278.0,312.0,320.0,650,axis_front,290.0,319.0,mask PCA skeleton + low contact point,generated_videos/control_points_2_car.mp4
547,0,car_racing_ego_car,1.0,288.0,278.0,312.0,320.0,650,axis_back,311.0,278.0,mask PCA skeleton + low contact point,generated_videos/control_points_2_car.mp4
547,0,car_racing_ego_car,1.0,288.0,278.0,312.0,320.0,650,axis_left,311.0,281.0,mask PCA skeleton + low contact point,generated_videos/control_points_2_car.mp4
547,0,car_racing_ego_car,1.0,288.0,278.0,312.0,320.0,650,axis_right,288.0,278.0,mask PCA skeleton + low contact point,generated_videos/control_points_2_car.mp4
547,0,car_racing_ego_car,1.0,288.0,278.0,312.0,320.0,650,contact_low,299.0,318.0,mask PCA skeleton + low contact point,generated_videos/control_points_2_car.mp4
548,0,car_racing_ego_car,1.0,288.0,278.0,312.0,320.0,650,centroid,299.5199890136719,299.9769287109375,mask PCA skeleton + low contact point,generated_videos/control_points_2_car.mp4
548,0,car_racing_ego_car,1.0,288.0,278.0,312.0,320.0,650,axis_front,290.0,319.0,mask PCA skeleton + low contact point,generated_videos/control_points_2_car.mp4
548,0,car_racing_ego_car,1.0,288.0,278.0,312.0,320.0,650,axis_back,311.0,278.0,mask PCA skeleton + low contact point,generated_videos/control_points_2_car.mp4
548,0,car_racing_ego_car,1.0,288.0,278.0,312.0,320.0,650,axis_left,311.0,281.0,mask PCA skeleton + low contact point,generated_videos/control_points_2_car.mp4
548,0,car_racing_ego_car,1.0,288.0,278.0,312.0,320.0,650,axis_right,288.0,278.0,mask PCA skeleton + low contact point,generated_videos/control_points_2_car.mp4
548,0,car_racing_ego_car,1.0,288.0,278.0,312.0,320.0,650,contact_low,299.0,318.0,mask PCA skeleton + low contact point,generated_videos/control_points_2_car.mp4
549,0,car_racing_ego_car,1.0,288.0,278.0,312.0,320.0,656,centroid,299.45123291015625,299.81707763671875,mask PCA skeleton + low contact point,generated_videos/control_points_2_car.mp4
549,0,car_racing_ego_car,1.0,288.0,278.0,312.0,320.0,656,axis_front,309.0,319.0,mask PCA skeleton + low contact point,generated_videos/control_points_2_car.mp4
549,0,car_racing_ego_car,1.0,288.0,278.0,312.0,320.0,656,axis_back,288.0,278.0,mask PCA skeleton + low contact point,generated_videos/control_points_2_car.mp4
549,0,car_racing_ego_car,1.0,288.0,278.0,312.0,320.0,656,axis_left,311.0,278.0,mask PCA skeleton + low contact point,generated_videos/control_points_2_car.mp4
549,0,car_racing_ego_car,1.0,288.0,278.0,312.0,320.0,656,axis_right,288.0,281.0,mask PCA skeleton + low contact point,generated_videos/control_points_2_car.mp4
549,0,car_racing_ego_car,1.0,288.0,278.0,312.0,320.0,656,contact_low,299.0,318.0,mask PCA skeleton + low contact point,generated_videos/control_points_2_car.mp4
550,0,car_racing_ego_car,1.0,288.0,278.0,314.0,320.0,654,centroid,299.5993957519531,299.8577880859375,mask PCA skeleton + low contact point,generated_videos/control_points_2_car.mp4
550,0,car_racing_ego_car,1.0,288.0,278.0,314.0,320.0,654,axis_front,290.0,319.0,mask PCA skeleton + low contact point,generated_videos/control_points_2_car.mp4
550,0,car_racing_ego_car,1.0,288.0,278.0,314.0,320.0,654,axis_back,311.0,278.0,mask PCA skeleton + low contact point,generated_videos/control_points_2_car.mp4
550,0,car_racing_ego_car,1.0,288.0,278.0,314.0,320.0,654,axis_left,313.0,281.0,mask PCA skeleton + low contact point,generated_videos/control_points_2_car.mp4
550,0,car_racing_ego_car,1.0,288.0,278.0,314.0,320.0,654,axis_right,288.0,278.0,mask PCA skeleton + low contact point,generated_videos/control_points_2_car.mp4
550,0,car_racing_ego_car,1.0,288.0,278.0,314.0,320.0,654,contact_low,299.0,318.0,mask PCA skeleton + low contact point,generated_videos/control_points_2_car.mp4
551,0,car_racing_ego_car,1.0,288.0,278.0,314.0,320.0,654,centroid,299.5993957519531,299.8577880859375,mask PCA skeleton + low contact point,generated_videos/control_points_2_car.mp4
551,0,car_racing_ego_car,1.0,288.0,278.0,314.0,320.0,654,axis_front,290.0,319.0,mask PCA skeleton + low contact point,generated_videos/control_points_2_car.mp4
551,0,car_racing_ego_car,1.0,288.0,278.0,314.0,320.0,654,axis_back,311.0,278.0,mask PCA skeleton + low contact point,generated_videos/control_points_2_car.mp4
551,0,car_racing_ego_car,1.0,288.0,278.0,314.0,320.0,654,axis_left,313.0,281.0,mask PCA skeleton + low contact point,generated_videos/control_points_2_car.mp4
551,0,car_racing_ego_car,1.0,288.0,278.0,314.0,320.0,654,axis_right,288.0,278.0,mask PCA skeleton + low contact point,generated_videos/control_points_2_car.mp4
551,0,car_racing_ego_car,1.0,288.0,278.0,314.0,320.0,654,contact_low,299.0,318.0,mask PCA skeleton + low contact point,generated_videos/control_points_2_car.mp4
552,0,car_racing_ego_car,1.0,288.0,278.0,314.0,320.0,654,centroid,299.5993957519531,299.8577880859375,mask PCA skeleton + low contact point,generated_videos/control_points_2_car.mp4
552,0,car_racing_ego_car,1.0,288.0,278.0,314.0,320.0,654,axis_front,290.0,319.0,mask PCA skeleton + low contact point,generated_videos/control_points_2_car.mp4
552,0,car_racing_ego_car,1.0,288.0,278.0,314.0,320.0,654,axis_back,311.0,278.0,mask PCA skeleton + low contact point,generated_videos/control_points_2_car.mp4
552,0,car_racing_ego_car,1.0,288.0,278.0,314.0,320.0,654,axis_left,313.0,281.0,mask PCA skeleton + low contact point,generated_videos/control_points_2_car.mp4
552,0,car_racing_ego_car,1.0,288.0,278.0,314.0,320.0,654,axis_right,288.0,278.0,mask PCA skeleton + low contact point,generated_videos/control_points_2_car.mp4
552,0,car_racing_ego_car,1.0,288.0,278.0,314.0,320.0,654,contact_low,299.0,318.0,mask PCA skeleton + low contact point,generated_videos/control_points_2_car.mp4
553,0,car_racing_ego_car,1.0,288.0,278.0,314.0,320.0,654,centroid,299.5993957519531,299.8577880859375,mask PCA skeleton + low contact point,generated_videos/control_points_2_car.mp4
553,0,car_racing_ego_car,1.0,288.0,278.0,314.0,320.0,654,axis_front,290.0,319.0,mask PCA skeleton + low contact point,generated_videos/control_points_2_car.mp4
553,0,car_racing_ego_car,1.0,288.0,278.0,314.0,320.0,654,axis_back,311.0,278.0,mask PCA skeleton + low contact point,generated_videos/control_points_2_car.mp4
553,0,car_racing_ego_car,1.0,288.0,278.0,314.0,320.0,654,axis_left,313.0,281.0,mask PCA skeleton + low contact point,generated_videos/control_points_2_car.mp4
553,0,car_racing_ego_car,1.0,288.0,278.0,314.0,320.0,654,axis_right,288.0,278.0,mask PCA skeleton + low contact point,generated_videos/control_points_2_car.mp4
553,0,car_racing_ego_car,1.0,288.0,278.0,314.0,320.0,654,contact_low,299.0,318.0,mask PCA skeleton + low contact point,generated_videos/control_points_2_car.mp4
554,0,car_racing_ego_car,1.0,288.0,278.0,314.0,320.0,653,centroid,299.578857421875,299.8882141113281,mask PCA skeleton + low contact point,generated_videos/control_points_2_car.mp4
554,0,car_racing_ego_car,1.0,288.0,278.0,314.0,320.0,653,axis_front,290.0,319.0,mask PCA skeleton + low contact point,generated_videos/control_points_2_car.mp4
554,0,car_racing_ego_car,1.0,288.0,278.0,314.0,320.0,653,axis_back,311.0,278.0,mask PCA skeleton + low contact point,generated_videos/control_points_2_car.mp4
554,0,car_racing_ego_car,1.0,288.0,278.0,314.0,320.0,653,axis_left,313.0,281.0,mask PCA skeleton + low contact point,generated_videos/control_points_2_car.mp4
554,0,car_racing_ego_car,1.0,288.0,278.0,314.0,320.0,653,axis_right,288.0,278.0,mask PCA skeleton + low contact point,generated_videos/control_points_2_car.mp4
554,0,car_racing_ego_car,1.0,288.0,278.0,314.0,320.0,653,contact_low,299.0,318.0,mask PCA skeleton + low contact point,generated_videos/control_points_2_car.mp4
555,0,car_racing_ego_car,1.0,288.0,278.0,314.0,320.0,653,centroid,299.578857421875,299.8882141113281,mask PCA skeleton + low contact point,generated_videos/control_points_2_car.mp4
555,0,car_racing_ego_car,1.0,288.0,278.0,314.0,320.0,653,axis_front,290.0,319.0,mask PCA skeleton + low contact point,generated_videos/control_points_2_car.mp4
555,0,car_racing_ego_car,1.0,288.0,278.0,314.0,320.0,653,axis_back,311.0,278.0,mask PCA skeleton + low contact point,generated_videos/control_points_2_car.mp4
555,0,car_racing_ego_car,1.0,288.0,278.0,314.0,320.0,653,axis_left,313.0,281.0,mask PCA skeleton + low contact point,generated_videos/control_points_2_car.mp4
555,0,car_racing_ego_car,1.0,288.0,278.0,314.0,320.0,653,axis_right,288.0,278.0,mask PCA skeleton + low contact point,generated_videos/control_points_2_car.mp4
555,0,car_racing_ego_car,1.0,288.0,278.0,314.0,320.0,653,contact_low,299.0,318.0,mask PCA skeleton + low contact point,generated_videos/control_points_2_car.mp4
556,0,car_racing_ego_car,1.0,288.0,278.0,314.0,320.0,660,centroid,299.5303039550781,299.70001220703125,mask PCA skeleton + low contact point,generated_videos/control_points_2_car.mp4
556,0,car_racing_ego_car,1.0,288.0,278.0,314.0,320.0,660,axis_front,290.0,319.0,mask PCA skeleton + low contact point,generated_videos/control_points_2_car.mp4
556,0,car_racing_ego_car,1.0,288.0,278.0,314.0,320.0,660,axis_back,311.0,278.0,mask PCA skeleton + low contact point,generated_videos/control_points_2_car.mp4
556,0,car_racing_ego_car,1.0,288.0,278.0,314.0,320.0,660,axis_left,313.0,281.0,mask PCA skeleton + low contact point,generated_videos/control_points_2_car.mp4
556,0,car_racing_ego_car,1.0,288.0,278.0,314.0,320.0,660,axis_right,288.0,278.0,mask PCA skeleton + low contact point,generated_videos/control_points_2_car.mp4
556,0,car_racing_ego_car,1.0,288.0,278.0,314.0,320.0,660,contact_low,299.0,318.0,mask PCA skeleton + low contact point,generated_videos/control_points_2_car.mp4
557,0,car_racing_ego_car,1.0,288.0,278.0,314.0,320.0,660,centroid,299.5303039550781,299.70001220703125,mask PCA skeleton + low contact point,generated_videos/control_points_2_car.mp4
557,0,car_racing_ego_car,1.0,288.0,278.0,314.0,320.0,660,axis_front,290.0,319.0,mask PCA skeleton + low contact point,generated_videos/control_points_2_car.mp4
557,0,car_racing_ego_car,1.0,288.0,278.0,314.0,320.0,660,axis_back,311.0,278.0,mask PCA skeleton + low contact point,generated_videos/control_points_2_car.mp4
557,0,car_racing_ego_car,1.0,288.0,278.0,314.0,320.0,660,axis_left,313.0,281.0,mask PCA skeleton + low contact point,generated_videos/control_points_2_car.mp4
557,0,car_racing_ego_car,1.0,288.0,278.0,314.0,320.0,660,axis_right,288.0,278.0,mask PCA skeleton + low contact point,generated_videos/control_points_2_car.mp4
557,0,car_racing_ego_car,1.0,288.0,278.0,314.0,320.0,660,contact_low,299.0,318.0,mask PCA skeleton + low contact point,generated_videos/control_points_2_car.mp4
558,0,car_racing_ego_car,1.0,288.0,278.0,312.0,320.0,651,centroid,299.5099792480469,299.9493103027344,mask PCA skeleton + low contact point,generated_videos/control_points_2_car.mp4
558,0,car_racing_ego_car,1.0,288.0,278.0,312.0,320.0,651,axis_front,290.0,319.0,mask PCA skeleton + low contact point,generated_videos/control_points_2_car.mp4
558,0,car_racing_ego_car,1.0,288.0,278.0,312.0,320.0,651,axis_back,311.0,278.0,mask PCA skeleton + low contact point,generated_videos/control_points_2_car.mp4
558,0,car_racing_ego_car,1.0,288.0,278.0,312.0,320.0,651,axis_left,311.0,281.0,mask PCA skeleton + low contact point,generated_videos/control_points_2_car.mp4
558,0,car_racing_ego_car,1.0,288.0,278.0,312.0,320.0,651,axis_right,288.0,278.0,mask PCA skeleton + low contact point,generated_videos/control_points_2_car.mp4
558,0,car_racing_ego_car,1.0,288.0,278.0,312.0,320.0,651,contact_low,299.0,318.0,mask PCA skeleton + low contact point,generated_videos/control_points_2_car.mp4
559,0,car_racing_ego_car,1.0,288.0,278.0,312.0,320.0,651,centroid,299.5099792480469,299.9493103027344,mask PCA skeleton + low contact point,generated_videos/control_points_2_car.mp4
559,0,car_racing_ego_car,1.0,288.0,278.0,312.0,320.0,651,axis_front,290.0,319.0,mask PCA skeleton + low contact point,generated_videos/control_points_2_car.mp4
559,0,car_racing_ego_car,1.0,288.0,278.0,312.0,320.0,651,axis_back,311.0,278.0,mask PCA skeleton + low contact point,generated_videos/control_points_2_car.mp4
559,0,car_racing_ego_car,1.0,288.0,278.0,312.0,320.0,651,axis_left,311.0,281.0,mask PCA skeleton + low contact point,generated_videos/control_points_2_car.mp4
559,0,car_racing_ego_car,1.0,288.0,278.0,312.0,320.0,651,axis_right,288.0,278.0,mask PCA skeleton + low contact point,generated_videos/control_points_2_car.mp4
559,0,car_racing_ego_car,1.0,288.0,278.0,312.0,320.0,651,contact_low,299.0,318.0,mask PCA skeleton + low contact point,generated_videos/control_points_2_car.mp4
560,0,car_racing_ego_car,1.0,288.0,278.0,314.0,320.0,654,centroid,299.5993957519531,299.8577880859375,mask PCA skeleton + low contact point,generated_videos/control_points_2_car.mp4
560,0,car_racing_ego_car,1.0,288.0,278.0,314.0,320.0,654,axis_front,290.0,319.0,mask PCA skeleton + low contact point,generated_videos/control_points_2_car.mp4
560,0,car_racing_ego_car,1.0,288.0,278.0,314.0,320.0,654,axis_back,311.0,278.0,mask PCA skeleton + low contact point,generated_videos/control_points_2_car.mp4
560,0,car_racing_ego_car,1.0,288.0,278.0,314.0,320.0,654,axis_left,313.0,281.0,mask PCA skeleton + low contact point,generated_videos/control_points_2_car.mp4
560,0,car_racing_ego_car,1.0,288.0,278.0,314.0,320.0,654,axis_right,288.0,278.0,mask PCA skeleton + low contact point,generated_videos/control_points_2_car.mp4
560,0,car_racing_ego_car,1.0,288.0,278.0,314.0,320.0,654,contact_low,299.0,318.0,mask PCA skeleton + low contact point,generated_videos/control_points_2_car.mp4
561,0,car_racing_ego_car,1.0,288.0,278.0,314.0,320.0,654,centroid,299.5993957519531,299.8577880859375,mask PCA skeleton + low contact point,generated_videos/control_points_2_car.mp4
561,0,car_racing_ego_car,1.0,288.0,278.0,314.0,320.0,654,axis_front,290.0,319.0,mask PCA skeleton + low contact point,generated_videos/control_points_2_car.mp4
561,0,car_racing_ego_car,1.0,288.0,278.0,314.0,320.0,654,axis_back,311.0,278.0,mask PCA skeleton + low contact point,generated_videos/control_points_2_car.mp4
561,0,car_racing_ego_car,1.0,288.0,278.0,314.0,320.0,654,axis_left,313.0,281.0,mask PCA skeleton + low contact point,generated_videos/control_points_2_car.mp4
561,0,car_racing_ego_car,1.0,288.0,278.0,314.0,320.0,654,axis_right,288.0,278.0,mask PCA skeleton + low contact point,generated_videos/control_points_2_car.mp4
561,0,car_racing_ego_car,1.0,288.0,278.0,314.0,320.0,654,contact_low,299.0,318.0,mask PCA skeleton + low contact point,generated_videos/control_points_2_car.mp4
562,0,car_racing_ego_car,1.0,288.0,278.0,314.0,320.0,676,centroid,299.5769348144531,299.8017883300781,mask PCA skeleton + low contact point,generated_videos/control_points_2_car.mp4
562,0,car_racing_ego_car,1.0,288.0,278.0,314.0,320.0,676,axis_front,290.0,319.0,mask PCA skeleton + low contact point,generated_videos/control_points_2_car.mp4
562,0,car_racing_ego_car,1.0,288.0,278.0,314.0,320.0,676,axis_back,311.0,278.0,mask PCA skeleton + low contact point,generated_videos/control_points_2_car.mp4
562,0,car_racing_ego_car,1.0,288.0,278.0,314.0,320.0,676,axis_left,313.0,283.0,mask PCA skeleton + low contact point,generated_videos/control_points_2_car.mp4
562,0,car_racing_ego_car,1.0,288.0,278.0,314.0,320.0,676,axis_right,288.0,278.0,mask PCA skeleton + low contact point,generated_videos/control_points_2_car.mp4
562,0,car_racing_ego_car,1.0,288.0,278.0,314.0,320.0,676,contact_low,299.0,318.0,mask PCA skeleton + low contact point,generated_videos/control_points_2_car.mp4
563,0,car_racing_ego_car,1.0,288.0,278.0,314.0,320.0,676,centroid,299.5769348144531,299.8017883300781,mask PCA skeleton + low contact point,generated_videos/control_points_2_car.mp4
563,0,car_racing_ego_car,1.0,288.0,278.0,314.0,320.0,676,axis_front,290.0,319.0,mask PCA skeleton + low contact point,generated_videos/control_points_2_car.mp4
563,0,car_racing_ego_car,1.0,288.0,278.0,314.0,320.0,676,axis_back,311.0,278.0,mask PCA skeleton + low contact point,generated_videos/control_points_2_car.mp4
563,0,car_racing_ego_car,1.0,288.0,278.0,314.0,320.0,676,axis_left,313.0,283.0,mask PCA skeleton + low contact point,generated_videos/control_points_2_car.mp4
563,0,car_racing_ego_car,1.0,288.0,278.0,314.0,320.0,676,axis_right,288.0,278.0,mask PCA skeleton + low contact point,generated_videos/control_points_2_car.mp4
563,0,car_racing_ego_car,1.0,288.0,278.0,314.0,320.0,676,contact_low,299.0,318.0,mask PCA skeleton + low contact point,generated_videos/control_points_2_car.mp4
564,0,car_racing_ego_car,1.0,288.0,278.0,312.0,320.0,654,centroid,299.5504455566406,299.94342041015625,mask PCA skeleton + low contact point,generated_videos/control_points_2_car.mp4
564,0,car_racing_ego_car,1.0,288.0,278.0,312.0,320.0,654,axis_front,290.0,319.0,mask PCA skeleton + low contact point,generated_videos/control_points_2_car.mp4
564,0,car_racing_ego_car,1.0,288.0,278.0,312.0,320.0,654,axis_back,311.0,278.0,mask PCA skeleton + low contact point,generated_videos/control_points_2_car.mp4
564,0,car_racing_ego_car,1.0,288.0,278.0,312.0,320.0,654,axis_left,311.0,281.0,mask PCA skeleton + low contact point,generated_videos/control_points_2_car.mp4
564,0,car_racing_ego_car,1.0,288.0,278.0,312.0,320.0,654,axis_right,288.0,278.0,mask PCA skeleton + low contact point,generated_videos/control_points_2_car.mp4
564,0,car_racing_ego_car,1.0,288.0,278.0,312.0,320.0,654,contact_low,299.0,318.0,mask PCA skeleton + low contact point,generated_videos/control_points_2_car.mp4
565,0,car_racing_ego_car,1.0,288.0,278.0,312.0,320.0,654,centroid,299.5504455566406,299.94342041015625,mask PCA skeleton + low contact point,generated_videos/control_points_2_car.mp4
565,0,car_racing_ego_car,1.0,288.0,278.0,312.0,320.0,654,axis_front,290.0,319.0,mask PCA skeleton + low contact point,generated_videos/control_points_2_car.mp4
565,0,car_racing_ego_car,1.0,288.0,278.0,312.0,320.0,654,axis_back,311.0,278.0,mask PCA skeleton + low contact point,generated_videos/control_points_2_car.mp4
565,0,car_racing_ego_car,1.0,288.0,278.0,312.0,320.0,654,axis_left,311.0,281.0,mask PCA skeleton + low contact point,generated_videos/control_points_2_car.mp4
565,0,car_racing_ego_car,1.0,288.0,278.0,312.0,320.0,654,axis_right,288.0,278.0,mask PCA skeleton + low contact point,generated_videos/control_points_2_car.mp4
565,0,car_racing_ego_car,1.0,288.0,278.0,312.0,320.0,654,contact_low,299.0,318.0,mask PCA skeleton + low contact point,generated_videos/control_points_2_car.mp4
566,0,car_racing_ego_car,1.0,288.0,278.0,314.0,320.0,654,centroid,299.5993957519531,299.8577880859375,mask PCA skeleton + low contact point,generated_videos/control_points_2_car.mp4
566,0,car_racing_ego_car,1.0,288.0,278.0,314.0,320.0,654,axis_front,290.0,319.0,mask PCA skeleton + low contact point,generated_videos/control_points_2_car.mp4
566,0,car_racing_ego_car,1.0,288.0,278.0,314.0,320.0,654,axis_back,311.0,278.0,mask PCA skeleton + low contact point,generated_videos/control_points_2_car.mp4
566,0,car_racing_ego_car,1.0,288.0,278.0,314.0,320.0,654,axis_left,313.0,281.0,mask PCA skeleton + low contact point,generated_videos/control_points_2_car.mp4
566,0,car_racing_ego_car,1.0,288.0,278.0,314.0,320.0,654,axis_right,288.0,278.0,mask PCA skeleton + low contact point,generated_videos/control_points_2_car.mp4
566,0,car_racing_ego_car,1.0,288.0,278.0,314.0,320.0,654,contact_low,299.0,318.0,mask PCA skeleton + low contact point,generated_videos/control_points_2_car.mp4
567,0,car_racing_ego_car,1.0,288.0,278.0,314.0,320.0,654,centroid,299.5993957519531,299.8577880859375,mask PCA skeleton + low contact point,generated_videos/control_points_2_car.mp4
567,0,car_racing_ego_car,1.0,288.0,278.0,314.0,320.0,654,axis_front,290.0,319.0,mask PCA skeleton + low contact point,generated_videos/control_points_2_car.mp4
567,0,car_racing_ego_car,1.0,288.0,278.0,314.0,320.0,654,axis_back,311.0,278.0,mask PCA skeleton + low contact point,generated_videos/control_points_2_car.mp4
567,0,car_racing_ego_car,1.0,288.0,278.0,314.0,320.0,654,axis_left,313.0,281.0,mask PCA skeleton + low contact point,generated_videos/control_points_2_car.mp4
567,0,car_racing_ego_car,1.0,288.0,278.0,314.0,320.0,654,axis_right,288.0,278.0,mask PCA skeleton + low contact point,generated_videos/control_points_2_car.mp4
567,0,car_racing_ego_car,1.0,288.0,278.0,314.0,320.0,654,contact_low,299.0,318.0,mask PCA skeleton + low contact point,generated_videos/control_points_2_car.mp4
568,0,car_racing_ego_car,1.0,288.0,278.0,312.0,320.0,650,centroid,299.5199890136719,299.9769287109375,mask PCA skeleton + low contact point,generated_videos/control_points_2_car.mp4
568,0,car_racing_ego_car,1.0,288.0,278.0,312.0,320.0,650,axis_front,290.0,319.0,mask PCA skeleton + low contact point,generated_videos/control_points_2_car.mp4
568,0,car_racing_ego_car,1.0,288.0,278.0,312.0,320.0,650,axis_back,311.0,278.0,mask PCA skeleton + low contact point,generated_videos/control_points_2_car.mp4
568,0,car_racing_ego_car,1.0,288.0,278.0,312.0,320.0,650,axis_left,311.0,281.0,mask PCA skeleton + low contact point,generated_videos/control_points_2_car.mp4
568,0,car_racing_ego_car,1.0,288.0,278.0,312.0,320.0,650,axis_right,288.0,278.0,mask PCA skeleton + low contact point,generated_videos/control_points_2_car.mp4
568,0,car_racing_ego_car,1.0,288.0,278.0,312.0,320.0,650,contact_low,299.0,318.0,mask PCA skeleton + low contact point,generated_videos/control_points_2_car.mp4
569,0,car_racing_ego_car,1.0,288.0,278.0,314.0,320.0,654,centroid,299.5993957519531,299.8577880859375,mask PCA skeleton + low contact point,generated_videos/control_points_2_car.mp4
569,0,car_racing_ego_car,1.0,288.0,278.0,314.0,320.0,654,axis_front,290.0,319.0,mask PCA skeleton + low contact point,generated_videos/control_points_2_car.mp4
569,0,car_racing_ego_car,1.0,288.0,278.0,314.0,320.0,654,axis_back,311.0,278.0,mask PCA skeleton + low contact point,generated_videos/control_points_2_car.mp4
569,0,car_racing_ego_car,1.0,288.0,278.0,314.0,320.0,654,axis_left,313.0,281.0,mask PCA skeleton + low contact point,generated_videos/control_points_2_car.mp4
569,0,car_racing_ego_car,1.0,288.0,278.0,314.0,320.0,654,axis_right,288.0,278.0,mask PCA skeleton + low contact point,generated_videos/control_points_2_car.mp4
569,0,car_racing_ego_car,1.0,288.0,278.0,314.0,320.0,654,contact_low,299.0,318.0,mask PCA skeleton + low contact point,generated_videos/control_points_2_car.mp4
570,0,car_racing_ego_car,1.0,288.0,278.0,312.0,320.0,656,centroid,299.45123291015625,299.81707763671875,mask PCA skeleton + low contact point,generated_videos/control_points_2_car.mp4
570,0,car_racing_ego_car,1.0,288.0,278.0,312.0,320.0,656,axis_front,309.0,319.0,mask PCA skeleton + low contact point,generated_videos/control_points_2_car.mp4
570,0,car_racing_ego_car,1.0,288.0,278.0,312.0,320.0,656,axis_back,288.0,278.0,mask PCA skeleton + low contact point,generated_videos/control_points_2_car.mp4
570,0,car_racing_ego_car,1.0,288.0,278.0,312.0,320.0,656,axis_left,311.0,278.0,mask PCA skeleton + low contact point,generated_videos/control_points_2_car.mp4
570,0,car_racing_ego_car,1.0,288.0,278.0,312.0,320.0,656,axis_right,288.0,281.0,mask PCA skeleton + low contact point,generated_videos/control_points_2_car.mp4
570,0,car_racing_ego_car,1.0,288.0,278.0,312.0,320.0,656,contact_low,299.0,318.0,mask PCA skeleton + low contact point,generated_videos/control_points_2_car.mp4
571,0,car_racing_ego_car,1.0,288.0,278.0,312.0,320.0,656,centroid,299.45123291015625,299.81707763671875,mask PCA skeleton + low contact point,generated_videos/control_points_2_car.mp4
571,0,car_racing_ego_car,1.0,288.0,278.0,312.0,320.0,656,axis_front,309.0,319.0,mask PCA skeleton + low contact point,generated_videos/control_points_2_car.mp4
571,0,car_racing_ego_car,1.0,288.0,278.0,312.0,320.0,656,axis_back,288.0,278.0,mask PCA skeleton + low contact point,generated_videos/control_points_2_car.mp4
571,0,car_racing_ego_car,1.0,288.0,278.0,312.0,320.0,656,axis_left,311.0,278.0,mask PCA skeleton + low contact point,generated_videos/control_points_2_car.mp4
571,0,car_racing_ego_car,1.0,288.0,278.0,312.0,320.0,656,axis_right,288.0,281.0,mask PCA skeleton + low contact point,generated_videos/control_points_2_car.mp4
571,0,car_racing_ego_car,1.0,288.0,278.0,312.0,320.0,656,contact_low,299.0,318.0,mask PCA skeleton + low contact point,generated_videos/control_points_2_car.mp4
572,0,car_racing_ego_car,1.0,288.0,278.0,312.0,320.0,652,centroid,299.5,299.9233093261719,mask PCA skeleton + low contact point,generated_videos/control_points_2_car.mp4
572,0,car_racing_ego_car,1.0,288.0,278.0,312.0,320.0,652,axis_front,290.0,319.0,mask PCA skeleton + low contact point,generated_videos/control_points_2_car.mp4
572,0,car_racing_ego_car,1.0,288.0,278.0,312.0,320.0,652,axis_back,288.0,278.0,mask PCA skeleton + low contact point,generated_videos/control_points_2_car.mp4
572,0,car_racing_ego_car,1.0,288.0,278.0,312.0,320.0,652,axis_left,311.0,278.0,mask PCA skeleton + low contact point,generated_videos/control_points_2_car.mp4
572,0,car_racing_ego_car,1.0,288.0,278.0,312.0,320.0,652,axis_right,288.0,278.0,mask PCA skeleton + low contact point,generated_videos/control_points_2_car.mp4
572,0,car_racing_ego_car,1.0,288.0,278.0,312.0,320.0,652,contact_low,299.0,318.0,mask PCA skeleton + low contact point,generated_videos/control_points_2_car.mp4
573,0,car_racing_ego_car,1.0,288.0,278.0,312.0,320.0,652,centroid,299.5,299.9233093261719,mask PCA skeleton + low contact point,generated_videos/control_points_2_car.mp4
573,0,car_racing_ego_car,1.0,288.0,278.0,312.0,320.0,652,axis_front,290.0,319.0,mask PCA skeleton + low contact point,generated_videos/control_points_2_car.mp4
573,0,car_racing_ego_car,1.0,288.0,278.0,312.0,320.0,652,axis_back,288.0,278.0,mask PCA skeleton + low contact point,generated_videos/control_points_2_car.mp4
573,0,car_racing_ego_car,1.0,288.0,278.0,312.0,320.0,652,axis_left,311.0,278.0,mask PCA skeleton + low contact point,generated_videos/control_points_2_car.mp4
573,0,car_racing_ego_car,1.0,288.0,278.0,312.0,320.0,652,axis_right,288.0,278.0,mask PCA skeleton + low contact point,generated_videos/control_points_2_car.mp4
573,0,car_racing_ego_car,1.0,288.0,278.0,312.0,320.0,652,contact_low,299.0,318.0,mask PCA skeleton + low contact point,generated_videos/control_points_2_car.mp4
574,0,car_racing_ego_car,1.0,288.0,278.0,312.0,320.0,650,centroid,299.5199890136719,299.9769287109375,mask PCA skeleton + low contact point,generated_videos/control_points_2_car.mp4
574,0,car_racing_ego_car,1.0,288.0,278.0,312.0,320.0,650,axis_front,290.0,319.0,mask PCA skeleton + low contact point,generated_videos/control_points_2_car.mp4
574,0,car_racing_ego_car,1.0,288.0,278.0,312.0,320.0,650,axis_back,311.0,278.0,mask PCA skeleton + low contact point,generated_videos/control_points_2_car.mp4
574,0,car_racing_ego_car,1.0,288.0,278.0,312.0,320.0,650,axis_left,311.0,281.0,mask PCA skeleton + low contact point,generated_videos/control_points_2_car.mp4
574,0,car_racing_ego_car,1.0,288.0,278.0,312.0,320.0,650,axis_right,288.0,278.0,mask PCA skeleton + low contact point,generated_videos/control_points_2_car.mp4
574,0,car_racing_ego_car,1.0,288.0,278.0,312.0,320.0,650,contact_low,299.0,318.0,mask PCA skeleton + low contact point,generated_videos/control_points_2_car.mp4
575,0,car_racing_ego_car,1.0,288.0,278.0,312.0,320.0,650,centroid,299.5276794433594,299.8800048828125,mask PCA skeleton + low contact point,generated_videos/control_points_2_car.mp4
575,0,car_racing_ego_car,1.0,288.0,278.0,312.0,320.0,650,axis_front,309.0,319.0,mask PCA skeleton + low contact point,generated_videos/control_points_2_car.mp4
575,0,car_racing_ego_car,1.0,288.0,278.0,312.0,320.0,650,axis_back,288.0,278.0,mask PCA skeleton + low contact point,generated_videos/control_points_2_car.mp4
575,0,car_racing_ego_car,1.0,288.0,278.0,312.0,320.0,650,axis_left,311.0,278.0,mask PCA skeleton + low contact point,generated_videos/control_points_2_car.mp4
575,0,car_racing_ego_car,1.0,288.0,278.0,312.0,320.0,650,axis_right,288.0,281.0,mask PCA skeleton + low contact point,generated_videos/control_points_2_car.mp4
575,0,car_racing_ego_car,1.0,288.0,278.0,312.0,320.0,650,contact_low,299.0,318.0,mask PCA skeleton + low contact point,generated_videos/control_points_2_car.mp4
576,0,car_racing_ego_car,1.0,288.0,278.0,312.0,320.0,650,centroid,299.5276794433594,299.8800048828125,mask PCA skeleton + low contact point,generated_videos/control_points_2_car.mp4
576,0,car_racing_ego_car,1.0,288.0,278.0,312.0,320.0,650,axis_front,309.0,319.0,mask PCA skeleton + low contact point,generated_videos/control_points_2_car.mp4
576,0,car_racing_ego_car,1.0,288.0,278.0,312.0,320.0,650,axis_back,288.0,278.0,mask PCA skeleton + low contact point,generated_videos/control_points_2_car.mp4
576,0,car_racing_ego_car,1.0,288.0,278.0,312.0,320.0,650,axis_left,311.0,278.0,mask PCA skeleton + low contact point,generated_videos/control_points_2_car.mp4
576,0,car_racing_ego_car,1.0,288.0,278.0,312.0,320.0,650,axis_right,288.0,281.0,mask PCA skeleton + low contact point,generated_videos/control_points_2_car.mp4
576,0,car_racing_ego_car,1.0,288.0,278.0,312.0,320.0,650,contact_low,299.0,318.0,mask PCA skeleton + low contact point,generated_videos/control_points_2_car.mp4
577,0,car_racing_ego_car,1.0,288.0,278.0,314.0,320.0,660,centroid,299.5303039550781,299.70001220703125,mask PCA skeleton + low contact point,generated_videos/control_points_2_car.mp4
577,0,car_racing_ego_car,1.0,288.0,278.0,314.0,320.0,660,axis_front,290.0,319.0,mask PCA skeleton + low contact point,generated_videos/control_points_2_car.mp4
577,0,car_racing_ego_car,1.0,288.0,278.0,314.0,320.0,660,axis_back,311.0,278.0,mask PCA skeleton + low contact point,generated_videos/control_points_2_car.mp4
577,0,car_racing_ego_car,1.0,288.0,278.0,314.0,320.0,660,axis_left,313.0,281.0,mask PCA skeleton + low contact point,generated_videos/control_points_2_car.mp4
577,0,car_racing_ego_car,1.0,288.0,278.0,314.0,320.0,660,axis_right,288.0,278.0,mask PCA skeleton + low contact point,generated_videos/control_points_2_car.mp4
577,0,car_racing_ego_car,1.0,288.0,278.0,314.0,320.0,660,contact_low,299.0,318.0,mask PCA skeleton + low contact point,generated_videos/control_points_2_car.mp4
578,0,car_racing_ego_car,1.0,288.0,278.0,314.0,320.0,660,centroid,299.5303039550781,299.70001220703125,mask PCA skeleton + low contact point,generated_videos/control_points_2_car.mp4
578,0,car_racing_ego_car,1.0,288.0,278.0,314.0,320.0,660,axis_front,290.0,319.0,mask PCA skeleton + low contact point,generated_videos/control_points_2_car.mp4
578,0,car_racing_ego_car,1.0,288.0,278.0,314.0,320.0,660,axis_back,311.0,278.0,mask PCA skeleton + low contact point,generated_videos/control_points_2_car.mp4
578,0,car_racing_ego_car,1.0,288.0,278.0,314.0,320.0,660,axis_left,313.0,281.0,mask PCA skeleton + low contact point,generated_videos/control_points_2_car.mp4
578,0,car_racing_ego_car,1.0,288.0,278.0,314.0,320.0,660,axis_right,288.0,278.0,mask PCA skeleton + low contact point,generated_videos/control_points_2_car.mp4
578,0,car_racing_ego_car,1.0,288.0,278.0,314.0,320.0,660,contact_low,299.0,318.0,mask PCA skeleton + low contact point,generated_videos/control_points_2_car.mp4
579,0,car_racing_ego_car,1.0,288.0,278.0,312.0,320.0,652,centroid,299.5429382324219,299.9233093261719,mask PCA skeleton + low contact point,generated_videos/control_points_2_car.mp4
579,0,car_racing_ego_car,1.0,288.0,278.0,312.0,320.0,652,axis_front,290.0,319.0,mask PCA skeleton + low contact point,generated_videos/control_points_2_car.mp4
579,0,car_racing_ego_car,1.0,288.0,278.0,312.0,320.0,652,axis_back,311.0,278.0,mask PCA skeleton + low contact point,generated_videos/control_points_2_car.mp4
579,0,car_racing_ego_car,1.0,288.0,278.0,312.0,320.0,652,axis_left,311.0,281.0,mask PCA skeleton + low contact point,generated_videos/control_points_2_car.mp4
579,0,car_racing_ego_car,1.0,288.0,278.0,312.0,320.0,652,axis_right,288.0,278.0,mask PCA skeleton + low contact point,generated_videos/control_points_2_car.mp4
579,0,car_racing_ego_car,1.0,288.0,278.0,312.0,320.0,652,contact_low,299.0,318.0,mask PCA skeleton + low contact point,generated_videos/control_points_2_car.mp4
580,0,car_racing_ego_car,1.0,288.0,278.0,312.0,320.0,652,centroid,299.5429382324219,299.9233093261719,mask PCA skeleton + low contact point,generated_videos/control_points_2_car.mp4
580,0,car_racing_ego_car,1.0,288.0,278.0,312.0,320.0,652,axis_front,290.0,319.0,mask PCA skeleton + low contact point,generated_videos/control_points_2_car.mp4
580,0,car_racing_ego_car,1.0,288.0,278.0,312.0,320.0,652,axis_back,311.0,278.0,mask PCA skeleton + low contact point,generated_videos/control_points_2_car.mp4
580,0,car_racing_ego_car,1.0,288.0,278.0,312.0,320.0,652,axis_left,311.0,281.0,mask PCA skeleton + low contact point,generated_videos/control_points_2_car.mp4
580,0,car_racing_ego_car,1.0,288.0,278.0,312.0,320.0,652,axis_right,288.0,278.0,mask PCA skeleton + low contact point,generated_videos/control_points_2_car.mp4
580,0,car_racing_ego_car,1.0,288.0,278.0,312.0,320.0,652,contact_low,299.0,318.0,mask PCA skeleton + low contact point,generated_videos/control_points_2_car.mp4
581,0,car_racing_ego_car,1.0,288.0,278.0,312.0,320.0,650,centroid,299.5199890136719,299.9769287109375,mask PCA skeleton + low contact point,generated_videos/control_points_2_car.mp4
581,0,car_racing_ego_car,1.0,288.0,278.0,312.0,320.0,650,axis_front,290.0,319.0,mask PCA skeleton + low contact point,generated_videos/control_points_2_car.mp4
581,0,car_racing_ego_car,1.0,288.0,278.0,312.0,320.0,650,axis_back,311.0,278.0,mask PCA skeleton + low contact point,generated_videos/control_points_2_car.mp4
581,0,car_racing_ego_car,1.0,288.0,278.0,312.0,320.0,650,axis_left,311.0,281.0,mask PCA skeleton + low contact point,generated_videos/control_points_2_car.mp4
581,0,car_racing_ego_car,1.0,288.0,278.0,312.0,320.0,650,axis_right,288.0,278.0,mask PCA skeleton + low contact point,generated_videos/control_points_2_car.mp4
581,0,car_racing_ego_car,1.0,288.0,278.0,312.0,320.0,650,contact_low,299.0,318.0,mask PCA skeleton + low contact point,generated_videos/control_points_2_car.mp4
582,0,car_racing_ego_car,1.0,288.0,278.0,312.0,320.0,650,centroid,299.5199890136719,299.9769287109375,mask PCA skeleton + low contact point,generated_videos/control_points_2_car.mp4
582,0,car_racing_ego_car,1.0,288.0,278.0,312.0,320.0,650,axis_front,290.0,319.0,mask PCA skeleton + low contact point,generated_videos/control_points_2_car.mp4
582,0,car_racing_ego_car,1.0,288.0,278.0,312.0,320.0,650,axis_back,311.0,278.0,mask PCA skeleton + low contact point,generated_videos/control_points_2_car.mp4
582,0,car_racing_ego_car,1.0,288.0,278.0,312.0,320.0,650,axis_left,311.0,281.0,mask PCA skeleton + low contact point,generated_videos/control_points_2_car.mp4
582,0,car_racing_ego_car,1.0,288.0,278.0,312.0,320.0,650,axis_right,288.0,278.0,mask PCA skeleton + low contact point,generated_videos/control_points_2_car.mp4
582,0,car_racing_ego_car,1.0,288.0,278.0,312.0,320.0,650,contact_low,299.0,318.0,mask PCA skeleton + low contact point,generated_videos/control_points_2_car.mp4
583,0,car_racing_ego_car,1.0,288.0,278.0,312.0,320.0,650,centroid,299.5199890136719,299.9769287109375,mask PCA skeleton + low contact point,generated_videos/control_points_2_car.mp4
583,0,car_racing_ego_car,1.0,288.0,278.0,312.0,320.0,650,axis_front,290.0,319.0,mask PCA skeleton + low contact point,generated_videos/control_points_2_car.mp4
583,0,car_racing_ego_car,1.0,288.0,278.0,312.0,320.0,650,axis_back,311.0,278.0,mask PCA skeleton + low contact point,generated_videos/control_points_2_car.mp4
583,0,car_racing_ego_car,1.0,288.0,278.0,312.0,320.0,650,axis_left,311.0,281.0,mask PCA skeleton + low contact point,generated_videos/control_points_2_car.mp4
583,0,car_racing_ego_car,1.0,288.0,278.0,312.0,320.0,650,axis_right,288.0,278.0,mask PCA skeleton + low contact point,generated_videos/control_points_2_car.mp4
583,0,car_racing_ego_car,1.0,288.0,278.0,312.0,320.0,650,contact_low,299.0,318.0,mask PCA skeleton + low contact point,generated_videos/control_points_2_car.mp4
584,0,car_racing_ego_car,1.0,288.0,278.0,312.0,320.0,650,centroid,299.5199890136719,299.9769287109375,mask PCA skeleton + low contact point,generated_videos/control_points_2_car.mp4
584,0,car_racing_ego_car,1.0,288.0,278.0,312.0,320.0,650,axis_front,290.0,319.0,mask PCA skeleton + low contact point,generated_videos/control_points_2_car.mp4
584,0,car_racing_ego_car,1.0,288.0,278.0,312.0,320.0,650,axis_back,311.0,278.0,mask PCA skeleton + low contact point,generated_videos/control_points_2_car.mp4
584,0,car_racing_ego_car,1.0,288.0,278.0,312.0,320.0,650,axis_left,311.0,281.0,mask PCA skeleton + low contact point,generated_videos/control_points_2_car.mp4
584,0,car_racing_ego_car,1.0,288.0,278.0,312.0,320.0,650,axis_right,288.0,278.0,mask PCA skeleton + low contact point,generated_videos/control_points_2_car.mp4
584,0,car_racing_ego_car,1.0,288.0,278.0,312.0,320.0,650,contact_low,299.0,318.0,mask PCA skeleton + low contact point,generated_videos/control_points_2_car.mp4
585,0,car_racing_ego_car,1.0,288.0,278.0,312.0,320.0,650,centroid,299.5199890136719,299.9769287109375,mask PCA skeleton + low contact point,generated_videos/control_points_2_car.mp4
585,0,car_racing_ego_car,1.0,288.0,278.0,312.0,320.0,650,axis_front,290.0,319.0,mask PCA skeleton + low contact point,generated_videos/control_points_2_car.mp4
585,0,car_racing_ego_car,1.0,288.0,278.0,312.0,320.0,650,axis_back,311.0,278.0,mask PCA skeleton + low contact point,generated_videos/control_points_2_car.mp4
585,0,car_racing_ego_car,1.0,288.0,278.0,312.0,320.0,650,axis_left,311.0,281.0,mask PCA skeleton + low contact point,generated_videos/control_points_2_car.mp4
585,0,car_racing_ego_car,1.0,288.0,278.0,312.0,320.0,650,axis_right,288.0,278.0,mask PCA skeleton + low contact point,generated_videos/control_points_2_car.mp4
585,0,car_racing_ego_car,1.0,288.0,278.0,312.0,320.0,650,contact_low,299.0,318.0,mask PCA skeleton + low contact point,generated_videos/control_points_2_car.mp4
586,0,car_racing_ego_car,1.0,288.0,278.0,312.0,320.0,650,centroid,299.5199890136719,299.9769287109375,mask PCA skeleton + low contact point,generated_videos/control_points_2_car.mp4
586,0,car_racing_ego_car,1.0,288.0,278.0,312.0,320.0,650,axis_front,290.0,319.0,mask PCA skeleton + low contact point,generated_videos/control_points_2_car.mp4
586,0,car_racing_ego_car,1.0,288.0,278.0,312.0,320.0,650,axis_back,311.0,278.0,mask PCA skeleton + low contact point,generated_videos/control_points_2_car.mp4
586,0,car_racing_ego_car,1.0,288.0,278.0,312.0,320.0,650,axis_left,311.0,281.0,mask PCA skeleton + low contact point,generated_videos/control_points_2_car.mp4
586,0,car_racing_ego_car,1.0,288.0,278.0,312.0,320.0,650,axis_right,288.0,278.0,mask PCA skeleton + low contact point,generated_videos/control_points_2_car.mp4
586,0,car_racing_ego_car,1.0,288.0,278.0,312.0,320.0,650,contact_low,299.0,318.0,mask PCA skeleton + low contact point,generated_videos/control_points_2_car.mp4
587,0,car_racing_ego_car,1.0,288.0,278.0,312.0,320.0,650,centroid,299.5199890136719,299.9769287109375,mask PCA skeleton + low contact point,generated_videos/control_points_2_car.mp4
587,0,car_racing_ego_car,1.0,288.0,278.0,312.0,320.0,650,axis_front,290.0,319.0,mask PCA skeleton + low contact point,generated_videos/control_points_2_car.mp4
587,0,car_racing_ego_car,1.0,288.0,278.0,312.0,320.0,650,axis_back,311.0,278.0,mask PCA skeleton + low contact point,generated_videos/control_points_2_car.mp4
587,0,car_racing_ego_car,1.0,288.0,278.0,312.0,320.0,650,axis_left,311.0,281.0,mask PCA skeleton + low contact point,generated_videos/control_points_2_car.mp4
587,0,car_racing_ego_car,1.0,288.0,278.0,312.0,320.0,650,axis_right,288.0,278.0,mask PCA skeleton + low contact point,generated_videos/control_points_2_car.mp4
587,0,car_racing_ego_car,1.0,288.0,278.0,312.0,320.0,650,contact_low,299.0,318.0,mask PCA skeleton + low contact point,generated_videos/control_points_2_car.mp4
588,0,car_racing_ego_car,1.0,288.0,278.0,312.0,320.0,650,centroid,299.5199890136719,299.9769287109375,mask PCA skeleton + low contact point,generated_videos/control_points_2_car.mp4
588,0,car_racing_ego_car,1.0,288.0,278.0,312.0,320.0,650,axis_front,290.0,319.0,mask PCA skeleton + low contact point,generated_videos/control_points_2_car.mp4
588,0,car_racing_ego_car,1.0,288.0,278.0,312.0,320.0,650,axis_back,311.0,278.0,mask PCA skeleton + low contact point,generated_videos/control_points_2_car.mp4
588,0,car_racing_ego_car,1.0,288.0,278.0,312.0,320.0,650,axis_left,311.0,281.0,mask PCA skeleton + low contact point,generated_videos/control_points_2_car.mp4
588,0,car_racing_ego_car,1.0,288.0,278.0,312.0,320.0,650,axis_right,288.0,278.0,mask PCA skeleton + low contact point,generated_videos/control_points_2_car.mp4
588,0,car_racing_ego_car,1.0,288.0,278.0,312.0,320.0,650,contact_low,299.0,318.0,mask PCA skeleton + low contact point,generated_videos/control_points_2_car.mp4
589,0,car_racing_ego_car,1.0,288.0,278.0,312.0,320.0,650,centroid,299.5199890136719,299.9769287109375,mask PCA skeleton + low contact point,generated_videos/control_points_2_car.mp4
589,0,car_racing_ego_car,1.0,288.0,278.0,312.0,320.0,650,axis_front,290.0,319.0,mask PCA skeleton + low contact point,generated_videos/control_points_2_car.mp4
589,0,car_racing_ego_car,1.0,288.0,278.0,312.0,320.0,650,axis_back,311.0,278.0,mask PCA skeleton + low contact point,generated_videos/control_points_2_car.mp4
589,0,car_racing_ego_car,1.0,288.0,278.0,312.0,320.0,650,axis_left,311.0,281.0,mask PCA skeleton + low contact point,generated_videos/control_points_2_car.mp4
589,0,car_racing_ego_car,1.0,288.0,278.0,312.0,320.0,650,axis_right,288.0,278.0,mask PCA skeleton + low contact point,generated_videos/control_points_2_car.mp4
589,0,car_racing_ego_car,1.0,288.0,278.0,312.0,320.0,650,contact_low,299.0,318.0,mask PCA skeleton + low contact point,generated_videos/control_points_2_car.mp4
590,0,car_racing_ego_car,1.0,288.0,278.0,312.0,320.0,650,centroid,299.5199890136719,299.9769287109375,mask PCA skeleton + low contact point,generated_videos/control_points_2_car.mp4
590,0,car_racing_ego_car,1.0,288.0,278.0,312.0,320.0,650,axis_front,290.0,319.0,mask PCA skeleton + low contact point,generated_videos/control_points_2_car.mp4
590,0,car_racing_ego_car,1.0,288.0,278.0,312.0,320.0,650,axis_back,311.0,278.0,mask PCA skeleton + low contact point,generated_videos/control_points_2_car.mp4
590,0,car_racing_ego_car,1.0,288.0,278.0,312.0,320.0,650,axis_left,311.0,281.0,mask PCA skeleton + low contact point,generated_videos/control_points_2_car.mp4
590,0,car_racing_ego_car,1.0,288.0,278.0,312.0,320.0,650,axis_right,288.0,278.0,mask PCA skeleton + low contact point,generated_videos/control_points_2_car.mp4
590,0,car_racing_ego_car,1.0,288.0,278.0,312.0,320.0,650,contact_low,299.0,318.0,mask PCA skeleton + low contact point,generated_videos/control_points_2_car.mp4
591,0,car_racing_ego_car,1.0,288.0,278.0,312.0,320.0,650,centroid,299.5199890136719,299.9769287109375,mask PCA skeleton + low contact point,generated_videos/control_points_2_car.mp4
591,0,car_racing_ego_car,1.0,288.0,278.0,312.0,320.0,650,axis_front,290.0,319.0,mask PCA skeleton + low contact point,generated_videos/control_points_2_car.mp4
591,0,car_racing_ego_car,1.0,288.0,278.0,312.0,320.0,650,axis_back,311.0,278.0,mask PCA skeleton + low contact point,generated_videos/control_points_2_car.mp4
591,0,car_racing_ego_car,1.0,288.0,278.0,312.0,320.0,650,axis_left,311.0,281.0,mask PCA skeleton + low contact point,generated_videos/control_points_2_car.mp4
591,0,car_racing_ego_car,1.0,288.0,278.0,312.0,320.0,650,axis_right,288.0,278.0,mask PCA skeleton + low contact point,generated_videos/control_points_2_car.mp4
591,0,car_racing_ego_car,1.0,288.0,278.0,312.0,320.0,650,contact_low,299.0,318.0,mask PCA skeleton + low contact point,generated_videos/control_points_2_car.mp4
592,0,car_racing_ego_car,1.0,288.0,278.0,312.0,320.0,650,centroid,299.5199890136719,299.9769287109375,mask PCA skeleton + low contact point,generated_videos/control_points_2_car.mp4
592,0,car_racing_ego_car,1.0,288.0,278.0,312.0,320.0,650,axis_front,290.0,319.0,mask PCA skeleton + low contact point,generated_videos/control_points_2_car.mp4
592,0,car_racing_ego_car,1.0,288.0,278.0,312.0,320.0,650,axis_back,311.0,278.0,mask PCA skeleton + low contact point,generated_videos/control_points_2_car.mp4
592,0,car_racing_ego_car,1.0,288.0,278.0,312.0,320.0,650,axis_left,311.0,281.0,mask PCA skeleton + low contact point,generated_videos/control_points_2_car.mp4
592,0,car_racing_ego_car,1.0,288.0,278.0,312.0,320.0,650,axis_right,288.0,278.0,mask PCA skeleton + low contact point,generated_videos/control_points_2_car.mp4
592,0,car_racing_ego_car,1.0,288.0,278.0,312.0,320.0,650,contact_low,299.0,318.0,mask PCA skeleton + low contact point,generated_videos/control_points_2_car.mp4
593,0,car_racing_ego_car,1.0,288.0,278.0,312.0,320.0,652,centroid,299.4570617675781,299.9233093261719,mask PCA skeleton + low contact point,generated_videos/control_points_2_car.mp4
593,0,car_racing_ego_car,1.0,288.0,278.0,312.0,320.0,652,axis_front,309.0,319.0,mask PCA skeleton + low contact point,generated_videos/control_points_2_car.mp4
593,0,car_racing_ego_car,1.0,288.0,278.0,312.0,320.0,652,axis_back,288.0,278.0,mask PCA skeleton + low contact point,generated_videos/control_points_2_car.mp4
593,0,car_racing_ego_car,1.0,288.0,278.0,312.0,320.0,652,axis_left,311.0,278.0,mask PCA skeleton + low contact point,generated_videos/control_points_2_car.mp4
593,0,car_racing_ego_car,1.0,288.0,278.0,312.0,320.0,652,axis_right,288.0,281.0,mask PCA skeleton + low contact point,generated_videos/control_points_2_car.mp4
593,0,car_racing_ego_car,1.0,288.0,278.0,312.0,320.0,652,contact_low,299.0,318.0,mask PCA skeleton + low contact point,generated_videos/control_points_2_car.mp4
594,0,car_racing_ego_car,1.0,288.0,278.0,312.0,320.0,652,centroid,299.4570617675781,299.9233093261719,mask PCA skeleton + low contact point,generated_videos/control_points_2_car.mp4
594,0,car_racing_ego_car,1.0,288.0,278.0,312.0,320.0,652,axis_front,309.0,319.0,mask PCA skeleton + low contact point,generated_videos/control_points_2_car.mp4
594,0,car_racing_ego_car,1.0,288.0,278.0,312.0,320.0,652,axis_back,288.0,278.0,mask PCA skeleton + low contact point,generated_videos/control_points_2_car.mp4
594,0,car_racing_ego_car,1.0,288.0,278.0,312.0,320.0,652,axis_left,311.0,278.0,mask PCA skeleton + low contact point,generated_videos/control_points_2_car.mp4
594,0,car_racing_ego_car,1.0,288.0,278.0,312.0,320.0,652,axis_right,288.0,281.0,mask PCA skeleton + low contact point,generated_videos/control_points_2_car.mp4
594,0,car_racing_ego_car,1.0,288.0,278.0,312.0,320.0,652,contact_low,299.0,318.0,mask PCA skeleton + low contact point,generated_videos/control_points_2_car.mp4
595,0,car_racing_ego_car,1.0,288.0,278.0,312.0,320.0,654,centroid,299.47705078125,299.8700256347656,mask PCA skeleton + low contact point,generated_videos/control_points_2_car.mp4
595,0,car_racing_ego_car,1.0,288.0,278.0,312.0,320.0,654,axis_front,309.0,319.0,mask PCA skeleton + low contact point,generated_videos/control_points_2_car.mp4
595,0,car_racing_ego_car,1.0,288.0,278.0,312.0,320.0,654,axis_back,288.0,278.0,mask PCA skeleton + low contact point,generated_videos/control_points_2_car.mp4
595,0,car_racing_ego_car,1.0,288.0,278.0,312.0,320.0,654,axis_left,311.0,278.0,mask PCA skeleton + low contact point,generated_videos/control_points_2_car.mp4
595,0,car_racing_ego_car,1.0,288.0,278.0,312.0,320.0,654,axis_right,288.0,281.0,mask PCA skeleton + low contact point,generated_videos/control_points_2_car.mp4
595,0,car_racing_ego_car,1.0,288.0,278.0,312.0,320.0,654,contact_low,299.0,318.0,mask PCA skeleton + low contact point,generated_videos/control_points_2_car.mp4
596,0,car_racing_ego_car,1.0,288.0,278.0,312.0,320.0,654,centroid,299.47705078125,299.8700256347656,mask PCA skeleton + low contact point,generated_videos/control_points_2_car.mp4
596,0,car_racing_ego_car,1.0,288.0,278.0,312.0,320.0,654,axis_front,309.0,319.0,mask PCA skeleton + low contact point,generated_videos/control_points_2_car.mp4
596,0,car_racing_ego_car,1.0,288.0,278.0,312.0,320.0,654,axis_back,288.0,278.0,mask PCA skeleton + low contact point,generated_videos/control_points_2_car.mp4
596,0,car_racing_ego_car,1.0,288.0,278.0,312.0,320.0,654,axis_left,311.0,278.0,mask PCA skeleton + low contact point,generated_videos/control_points_2_car.mp4
596,0,car_racing_ego_car,1.0,288.0,278.0,312.0,320.0,654,axis_right,288.0,281.0,mask PCA skeleton + low contact point,generated_videos/control_points_2_car.mp4
596,0,car_racing_ego_car,1.0,288.0,278.0,312.0,320.0,654,contact_low,299.0,318.0,mask PCA skeleton + low contact point,generated_videos/control_points_2_car.mp4
597,0,car_racing_ego_car,1.0,288.0,278.0,312.0,320.0,655,centroid,299.5144958496094,299.79541015625,mask PCA skeleton + low contact point,generated_videos/control_points_2_car.mp4
597,0,car_racing_ego_car,1.0,288.0,278.0,312.0,320.0,655,axis_front,309.0,319.0,mask PCA skeleton + low contact point,generated_videos/control_points_2_car.mp4
597,0,car_racing_ego_car,1.0,288.0,278.0,312.0,320.0,655,axis_back,288.0,278.0,mask PCA skeleton + low contact point,generated_videos/control_points_2_car.mp4
597,0,car_racing_ego_car,1.0,288.0,278.0,312.0,320.0,655,axis_left,311.0,278.0,mask PCA skeleton + low contact point,generated_videos/control_points_2_car.mp4
597,0,car_racing_ego_car,1.0,288.0,278.0,312.0,320.0,655,axis_right,288.0,281.0,mask PCA skeleton + low contact point,generated_videos/control_points_2_car.mp4
597,0,car_racing_ego_car,1.0,288.0,278.0,312.0,320.0,655,contact_low,299.0,318.0,mask PCA skeleton + low contact point,generated_videos/control_points_2_car.mp4
598,0,car_racing_ego_car,1.0,288.0,278.0,312.0,320.0,655,centroid,299.5144958496094,299.79541015625,mask PCA skeleton + low contact point,generated_videos/control_points_2_car.mp4
598,0,car_racing_ego_car,1.0,288.0,278.0,312.0,320.0,655,axis_front,309.0,319.0,mask PCA skeleton + low contact point,generated_videos/control_points_2_car.mp4
598,0,car_racing_ego_car,1.0,288.0,278.0,312.0,320.0,655,axis_back,288.0,278.0,mask PCA skeleton + low contact point,generated_videos/control_points_2_car.mp4
598,0,car_racing_ego_car,1.0,288.0,278.0,312.0,320.0,655,axis_left,311.0,278.0,mask PCA skeleton + low contact point,generated_videos/control_points_2_car.mp4
598,0,car_racing_ego_car,1.0,288.0,278.0,312.0,320.0,655,axis_right,288.0,281.0,mask PCA skeleton + low contact point,generated_videos/control_points_2_car.mp4
598,0,car_racing_ego_car,1.0,288.0,278.0,312.0,320.0,655,contact_low,299.0,318.0,mask PCA skeleton + low contact point,generated_videos/control_points_2_car.mp4
599,0,car_racing_ego_car,1.0,288.0,278.0,312.0,320.0,654,centroid,299.47705078125,299.8700256347656,mask PCA skeleton + low contact point,generated_videos/control_points_2_car.mp4
599,0,car_racing_ego_car,1.0,288.0,278.0,312.0,320.0,654,axis_front,309.0,319.0,mask PCA skeleton + low contact point,generated_videos/control_points_2_car.mp4
599,0,car_racing_ego_car,1.0,288.0,278.0,312.0,320.0,654,axis_back,288.0,278.0,mask PCA skeleton + low contact point,generated_videos/control_points_2_car.mp4
599,0,car_racing_ego_car,1.0,288.0,278.0,312.0,320.0,654,axis_left,311.0,278.0,mask PCA skeleton + low contact point,generated_videos/control_points_2_car.mp4
599,0,car_racing_ego_car,1.0,288.0,278.0,312.0,320.0,654,axis_right,288.0,281.0,mask PCA skeleton + low contact point,generated_videos/control_points_2_car.mp4
599,0,car_racing_ego_car,1.0,288.0,278.0,312.0,320.0,654,contact_low,299.0,318.0,mask PCA skeleton + low contact point,generated_videos/control_points_2_car.mp4
600,0,car_racing_ego_car,1.0,288.0,278.0,312.0,320.0,654,centroid,299.52294921875,299.8700256347656,mask PCA skeleton + low contact point,generated_videos/control_points_2_car.mp4
600,0,car_racing_ego_car,1.0,288.0,278.0,312.0,320.0,654,axis_front,290.0,319.0,mask PCA skeleton + low contact point,generated_videos/control_points_2_car.mp4
600,0,car_racing_ego_car,1.0,288.0,278.0,312.0,320.0,654,axis_back,311.0,278.0,mask PCA skeleton + low contact point,generated_videos/control_points_2_car.mp4
600,0,car_racing_ego_car,1.0,288.0,278.0,312.0,320.0,654,axis_left,311.0,281.0,mask PCA skeleton + low contact point,generated_videos/control_points_2_car.mp4
600,0,car_racing_ego_car,1.0,288.0,278.0,312.0,320.0,654,axis_right,288.0,278.0,mask PCA skeleton + low contact point,generated_videos/control_points_2_car.mp4
600,0,car_racing_ego_car,1.0,288.0,278.0,312.0,320.0,654,contact_low,299.0,318.0,mask PCA skeleton + low contact point,generated_videos/control_points_2_car.mp4
601,0,car_racing_ego_car,1.0,288.0,278.0,312.0,320.0,654,centroid,299.52294921875,299.8700256347656,mask PCA skeleton + low contact point,generated_videos/control_points_2_car.mp4
601,0,car_racing_ego_car,1.0,288.0,278.0,312.0,320.0,654,axis_front,290.0,319.0,mask PCA skeleton + low contact point,generated_videos/control_points_2_car.mp4
601,0,car_racing_ego_car,1.0,288.0,278.0,312.0,320.0,654,axis_back,311.0,278.0,mask PCA skeleton + low contact point,generated_videos/control_points_2_car.mp4
601,0,car_racing_ego_car,1.0,288.0,278.0,312.0,320.0,654,axis_left,311.0,281.0,mask PCA skeleton + low contact point,generated_videos/control_points_2_car.mp4
601,0,car_racing_ego_car,1.0,288.0,278.0,312.0,320.0,654,axis_right,288.0,278.0,mask PCA skeleton + low contact point,generated_videos/control_points_2_car.mp4
601,0,car_racing_ego_car,1.0,288.0,278.0,312.0,320.0,654,contact_low,299.0,318.0,mask PCA skeleton + low contact point,generated_videos/control_points_2_car.mp4
602,0,car_racing_ego_car,1.0,288.0,278.0,312.0,320.0,656,centroid,299.45123291015625,299.81707763671875,mask PCA skeleton + low contact point,generated_videos/control_points_2_car.mp4
602,0,car_racing_ego_car,1.0,288.0,278.0,312.0,320.0,656,axis_front,309.0,319.0,mask PCA skeleton + low contact point,generated_videos/control_points_2_car.mp4
602,0,car_racing_ego_car,1.0,288.0,278.0,312.0,320.0,656,axis_back,288.0,278.0,mask PCA skeleton + low contact point,generated_videos/control_points_2_car.mp4
602,0,car_racing_ego_car,1.0,288.0,278.0,312.0,320.0,656,axis_left,311.0,278.0,mask PCA skeleton + low contact point,generated_videos/control_points_2_car.mp4
602,0,car_racing_ego_car,1.0,288.0,278.0,312.0,320.0,656,axis_right,288.0,281.0,mask PCA skeleton + low contact point,generated_videos/control_points_2_car.mp4
602,0,car_racing_ego_car,1.0,288.0,278.0,312.0,320.0,656,contact_low,299.0,318.0,mask PCA skeleton + low contact point,generated_videos/control_points_2_car.mp4
603,0,car_racing_ego_car,1.0,288.0,278.0,312.0,320.0,656,centroid,299.45123291015625,299.81707763671875,mask PCA skeleton + low contact point,generated_videos/control_points_2_car.mp4
603,0,car_racing_ego_car,1.0,288.0,278.0,312.0,320.0,656,axis_front,309.0,319.0,mask PCA skeleton + low contact point,generated_videos/control_points_2_car.mp4
603,0,car_racing_ego_car,1.0,288.0,278.0,312.0,320.0,656,axis_back,288.0,278.0,mask PCA skeleton + low contact point,generated_videos/control_points_2_car.mp4
603,0,car_racing_ego_car,1.0,288.0,278.0,312.0,320.0,656,axis_left,311.0,278.0,mask PCA skeleton + low contact point,generated_videos/control_points_2_car.mp4
603,0,car_racing_ego_car,1.0,288.0,278.0,312.0,320.0,656,axis_right,288.0,281.0,mask PCA skeleton + low contact point,generated_videos/control_points_2_car.mp4
603,0,car_racing_ego_car,1.0,288.0,278.0,312.0,320.0,656,contact_low,299.0,318.0,mask PCA skeleton + low contact point,generated_videos/control_points_2_car.mp4
604,0,car_racing_ego_car,1.0,288.0,278.0,312.0,320.0,654,centroid,299.52294921875,299.8700256347656,mask PCA skeleton + low contact point,generated_videos/control_points_2_car.mp4
604,0,car_racing_ego_car,1.0,288.0,278.0,312.0,320.0,654,axis_front,290.0,319.0,mask PCA skeleton + low contact point,generated_videos/control_points_2_car.mp4
604,0,car_racing_ego_car,1.0,288.0,278.0,312.0,320.0,654,axis_back,311.0,278.0,mask PCA skeleton + low contact point,generated_videos/control_points_2_car.mp4
604,0,car_racing_ego_car,1.0,288.0,278.0,312.0,320.0,654,axis_left,311.0,281.0,mask PCA skeleton + low contact point,generated_videos/control_points_2_car.mp4
604,0,car_racing_ego_car,1.0,288.0,278.0,312.0,320.0,654,axis_right,288.0,278.0,mask PCA skeleton + low contact point,generated_videos/control_points_2_car.mp4
604,0,car_racing_ego_car,1.0,288.0,278.0,312.0,320.0,654,contact_low,299.0,318.0,mask PCA skeleton + low contact point,generated_videos/control_points_2_car.mp4
605,0,car_racing_ego_car,1.0,288.0,278.0,312.0,320.0,654,centroid,299.52294921875,299.8700256347656,mask PCA skeleton + low contact point,generated_videos/control_points_2_car.mp4
605,0,car_racing_ego_car,1.0,288.0,278.0,312.0,320.0,654,axis_front,290.0,319.0,mask PCA skeleton + low contact point,generated_videos/control_points_2_car.mp4
605,0,car_racing_ego_car,1.0,288.0,278.0,312.0,320.0,654,axis_back,311.0,278.0,mask PCA skeleton + low contact point,generated_videos/control_points_2_car.mp4
605,0,car_racing_ego_car,1.0,288.0,278.0,312.0,320.0,654,axis_left,311.0,281.0,mask PCA skeleton + low contact point,generated_videos/control_points_2_car.mp4
605,0,car_racing_ego_car,1.0,288.0,278.0,312.0,320.0,654,axis_right,288.0,278.0,mask PCA skeleton + low contact point,generated_videos/control_points_2_car.mp4
605,0,car_racing_ego_car,1.0,288.0,278.0,312.0,320.0,654,contact_low,299.0,318.0,mask PCA skeleton + low contact point,generated_videos/control_points_2_car.mp4
606,0,car_racing_ego_car,1.0,288.0,278.0,312.0,320.0,663,centroid,299.6531066894531,300.1402587890625,mask PCA skeleton + low contact point,generated_videos/control_points_2_car.mp4
606,0,car_racing_ego_car,1.0,288.0,278.0,312.0,320.0,663,axis_front,309.0,319.0,mask PCA skeleton + low contact point,generated_videos/control_points_2_car.mp4
606,0,car_racing_ego_car,1.0,288.0,278.0,312.0,320.0,663,axis_back,288.0,278.0,mask PCA skeleton + low contact point,generated_videos/control_points_2_car.mp4
606,0,car_racing_ego_car,1.0,288.0,278.0,312.0,320.0,663,axis_left,311.0,278.0,mask PCA skeleton + low contact point,generated_videos/control_points_2_car.mp4
606,0,car_racing_ego_car,1.0,288.0,278.0,312.0,320.0,663,axis_right,288.0,281.0,mask PCA skeleton + low contact point,generated_videos/control_points_2_car.mp4
606,0,car_racing_ego_car,1.0,288.0,278.0,312.0,320.0,663,contact_low,299.0,318.0,mask PCA skeleton + low contact point,generated_videos/control_points_2_car.mp4
607,0,car_racing_ego_car,1.0,288.0,278.0,312.0,320.0,663,centroid,299.6531066894531,300.1402587890625,mask PCA skeleton + low contact point,generated_videos/control_points_2_car.mp4
607,0,car_racing_ego_car,1.0,288.0,278.0,312.0,320.0,663,axis_front,309.0,319.0,mask PCA skeleton + low contact point,generated_videos/control_points_2_car.mp4
607,0,car_racing_ego_car,1.0,288.0,278.0,312.0,320.0,663,axis_back,288.0,278.0,mask PCA skeleton + low contact point,generated_videos/control_points_2_car.mp4
607,0,car_racing_ego_car,1.0,288.0,278.0,312.0,320.0,663,axis_left,311.0,278.0,mask PCA skeleton + low contact point,generated_videos/control_points_2_car.mp4
607,0,car_racing_ego_car,1.0,288.0,278.0,312.0,320.0,663,axis_right,288.0,281.0,mask PCA skeleton + low contact point,generated_videos/control_points_2_car.mp4
607,0,car_racing_ego_car,1.0,288.0,278.0,312.0,320.0,663,contact_low,299.0,318.0,mask PCA skeleton + low contact point,generated_videos/control_points_2_car.mp4
608,0,car_racing_ego_car,1.0,288.0,278.0,312.0,320.0,653,centroid,299.4624938964844,299.9739685058594,mask PCA skeleton + low contact point,generated_videos/control_points_2_car.mp4
608,0,car_racing_ego_car,1.0,288.0,278.0,312.0,320.0,653,axis_front,290.0,319.0,mask PCA skeleton + low contact point,generated_videos/control_points_2_car.mp4
608,0,car_racing_ego_car,1.0,288.0,278.0,312.0,320.0,653,axis_back,311.0,278.0,mask PCA skeleton + low contact point,generated_videos/control_points_2_car.mp4
608,0,car_racing_ego_car,1.0,288.0,278.0,312.0,320.0,653,axis_left,311.0,281.0,mask PCA skeleton + low contact point,generated_videos/control_points_2_car.mp4
608,0,car_racing_ego_car,1.0,288.0,278.0,312.0,320.0,653,axis_right,288.0,278.0,mask PCA skeleton + low contact point,generated_videos/control_points_2_car.mp4
608,0,car_racing_ego_car,1.0,288.0,278.0,312.0,320.0,653,contact_low,299.0,318.0,mask PCA skeleton + low contact point,generated_videos/control_points_2_car.mp4
609,0,car_racing_ego_car,1.0,288.0,278.0,312.0,320.0,653,centroid,299.4624938964844,299.9739685058594,mask PCA skeleton + low contact point,generated_videos/control_points_2_car.mp4
609,0,car_racing_ego_car,1.0,288.0,278.0,312.0,320.0,653,axis_front,290.0,319.0,mask PCA skeleton + low contact point,generated_videos/control_points_2_car.mp4
609,0,car_racing_ego_car,1.0,288.0,278.0,312.0,320.0,653,axis_back,311.0,278.0,mask PCA skeleton + low contact point,generated_videos/control_points_2_car.mp4
609,0,car_racing_ego_car,1.0,288.0,278.0,312.0,320.0,653,axis_left,311.0,281.0,mask PCA skeleton + low contact point,generated_videos/control_points_2_car.mp4
609,0,car_racing_ego_car,1.0,288.0,278.0,312.0,320.0,653,axis_right,288.0,278.0,mask PCA skeleton + low contact point,generated_videos/control_points_2_car.mp4
609,0,car_racing_ego_car,1.0,288.0,278.0,312.0,320.0,653,contact_low,299.0,318.0,mask PCA skeleton + low contact point,generated_videos/control_points_2_car.mp4
610,0,car_racing_ego_car,1.0,288.0,278.0,312.0,320.0,646,centroid,299.4798889160156,299.8901062011719,mask PCA skeleton + low contact point,generated_videos/control_points_2_car.mp4
610,0,car_racing_ego_car,1.0,288.0,278.0,312.0,320.0,646,axis_front,309.0,319.0,mask PCA skeleton + low contact point,generated_videos/control_points_2_car.mp4
610,0,car_racing_ego_car,1.0,288.0,278.0,312.0,320.0,646,axis_back,288.0,278.0,mask PCA skeleton + low contact point,generated_videos/control_points_2_car.mp4
610,0,car_racing_ego_car,1.0,288.0,278.0,312.0,320.0,646,axis_left,311.0,278.0,mask PCA skeleton + low contact point,generated_videos/control_points_2_car.mp4
610,0,car_racing_ego_car,1.0,288.0,278.0,312.0,320.0,646,axis_right,288.0,281.0,mask PCA skeleton + low contact point,generated_videos/control_points_2_car.mp4
610,0,car_racing_ego_car,1.0,288.0,278.0,312.0,320.0,646,contact_low,299.0,318.0,mask PCA skeleton + low contact point,generated_videos/control_points_2_car.mp4
611,0,car_racing_ego_car,1.0,288.0,278.0,312.0,320.0,646,centroid,299.4798889160156,299.8901062011719,mask PCA skeleton + low contact point,generated_videos/control_points_2_car.mp4
611,0,car_racing_ego_car,1.0,288.0,278.0,312.0,320.0,646,axis_front,309.0,319.0,mask PCA skeleton + low contact point,generated_videos/control_points_2_car.mp4
611,0,car_racing_ego_car,1.0,288.0,278.0,312.0,320.0,646,axis_back,288.0,278.0,mask PCA skeleton + low contact point,generated_videos/control_points_2_car.mp4
611,0,car_racing_ego_car,1.0,288.0,278.0,312.0,320.0,646,axis_left,311.0,278.0,mask PCA skeleton + low contact point,generated_videos/control_points_2_car.mp4
611,0,car_racing_ego_car,1.0,288.0,278.0,312.0,320.0,646,axis_right,288.0,281.0,mask PCA skeleton + low contact point,generated_videos/control_points_2_car.mp4
611,0,car_racing_ego_car,1.0,288.0,278.0,312.0,320.0,646,contact_low,299.0,318.0,mask PCA skeleton + low contact point,generated_videos/control_points_2_car.mp4
612,0,car_racing_ego_car,1.0,288.0,278.0,312.0,320.0,660,centroid,299.33636474609375,299.7121276855469,mask PCA skeleton + low contact point,generated_videos/control_points_2_car.mp4
612,0,car_racing_ego_car,1.0,288.0,278.0,312.0,320.0,660,axis_front,309.0,319.0,mask PCA skeleton + low contact point,generated_videos/control_points_2_car.mp4
612,0,car_racing_ego_car,1.0,288.0,278.0,312.0,320.0,660,axis_back,288.0,278.0,mask PCA skeleton + low contact point,generated_videos/control_points_2_car.mp4
612,0,car_racing_ego_car,1.0,288.0,278.0,312.0,320.0,660,axis_left,311.0,278.0,mask PCA skeleton + low contact point,generated_videos/control_points_2_car.mp4
612,0,car_racing_ego_car,1.0,288.0,278.0,312.0,320.0,660,axis_right,288.0,283.0,mask PCA skeleton + low contact point,generated_videos/control_points_2_car.mp4
612,0,car_racing_ego_car,1.0,288.0,278.0,312.0,320.0,660,contact_low,299.0,318.0,mask PCA skeleton + low contact point,generated_videos/control_points_2_car.mp4
613,0,car_racing_ego_car,1.0,288.0,278.0,312.0,320.0,660,centroid,299.33636474609375,299.7121276855469,mask PCA skeleton + low contact point,generated_videos/control_points_2_car.mp4
613,0,car_racing_ego_car,1.0,288.0,278.0,312.0,320.0,660,axis_front,309.0,319.0,mask PCA skeleton + low contact point,generated_videos/control_points_2_car.mp4
613,0,car_racing_ego_car,1.0,288.0,278.0,312.0,320.0,660,axis_back,288.0,278.0,mask PCA skeleton + low contact point,generated_videos/control_points_2_car.mp4
613,0,car_racing_ego_car,1.0,288.0,278.0,312.0,320.0,660,axis_left,311.0,278.0,mask PCA skeleton + low contact point,generated_videos/control_points_2_car.mp4
613,0,car_racing_ego_car,1.0,288.0,278.0,312.0,320.0,660,axis_right,288.0,283.0,mask PCA skeleton + low contact point,generated_videos/control_points_2_car.mp4
613,0,car_racing_ego_car,1.0,288.0,278.0,312.0,320.0,660,contact_low,299.0,318.0,mask PCA skeleton + low contact point,generated_videos/control_points_2_car.mp4
614,0,car_racing_ego_car,1.0,288.0,278.0,312.0,320.0,659,centroid,299.3626708984375,299.8497619628906,mask PCA skeleton + low contact point,generated_videos/control_points_2_car.mp4
614,0,car_racing_ego_car,1.0,288.0,278.0,312.0,320.0,659,axis_front,309.0,319.0,mask PCA skeleton + low contact point,generated_videos/control_points_2_car.mp4
614,0,car_racing_ego_car,1.0,288.0,278.0,312.0,320.0,659,axis_back,288.0,278.0,mask PCA skeleton + low contact point,generated_videos/control_points_2_car.mp4
614,0,car_racing_ego_car,1.0,288.0,278.0,312.0,320.0,659,axis_left,311.0,278.0,mask PCA skeleton + low contact point,generated_videos/control_points_2_car.mp4
614,0,car_racing_ego_car,1.0,288.0,278.0,312.0,320.0,659,axis_right,288.0,281.0,mask PCA skeleton + low contact point,generated_videos/control_points_2_car.mp4
614,0,car_racing_ego_car,1.0,288.0,278.0,312.0,320.0,659,contact_low,299.0,318.0,mask PCA skeleton + low contact point,generated_videos/control_points_2_car.mp4
615,0,car_racing_ego_car,1.0,288.0,278.0,312.0,320.0,659,centroid,299.3626708984375,299.8497619628906,mask PCA skeleton + low contact point,generated_videos/control_points_2_car.mp4
615,0,car_racing_ego_car,1.0,288.0,278.0,312.0,320.0,659,axis_front,309.0,319.0,mask PCA skeleton + low contact point,generated_videos/control_points_2_car.mp4
615,0,car_racing_ego_car,1.0,288.0,278.0,312.0,320.0,659,axis_back,288.0,278.0,mask PCA skeleton + low contact point,generated_videos/control_points_2_car.mp4
615,0,car_racing_ego_car,1.0,288.0,278.0,312.0,320.0,659,axis_left,311.0,278.0,mask PCA skeleton + low contact point,generated_videos/control_points_2_car.mp4
615,0,car_racing_ego_car,1.0,288.0,278.0,312.0,320.0,659,axis_right,288.0,281.0,mask PCA skeleton + low contact point,generated_videos/control_points_2_car.mp4
615,0,car_racing_ego_car,1.0,288.0,278.0,312.0,320.0,659,contact_low,299.0,318.0,mask PCA skeleton + low contact point,generated_videos/control_points_2_car.mp4
616,0,car_racing_ego_car,1.0,288.0,278.0,312.0,320.0,648,centroid,299.5,300.0308532714844,mask PCA skeleton + low contact point,generated_videos/control_points_2_car.mp4
616,0,car_racing_ego_car,1.0,288.0,278.0,312.0,320.0,648,axis_front,290.0,319.0,mask PCA skeleton + low contact point,generated_videos/control_points_2_car.mp4
616,0,car_racing_ego_car,1.0,288.0,278.0,312.0,320.0,648,axis_back,288.0,278.0,mask PCA skeleton + low contact point,generated_videos/control_points_2_car.mp4
616,0,car_racing_ego_car,1.0,288.0,278.0,312.0,320.0,648,axis_left,311.0,278.0,mask PCA skeleton + low contact point,generated_videos/control_points_2_car.mp4
616,0,car_racing_ego_car,1.0,288.0,278.0,312.0,320.0,648,axis_right,288.0,278.0,mask PCA skeleton + low contact point,generated_videos/control_points_2_car.mp4
616,0,car_racing_ego_car,1.0,288.0,278.0,312.0,320.0,648,contact_low,299.0,318.0,mask PCA skeleton + low contact point,generated_videos/control_points_2_car.mp4
617,0,car_racing_ego_car,1.0,288.0,278.0,312.0,320.0,650,centroid,299.4800109863281,299.9769287109375,mask PCA skeleton + low contact point,generated_videos/control_points_2_car.mp4
617,0,car_racing_ego_car,1.0,288.0,278.0,312.0,320.0,650,axis_front,309.0,319.0,mask PCA skeleton + low contact point,generated_videos/control_points_2_car.mp4
617,0,car_racing_ego_car,1.0,288.0,278.0,312.0,320.0,650,axis_back,288.0,278.0,mask PCA skeleton + low contact point,generated_videos/control_points_2_car.mp4
617,0,car_racing_ego_car,1.0,288.0,278.0,312.0,320.0,650,axis_left,311.0,278.0,mask PCA skeleton + low contact point,generated_videos/control_points_2_car.mp4
617,0,car_racing_ego_car,1.0,288.0,278.0,312.0,320.0,650,axis_right,288.0,281.0,mask PCA skeleton + low contact point,generated_videos/control_points_2_car.mp4
617,0,car_racing_ego_car,1.0,288.0,278.0,312.0,320.0,650,contact_low,299.0,318.0,mask PCA skeleton + low contact point,generated_videos/control_points_2_car.mp4
618,0,car_racing_ego_car,1.0,288.0,278.0,312.0,320.0,648,centroid,299.4922790527344,299.93365478515625,mask PCA skeleton + low contact point,generated_videos/control_points_2_car.mp4
618,0,car_racing_ego_car,1.0,288.0,278.0,312.0,320.0,648,axis_front,290.0,319.0,mask PCA skeleton + low contact point,generated_videos/control_points_2_car.mp4
618,0,car_racing_ego_car,1.0,288.0,278.0,312.0,320.0,648,axis_back,311.0,278.0,mask PCA skeleton + low contact point,generated_videos/control_points_2_car.mp4
618,0,car_racing_ego_car,1.0,288.0,278.0,312.0,320.0,648,axis_left,311.0,281.0,mask PCA skeleton + low contact point,generated_videos/control_points_2_car.mp4
618,0,car_racing_ego_car,1.0,288.0,278.0,312.0,320.0,648,axis_right,288.0,278.0,mask PCA skeleton + low contact point,generated_videos/control_points_2_car.mp4
618,0,car_racing_ego_car,1.0,288.0,278.0,312.0,320.0,648,contact_low,299.0,318.0,mask PCA skeleton + low contact point,generated_videos/control_points_2_car.mp4
619,0,car_racing_ego_car,1.0,288.0,278.0,312.0,320.0,648,centroid,299.4922790527344,299.93365478515625,mask PCA skeleton + low contact point,generated_videos/control_points_2_car.mp4
619,0,car_racing_ego_car,1.0,288.0,278.0,312.0,320.0,648,axis_front,290.0,319.0,mask PCA skeleton + low contact point,generated_videos/control_points_2_car.mp4
619,0,car_racing_ego_car,1.0,288.0,278.0,312.0,320.0,648,axis_back,311.0,278.0,mask PCA skeleton + low contact point,generated_videos/control_points_2_car.mp4
619,0,car_racing_ego_car,1.0,288.0,278.0,312.0,320.0,648,axis_left,311.0,281.0,mask PCA skeleton + low contact point,generated_videos/control_points_2_car.mp4
619,0,car_racing_ego_car,1.0,288.0,278.0,312.0,320.0,648,axis_right,288.0,278.0,mask PCA skeleton + low contact point,generated_videos/control_points_2_car.mp4
619,0,car_racing_ego_car,1.0,288.0,278.0,312.0,320.0,648,contact_low,299.0,318.0,mask PCA skeleton + low contact point,generated_videos/control_points_2_car.mp4
620,0,car_racing_ego_car,1.0,288.0,278.0,312.0,320.0,650,centroid,299.4800109863281,299.9769287109375,mask PCA skeleton + low contact point,generated_videos/control_points_2_car.mp4
620,0,car_racing_ego_car,1.0,288.0,278.0,312.0,320.0,650,axis_front,309.0,319.0,mask PCA skeleton + low contact point,generated_videos/control_points_2_car.mp4
620,0,car_racing_ego_car,1.0,288.0,278.0,312.0,320.0,650,axis_back,288.0,278.0,mask PCA skeleton + low contact point,generated_videos/control_points_2_car.mp4
620,0,car_racing_ego_car,1.0,288.0,278.0,312.0,320.0,650,axis_left,311.0,278.0,mask PCA skeleton + low contact point,generated_videos/control_points_2_car.mp4
620,0,car_racing_ego_car,1.0,288.0,278.0,312.0,320.0,650,axis_right,288.0,281.0,mask PCA skeleton + low contact point,generated_videos/control_points_2_car.mp4
620,0,car_racing_ego_car,1.0,288.0,278.0,312.0,320.0,650,contact_low,299.0,318.0,mask PCA skeleton + low contact point,generated_videos/control_points_2_car.mp4
621,0,car_racing_ego_car,1.0,288.0,278.0,312.0,320.0,650,centroid,299.4800109863281,299.9769287109375,mask PCA skeleton + low contact point,generated_videos/control_points_2_car.mp4
621,0,car_racing_ego_car,1.0,288.0,278.0,312.0,320.0,650,axis_front,309.0,319.0,mask PCA skeleton + low contact point,generated_videos/control_points_2_car.mp4
621,0,car_racing_ego_car,1.0,288.0,278.0,312.0,320.0,650,axis_back,288.0,278.0,mask PCA skeleton + low contact point,generated_videos/control_points_2_car.mp4
621,0,car_racing_ego_car,1.0,288.0,278.0,312.0,320.0,650,axis_left,311.0,278.0,mask PCA skeleton + low contact point,generated_videos/control_points_2_car.mp4
621,0,car_racing_ego_car,1.0,288.0,278.0,312.0,320.0,650,axis_right,288.0,281.0,mask PCA skeleton + low contact point,generated_videos/control_points_2_car.mp4
621,0,car_racing_ego_car,1.0,288.0,278.0,312.0,320.0,650,contact_low,299.0,318.0,mask PCA skeleton + low contact point,generated_videos/control_points_2_car.mp4
622,0,car_racing_ego_car,1.0,288.0,278.0,312.0,320.0,652,centroid,299.5414123535156,299.8266906738281,mask PCA skeleton + low contact point,generated_videos/control_points_2_car.mp4
622,0,car_racing_ego_car,1.0,288.0,278.0,312.0,320.0,652,axis_front,290.0,319.0,mask PCA skeleton + low contact point,generated_videos/control_points_2_car.mp4
622,0,car_racing_ego_car,1.0,288.0,278.0,312.0,320.0,652,axis_back,311.0,278.0,mask PCA skeleton + low contact point,generated_videos/control_points_2_car.mp4
622,0,car_racing_ego_car,1.0,288.0,278.0,312.0,320.0,652,axis_left,311.0,281.0,mask PCA skeleton + low contact point,generated_videos/control_points_2_car.mp4
622,0,car_racing_ego_car,1.0,288.0,278.0,312.0,320.0,652,axis_right,288.0,278.0,mask PCA skeleton + low contact point,generated_videos/control_points_2_car.mp4
622,0,car_racing_ego_car,1.0,288.0,278.0,312.0,320.0,652,contact_low,299.0,318.0,mask PCA skeleton + low contact point,generated_videos/control_points_2_car.mp4
623,0,car_racing_ego_car,1.0,288.0,278.0,312.0,320.0,652,centroid,299.5414123535156,299.8266906738281,mask PCA skeleton + low contact point,generated_videos/control_points_2_car.mp4
623,0,car_racing_ego_car,1.0,288.0,278.0,312.0,320.0,652,axis_front,290.0,319.0,mask PCA skeleton + low contact point,generated_videos/control_points_2_car.mp4
623,0,car_racing_ego_car,1.0,288.0,278.0,312.0,320.0,652,axis_back,311.0,278.0,mask PCA skeleton + low contact point,generated_videos/control_points_2_car.mp4
623,0,car_racing_ego_car,1.0,288.0,278.0,312.0,320.0,652,axis_left,311.0,281.0,mask PCA skeleton + low contact point,generated_videos/control_points_2_car.mp4
623,0,car_racing_ego_car,1.0,288.0,278.0,312.0,320.0,652,axis_right,288.0,278.0,mask PCA skeleton + low contact point,generated_videos/control_points_2_car.mp4
623,0,car_racing_ego_car,1.0,288.0,278.0,312.0,320.0,652,contact_low,299.0,318.0,mask PCA skeleton + low contact point,generated_videos/control_points_2_car.mp4
624,0,car_racing_ego_car,1.0,288.0,278.0,312.0,320.0,651,centroid,299.48541259765625,299.9017028808594,mask PCA skeleton + low contact point,generated_videos/control_points_2_car.mp4
624,0,car_racing_ego_car,1.0,288.0,278.0,312.0,320.0,651,axis_front,290.0,319.0,mask PCA skeleton + low contact point,generated_videos/control_points_2_car.mp4
624,0,car_racing_ego_car,1.0,288.0,278.0,312.0,320.0,651,axis_back,311.0,278.0,mask PCA skeleton + low contact point,generated_videos/control_points_2_car.mp4
624,0,car_racing_ego_car,1.0,288.0,278.0,312.0,320.0,651,axis_left,311.0,281.0,mask PCA skeleton + low contact point,generated_videos/control_points_2_car.mp4
624,0,car_racing_ego_car,1.0,288.0,278.0,312.0,320.0,651,axis_right,288.0,278.0,mask PCA skeleton + low contact point,generated_videos/control_points_2_car.mp4
624,0,car_racing_ego_car,1.0,288.0,278.0,312.0,320.0,651,contact_low,299.0,318.0,mask PCA skeleton + low contact point,generated_videos/control_points_2_car.mp4
625,0,car_racing_ego_car,1.0,288.0,278.0,314.0,320.0,661,centroid,299.45989990234375,299.86383056640625,mask PCA skeleton + low contact point,generated_videos/control_points_2_car.mp4
625,0,car_racing_ego_car,1.0,288.0,278.0,314.0,320.0,661,axis_front,290.0,319.0,mask PCA skeleton + low contact point,generated_videos/control_points_2_car.mp4
625,0,car_racing_ego_car,1.0,288.0,278.0,314.0,320.0,661,axis_back,311.0,278.0,mask PCA skeleton + low contact point,generated_videos/control_points_2_car.mp4
625,0,car_racing_ego_car,1.0,288.0,278.0,314.0,320.0,661,axis_left,313.0,281.0,mask PCA skeleton + low contact point,generated_videos/control_points_2_car.mp4
625,0,car_racing_ego_car,1.0,288.0,278.0,314.0,320.0,661,axis_right,288.0,278.0,mask PCA skeleton + low contact point,generated_videos/control_points_2_car.mp4
625,0,car_racing_ego_car,1.0,288.0,278.0,314.0,320.0,661,contact_low,299.0,318.0,mask PCA skeleton + low contact point,generated_videos/control_points_2_car.mp4
626,0,car_racing_ego_car,1.0,288.0,278.0,314.0,320.0,661,centroid,299.45989990234375,299.86383056640625,mask PCA skeleton + low contact point,generated_videos/control_points_2_car.mp4
626,0,car_racing_ego_car,1.0,288.0,278.0,314.0,320.0,661,axis_front,290.0,319.0,mask PCA skeleton + low contact point,generated_videos/control_points_2_car.mp4
626,0,car_racing_ego_car,1.0,288.0,278.0,314.0,320.0,661,axis_back,311.0,278.0,mask PCA skeleton + low contact point,generated_videos/control_points_2_car.mp4
626,0,car_racing_ego_car,1.0,288.0,278.0,314.0,320.0,661,axis_left,313.0,281.0,mask PCA skeleton + low contact point,generated_videos/control_points_2_car.mp4
626,0,car_racing_ego_car,1.0,288.0,278.0,314.0,320.0,661,axis_right,288.0,278.0,mask PCA skeleton + low contact point,generated_videos/control_points_2_car.mp4
626,0,car_racing_ego_car,1.0,288.0,278.0,314.0,320.0,661,contact_low,299.0,318.0,mask PCA skeleton + low contact point,generated_videos/control_points_2_car.mp4
627,0,car_racing_ego_car,1.0,288.0,278.0,314.0,320.0,656,centroid,299.5792541503906,299.80487060546875,mask PCA skeleton + low contact point,generated_videos/control_points_2_car.mp4
627,0,car_racing_ego_car,1.0,288.0,278.0,314.0,320.0,656,axis_front,290.0,319.0,mask PCA skeleton + low contact point,generated_videos/control_points_2_car.mp4
627,0,car_racing_ego_car,1.0,288.0,278.0,314.0,320.0,656,axis_back,311.0,278.0,mask PCA skeleton + low contact point,generated_videos/control_points_2_car.mp4
627,0,car_racing_ego_car,1.0,288.0,278.0,314.0,320.0,656,axis_left,313.0,281.0,mask PCA skeleton + low contact point,generated_videos/control_points_2_car.mp4
627,0,car_racing_ego_car,1.0,288.0,278.0,314.0,320.0,656,axis_right,288.0,278.0,mask PCA skeleton + low contact point,generated_videos/control_points_2_car.mp4
627,0,car_racing_ego_car,1.0,288.0,278.0,314.0,320.0,656,contact_low,299.0,318.0,mask PCA skeleton + low contact point,generated_videos/control_points_2_car.mp4
628,0,car_racing_ego_car,1.0,288.0,278.0,314.0,320.0,656,centroid,299.5792541503906,299.80487060546875,mask PCA skeleton + low contact point,generated_videos/control_points_2_car.mp4
628,0,car_racing_ego_car,1.0,288.0,278.0,314.0,320.0,656,axis_front,290.0,319.0,mask PCA skeleton + low contact point,generated_videos/control_points_2_car.mp4
628,0,car_racing_ego_car,1.0,288.0,278.0,314.0,320.0,656,axis_back,311.0,278.0,mask PCA skeleton + low contact point,generated_videos/control_points_2_car.mp4
628,0,car_racing_ego_car,1.0,288.0,278.0,314.0,320.0,656,axis_left,313.0,281.0,mask PCA skeleton + low contact point,generated_videos/control_points_2_car.mp4
628,0,car_racing_ego_car,1.0,288.0,278.0,314.0,320.0,656,axis_right,288.0,278.0,mask PCA skeleton + low contact point,generated_videos/control_points_2_car.mp4
628,0,car_racing_ego_car,1.0,288.0,278.0,314.0,320.0,656,contact_low,299.0,318.0,mask PCA skeleton + low contact point,generated_videos/control_points_2_car.mp4
629,0,car_racing_ego_car,1.0,288.0,278.0,312.0,320.0,653,centroid,299.5359802246094,299.7519226074219,mask PCA skeleton + low contact point,generated_videos/control_points_2_car.mp4
629,0,car_racing_ego_car,1.0,288.0,278.0,312.0,320.0,653,axis_front,290.0,319.0,mask PCA skeleton + low contact point,generated_videos/control_points_2_car.mp4
629,0,car_racing_ego_car,1.0,288.0,278.0,312.0,320.0,653,axis_back,311.0,278.0,mask PCA skeleton + low contact point,generated_videos/control_points_2_car.mp4
629,0,car_racing_ego_car,1.0,288.0,278.0,312.0,320.0,653,axis_left,311.0,281.0,mask PCA skeleton + low contact point,generated_videos/control_points_2_car.mp4
629,0,car_racing_ego_car,1.0,288.0,278.0,312.0,320.0,653,axis_right,288.0,278.0,mask PCA skeleton + low contact point,generated_videos/control_points_2_car.mp4
629,0,car_racing_ego_car,1.0,288.0,278.0,312.0,320.0,653,contact_low,299.0,318.0,mask PCA skeleton + low contact point,generated_videos/control_points_2_car.mp4
630,0,car_racing_ego_car,1.0,288.0,278.0,312.0,320.0,653,centroid,299.5359802246094,299.7519226074219,mask PCA skeleton + low contact point,generated_videos/control_points_2_car.mp4
630,0,car_racing_ego_car,1.0,288.0,278.0,312.0,320.0,653,axis_front,290.0,319.0,mask PCA skeleton + low contact point,generated_videos/control_points_2_car.mp4
630,0,car_racing_ego_car,1.0,288.0,278.0,312.0,320.0,653,axis_back,311.0,278.0,mask PCA skeleton + low contact point,generated_videos/control_points_2_car.mp4
630,0,car_racing_ego_car,1.0,288.0,278.0,312.0,320.0,653,axis_left,311.0,281.0,mask PCA skeleton + low contact point,generated_videos/control_points_2_car.mp4
630,0,car_racing_ego_car,1.0,288.0,278.0,312.0,320.0,653,axis_right,288.0,278.0,mask PCA skeleton + low contact point,generated_videos/control_points_2_car.mp4
630,0,car_racing_ego_car,1.0,288.0,278.0,312.0,320.0,653,contact_low,299.0,318.0,mask PCA skeleton + low contact point,generated_videos/control_points_2_car.mp4
631,0,car_racing_ego_car,1.0,288.0,278.0,312.0,320.0,652,centroid,299.4493713378906,299.8266906738281,mask PCA skeleton + low contact point,generated_videos/control_points_2_car.mp4
631,0,car_racing_ego_car,1.0,288.0,278.0,312.0,320.0,652,axis_front,309.0,319.0,mask PCA skeleton + low contact point,generated_videos/control_points_2_car.mp4
631,0,car_racing_ego_car,1.0,288.0,278.0,312.0,320.0,652,axis_back,288.0,278.0,mask PCA skeleton + low contact point,generated_videos/control_points_2_car.mp4
631,0,car_racing_ego_car,1.0,288.0,278.0,312.0,320.0,652,axis_left,311.0,278.0,mask PCA skeleton + low contact point,generated_videos/control_points_2_car.mp4
631,0,car_racing_ego_car,1.0,288.0,278.0,312.0,320.0,652,axis_right,288.0,281.0,mask PCA skeleton + low contact point,generated_videos/control_points_2_car.mp4
631,0,car_racing_ego_car,1.0,288.0,278.0,312.0,320.0,652,contact_low,299.0,318.0,mask PCA skeleton + low contact point,generated_videos/control_points_2_car.mp4
632,0,car_racing_ego_car,1.0,288.0,278.0,312.0,320.0,652,centroid,299.4493713378906,299.8266906738281,mask PCA skeleton + low contact point,generated_videos/control_points_2_car.mp4
632,0,car_racing_ego_car,1.0,288.0,278.0,312.0,320.0,652,axis_front,309.0,319.0,mask PCA skeleton + low contact point,generated_videos/control_points_2_car.mp4
632,0,car_racing_ego_car,1.0,288.0,278.0,312.0,320.0,652,axis_back,288.0,278.0,mask PCA skeleton + low contact point,generated_videos/control_points_2_car.mp4
632,0,car_racing_ego_car,1.0,288.0,278.0,312.0,320.0,652,axis_left,311.0,278.0,mask PCA skeleton + low contact point,generated_videos/control_points_2_car.mp4
632,0,car_racing_ego_car,1.0,288.0,278.0,312.0,320.0,652,axis_right,288.0,281.0,mask PCA skeleton + low contact point,generated_videos/control_points_2_car.mp4
632,0,car_racing_ego_car,1.0,288.0,278.0,312.0,320.0,652,contact_low,299.0,318.0,mask PCA skeleton + low contact point,generated_videos/control_points_2_car.mp4
633,0,car_racing_ego_car,1.0,288.0,278.0,312.0,320.0,651,centroid,299.4178161621094,299.8049011230469,mask PCA skeleton + low contact point,generated_videos/control_points_2_car.mp4
633,0,car_racing_ego_car,1.0,288.0,278.0,312.0,320.0,651,axis_front,309.0,319.0,mask PCA skeleton + low contact point,generated_videos/control_points_2_car.mp4
633,0,car_racing_ego_car,1.0,288.0,278.0,312.0,320.0,651,axis_back,288.0,278.0,mask PCA skeleton + low contact point,generated_videos/control_points_2_car.mp4
633,0,car_racing_ego_car,1.0,288.0,278.0,312.0,320.0,651,axis_left,311.0,278.0,mask PCA skeleton + low contact point,generated_videos/control_points_2_car.mp4
633,0,car_racing_ego_car,1.0,288.0,278.0,312.0,320.0,651,axis_right,288.0,281.0,mask PCA skeleton + low contact point,generated_videos/control_points_2_car.mp4
633,0,car_racing_ego_car,1.0,288.0,278.0,312.0,320.0,651,contact_low,299.0,318.0,mask PCA skeleton + low contact point,generated_videos/control_points_2_car.mp4
634,0,car_racing_ego_car,1.0,288.0,278.0,312.0,320.0,651,centroid,299.4178161621094,299.8049011230469,mask PCA skeleton + low contact point,generated_videos/control_points_2_car.mp4
634,0,car_racing_ego_car,1.0,288.0,278.0,312.0,320.0,651,axis_front,309.0,319.0,mask PCA skeleton + low contact point,generated_videos/control_points_2_car.mp4
634,0,car_racing_ego_car,1.0,288.0,278.0,312.0,320.0,651,axis_back,288.0,278.0,mask PCA skeleton + low contact point,generated_videos/control_points_2_car.mp4
634,0,car_racing_ego_car,1.0,288.0,278.0,312.0,320.0,651,axis_left,311.0,278.0,mask PCA skeleton + low contact point,generated_videos/control_points_2_car.mp4
634,0,car_racing_ego_car,1.0,288.0,278.0,312.0,320.0,651,axis_right,288.0,281.0,mask PCA skeleton + low contact point,generated_videos/control_points_2_car.mp4
634,0,car_racing_ego_car,1.0,288.0,278.0,312.0,320.0,651,contact_low,299.0,318.0,mask PCA skeleton + low contact point,generated_videos/control_points_2_car.mp4
635,0,car_racing_ego_car,1.0,288.0,278.0,312.0,320.0,652,centroid,299.40338134765625,299.8266906738281,mask PCA skeleton + low contact point,generated_videos/control_points_2_car.mp4
635,0,car_racing_ego_car,1.0,288.0,278.0,312.0,320.0,652,axis_front,309.0,319.0,mask PCA skeleton + low contact point,generated_videos/control_points_2_car.mp4
635,0,car_racing_ego_car,1.0,288.0,278.0,312.0,320.0,652,axis_back,288.0,278.0,mask PCA skeleton + low contact point,generated_videos/control_points_2_car.mp4
635,0,car_racing_ego_car,1.0,288.0,278.0,312.0,320.0,652,axis_left,311.0,278.0,mask PCA skeleton + low contact point,generated_videos/control_points_2_car.mp4
635,0,car_racing_ego_car,1.0,288.0,278.0,312.0,320.0,652,axis_right,288.0,281.0,mask PCA skeleton + low contact point,generated_videos/control_points_2_car.mp4
635,0,car_racing_ego_car,1.0,288.0,278.0,312.0,320.0,652,contact_low,299.0,318.0,mask PCA skeleton + low contact point,generated_videos/control_points_2_car.mp4
636,0,car_racing_ego_car,1.0,288.0,278.0,312.0,320.0,652,centroid,299.40338134765625,299.8266906738281,mask PCA skeleton + low contact point,generated_videos/control_points_2_car.mp4
636,0,car_racing_ego_car,1.0,288.0,278.0,312.0,320.0,652,axis_front,309.0,319.0,mask PCA skeleton + low contact point,generated_videos/control_points_2_car.mp4
636,0,car_racing_ego_car,1.0,288.0,278.0,312.0,320.0,652,axis_back,288.0,278.0,mask PCA skeleton + low contact point,generated_videos/control_points_2_car.mp4
636,0,car_racing_ego_car,1.0,288.0,278.0,312.0,320.0,652,axis_left,311.0,278.0,mask PCA skeleton + low contact point,generated_videos/control_points_2_car.mp4
636,0,car_racing_ego_car,1.0,288.0,278.0,312.0,320.0,652,axis_right,288.0,281.0,mask PCA skeleton + low contact point,generated_videos/control_points_2_car.mp4
636,0,car_racing_ego_car,1.0,288.0,278.0,312.0,320.0,652,contact_low,299.0,318.0,mask PCA skeleton + low contact point,generated_videos/control_points_2_car.mp4
637,0,car_racing_ego_car,1.0,288.0,278.0,312.0,320.0,651,centroid,299.4638977050781,299.8049011230469,mask PCA skeleton + low contact point,generated_videos/control_points_2_car.mp4
637,0,car_racing_ego_car,1.0,288.0,278.0,312.0,320.0,651,axis_front,309.0,319.0,mask PCA skeleton + low contact point,generated_videos/control_points_2_car.mp4
637,0,car_racing_ego_car,1.0,288.0,278.0,312.0,320.0,651,axis_back,288.0,278.0,mask PCA skeleton + low contact point,generated_videos/control_points_2_car.mp4
637,0,car_racing_ego_car,1.0,288.0,278.0,312.0,320.0,651,axis_left,311.0,278.0,mask PCA skeleton + low contact point,generated_videos/control_points_2_car.mp4
637,0,car_racing_ego_car,1.0,288.0,278.0,312.0,320.0,651,axis_right,288.0,281.0,mask PCA skeleton + low contact point,generated_videos/control_points_2_car.mp4
637,0,car_racing_ego_car,1.0,288.0,278.0,312.0,320.0,651,contact_low,299.0,318.0,mask PCA skeleton + low contact point,generated_videos/control_points_2_car.mp4
638,0,car_racing_ego_car,1.0,288.0,278.0,312.0,320.0,651,centroid,299.4638977050781,299.8049011230469,mask PCA skeleton + low contact point,generated_videos/control_points_2_car.mp4
638,0,car_racing_ego_car,1.0,288.0,278.0,312.0,320.0,651,axis_front,309.0,319.0,mask PCA skeleton + low contact point,generated_videos/control_points_2_car.mp4
638,0,car_racing_ego_car,1.0,288.0,278.0,312.0,320.0,651,axis_back,288.0,278.0,mask PCA skeleton + low contact point,generated_videos/control_points_2_car.mp4
638,0,car_racing_ego_car,1.0,288.0,278.0,312.0,320.0,651,axis_left,311.0,278.0,mask PCA skeleton + low contact point,generated_videos/control_points_2_car.mp4
638,0,car_racing_ego_car,1.0,288.0,278.0,312.0,320.0,651,axis_right,288.0,281.0,mask PCA skeleton + low contact point,generated_videos/control_points_2_car.mp4
638,0,car_racing_ego_car,1.0,288.0,278.0,312.0,320.0,651,contact_low,299.0,318.0,mask PCA skeleton + low contact point,generated_videos/control_points_2_car.mp4
639,0,car_racing_ego_car,1.0,288.0,278.0,312.0,320.0,651,centroid,299.4638977050781,299.8049011230469,mask PCA skeleton + low contact point,generated_videos/control_points_2_car.mp4
639,0,car_racing_ego_car,1.0,288.0,278.0,312.0,320.0,651,axis_front,309.0,319.0,mask PCA skeleton + low contact point,generated_videos/control_points_2_car.mp4
639,0,car_racing_ego_car,1.0,288.0,278.0,312.0,320.0,651,axis_back,288.0,278.0,mask PCA skeleton + low contact point,generated_videos/control_points_2_car.mp4
639,0,car_racing_ego_car,1.0,288.0,278.0,312.0,320.0,651,axis_left,311.0,278.0,mask PCA skeleton + low contact point,generated_videos/control_points_2_car.mp4
639,0,car_racing_ego_car,1.0,288.0,278.0,312.0,320.0,651,axis_right,288.0,281.0,mask PCA skeleton + low contact point,generated_videos/control_points_2_car.mp4
639,0,car_racing_ego_car,1.0,288.0,278.0,312.0,320.0,651,contact_low,299.0,318.0,mask PCA skeleton + low contact point,generated_videos/control_points_2_car.mp4
640,0,car_racing_ego_car,1.0,288.0,278.0,312.0,320.0,651,centroid,299.4638977050781,299.8049011230469,mask PCA skeleton + low contact point,generated_videos/control_points_2_car.mp4
640,0,car_racing_ego_car,1.0,288.0,278.0,312.0,320.0,651,axis_front,309.0,319.0,mask PCA skeleton + low contact point,generated_videos/control_points_2_car.mp4
640,0,car_racing_ego_car,1.0,288.0,278.0,312.0,320.0,651,axis_back,288.0,278.0,mask PCA skeleton + low contact point,generated_videos/control_points_2_car.mp4
640,0,car_racing_ego_car,1.0,288.0,278.0,312.0,320.0,651,axis_left,311.0,278.0,mask PCA skeleton + low contact point,generated_videos/control_points_2_car.mp4
640,0,car_racing_ego_car,1.0,288.0,278.0,312.0,320.0,651,axis_right,288.0,281.0,mask PCA skeleton + low contact point,generated_videos/control_points_2_car.mp4
640,0,car_racing_ego_car,1.0,288.0,278.0,312.0,320.0,651,contact_low,299.0,318.0,mask PCA skeleton + low contact point,generated_videos/control_points_2_car.mp4
641,0,car_racing_ego_car,1.0,288.0,278.0,312.0,320.0,653,centroid,299.4915771484375,299.848388671875,mask PCA skeleton + low contact point,generated_videos/control_points_2_car.mp4
641,0,car_racing_ego_car,1.0,288.0,278.0,312.0,320.0,653,axis_front,309.0,319.0,mask PCA skeleton + low contact point,generated_videos/control_points_2_car.mp4
641,0,car_racing_ego_car,1.0,288.0,278.0,312.0,320.0,653,axis_back,288.0,278.0,mask PCA skeleton + low contact point,generated_videos/control_points_2_car.mp4
641,0,car_racing_ego_car,1.0,288.0,278.0,312.0,320.0,653,axis_left,311.0,278.0,mask PCA skeleton + low contact point,generated_videos/control_points_2_car.mp4
641,0,car_racing_ego_car,1.0,288.0,278.0,312.0,320.0,653,axis_right,288.0,281.0,mask PCA skeleton + low contact point,generated_videos/control_points_2_car.mp4
641,0,car_racing_ego_car,1.0,288.0,278.0,312.0,320.0,653,contact_low,299.0,318.0,mask PCA skeleton + low contact point,generated_videos/control_points_2_car.mp4
642,0,car_racing_ego_car,1.0,288.0,278.0,312.0,320.0,653,centroid,299.4915771484375,299.848388671875,mask PCA skeleton + low contact point,generated_videos/control_points_2_car.mp4
642,0,car_racing_ego_car,1.0,288.0,278.0,312.0,320.0,653,axis_front,309.0,319.0,mask PCA skeleton + low contact point,generated_videos/control_points_2_car.mp4
642,0,car_racing_ego_car,1.0,288.0,278.0,312.0,320.0,653,axis_back,288.0,278.0,mask PCA skeleton + low contact point,generated_videos/control_points_2_car.mp4
642,0,car_racing_ego_car,1.0,288.0,278.0,312.0,320.0,653,axis_left,311.0,278.0,mask PCA skeleton + low contact point,generated_videos/control_points_2_car.mp4
642,0,car_racing_ego_car,1.0,288.0,278.0,312.0,320.0,653,axis_right,288.0,281.0,mask PCA skeleton + low contact point,generated_videos/control_points_2_car.mp4
642,0,car_racing_ego_car,1.0,288.0,278.0,312.0,320.0,653,contact_low,299.0,318.0,mask PCA skeleton + low contact point,generated_videos/control_points_2_car.mp4
643,0,car_racing_ego_car,1.0,288.0,278.0,312.0,320.0,659,centroid,299.51593017578125,299.5948486328125,mask PCA skeleton + low contact point,generated_videos/control_points_2_car.mp4
643,0,car_racing_ego_car,1.0,288.0,278.0,312.0,320.0,659,axis_front,290.0,319.0,mask PCA skeleton + low contact point,generated_videos/control_points_2_car.mp4
643,0,car_racing_ego_car,1.0,288.0,278.0,312.0,320.0,659,axis_back,311.0,278.0,mask PCA skeleton + low contact point,generated_videos/control_points_2_car.mp4
643,0,car_racing_ego_car,1.0,288.0,278.0,312.0,320.0,659,axis_left,311.0,281.0,mask PCA skeleton + low contact point,generated_videos/control_points_2_car.mp4
643,0,car_racing_ego_car,1.0,288.0,278.0,312.0,320.0,659,axis_right,288.0,278.0,mask PCA skeleton + low contact point,generated_videos/control_points_2_car.mp4
643,0,car_racing_ego_car,1.0,288.0,278.0,312.0,320.0,659,contact_low,299.0,318.0,mask PCA skeleton + low contact point,generated_videos/control_points_2_car.mp4
644,0,car_racing_ego_car,1.0,288.0,278.0,312.0,320.0,659,centroid,299.51593017578125,299.5948486328125,mask PCA skeleton + low contact point,generated_videos/control_points_2_car.mp4
644,0,car_racing_ego_car,1.0,288.0,278.0,312.0,320.0,659,axis_front,290.0,319.0,mask PCA skeleton + low contact point,generated_videos/control_points_2_car.mp4
644,0,car_racing_ego_car,1.0,288.0,278.0,312.0,320.0,659,axis_back,311.0,278.0,mask PCA skeleton + low contact point,generated_videos/control_points_2_car.mp4
644,0,car_racing_ego_car,1.0,288.0,278.0,312.0,320.0,659,axis_left,311.0,281.0,mask PCA skeleton + low contact point,generated_videos/control_points_2_car.mp4
644,0,car_racing_ego_car,1.0,288.0,278.0,312.0,320.0,659,axis_right,288.0,278.0,mask PCA skeleton + low contact point,generated_videos/control_points_2_car.mp4
644,0,car_racing_ego_car,1.0,288.0,278.0,312.0,320.0,659,contact_low,299.0,318.0,mask PCA skeleton + low contact point,generated_videos/control_points_2_car.mp4
645,0,car_racing_ego_car,1.0,288.0,278.0,312.0,320.0,654,centroid,299.4602355957031,299.84710693359375,mask PCA skeleton + low contact point,generated_videos/control_points_2_car.mp4
645,0,car_racing_ego_car,1.0,288.0,278.0,312.0,320.0,654,axis_front,309.0,319.0,mask PCA skeleton + low contact point,generated_videos/control_points_2_car.mp4
645,0,car_racing_ego_car,1.0,288.0,278.0,312.0,320.0,654,axis_back,288.0,278.0,mask PCA skeleton + low contact point,generated_videos/control_points_2_car.mp4
645,0,car_racing_ego_car,1.0,288.0,278.0,312.0,320.0,654,axis_left,311.0,278.0,mask PCA skeleton + low contact point,generated_videos/control_points_2_car.mp4
645,0,car_racing_ego_car,1.0,288.0,278.0,312.0,320.0,654,axis_right,288.0,281.0,mask PCA skeleton + low contact point,generated_videos/control_points_2_car.mp4
645,0,car_racing_ego_car,1.0,288.0,278.0,312.0,320.0,654,contact_low,299.0,318.0,mask PCA skeleton + low contact point,generated_videos/control_points_2_car.mp4
646,0,car_racing_ego_car,1.0,288.0,278.0,312.0,320.0,654,centroid,299.4602355957031,299.84710693359375,mask PCA skeleton + low contact point,generated_videos/control_points_2_car.mp4
646,0,car_racing_ego_car,1.0,288.0,278.0,312.0,320.0,654,axis_front,309.0,319.0,mask PCA skeleton + low contact point,generated_videos/control_points_2_car.mp4
646,0,car_racing_ego_car,1.0,288.0,278.0,312.0,320.0,654,axis_back,288.0,278.0,mask PCA skeleton + low contact point,generated_videos/control_points_2_car.mp4
646,0,car_racing_ego_car,1.0,288.0,278.0,312.0,320.0,654,axis_left,311.0,278.0,mask PCA skeleton + low contact point,generated_videos/control_points_2_car.mp4
646,0,car_racing_ego_car,1.0,288.0,278.0,312.0,320.0,654,axis_right,288.0,281.0,mask PCA skeleton + low contact point,generated_videos/control_points_2_car.mp4
646,0,car_racing_ego_car,1.0,288.0,278.0,312.0,320.0,654,contact_low,299.0,318.0,mask PCA skeleton + low contact point,generated_videos/control_points_2_car.mp4
647,0,car_racing_ego_car,1.0,288.0,278.0,312.0,320.0,661,centroid,299.3706359863281,299.638427734375,mask PCA skeleton + low contact point,generated_videos/control_points_2_car.mp4
647,0,car_racing_ego_car,1.0,288.0,278.0,312.0,320.0,661,axis_front,309.0,319.0,mask PCA skeleton + low contact point,generated_videos/control_points_2_car.mp4
647,0,car_racing_ego_car,1.0,288.0,278.0,312.0,320.0,661,axis_back,288.0,278.0,mask PCA skeleton + low contact point,generated_videos/control_points_2_car.mp4
647,0,car_racing_ego_car,1.0,288.0,278.0,312.0,320.0,661,axis_left,311.0,278.0,mask PCA skeleton + low contact point,generated_videos/control_points_2_car.mp4
647,0,car_racing_ego_car,1.0,288.0,278.0,312.0,320.0,661,axis_right,288.0,283.0,mask PCA skeleton + low contact point,generated_videos/control_points_2_car.mp4
647,0,car_racing_ego_car,1.0,288.0,278.0,312.0,320.0,661,contact_low,299.0,318.0,mask PCA skeleton + low contact point,generated_videos/control_points_2_car.mp4
648,0,car_racing_ego_car,1.0,288.0,278.0,312.0,320.0,661,centroid,299.3706359863281,299.638427734375,mask PCA skeleton + low contact point,generated_videos/control_points_2_car.mp4
648,0,car_racing_ego_car,1.0,288.0,278.0,312.0,320.0,661,axis_front,309.0,319.0,mask PCA skeleton + low contact point,generated_videos/control_points_2_car.mp4
648,0,car_racing_ego_car,1.0,288.0,278.0,312.0,320.0,661,axis_back,288.0,278.0,mask PCA skeleton + low contact point,generated_videos/control_points_2_car.mp4
648,0,car_racing_ego_car,1.0,288.0,278.0,312.0,320.0,661,axis_left,311.0,278.0,mask PCA skeleton + low contact point,generated_videos/control_points_2_car.mp4
648,0,car_racing_ego_car,1.0,288.0,278.0,312.0,320.0,661,axis_right,288.0,283.0,mask PCA skeleton + low contact point,generated_videos/control_points_2_car.mp4
648,0,car_racing_ego_car,1.0,288.0,278.0,312.0,320.0,661,contact_low,299.0,318.0,mask PCA skeleton + low contact point,generated_videos/control_points_2_car.mp4
649,0,car_racing_ego_car,1.0,288.0,278.0,312.0,320.0,652,centroid,299.40338134765625,299.8266906738281,mask PCA skeleton + low contact point,generated_videos/control_points_2_car.mp4
649,0,car_racing_ego_car,1.0,288.0,278.0,312.0,320.0,652,axis_front,309.0,319.0,mask PCA skeleton + low contact point,generated_videos/control_points_2_car.mp4
649,0,car_racing_ego_car,1.0,288.0,278.0,312.0,320.0,652,axis_back,288.0,278.0,mask PCA skeleton + low contact point,generated_videos/control_points_2_car.mp4
649,0,car_racing_ego_car,1.0,288.0,278.0,312.0,320.0,652,axis_left,311.0,278.0,mask PCA skeleton + low contact point,generated_videos/control_points_2_car.mp4
649,0,car_racing_ego_car,1.0,288.0,278.0,312.0,320.0,652,axis_right,288.0,281.0,mask PCA skeleton + low contact point,generated_videos/control_points_2_car.mp4
649,0,car_racing_ego_car,1.0,288.0,278.0,312.0,320.0,652,contact_low,299.0,318.0,mask PCA skeleton + low contact point,generated_videos/control_points_2_car.mp4
650,0,car_racing_ego_car,1.0,288.0,278.0,312.0,320.0,658,centroid,299.47265625,299.668701171875,mask PCA skeleton + low contact point,generated_videos/control_points_2_car.mp4
650,0,car_racing_ego_car,1.0,288.0,278.0,312.0,320.0,658,axis_front,290.0,319.0,mask PCA skeleton + low contact point,generated_videos/control_points_2_car.mp4
650,0,car_racing_ego_car,1.0,288.0,278.0,312.0,320.0,658,axis_back,311.0,278.0,mask PCA skeleton + low contact point,generated_videos/control_points_2_car.mp4
650,0,car_racing_ego_car,1.0,288.0,278.0,312.0,320.0,658,axis_left,311.0,281.0,mask PCA skeleton + low contact point,generated_videos/control_points_2_car.mp4
650,0,car_racing_ego_car,1.0,288.0,278.0,312.0,320.0,658,axis_right,288.0,278.0,mask PCA skeleton + low contact point,generated_videos/control_points_2_car.mp4
650,0,car_racing_ego_car,1.0,288.0,278.0,312.0,320.0,658,contact_low,299.0,318.0,mask PCA skeleton + low contact point,generated_videos/control_points_2_car.mp4
651,0,car_racing_ego_car,1.0,288.0,278.0,312.0,320.0,658,centroid,299.47265625,299.668701171875,mask PCA skeleton + low contact point,generated_videos/control_points_2_car.mp4
651,0,car_racing_ego_car,1.0,288.0,278.0,312.0,320.0,658,axis_front,290.0,319.0,mask PCA skeleton + low contact point,generated_videos/control_points_2_car.mp4
651,0,car_racing_ego_car,1.0,288.0,278.0,312.0,320.0,658,axis_back,311.0,278.0,mask PCA skeleton + low contact point,generated_videos/control_points_2_car.mp4
651,0,car_racing_ego_car,1.0,288.0,278.0,312.0,320.0,658,axis_left,311.0,281.0,mask PCA skeleton + low contact point,generated_videos/control_points_2_car.mp4
651,0,car_racing_ego_car,1.0,288.0,278.0,312.0,320.0,658,axis_right,288.0,278.0,mask PCA skeleton + low contact point,generated_videos/control_points_2_car.mp4
651,0,car_racing_ego_car,1.0,288.0,278.0,312.0,320.0,658,contact_low,299.0,318.0,mask PCA skeleton + low contact point,generated_videos/control_points_2_car.mp4
652,0,car_racing_ego_car,1.0,288.0,278.0,312.0,320.0,657,centroid,299.5296936035156,299.87823486328125,mask PCA skeleton + low contact point,generated_videos/control_points_2_car.mp4
652,0,car_racing_ego_car,1.0,288.0,278.0,312.0,320.0,657,axis_front,309.0,319.0,mask PCA skeleton + low contact point,generated_videos/control_points_2_car.mp4
652,0,car_racing_ego_car,1.0,288.0,278.0,312.0,320.0,657,axis_back,288.0,278.0,mask PCA skeleton + low contact point,generated_videos/control_points_2_car.mp4
652,0,car_racing_ego_car,1.0,288.0,278.0,312.0,320.0,657,axis_left,311.0,278.0,mask PCA skeleton + low contact point,generated_videos/control_points_2_car.mp4
652,0,car_racing_ego_car,1.0,288.0,278.0,312.0,320.0,657,axis_right,288.0,281.0,mask PCA skeleton + low contact point,generated_videos/control_points_2_car.mp4
652,0,car_racing_ego_car,1.0,288.0,278.0,312.0,320.0,657,contact_low,299.0,318.0,mask PCA skeleton + low contact point,generated_videos/control_points_2_car.mp4
653,0,car_racing_ego_car,1.0,288.0,278.0,312.0,320.0,655,centroid,299.5190734863281,299.8580017089844,mask PCA skeleton + low contact point,generated_videos/control_points_2_car.mp4
653,0,car_racing_ego_car,1.0,288.0,278.0,312.0,320.0,655,axis_front,309.0,319.0,mask PCA skeleton + low contact point,generated_videos/control_points_2_car.mp4
653,0,car_racing_ego_car,1.0,288.0,278.0,312.0,320.0,655,axis_back,288.0,278.0,mask PCA skeleton + low contact point,generated_videos/control_points_2_car.mp4
653,0,car_racing_ego_car,1.0,288.0,278.0,312.0,320.0,655,axis_left,311.0,278.0,mask PCA skeleton + low contact point,generated_videos/control_points_2_car.mp4
653,0,car_racing_ego_car,1.0,288.0,278.0,312.0,320.0,655,axis_right,288.0,281.0,mask PCA skeleton + low contact point,generated_videos/control_points_2_car.mp4
653,0,car_racing_ego_car,1.0,288.0,278.0,312.0,320.0,655,contact_low,299.0,318.0,mask PCA skeleton + low contact point,generated_videos/control_points_2_car.mp4
654,0,car_racing_ego_car,1.0,288.0,278.0,312.0,320.0,654,centroid,299.47705078125,299.8700256347656,mask PCA skeleton + low contact point,generated_videos/control_points_2_car.mp4
654,0,car_racing_ego_car,1.0,288.0,278.0,312.0,320.0,654,axis_front,309.0,319.0,mask PCA skeleton + low contact point,generated_videos/control_points_2_car.mp4
654,0,car_racing_ego_car,1.0,288.0,278.0,312.0,320.0,654,axis_back,288.0,278.0,mask PCA skeleton + low contact point,generated_videos/control_points_2_car.mp4
654,0,car_racing_ego_car,1.0,288.0,278.0,312.0,320.0,654,axis_left,311.0,278.0,mask PCA skeleton + low contact point,generated_videos/control_points_2_car.mp4
654,0,car_racing_ego_car,1.0,288.0,278.0,312.0,320.0,654,axis_right,288.0,281.0,mask PCA skeleton + low contact point,generated_videos/control_points_2_car.mp4
654,0,car_racing_ego_car,1.0,288.0,278.0,312.0,320.0,654,contact_low,299.0,318.0,mask PCA skeleton + low contact point,generated_videos/control_points_2_car.mp4
655,0,car_racing_ego_car,1.0,288.0,278.0,312.0,320.0,654,centroid,299.47705078125,299.8700256347656,mask PCA skeleton + low contact point,generated_videos/control_points_2_car.mp4
655,0,car_racing_ego_car,1.0,288.0,278.0,312.0,320.0,654,axis_front,309.0,319.0,mask PCA skeleton + low contact point,generated_videos/control_points_2_car.mp4
655,0,car_racing_ego_car,1.0,288.0,278.0,312.0,320.0,654,axis_back,288.0,278.0,mask PCA skeleton + low contact point,generated_videos/control_points_2_car.mp4
655,0,car_racing_ego_car,1.0,288.0,278.0,312.0,320.0,654,axis_left,311.0,278.0,mask PCA skeleton + low contact point,generated_videos/control_points_2_car.mp4
655,0,car_racing_ego_car,1.0,288.0,278.0,312.0,320.0,654,axis_right,288.0,281.0,mask PCA skeleton + low contact point,generated_videos/control_points_2_car.mp4
655,0,car_racing_ego_car,1.0,288.0,278.0,312.0,320.0,654,contact_low,299.0,318.0,mask PCA skeleton + low contact point,generated_videos/control_points_2_car.mp4
656,0,car_racing_ego_car,1.0,288.0,278.0,312.0,320.0,651,centroid,299.4178161621094,299.8049011230469,mask PCA skeleton + low contact point,generated_videos/control_points_2_car.mp4
656,0,car_racing_ego_car,1.0,288.0,278.0,312.0,320.0,651,axis_front,309.0,319.0,mask PCA skeleton + low contact point,generated_videos/control_points_2_car.mp4
656,0,car_racing_ego_car,1.0,288.0,278.0,312.0,320.0,651,axis_back,288.0,278.0,mask PCA skeleton + low contact point,generated_videos/control_points_2_car.mp4
656,0,car_racing_ego_car,1.0,288.0,278.0,312.0,320.0,651,axis_left,311.0,278.0,mask PCA skeleton + low contact point,generated_videos/control_points_2_car.mp4
656,0,car_racing_ego_car,1.0,288.0,278.0,312.0,320.0,651,axis_right,288.0,281.0,mask PCA skeleton + low contact point,generated_videos/control_points_2_car.mp4
656,0,car_racing_ego_car,1.0,288.0,278.0,312.0,320.0,651,contact_low,299.0,318.0,mask PCA skeleton + low contact point,generated_videos/control_points_2_car.mp4
657,0,car_racing_ego_car,1.0,288.0,278.0,312.0,320.0,651,centroid,299.4178161621094,299.8049011230469,mask PCA skeleton + low contact point,generated_videos/control_points_2_car.mp4
657,0,car_racing_ego_car,1.0,288.0,278.0,312.0,320.0,651,axis_front,309.0,319.0,mask PCA skeleton + low contact point,generated_videos/control_points_2_car.mp4
657,0,car_racing_ego_car,1.0,288.0,278.0,312.0,320.0,651,axis_back,288.0,278.0,mask PCA skeleton + low contact point,generated_videos/control_points_2_car.mp4
657,0,car_racing_ego_car,1.0,288.0,278.0,312.0,320.0,651,axis_left,311.0,278.0,mask PCA skeleton + low contact point,generated_videos/control_points_2_car.mp4
657,0,car_racing_ego_car,1.0,288.0,278.0,312.0,320.0,651,axis_right,288.0,281.0,mask PCA skeleton + low contact point,generated_videos/control_points_2_car.mp4
657,0,car_racing_ego_car,1.0,288.0,278.0,312.0,320.0,651,contact_low,299.0,318.0,mask PCA skeleton + low contact point,generated_videos/control_points_2_car.mp4
658,0,car_racing_ego_car,1.0,288.0,278.0,312.0,320.0,654,centroid,299.4311828613281,299.8700256347656,mask PCA skeleton + low contact point,generated_videos/control_points_2_car.mp4
658,0,car_racing_ego_car,1.0,288.0,278.0,312.0,320.0,654,axis_front,309.0,319.0,mask PCA skeleton + low contact point,generated_videos/control_points_2_car.mp4
658,0,car_racing_ego_car,1.0,288.0,278.0,312.0,320.0,654,axis_back,288.0,278.0,mask PCA skeleton + low contact point,generated_videos/control_points_2_car.mp4
658,0,car_racing_ego_car,1.0,288.0,278.0,312.0,320.0,654,axis_left,311.0,278.0,mask PCA skeleton + low contact point,generated_videos/control_points_2_car.mp4
658,0,car_racing_ego_car,1.0,288.0,278.0,312.0,320.0,654,axis_right,288.0,281.0,mask PCA skeleton + low contact point,generated_videos/control_points_2_car.mp4
658,0,car_racing_ego_car,1.0,288.0,278.0,312.0,320.0,654,contact_low,299.0,318.0,mask PCA skeleton + low contact point,generated_videos/control_points_2_car.mp4
659,0,car_racing_ego_car,1.0,288.0,278.0,312.0,320.0,654,centroid,299.4311828613281,299.8700256347656,mask PCA skeleton + low contact point,generated_videos/control_points_2_car.mp4
659,0,car_racing_ego_car,1.0,288.0,278.0,312.0,320.0,654,axis_front,309.0,319.0,mask PCA skeleton + low contact point,generated_videos/control_points_2_car.mp4
659,0,car_racing_ego_car,1.0,288.0,278.0,312.0,320.0,654,axis_back,288.0,278.0,mask PCA skeleton + low contact point,generated_videos/control_points_2_car.mp4
659,0,car_racing_ego_car,1.0,288.0,278.0,312.0,320.0,654,axis_left,311.0,278.0,mask PCA skeleton + low contact point,generated_videos/control_points_2_car.mp4
659,0,car_racing_ego_car,1.0,288.0,278.0,312.0,320.0,654,axis_right,288.0,281.0,mask PCA skeleton + low contact point,generated_videos/control_points_2_car.mp4
659,0,car_racing_ego_car,1.0,288.0,278.0,312.0,320.0,654,contact_low,299.0,318.0,mask PCA skeleton + low contact point,generated_videos/control_points_2_car.mp4
660,0,car_racing_ego_car,1.0,288.0,278.0,312.0,320.0,651,centroid,299.4178161621094,299.8049011230469,mask PCA skeleton + low contact point,generated_videos/control_points_2_car.mp4
660,0,car_racing_ego_car,1.0,288.0,278.0,312.0,320.0,651,axis_front,309.0,319.0,mask PCA skeleton + low contact point,generated_videos/control_points_2_car.mp4
660,0,car_racing_ego_car,1.0,288.0,278.0,312.0,320.0,651,axis_back,288.0,278.0,mask PCA skeleton + low contact point,generated_videos/control_points_2_car.mp4
660,0,car_racing_ego_car,1.0,288.0,278.0,312.0,320.0,651,axis_left,311.0,278.0,mask PCA skeleton + low contact point,generated_videos/control_points_2_car.mp4
660,0,car_racing_ego_car,1.0,288.0,278.0,312.0,320.0,651,axis_right,288.0,281.0,mask PCA skeleton + low contact point,generated_videos/control_points_2_car.mp4
660,0,car_racing_ego_car,1.0,288.0,278.0,312.0,320.0,651,contact_low,299.0,318.0,mask PCA skeleton + low contact point,generated_videos/control_points_2_car.mp4
661,0,car_racing_ego_car,1.0,288.0,278.0,312.0,320.0,651,centroid,299.4178161621094,299.8049011230469,mask PCA skeleton + low contact point,generated_videos/control_points_2_car.mp4
661,0,car_racing_ego_car,1.0,288.0,278.0,312.0,320.0,651,axis_front,309.0,319.0,mask PCA skeleton + low contact point,generated_videos/control_points_2_car.mp4
661,0,car_racing_ego_car,1.0,288.0,278.0,312.0,320.0,651,axis_back,288.0,278.0,mask PCA skeleton + low contact point,generated_videos/control_points_2_car.mp4
661,0,car_racing_ego_car,1.0,288.0,278.0,312.0,320.0,651,axis_left,311.0,278.0,mask PCA skeleton + low contact point,generated_videos/control_points_2_car.mp4
661,0,car_racing_ego_car,1.0,288.0,278.0,312.0,320.0,651,axis_right,288.0,281.0,mask PCA skeleton + low contact point,generated_videos/control_points_2_car.mp4
661,0,car_racing_ego_car,1.0,288.0,278.0,312.0,320.0,651,contact_low,299.0,318.0,mask PCA skeleton + low contact point,generated_videos/control_points_2_car.mp4
662,0,car_racing_ego_car,1.0,288.0,278.0,312.0,320.0,654,centroid,299.4311828613281,299.8700256347656,mask PCA skeleton + low contact point,generated_videos/control_points_2_car.mp4
662,0,car_racing_ego_car,1.0,288.0,278.0,312.0,320.0,654,axis_front,309.0,319.0,mask PCA skeleton + low contact point,generated_videos/control_points_2_car.mp4
662,0,car_racing_ego_car,1.0,288.0,278.0,312.0,320.0,654,axis_back,288.0,278.0,mask PCA skeleton + low contact point,generated_videos/control_points_2_car.mp4
662,0,car_racing_ego_car,1.0,288.0,278.0,312.0,320.0,654,axis_left,311.0,278.0,mask PCA skeleton + low contact point,generated_videos/control_points_2_car.mp4
662,0,car_racing_ego_car,1.0,288.0,278.0,312.0,320.0,654,axis_right,288.0,281.0,mask PCA skeleton + low contact point,generated_videos/control_points_2_car.mp4
662,0,car_racing_ego_car,1.0,288.0,278.0,312.0,320.0,654,contact_low,299.0,318.0,mask PCA skeleton + low contact point,generated_videos/control_points_2_car.mp4
663,0,car_racing_ego_car,1.0,288.0,278.0,312.0,320.0,654,centroid,299.4311828613281,299.8700256347656,mask PCA skeleton + low contact point,generated_videos/control_points_2_car.mp4
663,0,car_racing_ego_car,1.0,288.0,278.0,312.0,320.0,654,axis_front,309.0,319.0,mask PCA skeleton + low contact point,generated_videos/control_points_2_car.mp4
663,0,car_racing_ego_car,1.0,288.0,278.0,312.0,320.0,654,axis_back,288.0,278.0,mask PCA skeleton + low contact point,generated_videos/control_points_2_car.mp4
663,0,car_racing_ego_car,1.0,288.0,278.0,312.0,320.0,654,axis_left,311.0,278.0,mask PCA skeleton + low contact point,generated_videos/control_points_2_car.mp4
663,0,car_racing_ego_car,1.0,288.0,278.0,312.0,320.0,654,axis_right,288.0,281.0,mask PCA skeleton + low contact point,generated_videos/control_points_2_car.mp4
663,0,car_racing_ego_car,1.0,288.0,278.0,312.0,320.0,654,contact_low,299.0,318.0,mask PCA skeleton + low contact point,generated_videos/control_points_2_car.mp4
664,0,car_racing_ego_car,1.0,288.0,278.0,312.0,320.0,651,centroid,299.4178161621094,299.8049011230469,mask PCA skeleton + low contact point,generated_videos/control_points_2_car.mp4
664,0,car_racing_ego_car,1.0,288.0,278.0,312.0,320.0,651,axis_front,309.0,319.0,mask PCA skeleton + low contact point,generated_videos/control_points_2_car.mp4
664,0,car_racing_ego_car,1.0,288.0,278.0,312.0,320.0,651,axis_back,288.0,278.0,mask PCA skeleton + low contact point,generated_videos/control_points_2_car.mp4
664,0,car_racing_ego_car,1.0,288.0,278.0,312.0,320.0,651,axis_left,311.0,278.0,mask PCA skeleton + low contact point,generated_videos/control_points_2_car.mp4
664,0,car_racing_ego_car,1.0,288.0,278.0,312.0,320.0,651,axis_right,288.0,281.0,mask PCA skeleton + low contact point,generated_videos/control_points_2_car.mp4
664,0,car_racing_ego_car,1.0,288.0,278.0,312.0,320.0,651,contact_low,299.0,318.0,mask PCA skeleton + low contact point,generated_videos/control_points_2_car.mp4
665,0,car_racing_ego_car,1.0,288.0,278.0,312.0,320.0,651,centroid,299.4178161621094,299.8049011230469,mask PCA skeleton + low contact point,generated_videos/control_points_2_car.mp4
665,0,car_racing_ego_car,1.0,288.0,278.0,312.0,320.0,651,axis_front,309.0,319.0,mask PCA skeleton + low contact point,generated_videos/control_points_2_car.mp4
665,0,car_racing_ego_car,1.0,288.0,278.0,312.0,320.0,651,axis_back,288.0,278.0,mask PCA skeleton + low contact point,generated_videos/control_points_2_car.mp4
665,0,car_racing_ego_car,1.0,288.0,278.0,312.0,320.0,651,axis_left,311.0,278.0,mask PCA skeleton + low contact point,generated_videos/control_points_2_car.mp4
665,0,car_racing_ego_car,1.0,288.0,278.0,312.0,320.0,651,axis_right,288.0,281.0,mask PCA skeleton + low contact point,generated_videos/control_points_2_car.mp4
665,0,car_racing_ego_car,1.0,288.0,278.0,312.0,320.0,651,contact_low,299.0,318.0,mask PCA skeleton + low contact point,generated_videos/control_points_2_car.mp4
666,0,car_racing_ego_car,1.0,288.0,278.0,312.0,320.0,654,centroid,299.4311828613281,299.8700256347656,mask PCA skeleton + low contact point,generated_videos/control_points_2_car.mp4
666,0,car_racing_ego_car,1.0,288.0,278.0,312.0,320.0,654,axis_front,309.0,319.0,mask PCA skeleton + low contact point,generated_videos/control_points_2_car.mp4
666,0,car_racing_ego_car,1.0,288.0,278.0,312.0,320.0,654,axis_back,288.0,278.0,mask PCA skeleton + low contact point,generated_videos/control_points_2_car.mp4
666,0,car_racing_ego_car,1.0,288.0,278.0,312.0,320.0,654,axis_left,311.0,278.0,mask PCA skeleton + low contact point,generated_videos/control_points_2_car.mp4
666,0,car_racing_ego_car,1.0,288.0,278.0,312.0,320.0,654,axis_right,288.0,281.0,mask PCA skeleton + low contact point,generated_videos/control_points_2_car.mp4
666,0,car_racing_ego_car,1.0,288.0,278.0,312.0,320.0,654,contact_low,299.0,318.0,mask PCA skeleton + low contact point,generated_videos/control_points_2_car.mp4
667,0,car_racing_ego_car,1.0,288.0,278.0,312.0,320.0,654,centroid,299.4311828613281,299.8700256347656,mask PCA skeleton + low contact point,generated_videos/control_points_2_car.mp4
667,0,car_racing_ego_car,1.0,288.0,278.0,312.0,320.0,654,axis_front,309.0,319.0,mask PCA skeleton + low contact point,generated_videos/control_points_2_car.mp4
667,0,car_racing_ego_car,1.0,288.0,278.0,312.0,320.0,654,axis_back,288.0,278.0,mask PCA skeleton + low contact point,generated_videos/control_points_2_car.mp4
667,0,car_racing_ego_car,1.0,288.0,278.0,312.0,320.0,654,axis_left,311.0,278.0,mask PCA skeleton + low contact point,generated_videos/control_points_2_car.mp4
667,0,car_racing_ego_car,1.0,288.0,278.0,312.0,320.0,654,axis_right,288.0,281.0,mask PCA skeleton + low contact point,generated_videos/control_points_2_car.mp4
667,0,car_racing_ego_car,1.0,288.0,278.0,312.0,320.0,654,contact_low,299.0,318.0,mask PCA skeleton + low contact point,generated_videos/control_points_2_car.mp4
668,0,car_racing_ego_car,1.0,288.0,278.0,312.0,320.0,654,centroid,299.4526062011719,299.7232360839844,mask PCA skeleton + low contact point,generated_videos/control_points_2_car.mp4
668,0,car_racing_ego_car,1.0,288.0,278.0,312.0,320.0,654,axis_front,309.0,319.0,mask PCA skeleton + low contact point,generated_videos/control_points_2_car.mp4
668,0,car_racing_ego_car,1.0,288.0,278.0,312.0,320.0,654,axis_back,288.0,278.0,mask PCA skeleton + low contact point,generated_videos/control_points_2_car.mp4
668,0,car_racing_ego_car,1.0,288.0,278.0,312.0,320.0,654,axis_left,311.0,278.0,mask PCA skeleton + low contact point,generated_videos/control_points_2_car.mp4
668,0,car_racing_ego_car,1.0,288.0,278.0,312.0,320.0,654,axis_right,288.0,281.0,mask PCA skeleton + low contact point,generated_videos/control_points_2_car.mp4
668,0,car_racing_ego_car,1.0,288.0,278.0,312.0,320.0,654,contact_low,299.0,318.0,mask PCA skeleton + low contact point,generated_videos/control_points_2_car.mp4
669,0,car_racing_ego_car,1.0,288.0,278.0,312.0,320.0,654,centroid,299.4526062011719,299.7232360839844,mask PCA skeleton + low contact point,generated_videos/control_points_2_car.mp4
669,0,car_racing_ego_car,1.0,288.0,278.0,312.0,320.0,654,axis_front,309.0,319.0,mask PCA skeleton + low contact point,generated_videos/control_points_2_car.mp4
669,0,car_racing_ego_car,1.0,288.0,278.0,312.0,320.0,654,axis_back,288.0,278.0,mask PCA skeleton + low contact point,generated_videos/control_points_2_car.mp4
669,0,car_racing_ego_car,1.0,288.0,278.0,312.0,320.0,654,axis_left,311.0,278.0,mask PCA skeleton + low contact point,generated_videos/control_points_2_car.mp4
669,0,car_racing_ego_car,1.0,288.0,278.0,312.0,320.0,654,axis_right,288.0,281.0,mask PCA skeleton + low contact point,generated_videos/control_points_2_car.mp4
669,0,car_racing_ego_car,1.0,288.0,278.0,312.0,320.0,654,contact_low,299.0,318.0,mask PCA skeleton + low contact point,generated_videos/control_points_2_car.mp4
670,0,car_racing_ego_car,1.0,288.0,278.0,312.0,320.0,651,centroid,299.4715881347656,299.9017028808594,mask PCA skeleton + low contact point,generated_videos/control_points_2_car.mp4
670,0,car_racing_ego_car,1.0,288.0,278.0,312.0,320.0,651,axis_front,309.0,319.0,mask PCA skeleton + low contact point,generated_videos/control_points_2_car.mp4
670,0,car_racing_ego_car,1.0,288.0,278.0,312.0,320.0,651,axis_back,288.0,278.0,mask PCA skeleton + low contact point,generated_videos/control_points_2_car.mp4
670,0,car_racing_ego_car,1.0,288.0,278.0,312.0,320.0,651,axis_left,311.0,278.0,mask PCA skeleton + low contact point,generated_videos/control_points_2_car.mp4
670,0,car_racing_ego_car,1.0,288.0,278.0,312.0,320.0,651,axis_right,288.0,281.0,mask PCA skeleton + low contact point,generated_videos/control_points_2_car.mp4
670,0,car_racing_ego_car,1.0,288.0,278.0,312.0,320.0,651,contact_low,299.0,318.0,mask PCA skeleton + low contact point,generated_videos/control_points_2_car.mp4
671,0,car_racing_ego_car,1.0,288.0,278.0,312.0,320.0,651,centroid,299.4715881347656,299.9017028808594,mask PCA skeleton + low contact point,generated_videos/control_points_2_car.mp4
671,0,car_racing_ego_car,1.0,288.0,278.0,312.0,320.0,651,axis_front,309.0,319.0,mask PCA skeleton + low contact point,generated_videos/control_points_2_car.mp4
671,0,car_racing_ego_car,1.0,288.0,278.0,312.0,320.0,651,axis_back,288.0,278.0,mask PCA skeleton + low contact point,generated_videos/control_points_2_car.mp4
671,0,car_racing_ego_car,1.0,288.0,278.0,312.0,320.0,651,axis_left,311.0,278.0,mask PCA skeleton + low contact point,generated_videos/control_points_2_car.mp4
671,0,car_racing_ego_car,1.0,288.0,278.0,312.0,320.0,651,axis_right,288.0,281.0,mask PCA skeleton + low contact point,generated_videos/control_points_2_car.mp4
671,0,car_racing_ego_car,1.0,288.0,278.0,312.0,320.0,651,contact_low,299.0,318.0,mask PCA skeleton + low contact point,generated_videos/control_points_2_car.mp4
672,0,car_racing_ego_car,1.0,288.0,278.0,312.0,320.0,655,centroid,299.4610595703125,299.77557373046875,mask PCA skeleton + low contact point,generated_videos/control_points_2_car.mp4
672,0,car_racing_ego_car,1.0,288.0,278.0,312.0,320.0,655,axis_front,290.0,319.0,mask PCA skeleton + low contact point,generated_videos/control_points_2_car.mp4
672,0,car_racing_ego_car,1.0,288.0,278.0,312.0,320.0,655,axis_back,311.0,278.0,mask PCA skeleton + low contact point,generated_videos/control_points_2_car.mp4
672,0,car_racing_ego_car,1.0,288.0,278.0,312.0,320.0,655,axis_left,311.0,281.0,mask PCA skeleton + low contact point,generated_videos/control_points_2_car.mp4
672,0,car_racing_ego_car,1.0,288.0,278.0,312.0,320.0,655,axis_right,288.0,278.0,mask PCA skeleton + low contact point,generated_videos/control_points_2_car.mp4
672,0,car_racing_ego_car,1.0,288.0,278.0,312.0,320.0,655,contact_low,299.0,318.0,mask PCA skeleton + low contact point,generated_videos/control_points_2_car.mp4
673,0,car_racing_ego_car,1.0,288.0,278.0,312.0,320.0,655,centroid,299.4610595703125,299.77557373046875,mask PCA skeleton + low contact point,generated_videos/control_points_2_car.mp4
673,0,car_racing_ego_car,1.0,288.0,278.0,312.0,320.0,655,axis_front,290.0,319.0,mask PCA skeleton + low contact point,generated_videos/control_points_2_car.mp4
673,0,car_racing_ego_car,1.0,288.0,278.0,312.0,320.0,655,axis_back,311.0,278.0,mask PCA skeleton + low contact point,generated_videos/control_points_2_car.mp4
673,0,car_racing_ego_car,1.0,288.0,278.0,312.0,320.0,655,axis_left,311.0,281.0,mask PCA skeleton + low contact point,generated_videos/control_points_2_car.mp4
673,0,car_racing_ego_car,1.0,288.0,278.0,312.0,320.0,655,axis_right,288.0,278.0,mask PCA skeleton + low contact point,generated_videos/control_points_2_car.mp4
673,0,car_racing_ego_car,1.0,288.0,278.0,312.0,320.0,655,contact_low,299.0,318.0,mask PCA skeleton + low contact point,generated_videos/control_points_2_car.mp4
674,0,car_racing_ego_car,1.0,288.0,278.0,312.0,320.0,651,centroid,299.51458740234375,299.9017028808594,mask PCA skeleton + low contact point,generated_videos/control_points_2_car.mp4
674,0,car_racing_ego_car,1.0,288.0,278.0,312.0,320.0,651,axis_front,309.0,319.0,mask PCA skeleton + low contact point,generated_videos/control_points_2_car.mp4
674,0,car_racing_ego_car,1.0,288.0,278.0,312.0,320.0,651,axis_back,288.0,278.0,mask PCA skeleton + low contact point,generated_videos/control_points_2_car.mp4
674,0,car_racing_ego_car,1.0,288.0,278.0,312.0,320.0,651,axis_left,311.0,278.0,mask PCA skeleton + low contact point,generated_videos/control_points_2_car.mp4
674,0,car_racing_ego_car,1.0,288.0,278.0,312.0,320.0,651,axis_right,288.0,281.0,mask PCA skeleton + low contact point,generated_videos/control_points_2_car.mp4
674,0,car_racing_ego_car,1.0,288.0,278.0,312.0,320.0,651,contact_low,299.0,318.0,mask PCA skeleton + low contact point,generated_videos/control_points_2_car.mp4
675,0,car_racing_ego_car,1.0,288.0,278.0,312.0,320.0,651,centroid,299.4239501953125,299.89093017578125,mask PCA skeleton + low contact point,generated_videos/control_points_2_car.mp4
675,0,car_racing_ego_car,1.0,288.0,278.0,312.0,320.0,651,axis_front,309.0,319.0,mask PCA skeleton + low contact point,generated_videos/control_points_2_car.mp4
675,0,car_racing_ego_car,1.0,288.0,278.0,312.0,320.0,651,axis_back,288.0,278.0,mask PCA skeleton + low contact point,generated_videos/control_points_2_car.mp4
675,0,car_racing_ego_car,1.0,288.0,278.0,312.0,320.0,651,axis_left,311.0,278.0,mask PCA skeleton + low contact point,generated_videos/control_points_2_car.mp4
675,0,car_racing_ego_car,1.0,288.0,278.0,312.0,320.0,651,axis_right,288.0,281.0,mask PCA skeleton + low contact point,generated_videos/control_points_2_car.mp4
675,0,car_racing_ego_car,1.0,288.0,278.0,312.0,320.0,651,contact_low,299.0,318.0,mask PCA skeleton + low contact point,generated_videos/control_points_2_car.mp4
676,0,car_racing_ego_car,1.0,288.0,278.0,312.0,320.0,651,centroid,299.4239501953125,299.89093017578125,mask PCA skeleton + low contact point,generated_videos/control_points_2_car.mp4
676,0,car_racing_ego_car,1.0,288.0,278.0,312.0,320.0,651,axis_front,309.0,319.0,mask PCA skeleton + low contact point,generated_videos/control_points_2_car.mp4
676,0,car_racing_ego_car,1.0,288.0,278.0,312.0,320.0,651,axis_back,288.0,278.0,mask PCA skeleton + low contact point,generated_videos/control_points_2_car.mp4
676,0,car_racing_ego_car,1.0,288.0,278.0,312.0,320.0,651,axis_left,311.0,278.0,mask PCA skeleton + low contact point,generated_videos/control_points_2_car.mp4
676,0,car_racing_ego_car,1.0,288.0,278.0,312.0,320.0,651,axis_right,288.0,281.0,mask PCA skeleton + low contact point,generated_videos/control_points_2_car.mp4
676,0,car_racing_ego_car,1.0,288.0,278.0,312.0,320.0,651,contact_low,299.0,318.0,mask PCA skeleton + low contact point,generated_videos/control_points_2_car.mp4
677,0,car_racing_ego_car,1.0,288.0,278.0,312.0,320.0,661,centroid,299.3237609863281,299.715576171875,mask PCA skeleton + low contact point,generated_videos/control_points_2_car.mp4
677,0,car_racing_ego_car,1.0,288.0,278.0,312.0,320.0,661,axis_front,309.0,319.0,mask PCA skeleton + low contact point,generated_videos/control_points_2_car.mp4
677,0,car_racing_ego_car,1.0,288.0,278.0,312.0,320.0,661,axis_back,288.0,278.0,mask PCA skeleton + low contact point,generated_videos/control_points_2_car.mp4
677,0,car_racing_ego_car,1.0,288.0,278.0,312.0,320.0,661,axis_left,311.0,278.0,mask PCA skeleton + low contact point,generated_videos/control_points_2_car.mp4
677,0,car_racing_ego_car,1.0,288.0,278.0,312.0,320.0,661,axis_right,288.0,283.0,mask PCA skeleton + low contact point,generated_videos/control_points_2_car.mp4
677,0,car_racing_ego_car,1.0,288.0,278.0,312.0,320.0,661,contact_low,299.0,318.0,mask PCA skeleton + low contact point,generated_videos/control_points_2_car.mp4
678,0,car_racing_ego_car,1.0,288.0,278.0,312.0,320.0,661,centroid,299.3237609863281,299.715576171875,mask PCA skeleton + low contact point,generated_videos/control_points_2_car.mp4
678,0,car_racing_ego_car,1.0,288.0,278.0,312.0,320.0,661,axis_front,309.0,319.0,mask PCA skeleton + low contact point,generated_videos/control_points_2_car.mp4
678,0,car_racing_ego_car,1.0,288.0,278.0,312.0,320.0,661,axis_back,288.0,278.0,mask PCA skeleton + low contact point,generated_videos/control_points_2_car.mp4
678,0,car_racing_ego_car,1.0,288.0,278.0,312.0,320.0,661,axis_left,311.0,278.0,mask PCA skeleton + low contact point,generated_videos/control_points_2_car.mp4
678,0,car_racing_ego_car,1.0,288.0,278.0,312.0,320.0,661,axis_right,288.0,283.0,mask PCA skeleton + low contact point,generated_videos/control_points_2_car.mp4
678,0,car_racing_ego_car,1.0,288.0,278.0,312.0,320.0,661,contact_low,299.0,318.0,mask PCA skeleton + low contact point,generated_videos/control_points_2_car.mp4
679,0,car_racing_ego_car,1.0,288.0,278.0,312.0,320.0,647,centroid,299.4667663574219,299.9118957519531,mask PCA skeleton + low contact point,generated_videos/control_points_2_car.mp4
679,0,car_racing_ego_car,1.0,288.0,278.0,312.0,320.0,647,axis_front,309.0,319.0,mask PCA skeleton + low contact point,generated_videos/control_points_2_car.mp4
679,0,car_racing_ego_car,1.0,288.0,278.0,312.0,320.0,647,axis_back,288.0,278.0,mask PCA skeleton + low contact point,generated_videos/control_points_2_car.mp4
679,0,car_racing_ego_car,1.0,288.0,278.0,312.0,320.0,647,axis_left,311.0,278.0,mask PCA skeleton + low contact point,generated_videos/control_points_2_car.mp4
679,0,car_racing_ego_car,1.0,288.0,278.0,312.0,320.0,647,axis_right,288.0,281.0,mask PCA skeleton + low contact point,generated_videos/control_points_2_car.mp4
679,0,car_racing_ego_car,1.0,288.0,278.0,312.0,320.0,647,contact_low,299.0,318.0,mask PCA skeleton + low contact point,generated_videos/control_points_2_car.mp4
680,0,car_racing_ego_car,1.0,288.0,278.0,312.0,320.0,647,centroid,299.4667663574219,299.9118957519531,mask PCA skeleton + low contact point,generated_videos/control_points_2_car.mp4
680,0,car_racing_ego_car,1.0,288.0,278.0,312.0,320.0,647,axis_front,309.0,319.0,mask PCA skeleton + low contact point,generated_videos/control_points_2_car.mp4
680,0,car_racing_ego_car,1.0,288.0,278.0,312.0,320.0,647,axis_back,288.0,278.0,mask PCA skeleton + low contact point,generated_videos/control_points_2_car.mp4
680,0,car_racing_ego_car,1.0,288.0,278.0,312.0,320.0,647,axis_left,311.0,278.0,mask PCA skeleton + low contact point,generated_videos/control_points_2_car.mp4
680,0,car_racing_ego_car,1.0,288.0,278.0,312.0,320.0,647,axis_right,288.0,281.0,mask PCA skeleton + low contact point,generated_videos/control_points_2_car.mp4
680,0,car_racing_ego_car,1.0,288.0,278.0,312.0,320.0,647,contact_low,299.0,318.0,mask PCA skeleton + low contact point,generated_videos/control_points_2_car.mp4
681,0,car_racing_ego_car,1.0,288.0,278.0,312.0,320.0,661,centroid,299.3237609863281,299.715576171875,mask PCA skeleton + low contact point,generated_videos/control_points_2_car.mp4
681,0,car_racing_ego_car,1.0,288.0,278.0,312.0,320.0,661,axis_front,309.0,319.0,mask PCA skeleton + low contact point,generated_videos/control_points_2_car.mp4
681,0,car_racing_ego_car,1.0,288.0,278.0,312.0,320.0,661,axis_back,288.0,278.0,mask PCA skeleton + low contact point,generated_videos/control_points_2_car.mp4
681,0,car_racing_ego_car,1.0,288.0,278.0,312.0,320.0,661,axis_left,311.0,278.0,mask PCA skeleton + low contact point,generated_videos/control_points_2_car.mp4
681,0,car_racing_ego_car,1.0,288.0,278.0,312.0,320.0,661,axis_right,288.0,283.0,mask PCA skeleton + low contact point,generated_videos/control_points_2_car.mp4
681,0,car_racing_ego_car,1.0,288.0,278.0,312.0,320.0,661,contact_low,299.0,318.0,mask PCA skeleton + low contact point,generated_videos/control_points_2_car.mp4
682,0,car_racing_ego_car,1.0,288.0,278.0,312.0,320.0,661,centroid,299.3237609863281,299.715576171875,mask PCA skeleton + low contact point,generated_videos/control_points_2_car.mp4
682,0,car_racing_ego_car,1.0,288.0,278.0,312.0,320.0,661,axis_front,309.0,319.0,mask PCA skeleton + low contact point,generated_videos/control_points_2_car.mp4
682,0,car_racing_ego_car,1.0,288.0,278.0,312.0,320.0,661,axis_back,288.0,278.0,mask PCA skeleton + low contact point,generated_videos/control_points_2_car.mp4
682,0,car_racing_ego_car,1.0,288.0,278.0,312.0,320.0,661,axis_left,311.0,278.0,mask PCA skeleton + low contact point,generated_videos/control_points_2_car.mp4
682,0,car_racing_ego_car,1.0,288.0,278.0,312.0,320.0,661,axis_right,288.0,283.0,mask PCA skeleton + low contact point,generated_videos/control_points_2_car.mp4
682,0,car_racing_ego_car,1.0,288.0,278.0,312.0,320.0,661,contact_low,299.0,318.0,mask PCA skeleton + low contact point,generated_videos/control_points_2_car.mp4
683,0,car_racing_ego_car,1.0,288.0,278.0,312.0,320.0,646,centroid,299.4798889160156,299.8901062011719,mask PCA skeleton + low contact point,generated_videos/control_points_2_car.mp4
683,0,car_racing_ego_car,1.0,288.0,278.0,312.0,320.0,646,axis_front,309.0,319.0,mask PCA skeleton + low contact point,generated_videos/control_points_2_car.mp4
683,0,car_racing_ego_car,1.0,288.0,278.0,312.0,320.0,646,axis_back,288.0,278.0,mask PCA skeleton + low contact point,generated_videos/control_points_2_car.mp4
683,0,car_racing_ego_car,1.0,288.0,278.0,312.0,320.0,646,axis_left,311.0,278.0,mask PCA skeleton + low contact point,generated_videos/control_points_2_car.mp4
683,0,car_racing_ego_car,1.0,288.0,278.0,312.0,320.0,646,axis_right,288.0,281.0,mask PCA skeleton + low contact point,generated_videos/control_points_2_car.mp4
683,0,car_racing_ego_car,1.0,288.0,278.0,312.0,320.0,646,contact_low,299.0,318.0,mask PCA skeleton + low contact point,generated_videos/control_points_2_car.mp4
684,0,car_racing_ego_car,1.0,288.0,278.0,312.0,320.0,646,centroid,299.4798889160156,299.8901062011719,mask PCA skeleton + low contact point,generated_videos/control_points_2_car.mp4
684,0,car_racing_ego_car,1.0,288.0,278.0,312.0,320.0,646,axis_front,309.0,319.0,mask PCA skeleton + low contact point,generated_videos/control_points_2_car.mp4
684,0,car_racing_ego_car,1.0,288.0,278.0,312.0,320.0,646,axis_back,288.0,278.0,mask PCA skeleton + low contact point,generated_videos/control_points_2_car.mp4
684,0,car_racing_ego_car,1.0,288.0,278.0,312.0,320.0,646,axis_left,311.0,278.0,mask PCA skeleton + low contact point,generated_videos/control_points_2_car.mp4
684,0,car_racing_ego_car,1.0,288.0,278.0,312.0,320.0,646,axis_right,288.0,281.0,mask PCA skeleton + low contact point,generated_videos/control_points_2_car.mp4
684,0,car_racing_ego_car,1.0,288.0,278.0,312.0,320.0,646,contact_low,299.0,318.0,mask PCA skeleton + low contact point,generated_videos/control_points_2_car.mp4
685,0,car_racing_ego_car,1.0,288.0,278.0,312.0,320.0,661,centroid,299.3237609863281,299.715576171875,mask PCA skeleton + low contact point,generated_videos/control_points_2_car.mp4
685,0,car_racing_ego_car,1.0,288.0,278.0,312.0,320.0,661,axis_front,309.0,319.0,mask PCA skeleton + low contact point,generated_videos/control_points_2_car.mp4
685,0,car_racing_ego_car,1.0,288.0,278.0,312.0,320.0,661,axis_back,288.0,278.0,mask PCA skeleton + low contact point,generated_videos/control_points_2_car.mp4
685,0,car_racing_ego_car,1.0,288.0,278.0,312.0,320.0,661,axis_left,311.0,278.0,mask PCA skeleton + low contact point,generated_videos/control_points_2_car.mp4
685,0,car_racing_ego_car,1.0,288.0,278.0,312.0,320.0,661,axis_right,288.0,283.0,mask PCA skeleton + low contact point,generated_videos/control_points_2_car.mp4
685,0,car_racing_ego_car,1.0,288.0,278.0,312.0,320.0,661,contact_low,299.0,318.0,mask PCA skeleton + low contact point,generated_videos/control_points_2_car.mp4
686,0,car_racing_ego_car,1.0,288.0,278.0,312.0,320.0,661,centroid,299.3237609863281,299.715576171875,mask PCA skeleton + low contact point,generated_videos/control_points_2_car.mp4
686,0,car_racing_ego_car,1.0,288.0,278.0,312.0,320.0,661,axis_front,309.0,319.0,mask PCA skeleton + low contact point,generated_videos/control_points_2_car.mp4
686,0,car_racing_ego_car,1.0,288.0,278.0,312.0,320.0,661,axis_back,288.0,278.0,mask PCA skeleton + low contact point,generated_videos/control_points_2_car.mp4
686,0,car_racing_ego_car,1.0,288.0,278.0,312.0,320.0,661,axis_left,311.0,278.0,mask PCA skeleton + low contact point,generated_videos/control_points_2_car.mp4
686,0,car_racing_ego_car,1.0,288.0,278.0,312.0,320.0,661,axis_right,288.0,283.0,mask PCA skeleton + low contact point,generated_videos/control_points_2_car.mp4
686,0,car_racing_ego_car,1.0,288.0,278.0,312.0,320.0,661,contact_low,299.0,318.0,mask PCA skeleton + low contact point,generated_videos/control_points_2_car.mp4
687,0,car_racing_ego_car,1.0,288.0,278.0,312.0,320.0,646,centroid,299.4798889160156,299.8901062011719,mask PCA skeleton + low contact point,generated_videos/control_points_2_car.mp4
687,0,car_racing_ego_car,1.0,288.0,278.0,312.0,320.0,646,axis_front,309.0,319.0,mask PCA skeleton + low contact point,generated_videos/control_points_2_car.mp4
687,0,car_racing_ego_car,1.0,288.0,278.0,312.0,320.0,646,axis_back,288.0,278.0,mask PCA skeleton + low contact point,generated_videos/control_points_2_car.mp4
687,0,car_racing_ego_car,1.0,288.0,278.0,312.0,320.0,646,axis_left,311.0,278.0,mask PCA skeleton + low contact point,generated_videos/control_points_2_car.mp4
687,0,car_racing_ego_car,1.0,288.0,278.0,312.0,320.0,646,axis_right,288.0,281.0,mask PCA skeleton + low contact point,generated_videos/control_points_2_car.mp4
687,0,car_racing_ego_car,1.0,288.0,278.0,312.0,320.0,646,contact_low,299.0,318.0,mask PCA skeleton + low contact point,generated_videos/control_points_2_car.mp4
688,0,car_racing_ego_car,1.0,288.0,278.0,312.0,320.0,646,centroid,299.4798889160156,299.8901062011719,mask PCA skeleton + low contact point,generated_videos/control_points_2_car.mp4
688,0,car_racing_ego_car,1.0,288.0,278.0,312.0,320.0,646,axis_front,309.0,319.0,mask PCA skeleton + low contact point,generated_videos/control_points_2_car.mp4
688,0,car_racing_ego_car,1.0,288.0,278.0,312.0,320.0,646,axis_back,288.0,278.0,mask PCA skeleton + low contact point,generated_videos/control_points_2_car.mp4
688,0,car_racing_ego_car,1.0,288.0,278.0,312.0,320.0,646,axis_left,311.0,278.0,mask PCA skeleton + low contact point,generated_videos/control_points_2_car.mp4
688,0,car_racing_ego_car,1.0,288.0,278.0,312.0,320.0,646,axis_right,288.0,281.0,mask PCA skeleton + low contact point,generated_videos/control_points_2_car.mp4
688,0,car_racing_ego_car,1.0,288.0,278.0,312.0,320.0,646,contact_low,299.0,318.0,mask PCA skeleton + low contact point,generated_videos/control_points_2_car.mp4
689,0,car_racing_ego_car,1.0,288.0,278.0,312.0,320.0,661,centroid,299.3237609863281,299.715576171875,mask PCA skeleton + low contact point,generated_videos/control_points_2_car.mp4
689,0,car_racing_ego_car,1.0,288.0,278.0,312.0,320.0,661,axis_front,309.0,319.0,mask PCA skeleton + low contact point,generated_videos/control_points_2_car.mp4
689,0,car_racing_ego_car,1.0,288.0,278.0,312.0,320.0,661,axis_back,288.0,278.0,mask PCA skeleton + low contact point,generated_videos/control_points_2_car.mp4
689,0,car_racing_ego_car,1.0,288.0,278.0,312.0,320.0,661,axis_left,311.0,278.0,mask PCA skeleton + low contact point,generated_videos/control_points_2_car.mp4
689,0,car_racing_ego_car,1.0,288.0,278.0,312.0,320.0,661,axis_right,288.0,283.0,mask PCA skeleton + low contact point,generated_videos/control_points_2_car.mp4
689,0,car_racing_ego_car,1.0,288.0,278.0,312.0,320.0,661,contact_low,299.0,318.0,mask PCA skeleton + low contact point,generated_videos/control_points_2_car.mp4
690,0,car_racing_ego_car,1.0,288.0,278.0,312.0,320.0,661,centroid,299.3237609863281,299.715576171875,mask PCA skeleton + low contact point,generated_videos/control_points_2_car.mp4
690,0,car_racing_ego_car,1.0,288.0,278.0,312.0,320.0,661,axis_front,309.0,319.0,mask PCA skeleton + low contact point,generated_videos/control_points_2_car.mp4
690,0,car_racing_ego_car,1.0,288.0,278.0,312.0,320.0,661,axis_back,288.0,278.0,mask PCA skeleton + low contact point,generated_videos/control_points_2_car.mp4
690,0,car_racing_ego_car,1.0,288.0,278.0,312.0,320.0,661,axis_left,311.0,278.0,mask PCA skeleton + low contact point,generated_videos/control_points_2_car.mp4
690,0,car_racing_ego_car,1.0,288.0,278.0,312.0,320.0,661,axis_right,288.0,283.0,mask PCA skeleton + low contact point,generated_videos/control_points_2_car.mp4
690,0,car_racing_ego_car,1.0,288.0,278.0,312.0,320.0,661,contact_low,299.0,318.0,mask PCA skeleton + low contact point,generated_videos/control_points_2_car.mp4
691,0,car_racing_ego_car,1.0,288.0,278.0,312.0,320.0,646,centroid,299.4798889160156,299.8901062011719,mask PCA skeleton + low contact point,generated_videos/control_points_2_car.mp4
691,0,car_racing_ego_car,1.0,288.0,278.0,312.0,320.0,646,axis_front,309.0,319.0,mask PCA skeleton + low contact point,generated_videos/control_points_2_car.mp4
691,0,car_racing_ego_car,1.0,288.0,278.0,312.0,320.0,646,axis_back,288.0,278.0,mask PCA skeleton + low contact point,generated_videos/control_points_2_car.mp4
691,0,car_racing_ego_car,1.0,288.0,278.0,312.0,320.0,646,axis_left,311.0,278.0,mask PCA skeleton + low contact point,generated_videos/control_points_2_car.mp4
691,0,car_racing_ego_car,1.0,288.0,278.0,312.0,320.0,646,axis_right,288.0,281.0,mask PCA skeleton + low contact point,generated_videos/control_points_2_car.mp4
691,0,car_racing_ego_car,1.0,288.0,278.0,312.0,320.0,646,contact_low,299.0,318.0,mask PCA skeleton + low contact point,generated_videos/control_points_2_car.mp4
692,0,car_racing_ego_car,1.0,288.0,278.0,312.0,320.0,646,centroid,299.4798889160156,299.8901062011719,mask PCA skeleton + low contact point,generated_videos/control_points_2_car.mp4
692,0,car_racing_ego_car,1.0,288.0,278.0,312.0,320.0,646,axis_front,309.0,319.0,mask PCA skeleton + low contact point,generated_videos/control_points_2_car.mp4
692,0,car_racing_ego_car,1.0,288.0,278.0,312.0,320.0,646,axis_back,288.0,278.0,mask PCA skeleton + low contact point,generated_videos/control_points_2_car.mp4
692,0,car_racing_ego_car,1.0,288.0,278.0,312.0,320.0,646,axis_left,311.0,278.0,mask PCA skeleton + low contact point,generated_videos/control_points_2_car.mp4
692,0,car_racing_ego_car,1.0,288.0,278.0,312.0,320.0,646,axis_right,288.0,281.0,mask PCA skeleton + low contact point,generated_videos/control_points_2_car.mp4
692,0,car_racing_ego_car,1.0,288.0,278.0,312.0,320.0,646,contact_low,299.0,318.0,mask PCA skeleton + low contact point,generated_videos/control_points_2_car.mp4
693,0,car_racing_ego_car,1.0,288.0,278.0,312.0,320.0,661,centroid,299.3237609863281,299.715576171875,mask PCA skeleton + low contact point,generated_videos/control_points_2_car.mp4
693,0,car_racing_ego_car,1.0,288.0,278.0,312.0,320.0,661,axis_front,309.0,319.0,mask PCA skeleton + low contact point,generated_videos/control_points_2_car.mp4
693,0,car_racing_ego_car,1.0,288.0,278.0,312.0,320.0,661,axis_back,288.0,278.0,mask PCA skeleton + low contact point,generated_videos/control_points_2_car.mp4
693,0,car_racing_ego_car,1.0,288.0,278.0,312.0,320.0,661,axis_left,311.0,278.0,mask PCA skeleton + low contact point,generated_videos/control_points_2_car.mp4
693,0,car_racing_ego_car,1.0,288.0,278.0,312.0,320.0,661,axis_right,288.0,283.0,mask PCA skeleton + low contact point,generated_videos/control_points_2_car.mp4
693,0,car_racing_ego_car,1.0,288.0,278.0,312.0,320.0,661,contact_low,299.0,318.0,mask PCA skeleton + low contact point,generated_videos/control_points_2_car.mp4
694,0,car_racing_ego_car,1.0,288.0,278.0,312.0,320.0,661,centroid,299.3237609863281,299.715576171875,mask PCA skeleton + low contact point,generated_videos/control_points_2_car.mp4
694,0,car_racing_ego_car,1.0,288.0,278.0,312.0,320.0,661,axis_front,309.0,319.0,mask PCA skeleton + low contact point,generated_videos/control_points_2_car.mp4
694,0,car_racing_ego_car,1.0,288.0,278.0,312.0,320.0,661,axis_back,288.0,278.0,mask PCA skeleton + low contact point,generated_videos/control_points_2_car.mp4
694,0,car_racing_ego_car,1.0,288.0,278.0,312.0,320.0,661,axis_left,311.0,278.0,mask PCA skeleton + low contact point,generated_videos/control_points_2_car.mp4
694,0,car_racing_ego_car,1.0,288.0,278.0,312.0,320.0,661,axis_right,288.0,283.0,mask PCA skeleton + low contact point,generated_videos/control_points_2_car.mp4
694,0,car_racing_ego_car,1.0,288.0,278.0,312.0,320.0,661,contact_low,299.0,318.0,mask PCA skeleton + low contact point,generated_videos/control_points_2_car.mp4
695,0,car_racing_ego_car,1.0,288.0,278.0,312.0,320.0,646,centroid,299.4798889160156,299.8901062011719,mask PCA skeleton + low contact point,generated_videos/control_points_2_car.mp4
695,0,car_racing_ego_car,1.0,288.0,278.0,312.0,320.0,646,axis_front,309.0,319.0,mask PCA skeleton + low contact point,generated_videos/control_points_2_car.mp4
695,0,car_racing_ego_car,1.0,288.0,278.0,312.0,320.0,646,axis_back,288.0,278.0,mask PCA skeleton + low contact point,generated_videos/control_points_2_car.mp4
695,0,car_racing_ego_car,1.0,288.0,278.0,312.0,320.0,646,axis_left,311.0,278.0,mask PCA skeleton + low contact point,generated_videos/control_points_2_car.mp4
695,0,car_racing_ego_car,1.0,288.0,278.0,312.0,320.0,646,axis_right,288.0,281.0,mask PCA skeleton + low contact point,generated_videos/control_points_2_car.mp4
695,0,car_racing_ego_car,1.0,288.0,278.0,312.0,320.0,646,contact_low,299.0,318.0,mask PCA skeleton + low contact point,generated_videos/control_points_2_car.mp4
696,0,car_racing_ego_car,1.0,288.0,278.0,312.0,320.0,646,centroid,299.4798889160156,299.8901062011719,mask PCA skeleton + low contact point,generated_videos/control_points_2_car.mp4
696,0,car_racing_ego_car,1.0,288.0,278.0,312.0,320.0,646,axis_front,309.0,319.0,mask PCA skeleton + low contact point,generated_videos/control_points_2_car.mp4
696,0,car_racing_ego_car,1.0,288.0,278.0,312.0,320.0,646,axis_back,288.0,278.0,mask PCA skeleton + low contact point,generated_videos/control_points_2_car.mp4
696,0,car_racing_ego_car,1.0,288.0,278.0,312.0,320.0,646,axis_left,311.0,278.0,mask PCA skeleton + low contact point,generated_videos/control_points_2_car.mp4
696,0,car_racing_ego_car,1.0,288.0,278.0,312.0,320.0,646,axis_right,288.0,281.0,mask PCA skeleton + low contact point,generated_videos/control_points_2_car.mp4
696,0,car_racing_ego_car,1.0,288.0,278.0,312.0,320.0,646,contact_low,299.0,318.0,mask PCA skeleton + low contact point,generated_videos/control_points_2_car.mp4
697,0,car_racing_ego_car,1.0,288.0,278.0,312.0,320.0,663,centroid,299.3439025878906,299.66363525390625,mask PCA skeleton + low contact point,generated_videos/control_points_2_car.mp4
697,0,car_racing_ego_car,1.0,288.0,278.0,312.0,320.0,663,axis_front,309.0,319.0,mask PCA skeleton + low contact point,generated_videos/control_points_2_car.mp4
697,0,car_racing_ego_car,1.0,288.0,278.0,312.0,320.0,663,axis_back,288.0,278.0,mask PCA skeleton + low contact point,generated_videos/control_points_2_car.mp4
697,0,car_racing_ego_car,1.0,288.0,278.0,312.0,320.0,663,axis_left,311.0,278.0,mask PCA skeleton + low contact point,generated_videos/control_points_2_car.mp4
697,0,car_racing_ego_car,1.0,288.0,278.0,312.0,320.0,663,axis_right,288.0,283.0,mask PCA skeleton + low contact point,generated_videos/control_points_2_car.mp4
697,0,car_racing_ego_car,1.0,288.0,278.0,312.0,320.0,663,contact_low,299.0,318.0,mask PCA skeleton + low contact point,generated_videos/control_points_2_car.mp4
698,0,car_racing_ego_car,1.0,288.0,278.0,312.0,320.0,663,centroid,299.3439025878906,299.66363525390625,mask PCA skeleton + low contact point,generated_videos/control_points_2_car.mp4
698,0,car_racing_ego_car,1.0,288.0,278.0,312.0,320.0,663,axis_front,309.0,319.0,mask PCA skeleton + low contact point,generated_videos/control_points_2_car.mp4
698,0,car_racing_ego_car,1.0,288.0,278.0,312.0,320.0,663,axis_back,288.0,278.0,mask PCA skeleton + low contact point,generated_videos/control_points_2_car.mp4
698,0,car_racing_ego_car,1.0,288.0,278.0,312.0,320.0,663,axis_left,311.0,278.0,mask PCA skeleton + low contact point,generated_videos/control_points_2_car.mp4
698,0,car_racing_ego_car,1.0,288.0,278.0,312.0,320.0,663,axis_right,288.0,283.0,mask PCA skeleton + low contact point,generated_videos/control_points_2_car.mp4
698,0,car_racing_ego_car,1.0,288.0,278.0,312.0,320.0,663,contact_low,299.0,318.0,mask PCA skeleton + low contact point,generated_videos/control_points_2_car.mp4
699,0,car_racing_ego_car,1.0,288.0,278.0,312.0,320.0,650,centroid,299.4753723144531,299.7815246582031,mask PCA skeleton + low contact point,generated_videos/control_points_2_car.mp4
699,0,car_racing_ego_car,1.0,288.0,278.0,312.0,320.0,650,axis_front,309.0,319.0,mask PCA skeleton + low contact point,generated_videos/control_points_2_car.mp4
699,0,car_racing_ego_car,1.0,288.0,278.0,312.0,320.0,650,axis_back,288.0,278.0,mask PCA skeleton + low contact point,generated_videos/control_points_2_car.mp4
699,0,car_racing_ego_car,1.0,288.0,278.0,312.0,320.0,650,axis_left,311.0,278.0,mask PCA skeleton + low contact point,generated_videos/control_points_2_car.mp4
699,0,car_racing_ego_car,1.0,288.0,278.0,312.0,320.0,650,axis_right,288.0,281.0,mask PCA skeleton + low contact point,generated_videos/control_points_2_car.mp4
699,0,car_racing_ego_car,1.0,288.0,278.0,312.0,320.0,650,contact_low,299.0,318.0,mask PCA skeleton + low contact point,generated_videos/control_points_2_car.mp4
700,0,car_racing_ego_car,1.0,288.0,278.0,312.0,320.0,661,centroid,299.5718688964844,299.68231201171875,mask PCA skeleton + low contact point,generated_videos/control_points_2_car.mp4
700,0,car_racing_ego_car,1.0,288.0,278.0,312.0,320.0,661,axis_front,290.0,319.0,mask PCA skeleton + low contact point,generated_videos/control_points_2_car.mp4
700,0,car_racing_ego_car,1.0,288.0,278.0,312.0,320.0,661,axis_back,311.0,278.0,mask PCA skeleton + low contact point,generated_videos/control_points_2_car.mp4
700,0,car_racing_ego_car,1.0,288.0,278.0,312.0,320.0,661,axis_left,311.0,282.0,mask PCA skeleton + low contact point,generated_videos/control_points_2_car.mp4
700,0,car_racing_ego_car,1.0,288.0,278.0,312.0,320.0,661,axis_right,288.0,278.0,mask PCA skeleton + low contact point,generated_videos/control_points_2_car.mp4
700,0,car_racing_ego_car,1.0,288.0,278.0,312.0,320.0,661,contact_low,299.0,318.0,mask PCA skeleton + low contact point,generated_videos/control_points_2_car.mp4
701,0,car_racing_ego_car,1.0,288.0,278.0,312.0,320.0,661,centroid,299.5718688964844,299.68231201171875,mask PCA skeleton + low contact point,generated_videos/control_points_2_car.mp4
701,0,car_racing_ego_car,1.0,288.0,278.0,312.0,320.0,661,axis_front,290.0,319.0,mask PCA skeleton + low contact point,generated_videos/control_points_2_car.mp4
701,0,car_racing_ego_car,1.0,288.0,278.0,312.0,320.0,661,axis_back,311.0,278.0,mask PCA skeleton + low contact point,generated_videos/control_points_2_car.mp4
701,0,car_racing_ego_car,1.0,288.0,278.0,312.0,320.0,661,axis_left,311.0,282.0,mask PCA skeleton + low contact point,generated_videos/control_points_2_car.mp4
701,0,car_racing_ego_car,1.0,288.0,278.0,312.0,320.0,661,axis_right,288.0,278.0,mask PCA skeleton + low contact point,generated_videos/control_points_2_car.mp4
701,0,car_racing_ego_car,1.0,288.0,278.0,312.0,320.0,661,contact_low,299.0,318.0,mask PCA skeleton + low contact point,generated_videos/control_points_2_car.mp4
702,0,car_racing_ego_car,1.0,288.0,278.0,312.0,320.0,651,centroid,299.51458740234375,299.9017028808594,mask PCA skeleton + low contact point,generated_videos/control_points_2_car.mp4
702,0,car_racing_ego_car,1.0,288.0,278.0,312.0,320.0,651,axis_front,309.0,319.0,mask PCA skeleton + low contact point,generated_videos/control_points_2_car.mp4
702,0,car_racing_ego_car,1.0,288.0,278.0,312.0,320.0,651,axis_back,288.0,278.0,mask PCA skeleton + low contact point,generated_videos/control_points_2_car.mp4
702,0,car_racing_ego_car,1.0,288.0,278.0,312.0,320.0,651,axis_left,311.0,278.0,mask PCA skeleton + low contact point,generated_videos/control_points_2_car.mp4
702,0,car_racing_ego_car,1.0,288.0,278.0,312.0,320.0,651,axis_right,288.0,281.0,mask PCA skeleton + low contact point,generated_videos/control_points_2_car.mp4
702,0,car_racing_ego_car,1.0,288.0,278.0,312.0,320.0,651,contact_low,299.0,318.0,mask PCA skeleton + low contact point,generated_videos/control_points_2_car.mp4
703,0,car_racing_ego_car,1.0,288.0,278.0,312.0,320.0,651,centroid,299.51458740234375,299.9017028808594,mask PCA skeleton + low contact point,generated_videos/control_points_2_car.mp4
703,0,car_racing_ego_car,1.0,288.0,278.0,312.0,320.0,651,axis_front,309.0,319.0,mask PCA skeleton + low contact point,generated_videos/control_points_2_car.mp4
703,0,car_racing_ego_car,1.0,288.0,278.0,312.0,320.0,651,axis_back,288.0,278.0,mask PCA skeleton + low contact point,generated_videos/control_points_2_car.mp4
703,0,car_racing_ego_car,1.0,288.0,278.0,312.0,320.0,651,axis_left,311.0,278.0,mask PCA skeleton + low contact point,generated_videos/control_points_2_car.mp4
703,0,car_racing_ego_car,1.0,288.0,278.0,312.0,320.0,651,axis_right,288.0,281.0,mask PCA skeleton + low contact point,generated_videos/control_points_2_car.mp4
703,0,car_racing_ego_car,1.0,288.0,278.0,312.0,320.0,651,contact_low,299.0,318.0,mask PCA skeleton + low contact point,generated_videos/control_points_2_car.mp4
704,0,car_racing_ego_car,1.0,288.0,278.0,312.0,320.0,667,centroid,299.6416931152344,299.68365478515625,mask PCA skeleton + low contact point,generated_videos/control_points_2_car.mp4
704,0,car_racing_ego_car,1.0,288.0,278.0,312.0,320.0,667,axis_front,290.0,319.0,mask PCA skeleton + low contact point,generated_videos/control_points_2_car.mp4
704,0,car_racing_ego_car,1.0,288.0,278.0,312.0,320.0,667,axis_back,311.0,278.0,mask PCA skeleton + low contact point,generated_videos/control_points_2_car.mp4
704,0,car_racing_ego_car,1.0,288.0,278.0,312.0,320.0,667,axis_left,311.0,281.0,mask PCA skeleton + low contact point,generated_videos/control_points_2_car.mp4
704,0,car_racing_ego_car,1.0,288.0,278.0,312.0,320.0,667,axis_right,288.0,278.0,mask PCA skeleton + low contact point,generated_videos/control_points_2_car.mp4
704,0,car_racing_ego_car,1.0,288.0,278.0,312.0,320.0,667,contact_low,299.0,318.0,mask PCA skeleton + low contact point,generated_videos/control_points_2_car.mp4
705,0,car_racing_ego_car,1.0,288.0,278.0,312.0,320.0,667,centroid,299.6416931152344,299.68365478515625,mask PCA skeleton + low contact point,generated_videos/control_points_2_car.mp4
705,0,car_racing_ego_car,1.0,288.0,278.0,312.0,320.0,667,axis_front,290.0,319.0,mask PCA skeleton + low contact point,generated_videos/control_points_2_car.mp4
705,0,car_racing_ego_car,1.0,288.0,278.0,312.0,320.0,667,axis_back,311.0,278.0,mask PCA skeleton + low contact point,generated_videos/control_points_2_car.mp4
705,0,car_racing_ego_car,1.0,288.0,278.0,312.0,320.0,667,axis_left,311.0,281.0,mask PCA skeleton + low contact point,generated_videos/control_points_2_car.mp4
705,0,car_racing_ego_car,1.0,288.0,278.0,312.0,320.0,667,axis_right,288.0,278.0,mask PCA skeleton + low contact point,generated_videos/control_points_2_car.mp4
705,0,car_racing_ego_car,1.0,288.0,278.0,312.0,320.0,667,contact_low,299.0,318.0,mask PCA skeleton + low contact point,generated_videos/control_points_2_car.mp4
706,0,car_racing_ego_car,1.0,288.0,278.0,312.0,320.0,651,centroid,299.51458740234375,299.9017028808594,mask PCA skeleton + low contact point,generated_videos/control_points_2_car.mp4
706,0,car_racing_ego_car,1.0,288.0,278.0,312.0,320.0,651,axis_front,309.0,319.0,mask PCA skeleton + low contact point,generated_videos/control_points_2_car.mp4
706,0,car_racing_ego_car,1.0,288.0,278.0,312.0,320.0,651,axis_back,288.0,278.0,mask PCA skeleton + low contact point,generated_videos/control_points_2_car.mp4
706,0,car_racing_ego_car,1.0,288.0,278.0,312.0,320.0,651,axis_left,311.0,278.0,mask PCA skeleton + low contact point,generated_videos/control_points_2_car.mp4
706,0,car_racing_ego_car,1.0,288.0,278.0,312.0,320.0,651,axis_right,288.0,281.0,mask PCA skeleton + low contact point,generated_videos/control_points_2_car.mp4
706,0,car_racing_ego_car,1.0,288.0,278.0,312.0,320.0,651,contact_low,299.0,318.0,mask PCA skeleton + low contact point,generated_videos/control_points_2_car.mp4
707,0,car_racing_ego_car,1.0,288.0,278.0,312.0,320.0,651,centroid,299.51458740234375,299.9017028808594,mask PCA skeleton + low contact point,generated_videos/control_points_2_car.mp4
707,0,car_racing_ego_car,1.0,288.0,278.0,312.0,320.0,651,axis_front,309.0,319.0,mask PCA skeleton + low contact point,generated_videos/control_points_2_car.mp4
707,0,car_racing_ego_car,1.0,288.0,278.0,312.0,320.0,651,axis_back,288.0,278.0,mask PCA skeleton + low contact point,generated_videos/control_points_2_car.mp4
707,0,car_racing_ego_car,1.0,288.0,278.0,312.0,320.0,651,axis_left,311.0,278.0,mask PCA skeleton + low contact point,generated_videos/control_points_2_car.mp4
707,0,car_racing_ego_car,1.0,288.0,278.0,312.0,320.0,651,axis_right,288.0,281.0,mask PCA skeleton + low contact point,generated_videos/control_points_2_car.mp4
707,0,car_racing_ego_car,1.0,288.0,278.0,312.0,320.0,651,contact_low,299.0,318.0,mask PCA skeleton + low contact point,generated_videos/control_points_2_car.mp4
708,0,car_racing_ego_car,1.0,288.0,278.0,312.0,320.0,653,centroid,299.5375061035156,299.848388671875,mask PCA skeleton + low contact point,generated_videos/control_points_2_car.mp4
708,0,car_racing_ego_car,1.0,288.0,278.0,312.0,320.0,653,axis_front,290.0,319.0,mask PCA skeleton + low contact point,generated_videos/control_points_2_car.mp4
708,0,car_racing_ego_car,1.0,288.0,278.0,312.0,320.0,653,axis_back,311.0,278.0,mask PCA skeleton + low contact point,generated_videos/control_points_2_car.mp4
708,0,car_racing_ego_car,1.0,288.0,278.0,312.0,320.0,653,axis_left,311.0,281.0,mask PCA skeleton + low contact point,generated_videos/control_points_2_car.mp4
708,0,car_racing_ego_car,1.0,288.0,278.0,312.0,320.0,653,axis_right,288.0,278.0,mask PCA skeleton + low contact point,generated_videos/control_points_2_car.mp4
708,0,car_racing_ego_car,1.0,288.0,278.0,312.0,320.0,653,contact_low,299.0,318.0,mask PCA skeleton + low contact point,generated_videos/control_points_2_car.mp4
709,0,car_racing_ego_car,1.0,288.0,278.0,312.0,320.0,653,centroid,299.5375061035156,299.848388671875,mask PCA skeleton + low contact point,generated_videos/control_points_2_car.mp4
709,0,car_racing_ego_car,1.0,288.0,278.0,312.0,320.0,653,axis_front,290.0,319.0,mask PCA skeleton + low contact point,generated_videos/control_points_2_car.mp4
709,0,car_racing_ego_car,1.0,288.0,278.0,312.0,320.0,653,axis_back,311.0,278.0,mask PCA skeleton + low contact point,generated_videos/control_points_2_car.mp4
709,0,car_racing_ego_car,1.0,288.0,278.0,312.0,320.0,653,axis_left,311.0,281.0,mask PCA skeleton + low contact point,generated_videos/control_points_2_car.mp4
709,0,car_racing_ego_car,1.0,288.0,278.0,312.0,320.0,653,axis_right,288.0,278.0,mask PCA skeleton + low contact point,generated_videos/control_points_2_car.mp4
709,0,car_racing_ego_car,1.0,288.0,278.0,312.0,320.0,653,contact_low,299.0,318.0,mask PCA skeleton + low contact point,generated_videos/control_points_2_car.mp4
710,0,car_racing_ego_car,1.0,288.0,278.0,312.0,320.0,663,centroid,299.6048278808594,299.7677307128906,mask PCA skeleton + low contact point,generated_videos/control_points_2_car.mp4
710,0,car_racing_ego_car,1.0,288.0,278.0,312.0,320.0,663,axis_front,290.0,319.0,mask PCA skeleton + low contact point,generated_videos/control_points_2_car.mp4
710,0,car_racing_ego_car,1.0,288.0,278.0,312.0,320.0,663,axis_back,311.0,278.0,mask PCA skeleton + low contact point,generated_videos/control_points_2_car.mp4
710,0,car_racing_ego_car,1.0,288.0,278.0,312.0,320.0,663,axis_left,311.0,281.0,mask PCA skeleton + low contact point,generated_videos/control_points_2_car.mp4
710,0,car_racing_ego_car,1.0,288.0,278.0,312.0,320.0,663,axis_right,288.0,278.0,mask PCA skeleton + low contact point,generated_videos/control_points_2_car.mp4
710,0,car_racing_ego_car,1.0,288.0,278.0,312.0,320.0,663,contact_low,299.0,318.0,mask PCA skeleton + low contact point,generated_videos/control_points_2_car.mp4
711,0,car_racing_ego_car,1.0,288.0,278.0,312.0,320.0,663,centroid,299.6048278808594,299.7677307128906,mask PCA skeleton + low contact point,generated_videos/control_points_2_car.mp4
711,0,car_racing_ego_car,1.0,288.0,278.0,312.0,320.0,663,axis_front,290.0,319.0,mask PCA skeleton + low contact point,generated_videos/control_points_2_car.mp4
711,0,car_racing_ego_car,1.0,288.0,278.0,312.0,320.0,663,axis_back,311.0,278.0,mask PCA skeleton + low contact point,generated_videos/control_points_2_car.mp4
711,0,car_racing_ego_car,1.0,288.0,278.0,312.0,320.0,663,axis_left,311.0,281.0,mask PCA skeleton + low contact point,generated_videos/control_points_2_car.mp4
711,0,car_racing_ego_car,1.0,288.0,278.0,312.0,320.0,663,axis_right,288.0,278.0,mask PCA skeleton + low contact point,generated_videos/control_points_2_car.mp4
711,0,car_racing_ego_car,1.0,288.0,278.0,312.0,320.0,663,contact_low,299.0,318.0,mask PCA skeleton + low contact point,generated_videos/control_points_2_car.mp4
712,0,car_racing_ego_car,1.0,288.0,278.0,312.0,320.0,653,centroid,299.5375061035156,299.848388671875,mask PCA skeleton + low contact point,generated_videos/control_points_2_car.mp4
712,0,car_racing_ego_car,1.0,288.0,278.0,312.0,320.0,653,axis_front,290.0,319.0,mask PCA skeleton + low contact point,generated_videos/control_points_2_car.mp4
712,0,car_racing_ego_car,1.0,288.0,278.0,312.0,320.0,653,axis_back,311.0,278.0,mask PCA skeleton + low contact point,generated_videos/control_points_2_car.mp4
712,0,car_racing_ego_car,1.0,288.0,278.0,312.0,320.0,653,axis_left,311.0,281.0,mask PCA skeleton + low contact point,generated_videos/control_points_2_car.mp4
712,0,car_racing_ego_car,1.0,288.0,278.0,312.0,320.0,653,axis_right,288.0,278.0,mask PCA skeleton + low contact point,generated_videos/control_points_2_car.mp4
712,0,car_racing_ego_car,1.0,288.0,278.0,312.0,320.0,653,contact_low,299.0,318.0,mask PCA skeleton + low contact point,generated_videos/control_points_2_car.mp4
713,0,car_racing_ego_car,1.0,288.0,278.0,312.0,320.0,653,centroid,299.5375061035156,299.848388671875,mask PCA skeleton + low contact point,generated_videos/control_points_2_car.mp4
713,0,car_racing_ego_car,1.0,288.0,278.0,312.0,320.0,653,axis_front,290.0,319.0,mask PCA skeleton + low contact point,generated_videos/control_points_2_car.mp4
713,0,car_racing_ego_car,1.0,288.0,278.0,312.0,320.0,653,axis_back,311.0,278.0,mask PCA skeleton + low contact point,generated_videos/control_points_2_car.mp4
713,0,car_racing_ego_car,1.0,288.0,278.0,312.0,320.0,653,axis_left,311.0,281.0,mask PCA skeleton + low contact point,generated_videos/control_points_2_car.mp4
713,0,car_racing_ego_car,1.0,288.0,278.0,312.0,320.0,653,axis_right,288.0,278.0,mask PCA skeleton + low contact point,generated_videos/control_points_2_car.mp4
713,0,car_racing_ego_car,1.0,288.0,278.0,312.0,320.0,653,contact_low,299.0,318.0,mask PCA skeleton + low contact point,generated_videos/control_points_2_car.mp4
714,0,car_racing_ego_car,1.0,288.0,278.0,312.0,320.0,663,centroid,299.6048278808594,299.7677307128906,mask PCA skeleton + low contact point,generated_videos/control_points_2_car.mp4
714,0,car_racing_ego_car,1.0,288.0,278.0,312.0,320.0,663,axis_front,290.0,319.0,mask PCA skeleton + low contact point,generated_videos/control_points_2_car.mp4
714,0,car_racing_ego_car,1.0,288.0,278.0,312.0,320.0,663,axis_back,311.0,278.0,mask PCA skeleton + low contact point,generated_videos/control_points_2_car.mp4
714,0,car_racing_ego_car,1.0,288.0,278.0,312.0,320.0,663,axis_left,311.0,281.0,mask PCA skeleton + low contact point,generated_videos/control_points_2_car.mp4
714,0,car_racing_ego_car,1.0,288.0,278.0,312.0,320.0,663,axis_right,288.0,278.0,mask PCA skeleton + low contact point,generated_videos/control_points_2_car.mp4
714,0,car_racing_ego_car,1.0,288.0,278.0,312.0,320.0,663,contact_low,299.0,318.0,mask PCA skeleton + low contact point,generated_videos/control_points_2_car.mp4
715,0,car_racing_ego_car,1.0,288.0,278.0,312.0,320.0,663,centroid,299.6048278808594,299.7677307128906,mask PCA skeleton + low contact point,generated_videos/control_points_2_car.mp4
715,0,car_racing_ego_car,1.0,288.0,278.0,312.0,320.0,663,axis_front,290.0,319.0,mask PCA skeleton + low contact point,generated_videos/control_points_2_car.mp4
715,0,car_racing_ego_car,1.0,288.0,278.0,312.0,320.0,663,axis_back,311.0,278.0,mask PCA skeleton + low contact point,generated_videos/control_points_2_car.mp4
715,0,car_racing_ego_car,1.0,288.0,278.0,312.0,320.0,663,axis_left,311.0,281.0,mask PCA skeleton + low contact point,generated_videos/control_points_2_car.mp4
715,0,car_racing_ego_car,1.0,288.0,278.0,312.0,320.0,663,axis_right,288.0,278.0,mask PCA skeleton + low contact point,generated_videos/control_points_2_car.mp4
715,0,car_racing_ego_car,1.0,288.0,278.0,312.0,320.0,663,contact_low,299.0,318.0,mask PCA skeleton + low contact point,generated_videos/control_points_2_car.mp4
716,0,car_racing_ego_car,1.0,288.0,278.0,312.0,320.0,653,centroid,299.5375061035156,299.848388671875,mask PCA skeleton + low contact point,generated_videos/control_points_2_car.mp4
716,0,car_racing_ego_car,1.0,288.0,278.0,312.0,320.0,653,axis_front,290.0,319.0,mask PCA skeleton + low contact point,generated_videos/control_points_2_car.mp4
716,0,car_racing_ego_car,1.0,288.0,278.0,312.0,320.0,653,axis_back,311.0,278.0,mask PCA skeleton + low contact point,generated_videos/control_points_2_car.mp4
716,0,car_racing_ego_car,1.0,288.0,278.0,312.0,320.0,653,axis_left,311.0,281.0,mask PCA skeleton + low contact point,generated_videos/control_points_2_car.mp4
716,0,car_racing_ego_car,1.0,288.0,278.0,312.0,320.0,653,axis_right,288.0,278.0,mask PCA skeleton + low contact point,generated_videos/control_points_2_car.mp4
716,0,car_racing_ego_car,1.0,288.0,278.0,312.0,320.0,653,contact_low,299.0,318.0,mask PCA skeleton + low contact point,generated_videos/control_points_2_car.mp4
717,0,car_racing_ego_car,1.0,288.0,278.0,312.0,320.0,653,centroid,299.5375061035156,299.848388671875,mask PCA skeleton + low contact point,generated_videos/control_points_2_car.mp4
717,0,car_racing_ego_car,1.0,288.0,278.0,312.0,320.0,653,axis_front,290.0,319.0,mask PCA skeleton + low contact point,generated_videos/control_points_2_car.mp4
717,0,car_racing_ego_car,1.0,288.0,278.0,312.0,320.0,653,axis_back,311.0,278.0,mask PCA skeleton + low contact point,generated_videos/control_points_2_car.mp4
717,0,car_racing_ego_car,1.0,288.0,278.0,312.0,320.0,653,axis_left,311.0,281.0,mask PCA skeleton + low contact point,generated_videos/control_points_2_car.mp4
717,0,car_racing_ego_car,1.0,288.0,278.0,312.0,320.0,653,axis_right,288.0,278.0,mask PCA skeleton + low contact point,generated_videos/control_points_2_car.mp4
717,0,car_racing_ego_car,1.0,288.0,278.0,312.0,320.0,653,contact_low,299.0,318.0,mask PCA skeleton + low contact point,generated_videos/control_points_2_car.mp4
718,0,car_racing_ego_car,1.0,288.0,278.0,312.0,320.0,651,centroid,299.51458740234375,299.9017028808594,mask PCA skeleton + low contact point,generated_videos/control_points_2_car.mp4
718,0,car_racing_ego_car,1.0,288.0,278.0,312.0,320.0,651,axis_front,309.0,319.0,mask PCA skeleton + low contact point,generated_videos/control_points_2_car.mp4
718,0,car_racing_ego_car,1.0,288.0,278.0,312.0,320.0,651,axis_back,288.0,278.0,mask PCA skeleton + low contact point,generated_videos/control_points_2_car.mp4
718,0,car_racing_ego_car,1.0,288.0,278.0,312.0,320.0,651,axis_left,311.0,278.0,mask PCA skeleton + low contact point,generated_videos/control_points_2_car.mp4
718,0,car_racing_ego_car,1.0,288.0,278.0,312.0,320.0,651,axis_right,288.0,281.0,mask PCA skeleton + low contact point,generated_videos/control_points_2_car.mp4
718,0,car_racing_ego_car,1.0,288.0,278.0,312.0,320.0,651,contact_low,299.0,318.0,mask PCA skeleton + low contact point,generated_videos/control_points_2_car.mp4
719,0,car_racing_ego_car,1.0,288.0,278.0,312.0,320.0,651,centroid,299.51458740234375,299.9017028808594,mask PCA skeleton + low contact point,generated_videos/control_points_2_car.mp4
719,0,car_racing_ego_car,1.0,288.0,278.0,312.0,320.0,651,axis_front,309.0,319.0,mask PCA skeleton + low contact point,generated_videos/control_points_2_car.mp4
719,0,car_racing_ego_car,1.0,288.0,278.0,312.0,320.0,651,axis_back,288.0,278.0,mask PCA skeleton + low contact point,generated_videos/control_points_2_car.mp4
719,0,car_racing_ego_car,1.0,288.0,278.0,312.0,320.0,651,axis_left,311.0,278.0,mask PCA skeleton + low contact point,generated_videos/control_points_2_car.mp4
719,0,car_racing_ego_car,1.0,288.0,278.0,312.0,320.0,651,axis_right,288.0,281.0,mask PCA skeleton + low contact point,generated_videos/control_points_2_car.mp4
719,0,car_racing_ego_car,1.0,288.0,278.0,312.0,320.0,651,contact_low,299.0,318.0,mask PCA skeleton + low contact point,generated_videos/control_points_2_car.mp4
720,0,car_racing_ego_car,1.0,288.0,278.0,314.0,320.0,660,centroid,299.61212158203125,299.6499938964844,mask PCA skeleton + low contact point,generated_videos/control_points_2_car.mp4
720,0,car_racing_ego_car,1.0,288.0,278.0,314.0,320.0,660,axis_front,290.0,319.0,mask PCA skeleton + low contact point,generated_videos/control_points_2_car.mp4
720,0,car_racing_ego_car,1.0,288.0,278.0,314.0,320.0,660,axis_back,311.0,278.0,mask PCA skeleton + low contact point,generated_videos/control_points_2_car.mp4
720,0,car_racing_ego_car,1.0,288.0,278.0,314.0,320.0,660,axis_left,313.0,282.0,mask PCA skeleton + low contact point,generated_videos/control_points_2_car.mp4
720,0,car_racing_ego_car,1.0,288.0,278.0,314.0,320.0,660,axis_right,288.0,278.0,mask PCA skeleton + low contact point,generated_videos/control_points_2_car.mp4
720,0,car_racing_ego_car,1.0,288.0,278.0,314.0,320.0,660,contact_low,299.0,318.0,mask PCA skeleton + low contact point,generated_videos/control_points_2_car.mp4
721,0,car_racing_ego_car,1.0,288.0,278.0,314.0,320.0,660,centroid,299.61212158203125,299.6499938964844,mask PCA skeleton + low contact point,generated_videos/control_points_2_car.mp4
721,0,car_racing_ego_car,1.0,288.0,278.0,314.0,320.0,660,axis_front,290.0,319.0,mask PCA skeleton + low contact point,generated_videos/control_points_2_car.mp4
721,0,car_racing_ego_car,1.0,288.0,278.0,314.0,320.0,660,axis_back,311.0,278.0,mask PCA skeleton + low contact point,generated_videos/control_points_2_car.mp4
721,0,car_racing_ego_car,1.0,288.0,278.0,314.0,320.0,660,axis_left,313.0,282.0,mask PCA skeleton + low contact point,generated_videos/control_points_2_car.mp4
721,0,car_racing_ego_car,1.0,288.0,278.0,314.0,320.0,660,axis_right,288.0,278.0,mask PCA skeleton + low contact point,generated_videos/control_points_2_car.mp4
721,0,car_racing_ego_car,1.0,288.0,278.0,314.0,320.0,660,contact_low,299.0,318.0,mask PCA skeleton + low contact point,generated_videos/control_points_2_car.mp4
722,0,car_racing_ego_car,1.0,288.0,278.0,312.0,320.0,653,centroid,299.49005126953125,299.84686279296875,mask PCA skeleton + low contact point,generated_videos/control_points_2_car.mp4
722,0,car_racing_ego_car,1.0,288.0,278.0,312.0,320.0,653,axis_front,309.0,319.0,mask PCA skeleton + low contact point,generated_videos/control_points_2_car.mp4
722,0,car_racing_ego_car,1.0,288.0,278.0,312.0,320.0,653,axis_back,288.0,278.0,mask PCA skeleton + low contact point,generated_videos/control_points_2_car.mp4
722,0,car_racing_ego_car,1.0,288.0,278.0,312.0,320.0,653,axis_left,311.0,278.0,mask PCA skeleton + low contact point,generated_videos/control_points_2_car.mp4
722,0,car_racing_ego_car,1.0,288.0,278.0,312.0,320.0,653,axis_right,288.0,281.0,mask PCA skeleton + low contact point,generated_videos/control_points_2_car.mp4
722,0,car_racing_ego_car,1.0,288.0,278.0,312.0,320.0,653,contact_low,299.0,318.0,mask PCA skeleton + low contact point,generated_videos/control_points_2_car.mp4
723,0,car_racing_ego_car,1.0,288.0,278.0,312.0,320.0,653,centroid,299.49005126953125,299.84686279296875,mask PCA skeleton + low contact point,generated_videos/control_points_2_car.mp4
723,0,car_racing_ego_car,1.0,288.0,278.0,312.0,320.0,653,axis_front,309.0,319.0,mask PCA skeleton + low contact point,generated_videos/control_points_2_car.mp4
723,0,car_racing_ego_car,1.0,288.0,278.0,312.0,320.0,653,axis_back,288.0,278.0,mask PCA skeleton + low contact point,generated_videos/control_points_2_car.mp4
723,0,car_racing_ego_car,1.0,288.0,278.0,312.0,320.0,653,axis_left,311.0,278.0,mask PCA skeleton + low contact point,generated_videos/control_points_2_car.mp4
723,0,car_racing_ego_car,1.0,288.0,278.0,312.0,320.0,653,axis_right,288.0,281.0,mask PCA skeleton + low contact point,generated_videos/control_points_2_car.mp4
723,0,car_racing_ego_car,1.0,288.0,278.0,312.0,320.0,653,contact_low,299.0,318.0,mask PCA skeleton + low contact point,generated_videos/control_points_2_car.mp4
724,0,car_racing_ego_car,1.0,288.0,278.0,312.0,320.0,654,centroid,299.52294921875,299.819580078125,mask PCA skeleton + low contact point,generated_videos/control_points_2_car.mp4
724,0,car_racing_ego_car,1.0,288.0,278.0,312.0,320.0,654,axis_front,309.0,319.0,mask PCA skeleton + low contact point,generated_videos/control_points_2_car.mp4
724,0,car_racing_ego_car,1.0,288.0,278.0,312.0,320.0,654,axis_back,288.0,278.0,mask PCA skeleton + low contact point,generated_videos/control_points_2_car.mp4
724,0,car_racing_ego_car,1.0,288.0,278.0,312.0,320.0,654,axis_left,311.0,278.0,mask PCA skeleton + low contact point,generated_videos/control_points_2_car.mp4
724,0,car_racing_ego_car,1.0,288.0,278.0,312.0,320.0,654,axis_right,288.0,281.0,mask PCA skeleton + low contact point,generated_videos/control_points_2_car.mp4
724,0,car_racing_ego_car,1.0,288.0,278.0,312.0,320.0,654,contact_low,299.0,318.0,mask PCA skeleton + low contact point,generated_videos/control_points_2_car.mp4
725,0,car_racing_ego_car,1.0,288.0,278.0,312.0,320.0,645,centroid,299.46356201171875,300.0635681152344,mask PCA skeleton + low contact point,generated_videos/control_points_2_car.mp4
725,0,car_racing_ego_car,1.0,288.0,278.0,312.0,320.0,645,axis_front,309.0,319.0,mask PCA skeleton + low contact point,generated_videos/control_points_2_car.mp4
725,0,car_racing_ego_car,1.0,288.0,278.0,312.0,320.0,645,axis_back,288.0,278.0,mask PCA skeleton + low contact point,generated_videos/control_points_2_car.mp4
725,0,car_racing_ego_car,1.0,288.0,278.0,312.0,320.0,645,axis_left,311.0,278.0,mask PCA skeleton + low contact point,generated_videos/control_points_2_car.mp4
725,0,car_racing_ego_car,1.0,288.0,278.0,312.0,320.0,645,axis_right,288.0,281.0,mask PCA skeleton + low contact point,generated_videos/control_points_2_car.mp4
725,0,car_racing_ego_car,1.0,288.0,278.0,312.0,320.0,645,contact_low,299.0,318.0,mask PCA skeleton + low contact point,generated_videos/control_points_2_car.mp4
726,0,car_racing_ego_car,1.0,288.0,278.0,312.0,320.0,645,centroid,299.46356201171875,300.0635681152344,mask PCA skeleton + low contact point,generated_videos/control_points_2_car.mp4
726,0,car_racing_ego_car,1.0,288.0,278.0,312.0,320.0,645,axis_front,309.0,319.0,mask PCA skeleton + low contact point,generated_videos/control_points_2_car.mp4
726,0,car_racing_ego_car,1.0,288.0,278.0,312.0,320.0,645,axis_back,288.0,278.0,mask PCA skeleton + low contact point,generated_videos/control_points_2_car.mp4
726,0,car_racing_ego_car,1.0,288.0,278.0,312.0,320.0,645,axis_left,311.0,278.0,mask PCA skeleton + low contact point,generated_videos/control_points_2_car.mp4
726,0,car_racing_ego_car,1.0,288.0,278.0,312.0,320.0,645,axis_right,288.0,281.0,mask PCA skeleton + low contact point,generated_videos/control_points_2_car.mp4
726,0,car_racing_ego_car,1.0,288.0,278.0,312.0,320.0,645,contact_low,299.0,318.0,mask PCA skeleton + low contact point,generated_videos/control_points_2_car.mp4
727,0,car_racing_ego_car,1.0,288.0,278.0,312.0,320.0,652,centroid,299.4478454589844,299.8251647949219,mask PCA skeleton + low contact point,generated_videos/control_points_2_car.mp4
727,0,car_racing_ego_car,1.0,288.0,278.0,312.0,320.0,652,axis_front,309.0,319.0,mask PCA skeleton + low contact point,generated_videos/control_points_2_car.mp4
727,0,car_racing_ego_car,1.0,288.0,278.0,312.0,320.0,652,axis_back,288.0,278.0,mask PCA skeleton + low contact point,generated_videos/control_points_2_car.mp4
727,0,car_racing_ego_car,1.0,288.0,278.0,312.0,320.0,652,axis_left,311.0,278.0,mask PCA skeleton + low contact point,generated_videos/control_points_2_car.mp4
727,0,car_racing_ego_car,1.0,288.0,278.0,312.0,320.0,652,axis_right,288.0,281.0,mask PCA skeleton + low contact point,generated_videos/control_points_2_car.mp4
727,0,car_racing_ego_car,1.0,288.0,278.0,312.0,320.0,652,contact_low,299.0,318.0,mask PCA skeleton + low contact point,generated_videos/control_points_2_car.mp4
728,0,car_racing_ego_car,1.0,288.0,278.0,312.0,320.0,652,centroid,299.4478454589844,299.8251647949219,mask PCA skeleton + low contact point,generated_videos/control_points_2_car.mp4
728,0,car_racing_ego_car,1.0,288.0,278.0,312.0,320.0,652,axis_front,309.0,319.0,mask PCA skeleton + low contact point,generated_videos/control_points_2_car.mp4
728,0,car_racing_ego_car,1.0,288.0,278.0,312.0,320.0,652,axis_back,288.0,278.0,mask PCA skeleton + low contact point,generated_videos/control_points_2_car.mp4
728,0,car_racing_ego_car,1.0,288.0,278.0,312.0,320.0,652,axis_left,311.0,278.0,mask PCA skeleton + low contact point,generated_videos/control_points_2_car.mp4
728,0,car_racing_ego_car,1.0,288.0,278.0,312.0,320.0,652,axis_right,288.0,281.0,mask PCA skeleton + low contact point,generated_videos/control_points_2_car.mp4
728,0,car_racing_ego_car,1.0,288.0,278.0,312.0,320.0,652,contact_low,299.0,318.0,mask PCA skeleton + low contact point,generated_videos/control_points_2_car.mp4
729,0,car_racing_ego_car,1.0,288.0,278.0,312.0,320.0,655,centroid,299.56488037109375,299.79388427734375,mask PCA skeleton + low contact point,generated_videos/control_points_2_car.mp4
729,0,car_racing_ego_car,1.0,288.0,278.0,312.0,320.0,655,axis_front,290.0,319.0,mask PCA skeleton + low contact point,generated_videos/control_points_2_car.mp4
729,0,car_racing_ego_car,1.0,288.0,278.0,312.0,320.0,655,axis_back,311.0,278.0,mask PCA skeleton + low contact point,generated_videos/control_points_2_car.mp4
729,0,car_racing_ego_car,1.0,288.0,278.0,312.0,320.0,655,axis_left,311.0,281.0,mask PCA skeleton + low contact point,generated_videos/control_points_2_car.mp4
729,0,car_racing_ego_car,1.0,288.0,278.0,312.0,320.0,655,axis_right,288.0,278.0,mask PCA skeleton + low contact point,generated_videos/control_points_2_car.mp4
729,0,car_racing_ego_car,1.0,288.0,278.0,312.0,320.0,655,contact_low,299.0,318.0,mask PCA skeleton + low contact point,generated_videos/control_points_2_car.mp4
730,0,car_racing_ego_car,1.0,288.0,278.0,312.0,320.0,655,centroid,299.56488037109375,299.79388427734375,mask PCA skeleton + low contact point,generated_videos/control_points_2_car.mp4
730,0,car_racing_ego_car,1.0,288.0,278.0,312.0,320.0,655,axis_front,290.0,319.0,mask PCA skeleton + low contact point,generated_videos/control_points_2_car.mp4
730,0,car_racing_ego_car,1.0,288.0,278.0,312.0,320.0,655,axis_back,311.0,278.0,mask PCA skeleton + low contact point,generated_videos/control_points_2_car.mp4
730,0,car_racing_ego_car,1.0,288.0,278.0,312.0,320.0,655,axis_left,311.0,281.0,mask PCA skeleton + low contact point,generated_videos/control_points_2_car.mp4
730,0,car_racing_ego_car,1.0,288.0,278.0,312.0,320.0,655,axis_right,288.0,278.0,mask PCA skeleton + low contact point,generated_videos/control_points_2_car.mp4
730,0,car_racing_ego_car,1.0,288.0,278.0,312.0,320.0,655,contact_low,299.0,318.0,mask PCA skeleton + low contact point,generated_videos/control_points_2_car.mp4
731,0,car_racing_ego_car,1.0,288.0,278.0,312.0,320.0,657,centroid,299.43682861328125,299.99847412109375,mask PCA skeleton + low contact point,generated_videos/control_points_2_car.mp4
731,0,car_racing_ego_car,1.0,288.0,278.0,312.0,320.0,657,axis_front,290.0,319.0,mask PCA skeleton + low contact point,generated_videos/control_points_2_car.mp4
731,0,car_racing_ego_car,1.0,288.0,278.0,312.0,320.0,657,axis_back,311.0,278.0,mask PCA skeleton + low contact point,generated_videos/control_points_2_car.mp4
731,0,car_racing_ego_car,1.0,288.0,278.0,312.0,320.0,657,axis_left,311.0,281.0,mask PCA skeleton + low contact point,generated_videos/control_points_2_car.mp4
731,0,car_racing_ego_car,1.0,288.0,278.0,312.0,320.0,657,axis_right,288.0,278.0,mask PCA skeleton + low contact point,generated_videos/control_points_2_car.mp4
731,0,car_racing_ego_car,1.0,288.0,278.0,312.0,320.0,657,contact_low,299.0,318.0,mask PCA skeleton + low contact point,generated_videos/control_points_2_car.mp4
732,0,car_racing_ego_car,1.0,288.0,278.0,312.0,320.0,658,centroid,299.4483337402344,299.97113037109375,mask PCA skeleton + low contact point,generated_videos/control_points_2_car.mp4
732,0,car_racing_ego_car,1.0,288.0,278.0,312.0,320.0,658,axis_front,290.0,319.0,mask PCA skeleton + low contact point,generated_videos/control_points_2_car.mp4
732,0,car_racing_ego_car,1.0,288.0,278.0,312.0,320.0,658,axis_back,311.0,278.0,mask PCA skeleton + low contact point,generated_videos/control_points_2_car.mp4
732,0,car_racing_ego_car,1.0,288.0,278.0,312.0,320.0,658,axis_left,311.0,281.0,mask PCA skeleton + low contact point,generated_videos/control_points_2_car.mp4
732,0,car_racing_ego_car,1.0,288.0,278.0,312.0,320.0,658,axis_right,288.0,278.0,mask PCA skeleton + low contact point,generated_videos/control_points_2_car.mp4
732,0,car_racing_ego_car,1.0,288.0,278.0,312.0,320.0,658,contact_low,299.0,318.0,mask PCA skeleton + low contact point,generated_videos/control_points_2_car.mp4
733,0,car_racing_ego_car,1.0,288.0,278.0,312.0,320.0,656,centroid,299.5777587890625,299.7682800292969,mask PCA skeleton + low contact point,generated_videos/control_points_2_car.mp4
733,0,car_racing_ego_car,1.0,288.0,278.0,312.0,320.0,656,axis_front,290.0,319.0,mask PCA skeleton + low contact point,generated_videos/control_points_2_car.mp4
733,0,car_racing_ego_car,1.0,288.0,278.0,312.0,320.0,656,axis_back,311.0,278.0,mask PCA skeleton + low contact point,generated_videos/control_points_2_car.mp4
733,0,car_racing_ego_car,1.0,288.0,278.0,312.0,320.0,656,axis_left,311.0,281.0,mask PCA skeleton + low contact point,generated_videos/control_points_2_car.mp4
733,0,car_racing_ego_car,1.0,288.0,278.0,312.0,320.0,656,axis_right,288.0,278.0,mask PCA skeleton + low contact point,generated_videos/control_points_2_car.mp4
733,0,car_racing_ego_car,1.0,288.0,278.0,312.0,320.0,656,contact_low,299.0,318.0,mask PCA skeleton + low contact point,generated_videos/control_points_2_car.mp4
734,0,car_racing_ego_car,1.0,288.0,278.0,312.0,320.0,656,centroid,299.5777587890625,299.7682800292969,mask PCA skeleton + low contact point,generated_videos/control_points_2_car.mp4
734,0,car_racing_ego_car,1.0,288.0,278.0,312.0,320.0,656,axis_front,290.0,319.0,mask PCA skeleton + low contact point,generated_videos/control_points_2_car.mp4
734,0,car_racing_ego_car,1.0,288.0,278.0,312.0,320.0,656,axis_back,311.0,278.0,mask PCA skeleton + low contact point,generated_videos/control_points_2_car.mp4
734,0,car_racing_ego_car,1.0,288.0,278.0,312.0,320.0,656,axis_left,311.0,281.0,mask PCA skeleton + low contact point,generated_videos/control_points_2_car.mp4
734,0,car_racing_ego_car,1.0,288.0,278.0,312.0,320.0,656,axis_right,288.0,278.0,mask PCA skeleton + low contact point,generated_videos/control_points_2_car.mp4
734,0,car_racing_ego_car,1.0,288.0,278.0,312.0,320.0,656,contact_low,299.0,318.0,mask PCA skeleton + low contact point,generated_videos/control_points_2_car.mp4
735,0,car_racing_ego_car,1.0,288.0,278.0,312.0,320.0,651,centroid,299.51458740234375,299.9017028808594,mask PCA skeleton + low contact point,generated_videos/control_points_2_car.mp4
735,0,car_racing_ego_car,1.0,288.0,278.0,312.0,320.0,651,axis_front,309.0,319.0,mask PCA skeleton + low contact point,generated_videos/control_points_2_car.mp4
735,0,car_racing_ego_car,1.0,288.0,278.0,312.0,320.0,651,axis_back,288.0,278.0,mask PCA skeleton + low contact point,generated_videos/control_points_2_car.mp4
735,0,car_racing_ego_car,1.0,288.0,278.0,312.0,320.0,651,axis_left,311.0,278.0,mask PCA skeleton + low contact point,generated_videos/control_points_2_car.mp4
735,0,car_racing_ego_car,1.0,288.0,278.0,312.0,320.0,651,axis_right,288.0,281.0,mask PCA skeleton + low contact point,generated_videos/control_points_2_car.mp4
735,0,car_racing_ego_car,1.0,288.0,278.0,312.0,320.0,651,contact_low,299.0,318.0,mask PCA skeleton + low contact point,generated_videos/control_points_2_car.mp4
736,0,car_racing_ego_car,1.0,288.0,278.0,312.0,320.0,652,centroid,299.52606201171875,299.8742370605469,mask PCA skeleton + low contact point,generated_videos/control_points_2_car.mp4
736,0,car_racing_ego_car,1.0,288.0,278.0,312.0,320.0,652,axis_front,309.0,319.0,mask PCA skeleton + low contact point,generated_videos/control_points_2_car.mp4
736,0,car_racing_ego_car,1.0,288.0,278.0,312.0,320.0,652,axis_back,288.0,278.0,mask PCA skeleton + low contact point,generated_videos/control_points_2_car.mp4
736,0,car_racing_ego_car,1.0,288.0,278.0,312.0,320.0,652,axis_left,311.0,278.0,mask PCA skeleton + low contact point,generated_videos/control_points_2_car.mp4
736,0,car_racing_ego_car,1.0,288.0,278.0,312.0,320.0,652,axis_right,288.0,281.0,mask PCA skeleton + low contact point,generated_videos/control_points_2_car.mp4
736,0,car_racing_ego_car,1.0,288.0,278.0,312.0,320.0,652,contact_low,299.0,318.0,mask PCA skeleton + low contact point,generated_videos/control_points_2_car.mp4
737,0,car_racing_ego_car,1.0,288.0,278.0,312.0,320.0,655,centroid,299.5144958496094,299.79541015625,mask PCA skeleton + low contact point,generated_videos/control_points_2_car.mp4
737,0,car_racing_ego_car,1.0,288.0,278.0,312.0,320.0,655,axis_front,309.0,319.0,mask PCA skeleton + low contact point,generated_videos/control_points_2_car.mp4
737,0,car_racing_ego_car,1.0,288.0,278.0,312.0,320.0,655,axis_back,288.0,278.0,mask PCA skeleton + low contact point,generated_videos/control_points_2_car.mp4
737,0,car_racing_ego_car,1.0,288.0,278.0,312.0,320.0,655,axis_left,311.0,278.0,mask PCA skeleton + low contact point,generated_videos/control_points_2_car.mp4
737,0,car_racing_ego_car,1.0,288.0,278.0,312.0,320.0,655,axis_right,288.0,281.0,mask PCA skeleton + low contact point,generated_videos/control_points_2_car.mp4
737,0,car_racing_ego_car,1.0,288.0,278.0,312.0,320.0,655,contact_low,299.0,318.0,mask PCA skeleton + low contact point,generated_videos/control_points_2_car.mp4
738,0,car_racing_ego_car,1.0,288.0,278.0,312.0,320.0,655,centroid,299.5144958496094,299.79541015625,mask PCA skeleton + low contact point,generated_videos/control_points_2_car.mp4
738,0,car_racing_ego_car,1.0,288.0,278.0,312.0,320.0,655,axis_front,309.0,319.0,mask PCA skeleton + low contact point,generated_videos/control_points_2_car.mp4
738,0,car_racing_ego_car,1.0,288.0,278.0,312.0,320.0,655,axis_back,288.0,278.0,mask PCA skeleton + low contact point,generated_videos/control_points_2_car.mp4
738,0,car_racing_ego_car,1.0,288.0,278.0,312.0,320.0,655,axis_left,311.0,278.0,mask PCA skeleton + low contact point,generated_videos/control_points_2_car.mp4
738,0,car_racing_ego_car,1.0,288.0,278.0,312.0,320.0,655,axis_right,288.0,281.0,mask PCA skeleton + low contact point,generated_videos/control_points_2_car.mp4
738,0,car_racing_ego_car,1.0,288.0,278.0,312.0,320.0,655,contact_low,299.0,318.0,mask PCA skeleton + low contact point,generated_videos/control_points_2_car.mp4
739,0,car_racing_ego_car,1.0,288.0,278.0,312.0,320.0,653,centroid,299.4915771484375,299.848388671875,mask PCA skeleton + low contact point,generated_videos/control_points_2_car.mp4
739,0,car_racing_ego_car,1.0,288.0,278.0,312.0,320.0,653,axis_front,309.0,319.0,mask PCA skeleton + low contact point,generated_videos/control_points_2_car.mp4
739,0,car_racing_ego_car,1.0,288.0,278.0,312.0,320.0,653,axis_back,288.0,278.0,mask PCA skeleton + low contact point,generated_videos/control_points_2_car.mp4
739,0,car_racing_ego_car,1.0,288.0,278.0,312.0,320.0,653,axis_left,311.0,278.0,mask PCA skeleton + low contact point,generated_videos/control_points_2_car.mp4
739,0,car_racing_ego_car,1.0,288.0,278.0,312.0,320.0,653,axis_right,288.0,281.0,mask PCA skeleton + low contact point,generated_videos/control_points_2_car.mp4
739,0,car_racing_ego_car,1.0,288.0,278.0,312.0,320.0,653,contact_low,299.0,318.0,mask PCA skeleton + low contact point,generated_videos/control_points_2_car.mp4
740,0,car_racing_ego_car,1.0,288.0,278.0,312.0,320.0,653,centroid,299.4915771484375,299.848388671875,mask PCA skeleton + low contact point,generated_videos/control_points_2_car.mp4
740,0,car_racing_ego_car,1.0,288.0,278.0,312.0,320.0,653,axis_front,309.0,319.0,mask PCA skeleton + low contact point,generated_videos/control_points_2_car.mp4
740,0,car_racing_ego_car,1.0,288.0,278.0,312.0,320.0,653,axis_back,288.0,278.0,mask PCA skeleton + low contact point,generated_videos/control_points_2_car.mp4
740,0,car_racing_ego_car,1.0,288.0,278.0,312.0,320.0,653,axis_left,311.0,278.0,mask PCA skeleton + low contact point,generated_videos/control_points_2_car.mp4
740,0,car_racing_ego_car,1.0,288.0,278.0,312.0,320.0,653,axis_right,288.0,281.0,mask PCA skeleton + low contact point,generated_videos/control_points_2_car.mp4
740,0,car_racing_ego_car,1.0,288.0,278.0,312.0,320.0,653,contact_low,299.0,318.0,mask PCA skeleton + low contact point,generated_videos/control_points_2_car.mp4
741,0,car_racing_ego_car,1.0,288.0,278.0,312.0,320.0,663,centroid,299.6349792480469,299.58673095703125,mask PCA skeleton + low contact point,generated_videos/control_points_2_car.mp4
741,0,car_racing_ego_car,1.0,288.0,278.0,312.0,320.0,663,axis_front,290.0,319.0,mask PCA skeleton + low contact point,generated_videos/control_points_2_car.mp4
741,0,car_racing_ego_car,1.0,288.0,278.0,312.0,320.0,663,axis_back,311.0,278.0,mask PCA skeleton + low contact point,generated_videos/control_points_2_car.mp4
741,0,car_racing_ego_car,1.0,288.0,278.0,312.0,320.0,663,axis_left,311.0,283.0,mask PCA skeleton + low contact point,generated_videos/control_points_2_car.mp4
741,0,car_racing_ego_car,1.0,288.0,278.0,312.0,320.0,663,axis_right,288.0,278.0,mask PCA skeleton + low contact point,generated_videos/control_points_2_car.mp4
741,0,car_racing_ego_car,1.0,288.0,278.0,312.0,320.0,663,contact_low,299.0,318.0,mask PCA skeleton + low contact point,generated_videos/control_points_2_car.mp4
742,0,car_racing_ego_car,1.0,288.0,278.0,312.0,320.0,663,centroid,299.6349792480469,299.58673095703125,mask PCA skeleton + low contact point,generated_videos/control_points_2_car.mp4
742,0,car_racing_ego_car,1.0,288.0,278.0,312.0,320.0,663,axis_front,290.0,319.0,mask PCA skeleton + low contact point,generated_videos/control_points_2_car.mp4
742,0,car_racing_ego_car,1.0,288.0,278.0,312.0,320.0,663,axis_back,311.0,278.0,mask PCA skeleton + low contact point,generated_videos/control_points_2_car.mp4
742,0,car_racing_ego_car,1.0,288.0,278.0,312.0,320.0,663,axis_left,311.0,283.0,mask PCA skeleton + low contact point,generated_videos/control_points_2_car.mp4
742,0,car_racing_ego_car,1.0,288.0,278.0,312.0,320.0,663,axis_right,288.0,278.0,mask PCA skeleton + low contact point,generated_videos/control_points_2_car.mp4
742,0,car_racing_ego_car,1.0,288.0,278.0,312.0,320.0,663,contact_low,299.0,318.0,mask PCA skeleton + low contact point,generated_videos/control_points_2_car.mp4
743,0,car_racing_ego_car,1.0,288.0,278.0,312.0,320.0,653,centroid,299.4915771484375,299.848388671875,mask PCA skeleton + low contact point,generated_videos/control_points_2_car.mp4
743,0,car_racing_ego_car,1.0,288.0,278.0,312.0,320.0,653,axis_front,309.0,319.0,mask PCA skeleton + low contact point,generated_videos/control_points_2_car.mp4
743,0,car_racing_ego_car,1.0,288.0,278.0,312.0,320.0,653,axis_back,288.0,278.0,mask PCA skeleton + low contact point,generated_videos/control_points_2_car.mp4
743,0,car_racing_ego_car,1.0,288.0,278.0,312.0,320.0,653,axis_left,311.0,278.0,mask PCA skeleton + low contact point,generated_videos/control_points_2_car.mp4
743,0,car_racing_ego_car,1.0,288.0,278.0,312.0,320.0,653,axis_right,288.0,281.0,mask PCA skeleton + low contact point,generated_videos/control_points_2_car.mp4
743,0,car_racing_ego_car,1.0,288.0,278.0,312.0,320.0,653,contact_low,299.0,318.0,mask PCA skeleton + low contact point,generated_videos/control_points_2_car.mp4
744,0,car_racing_ego_car,1.0,288.0,278.0,312.0,320.0,653,centroid,299.4915771484375,299.848388671875,mask PCA skeleton + low contact point,generated_videos/control_points_2_car.mp4
744,0,car_racing_ego_car,1.0,288.0,278.0,312.0,320.0,653,axis_front,309.0,319.0,mask PCA skeleton + low contact point,generated_videos/control_points_2_car.mp4
744,0,car_racing_ego_car,1.0,288.0,278.0,312.0,320.0,653,axis_back,288.0,278.0,mask PCA skeleton + low contact point,generated_videos/control_points_2_car.mp4
744,0,car_racing_ego_car,1.0,288.0,278.0,312.0,320.0,653,axis_left,311.0,278.0,mask PCA skeleton + low contact point,generated_videos/control_points_2_car.mp4
744,0,car_racing_ego_car,1.0,288.0,278.0,312.0,320.0,653,axis_right,288.0,281.0,mask PCA skeleton + low contact point,generated_videos/control_points_2_car.mp4
744,0,car_racing_ego_car,1.0,288.0,278.0,312.0,320.0,653,contact_low,299.0,318.0,mask PCA skeleton + low contact point,generated_videos/control_points_2_car.mp4
745,0,car_racing_ego_car,1.0,288.0,278.0,312.0,320.0,664,centroid,299.6204833984375,299.6084289550781,mask PCA skeleton + low contact point,generated_videos/control_points_2_car.mp4
745,0,car_racing_ego_car,1.0,288.0,278.0,312.0,320.0,664,axis_front,290.0,319.0,mask PCA skeleton + low contact point,generated_videos/control_points_2_car.mp4
745,0,car_racing_ego_car,1.0,288.0,278.0,312.0,320.0,664,axis_back,311.0,278.0,mask PCA skeleton + low contact point,generated_videos/control_points_2_car.mp4
745,0,car_racing_ego_car,1.0,288.0,278.0,312.0,320.0,664,axis_left,311.0,283.0,mask PCA skeleton + low contact point,generated_videos/control_points_2_car.mp4
745,0,car_racing_ego_car,1.0,288.0,278.0,312.0,320.0,664,axis_right,288.0,278.0,mask PCA skeleton + low contact point,generated_videos/control_points_2_car.mp4
745,0,car_racing_ego_car,1.0,288.0,278.0,312.0,320.0,664,contact_low,299.0,318.0,mask PCA skeleton + low contact point,generated_videos/control_points_2_car.mp4
746,0,car_racing_ego_car,1.0,288.0,278.0,312.0,320.0,664,centroid,299.6204833984375,299.6084289550781,mask PCA skeleton + low contact point,generated_videos/control_points_2_car.mp4
746,0,car_racing_ego_car,1.0,288.0,278.0,312.0,320.0,664,axis_front,290.0,319.0,mask PCA skeleton + low contact point,generated_videos/control_points_2_car.mp4
746,0,car_racing_ego_car,1.0,288.0,278.0,312.0,320.0,664,axis_back,311.0,278.0,mask PCA skeleton + low contact point,generated_videos/control_points_2_car.mp4
746,0,car_racing_ego_car,1.0,288.0,278.0,312.0,320.0,664,axis_left,311.0,283.0,mask PCA skeleton + low contact point,generated_videos/control_points_2_car.mp4
746,0,car_racing_ego_car,1.0,288.0,278.0,312.0,320.0,664,axis_right,288.0,278.0,mask PCA skeleton + low contact point,generated_videos/control_points_2_car.mp4
746,0,car_racing_ego_car,1.0,288.0,278.0,312.0,320.0,664,contact_low,299.0,318.0,mask PCA skeleton + low contact point,generated_videos/control_points_2_car.mp4
747,0,car_racing_ego_car,1.0,288.0,278.0,312.0,320.0,657,centroid,299.5722961425781,299.8934631347656,mask PCA skeleton + low contact point,generated_videos/control_points_2_car.mp4
747,0,car_racing_ego_car,1.0,288.0,278.0,312.0,320.0,657,axis_front,309.0,319.0,mask PCA skeleton + low contact point,generated_videos/control_points_2_car.mp4
747,0,car_racing_ego_car,1.0,288.0,278.0,312.0,320.0,657,axis_back,288.0,278.0,mask PCA skeleton + low contact point,generated_videos/control_points_2_car.mp4
747,0,car_racing_ego_car,1.0,288.0,278.0,312.0,320.0,657,axis_left,311.0,278.0,mask PCA skeleton + low contact point,generated_videos/control_points_2_car.mp4
747,0,car_racing_ego_car,1.0,288.0,278.0,312.0,320.0,657,axis_right,288.0,281.0,mask PCA skeleton + low contact point,generated_videos/control_points_2_car.mp4
747,0,car_racing_ego_car,1.0,288.0,278.0,312.0,320.0,657,contact_low,299.0,318.0,mask PCA skeleton + low contact point,generated_videos/control_points_2_car.mp4
748,0,car_racing_ego_car,1.0,288.0,278.0,312.0,320.0,657,centroid,299.5722961425781,299.8934631347656,mask PCA skeleton + low contact point,generated_videos/control_points_2_car.mp4
748,0,car_racing_ego_car,1.0,288.0,278.0,312.0,320.0,657,axis_front,309.0,319.0,mask PCA skeleton + low contact point,generated_videos/control_points_2_car.mp4
748,0,car_racing_ego_car,1.0,288.0,278.0,312.0,320.0,657,axis_back,288.0,278.0,mask PCA skeleton + low contact point,generated_videos/control_points_2_car.mp4
748,0,car_racing_ego_car,1.0,288.0,278.0,312.0,320.0,657,axis_left,311.0,278.0,mask PCA skeleton + low contact point,generated_videos/control_points_2_car.mp4
748,0,car_racing_ego_car,1.0,288.0,278.0,312.0,320.0,657,axis_right,288.0,281.0,mask PCA skeleton + low contact point,generated_videos/control_points_2_car.mp4
748,0,car_racing_ego_car,1.0,288.0,278.0,312.0,320.0,657,contact_low,299.0,318.0,mask PCA skeleton + low contact point,generated_videos/control_points_2_car.mp4
749,0,car_racing_ego_car,1.0,288.0,278.0,312.0,320.0,654,centroid,299.47705078125,299.8700256347656,mask PCA skeleton + low contact point,generated_videos/control_points_2_car.mp4
749,0,car_racing_ego_car,1.0,288.0,278.0,312.0,320.0,654,axis_front,309.0,319.0,mask PCA skeleton + low contact point,generated_videos/control_points_2_car.mp4
749,0,car_racing_ego_car,1.0,288.0,278.0,312.0,320.0,654,axis_back,288.0,278.0,mask PCA skeleton + low contact point,generated_videos/control_points_2_car.mp4
749,0,car_racing_ego_car,1.0,288.0,278.0,312.0,320.0,654,axis_left,311.0,278.0,mask PCA skeleton + low contact point,generated_videos/control_points_2_car.mp4
749,0,car_racing_ego_car,1.0,288.0,278.0,312.0,320.0,654,axis_right,288.0,281.0,mask PCA skeleton + low contact point,generated_videos/control_points_2_car.mp4
749,0,car_racing_ego_car,1.0,288.0,278.0,312.0,320.0,654,contact_low,299.0,318.0,mask PCA skeleton + low contact point,generated_videos/control_points_2_car.mp4
750,0,car_racing_ego_car,1.0,288.0,278.0,312.0,320.0,656,centroid,299.44970703125,299.8948059082031,mask PCA skeleton + low contact point,generated_videos/control_points_2_car.mp4
750,0,car_racing_ego_car,1.0,288.0,278.0,312.0,320.0,656,axis_front,309.0,319.0,mask PCA skeleton + low contact point,generated_videos/control_points_2_car.mp4
750,0,car_racing_ego_car,1.0,288.0,278.0,312.0,320.0,656,axis_back,288.0,278.0,mask PCA skeleton + low contact point,generated_videos/control_points_2_car.mp4
750,0,car_racing_ego_car,1.0,288.0,278.0,312.0,320.0,656,axis_left,311.0,278.0,mask PCA skeleton + low contact point,generated_videos/control_points_2_car.mp4
750,0,car_racing_ego_car,1.0,288.0,278.0,312.0,320.0,656,axis_right,288.0,281.0,mask PCA skeleton + low contact point,generated_videos/control_points_2_car.mp4
750,0,car_racing_ego_car,1.0,288.0,278.0,312.0,320.0,656,contact_low,299.0,318.0,mask PCA skeleton + low contact point,generated_videos/control_points_2_car.mp4
751,0,car_racing_ego_car,1.0,288.0,278.0,312.0,320.0,656,centroid,299.44970703125,299.8948059082031,mask PCA skeleton + low contact point,generated_videos/control_points_2_car.mp4
751,0,car_racing_ego_car,1.0,288.0,278.0,312.0,320.0,656,axis_front,309.0,319.0,mask PCA skeleton + low contact point,generated_videos/control_points_2_car.mp4
751,0,car_racing_ego_car,1.0,288.0,278.0,312.0,320.0,656,axis_back,288.0,278.0,mask PCA skeleton + low contact point,generated_videos/control_points_2_car.mp4
751,0,car_racing_ego_car,1.0,288.0,278.0,312.0,320.0,656,axis_left,311.0,278.0,mask PCA skeleton + low contact point,generated_videos/control_points_2_car.mp4
751,0,car_racing_ego_car,1.0,288.0,278.0,312.0,320.0,656,axis_right,288.0,281.0,mask PCA skeleton + low contact point,generated_videos/control_points_2_car.mp4
751,0,car_racing_ego_car,1.0,288.0,278.0,312.0,320.0,656,contact_low,299.0,318.0,mask PCA skeleton + low contact point,generated_videos/control_points_2_car.mp4
752,0,car_racing_ego_car,1.0,288.0,278.0,312.0,320.0,654,centroid,299.47705078125,299.8700256347656,mask PCA skeleton + low contact point,generated_videos/control_points_2_car.mp4
752,0,car_racing_ego_car,1.0,288.0,278.0,312.0,320.0,654,axis_front,309.0,319.0,mask PCA skeleton + low contact point,generated_videos/control_points_2_car.mp4
752,0,car_racing_ego_car,1.0,288.0,278.0,312.0,320.0,654,axis_back,288.0,278.0,mask PCA skeleton + low contact point,generated_videos/control_points_2_car.mp4
752,0,car_racing_ego_car,1.0,288.0,278.0,312.0,320.0,654,axis_left,311.0,278.0,mask PCA skeleton + low contact point,generated_videos/control_points_2_car.mp4
752,0,car_racing_ego_car,1.0,288.0,278.0,312.0,320.0,654,axis_right,288.0,281.0,mask PCA skeleton + low contact point,generated_videos/control_points_2_car.mp4
752,0,car_racing_ego_car,1.0,288.0,278.0,312.0,320.0,654,contact_low,299.0,318.0,mask PCA skeleton + low contact point,generated_videos/control_points_2_car.mp4
753,0,car_racing_ego_car,1.0,288.0,278.0,312.0,320.0,654,centroid,299.47705078125,299.8700256347656,mask PCA skeleton + low contact point,generated_videos/control_points_2_car.mp4
753,0,car_racing_ego_car,1.0,288.0,278.0,312.0,320.0,654,axis_front,309.0,319.0,mask PCA skeleton + low contact point,generated_videos/control_points_2_car.mp4
753,0,car_racing_ego_car,1.0,288.0,278.0,312.0,320.0,654,axis_back,288.0,278.0,mask PCA skeleton + low contact point,generated_videos/control_points_2_car.mp4
753,0,car_racing_ego_car,1.0,288.0,278.0,312.0,320.0,654,axis_left,311.0,278.0,mask PCA skeleton + low contact point,generated_videos/control_points_2_car.mp4
753,0,car_racing_ego_car,1.0,288.0,278.0,312.0,320.0,654,axis_right,288.0,281.0,mask PCA skeleton + low contact point,generated_videos/control_points_2_car.mp4
753,0,car_racing_ego_car,1.0,288.0,278.0,312.0,320.0,654,contact_low,299.0,318.0,mask PCA skeleton + low contact point,generated_videos/control_points_2_car.mp4
754,0,car_racing_ego_car,1.0,288.0,278.0,312.0,320.0,654,centroid,299.47705078125,299.8700256347656,mask PCA skeleton + low contact point,generated_videos/control_points_2_car.mp4
754,0,car_racing_ego_car,1.0,288.0,278.0,312.0,320.0,654,axis_front,309.0,319.0,mask PCA skeleton + low contact point,generated_videos/control_points_2_car.mp4
754,0,car_racing_ego_car,1.0,288.0,278.0,312.0,320.0,654,axis_back,288.0,278.0,mask PCA skeleton + low contact point,generated_videos/control_points_2_car.mp4
754,0,car_racing_ego_car,1.0,288.0,278.0,312.0,320.0,654,axis_left,311.0,278.0,mask PCA skeleton + low contact point,generated_videos/control_points_2_car.mp4
754,0,car_racing_ego_car,1.0,288.0,278.0,312.0,320.0,654,axis_right,288.0,281.0,mask PCA skeleton + low contact point,generated_videos/control_points_2_car.mp4
754,0,car_racing_ego_car,1.0,288.0,278.0,312.0,320.0,654,contact_low,299.0,318.0,mask PCA skeleton + low contact point,generated_videos/control_points_2_car.mp4
755,0,car_racing_ego_car,1.0,288.0,278.0,312.0,320.0,654,centroid,299.47705078125,299.8700256347656,mask PCA skeleton + low contact point,generated_videos/control_points_2_car.mp4
755,0,car_racing_ego_car,1.0,288.0,278.0,312.0,320.0,654,axis_front,309.0,319.0,mask PCA skeleton + low contact point,generated_videos/control_points_2_car.mp4
755,0,car_racing_ego_car,1.0,288.0,278.0,312.0,320.0,654,axis_back,288.0,278.0,mask PCA skeleton + low contact point,generated_videos/control_points_2_car.mp4
755,0,car_racing_ego_car,1.0,288.0,278.0,312.0,320.0,654,axis_left,311.0,278.0,mask PCA skeleton + low contact point,generated_videos/control_points_2_car.mp4
755,0,car_racing_ego_car,1.0,288.0,278.0,312.0,320.0,654,axis_right,288.0,281.0,mask PCA skeleton + low contact point,generated_videos/control_points_2_car.mp4
755,0,car_racing_ego_car,1.0,288.0,278.0,312.0,320.0,654,contact_low,299.0,318.0,mask PCA skeleton + low contact point,generated_videos/control_points_2_car.mp4
756,0,car_racing_ego_car,1.0,288.0,278.0,312.0,320.0,656,centroid,299.54876708984375,299.81707763671875,mask PCA skeleton + low contact point,generated_videos/control_points_2_car.mp4
756,0,car_racing_ego_car,1.0,288.0,278.0,312.0,320.0,656,axis_front,290.0,319.0,mask PCA skeleton + low contact point,generated_videos/control_points_2_car.mp4
756,0,car_racing_ego_car,1.0,288.0,278.0,312.0,320.0,656,axis_back,311.0,278.0,mask PCA skeleton + low contact point,generated_videos/control_points_2_car.mp4
756,0,car_racing_ego_car,1.0,288.0,278.0,312.0,320.0,656,axis_left,311.0,281.0,mask PCA skeleton + low contact point,generated_videos/control_points_2_car.mp4
756,0,car_racing_ego_car,1.0,288.0,278.0,312.0,320.0,656,axis_right,288.0,278.0,mask PCA skeleton + low contact point,generated_videos/control_points_2_car.mp4
756,0,car_racing_ego_car,1.0,288.0,278.0,312.0,320.0,656,contact_low,299.0,318.0,mask PCA skeleton + low contact point,generated_videos/control_points_2_car.mp4
757,0,car_racing_ego_car,1.0,288.0,278.0,312.0,320.0,656,centroid,299.54876708984375,299.81707763671875,mask PCA skeleton + low contact point,generated_videos/control_points_2_car.mp4
757,0,car_racing_ego_car,1.0,288.0,278.0,312.0,320.0,656,axis_front,290.0,319.0,mask PCA skeleton + low contact point,generated_videos/control_points_2_car.mp4
757,0,car_racing_ego_car,1.0,288.0,278.0,312.0,320.0,656,axis_back,311.0,278.0,mask PCA skeleton + low contact point,generated_videos/control_points_2_car.mp4
757,0,car_racing_ego_car,1.0,288.0,278.0,312.0,320.0,656,axis_left,311.0,281.0,mask PCA skeleton + low contact point,generated_videos/control_points_2_car.mp4
757,0,car_racing_ego_car,1.0,288.0,278.0,312.0,320.0,656,axis_right,288.0,278.0,mask PCA skeleton + low contact point,generated_videos/control_points_2_car.mp4
757,0,car_racing_ego_car,1.0,288.0,278.0,312.0,320.0,656,contact_low,299.0,318.0,mask PCA skeleton + low contact point,generated_videos/control_points_2_car.mp4
758,0,car_racing_ego_car,1.0,288.0,278.0,312.0,320.0,654,centroid,299.47705078125,299.8700256347656,mask PCA skeleton + low contact point,generated_videos/control_points_2_car.mp4
758,0,car_racing_ego_car,1.0,288.0,278.0,312.0,320.0,654,axis_front,309.0,319.0,mask PCA skeleton + low contact point,generated_videos/control_points_2_car.mp4
758,0,car_racing_ego_car,1.0,288.0,278.0,312.0,320.0,654,axis_back,288.0,278.0,mask PCA skeleton + low contact point,generated_videos/control_points_2_car.mp4
758,0,car_racing_ego_car,1.0,288.0,278.0,312.0,320.0,654,axis_left,311.0,278.0,mask PCA skeleton + low contact point,generated_videos/control_points_2_car.mp4
758,0,car_racing_ego_car,1.0,288.0,278.0,312.0,320.0,654,axis_right,288.0,281.0,mask PCA skeleton + low contact point,generated_videos/control_points_2_car.mp4
758,0,car_racing_ego_car,1.0,288.0,278.0,312.0,320.0,654,contact_low,299.0,318.0,mask PCA skeleton + low contact point,generated_videos/control_points_2_car.mp4
759,0,car_racing_ego_car,1.0,288.0,278.0,312.0,320.0,654,centroid,299.47705078125,299.8700256347656,mask PCA skeleton + low contact point,generated_videos/control_points_2_car.mp4
759,0,car_racing_ego_car,1.0,288.0,278.0,312.0,320.0,654,axis_front,309.0,319.0,mask PCA skeleton + low contact point,generated_videos/control_points_2_car.mp4
759,0,car_racing_ego_car,1.0,288.0,278.0,312.0,320.0,654,axis_back,288.0,278.0,mask PCA skeleton + low contact point,generated_videos/control_points_2_car.mp4
759,0,car_racing_ego_car,1.0,288.0,278.0,312.0,320.0,654,axis_left,311.0,278.0,mask PCA skeleton + low contact point,generated_videos/control_points_2_car.mp4
759,0,car_racing_ego_car,1.0,288.0,278.0,312.0,320.0,654,axis_right,288.0,281.0,mask PCA skeleton + low contact point,generated_videos/control_points_2_car.mp4
759,0,car_racing_ego_car,1.0,288.0,278.0,312.0,320.0,654,contact_low,299.0,318.0,mask PCA skeleton + low contact point,generated_videos/control_points_2_car.mp4
760,0,car_racing_ego_car,1.0,288.0,278.0,312.0,320.0,652,centroid,299.5,299.9233093261719,mask PCA skeleton + low contact point,generated_videos/control_points_2_car.mp4
760,0,car_racing_ego_car,1.0,288.0,278.0,312.0,320.0,652,axis_front,290.0,319.0,mask PCA skeleton + low contact point,generated_videos/control_points_2_car.mp4
760,0,car_racing_ego_car,1.0,288.0,278.0,312.0,320.0,652,axis_back,288.0,278.0,mask PCA skeleton + low contact point,generated_videos/control_points_2_car.mp4
760,0,car_racing_ego_car,1.0,288.0,278.0,312.0,320.0,652,axis_left,311.0,278.0,mask PCA skeleton + low contact point,generated_videos/control_points_2_car.mp4
760,0,car_racing_ego_car,1.0,288.0,278.0,312.0,320.0,652,axis_right,288.0,278.0,mask PCA skeleton + low contact point,generated_videos/control_points_2_car.mp4
760,0,car_racing_ego_car,1.0,288.0,278.0,312.0,320.0,652,contact_low,299.0,318.0,mask PCA skeleton + low contact point,generated_videos/control_points_2_car.mp4
761,0,car_racing_ego_car,1.0,288.0,278.0,312.0,320.0,652,centroid,299.5,299.9233093261719,mask PCA skeleton + low contact point,generated_videos/control_points_2_car.mp4
761,0,car_racing_ego_car,1.0,288.0,278.0,312.0,320.0,652,axis_front,290.0,319.0,mask PCA skeleton + low contact point,generated_videos/control_points_2_car.mp4
761,0,car_racing_ego_car,1.0,288.0,278.0,312.0,320.0,652,axis_back,288.0,278.0,mask PCA skeleton + low contact point,generated_videos/control_points_2_car.mp4
761,0,car_racing_ego_car,1.0,288.0,278.0,312.0,320.0,652,axis_left,311.0,278.0,mask PCA skeleton + low contact point,generated_videos/control_points_2_car.mp4
761,0,car_racing_ego_car,1.0,288.0,278.0,312.0,320.0,652,axis_right,288.0,278.0,mask PCA skeleton + low contact point,generated_videos/control_points_2_car.mp4
761,0,car_racing_ego_car,1.0,288.0,278.0,312.0,320.0,652,contact_low,299.0,318.0,mask PCA skeleton + low contact point,generated_videos/control_points_2_car.mp4
762,0,car_racing_ego_car,1.0,288.0,278.0,312.0,320.0,652,centroid,299.5,299.9233093261719,mask PCA skeleton + low contact point,generated_videos/control_points_2_car.mp4
762,0,car_racing_ego_car,1.0,288.0,278.0,312.0,320.0,652,axis_front,290.0,319.0,mask PCA skeleton + low contact point,generated_videos/control_points_2_car.mp4
762,0,car_racing_ego_car,1.0,288.0,278.0,312.0,320.0,652,axis_back,288.0,278.0,mask PCA skeleton + low contact point,generated_videos/control_points_2_car.mp4
762,0,car_racing_ego_car,1.0,288.0,278.0,312.0,320.0,652,axis_left,311.0,278.0,mask PCA skeleton + low contact point,generated_videos/control_points_2_car.mp4
762,0,car_racing_ego_car,1.0,288.0,278.0,312.0,320.0,652,axis_right,288.0,278.0,mask PCA skeleton + low contact point,generated_videos/control_points_2_car.mp4
762,0,car_racing_ego_car,1.0,288.0,278.0,312.0,320.0,652,contact_low,299.0,318.0,mask PCA skeleton + low contact point,generated_videos/control_points_2_car.mp4
763,0,car_racing_ego_car,1.0,288.0,278.0,312.0,320.0,652,centroid,299.5,299.9233093261719,mask PCA skeleton + low contact point,generated_videos/control_points_2_car.mp4
763,0,car_racing_ego_car,1.0,288.0,278.0,312.0,320.0,652,axis_front,290.0,319.0,mask PCA skeleton + low contact point,generated_videos/control_points_2_car.mp4
763,0,car_racing_ego_car,1.0,288.0,278.0,312.0,320.0,652,axis_back,288.0,278.0,mask PCA skeleton + low contact point,generated_videos/control_points_2_car.mp4
763,0,car_racing_ego_car,1.0,288.0,278.0,312.0,320.0,652,axis_left,311.0,278.0,mask PCA skeleton + low contact point,generated_videos/control_points_2_car.mp4
763,0,car_racing_ego_car,1.0,288.0,278.0,312.0,320.0,652,axis_right,288.0,278.0,mask PCA skeleton + low contact point,generated_videos/control_points_2_car.mp4
763,0,car_racing_ego_car,1.0,288.0,278.0,312.0,320.0,652,contact_low,299.0,318.0,mask PCA skeleton + low contact point,generated_videos/control_points_2_car.mp4
764,0,car_racing_ego_car,1.0,288.0,278.0,312.0,320.0,653,centroid,299.511474609375,299.8958740234375,mask PCA skeleton + low contact point,generated_videos/control_points_2_car.mp4
764,0,car_racing_ego_car,1.0,288.0,278.0,312.0,320.0,653,axis_front,290.0,319.0,mask PCA skeleton + low contact point,generated_videos/control_points_2_car.mp4
764,0,car_racing_ego_car,1.0,288.0,278.0,312.0,320.0,653,axis_back,311.0,278.0,mask PCA skeleton + low contact point,generated_videos/control_points_2_car.mp4
764,0,car_racing_ego_car,1.0,288.0,278.0,312.0,320.0,653,axis_left,311.0,281.0,mask PCA skeleton + low contact point,generated_videos/control_points_2_car.mp4
764,0,car_racing_ego_car,1.0,288.0,278.0,312.0,320.0,653,axis_right,288.0,278.0,mask PCA skeleton + low contact point,generated_videos/control_points_2_car.mp4
764,0,car_racing_ego_car,1.0,288.0,278.0,312.0,320.0,653,contact_low,299.0,318.0,mask PCA skeleton + low contact point,generated_videos/control_points_2_car.mp4
765,0,car_racing_ego_car,1.0,288.0,278.0,312.0,320.0,653,centroid,299.511474609375,299.8958740234375,mask PCA skeleton + low contact point,generated_videos/control_points_2_car.mp4
765,0,car_racing_ego_car,1.0,288.0,278.0,312.0,320.0,653,axis_front,290.0,319.0,mask PCA skeleton + low contact point,generated_videos/control_points_2_car.mp4
765,0,car_racing_ego_car,1.0,288.0,278.0,312.0,320.0,653,axis_back,311.0,278.0,mask PCA skeleton + low contact point,generated_videos/control_points_2_car.mp4
765,0,car_racing_ego_car,1.0,288.0,278.0,312.0,320.0,653,axis_left,311.0,281.0,mask PCA skeleton + low contact point,generated_videos/control_points_2_car.mp4
765,0,car_racing_ego_car,1.0,288.0,278.0,312.0,320.0,653,axis_right,288.0,278.0,mask PCA skeleton + low contact point,generated_videos/control_points_2_car.mp4
765,0,car_racing_ego_car,1.0,288.0,278.0,312.0,320.0,653,contact_low,299.0,318.0,mask PCA skeleton + low contact point,generated_videos/control_points_2_car.mp4
766,0,car_racing_ego_car,1.0,288.0,278.0,312.0,320.0,655,centroid,299.44122314453125,299.8427429199219,mask PCA skeleton + low contact point,generated_videos/control_points_2_car.mp4
766,0,car_racing_ego_car,1.0,288.0,278.0,312.0,320.0,655,axis_front,309.0,319.0,mask PCA skeleton + low contact point,generated_videos/control_points_2_car.mp4
766,0,car_racing_ego_car,1.0,288.0,278.0,312.0,320.0,655,axis_back,288.0,278.0,mask PCA skeleton + low contact point,generated_videos/control_points_2_car.mp4
766,0,car_racing_ego_car,1.0,288.0,278.0,312.0,320.0,655,axis_left,311.0,278.0,mask PCA skeleton + low contact point,generated_videos/control_points_2_car.mp4
766,0,car_racing_ego_car,1.0,288.0,278.0,312.0,320.0,655,axis_right,288.0,281.0,mask PCA skeleton + low contact point,generated_videos/control_points_2_car.mp4
766,0,car_racing_ego_car,1.0,288.0,278.0,312.0,320.0,655,contact_low,299.0,318.0,mask PCA skeleton + low contact point,generated_videos/control_points_2_car.mp4
767,0,car_racing_ego_car,1.0,288.0,278.0,312.0,320.0,655,centroid,299.44122314453125,299.8427429199219,mask PCA skeleton + low contact point,generated_videos/control_points_2_car.mp4
767,0,car_racing_ego_car,1.0,288.0,278.0,312.0,320.0,655,axis_front,309.0,319.0,mask PCA skeleton + low contact point,generated_videos/control_points_2_car.mp4
767,0,car_racing_ego_car,1.0,288.0,278.0,312.0,320.0,655,axis_back,288.0,278.0,mask PCA skeleton + low contact point,generated_videos/control_points_2_car.mp4
767,0,car_racing_ego_car,1.0,288.0,278.0,312.0,320.0,655,axis_left,311.0,278.0,mask PCA skeleton + low contact point,generated_videos/control_points_2_car.mp4
767,0,car_racing_ego_car,1.0,288.0,278.0,312.0,320.0,655,axis_right,288.0,281.0,mask PCA skeleton + low contact point,generated_videos/control_points_2_car.mp4
767,0,car_racing_ego_car,1.0,288.0,278.0,312.0,320.0,655,contact_low,299.0,318.0,mask PCA skeleton + low contact point,generated_videos/control_points_2_car.mp4
768,0,car_racing_ego_car,1.0,288.0,278.0,312.0,320.0,653,centroid,299.511474609375,299.8958740234375,mask PCA skeleton + low contact point,generated_videos/control_points_2_car.mp4
768,0,car_racing_ego_car,1.0,288.0,278.0,312.0,320.0,653,axis_front,290.0,319.0,mask PCA skeleton + low contact point,generated_videos/control_points_2_car.mp4
768,0,car_racing_ego_car,1.0,288.0,278.0,312.0,320.0,653,axis_back,311.0,278.0,mask PCA skeleton + low contact point,generated_videos/control_points_2_car.mp4
768,0,car_racing_ego_car,1.0,288.0,278.0,312.0,320.0,653,axis_left,311.0,281.0,mask PCA skeleton + low contact point,generated_videos/control_points_2_car.mp4
768,0,car_racing_ego_car,1.0,288.0,278.0,312.0,320.0,653,axis_right,288.0,278.0,mask PCA skeleton + low contact point,generated_videos/control_points_2_car.mp4
768,0,car_racing_ego_car,1.0,288.0,278.0,312.0,320.0,653,contact_low,299.0,318.0,mask PCA skeleton + low contact point,generated_videos/control_points_2_car.mp4
769,0,car_racing_ego_car,1.0,288.0,278.0,312.0,320.0,653,centroid,299.511474609375,299.8958740234375,mask PCA skeleton + low contact point,generated_videos/control_points_2_car.mp4
769,0,car_racing_ego_car,1.0,288.0,278.0,312.0,320.0,653,axis_front,290.0,319.0,mask PCA skeleton + low contact point,generated_videos/control_points_2_car.mp4
769,0,car_racing_ego_car,1.0,288.0,278.0,312.0,320.0,653,axis_back,311.0,278.0,mask PCA skeleton + low contact point,generated_videos/control_points_2_car.mp4
769,0,car_racing_ego_car,1.0,288.0,278.0,312.0,320.0,653,axis_left,311.0,281.0,mask PCA skeleton + low contact point,generated_videos/control_points_2_car.mp4
769,0,car_racing_ego_car,1.0,288.0,278.0,312.0,320.0,653,axis_right,288.0,278.0,mask PCA skeleton + low contact point,generated_videos/control_points_2_car.mp4
769,0,car_racing_ego_car,1.0,288.0,278.0,312.0,320.0,653,contact_low,299.0,318.0,mask PCA skeleton + low contact point,generated_videos/control_points_2_car.mp4
770,0,car_racing_ego_car,1.0,288.0,278.0,312.0,320.0,656,centroid,299.45123291015625,299.81707763671875,mask PCA skeleton + low contact point,generated_videos/control_points_2_car.mp4
770,0,car_racing_ego_car,1.0,288.0,278.0,312.0,320.0,656,axis_front,309.0,319.0,mask PCA skeleton + low contact point,generated_videos/control_points_2_car.mp4
770,0,car_racing_ego_car,1.0,288.0,278.0,312.0,320.0,656,axis_back,288.0,278.0,mask PCA skeleton + low contact point,generated_videos/control_points_2_car.mp4
770,0,car_racing_ego_car,1.0,288.0,278.0,312.0,320.0,656,axis_left,311.0,278.0,mask PCA skeleton + low contact point,generated_videos/control_points_2_car.mp4
770,0,car_racing_ego_car,1.0,288.0,278.0,312.0,320.0,656,axis_right,288.0,281.0,mask PCA skeleton + low contact point,generated_videos/control_points_2_car.mp4
770,0,car_racing_ego_car,1.0,288.0,278.0,312.0,320.0,656,contact_low,299.0,318.0,mask PCA skeleton + low contact point,generated_videos/control_points_2_car.mp4
771,0,car_racing_ego_car,1.0,288.0,278.0,312.0,320.0,656,centroid,299.45123291015625,299.81707763671875,mask PCA skeleton + low contact point,generated_videos/control_points_2_car.mp4
771,0,car_racing_ego_car,1.0,288.0,278.0,312.0,320.0,656,axis_front,309.0,319.0,mask PCA skeleton + low contact point,generated_videos/control_points_2_car.mp4
771,0,car_racing_ego_car,1.0,288.0,278.0,312.0,320.0,656,axis_back,288.0,278.0,mask PCA skeleton + low contact point,generated_videos/control_points_2_car.mp4
771,0,car_racing_ego_car,1.0,288.0,278.0,312.0,320.0,656,axis_left,311.0,278.0,mask PCA skeleton + low contact point,generated_videos/control_points_2_car.mp4
771,0,car_racing_ego_car,1.0,288.0,278.0,312.0,320.0,656,axis_right,288.0,281.0,mask PCA skeleton + low contact point,generated_videos/control_points_2_car.mp4
771,0,car_racing_ego_car,1.0,288.0,278.0,312.0,320.0,656,contact_low,299.0,318.0,mask PCA skeleton + low contact point,generated_videos/control_points_2_car.mp4
772,0,car_racing_ego_car,1.0,288.0,278.0,312.0,320.0,657,centroid,299.4809875488281,299.8630065917969,mask PCA skeleton + low contact point,generated_videos/control_points_2_car.mp4
772,0,car_racing_ego_car,1.0,288.0,278.0,312.0,320.0,657,axis_front,290.0,319.0,mask PCA skeleton + low contact point,generated_videos/control_points_2_car.mp4
772,0,car_racing_ego_car,1.0,288.0,278.0,312.0,320.0,657,axis_back,311.0,278.0,mask PCA skeleton + low contact point,generated_videos/control_points_2_car.mp4
772,0,car_racing_ego_car,1.0,288.0,278.0,312.0,320.0,657,axis_left,311.0,281.0,mask PCA skeleton + low contact point,generated_videos/control_points_2_car.mp4
772,0,car_racing_ego_car,1.0,288.0,278.0,312.0,320.0,657,axis_right,288.0,278.0,mask PCA skeleton + low contact point,generated_videos/control_points_2_car.mp4
772,0,car_racing_ego_car,1.0,288.0,278.0,312.0,320.0,657,contact_low,299.0,318.0,mask PCA skeleton + low contact point,generated_videos/control_points_2_car.mp4
773,0,car_racing_ego_car,1.0,288.0,278.0,312.0,320.0,657,centroid,299.4809875488281,299.8630065917969,mask PCA skeleton + low contact point,generated_videos/control_points_2_car.mp4
773,0,car_racing_ego_car,1.0,288.0,278.0,312.0,320.0,657,axis_front,290.0,319.0,mask PCA skeleton + low contact point,generated_videos/control_points_2_car.mp4
773,0,car_racing_ego_car,1.0,288.0,278.0,312.0,320.0,657,axis_back,311.0,278.0,mask PCA skeleton + low contact point,generated_videos/control_points_2_car.mp4
773,0,car_racing_ego_car,1.0,288.0,278.0,312.0,320.0,657,axis_left,311.0,281.0,mask PCA skeleton + low contact point,generated_videos/control_points_2_car.mp4
773,0,car_racing_ego_car,1.0,288.0,278.0,312.0,320.0,657,axis_right,288.0,278.0,mask PCA skeleton + low contact point,generated_videos/control_points_2_car.mp4
773,0,car_racing_ego_car,1.0,288.0,278.0,312.0,320.0,657,contact_low,299.0,318.0,mask PCA skeleton + low contact point,generated_videos/control_points_2_car.mp4
774,0,car_racing_ego_car,1.0,288.0,278.0,312.0,320.0,656,centroid,299.45123291015625,299.81707763671875,mask PCA skeleton + low contact point,generated_videos/control_points_2_car.mp4
774,0,car_racing_ego_car,1.0,288.0,278.0,312.0,320.0,656,axis_front,309.0,319.0,mask PCA skeleton + low contact point,generated_videos/control_points_2_car.mp4
774,0,car_racing_ego_car,1.0,288.0,278.0,312.0,320.0,656,axis_back,288.0,278.0,mask PCA skeleton + low contact point,generated_videos/control_points_2_car.mp4
774,0,car_racing_ego_car,1.0,288.0,278.0,312.0,320.0,656,axis_left,311.0,278.0,mask PCA skeleton + low contact point,generated_videos/control_points_2_car.mp4
774,0,car_racing_ego_car,1.0,288.0,278.0,312.0,320.0,656,axis_right,288.0,281.0,mask PCA skeleton + low contact point,generated_videos/control_points_2_car.mp4
774,0,car_racing_ego_car,1.0,288.0,278.0,312.0,320.0,656,contact_low,299.0,318.0,mask PCA skeleton + low contact point,generated_videos/control_points_2_car.mp4
775,0,car_racing_ego_car,1.0,288.0,278.0,312.0,320.0,654,centroid,299.52294921875,299.8700256347656,mask PCA skeleton + low contact point,generated_videos/control_points_2_car.mp4
775,0,car_racing_ego_car,1.0,288.0,278.0,312.0,320.0,654,axis_front,290.0,319.0,mask PCA skeleton + low contact point,generated_videos/control_points_2_car.mp4
775,0,car_racing_ego_car,1.0,288.0,278.0,312.0,320.0,654,axis_back,311.0,278.0,mask PCA skeleton + low contact point,generated_videos/control_points_2_car.mp4
775,0,car_racing_ego_car,1.0,288.0,278.0,312.0,320.0,654,axis_left,311.0,281.0,mask PCA skeleton + low contact point,generated_videos/control_points_2_car.mp4
775,0,car_racing_ego_car,1.0,288.0,278.0,312.0,320.0,654,axis_right,288.0,278.0,mask PCA skeleton + low contact point,generated_videos/control_points_2_car.mp4
775,0,car_racing_ego_car,1.0,288.0,278.0,312.0,320.0,654,contact_low,299.0,318.0,mask PCA skeleton + low contact point,generated_videos/control_points_2_car.mp4
776,0,car_racing_ego_car,1.0,288.0,278.0,312.0,320.0,654,centroid,299.52294921875,299.8700256347656,mask PCA skeleton + low contact point,generated_videos/control_points_2_car.mp4
776,0,car_racing_ego_car,1.0,288.0,278.0,312.0,320.0,654,axis_front,290.0,319.0,mask PCA skeleton + low contact point,generated_videos/control_points_2_car.mp4
776,0,car_racing_ego_car,1.0,288.0,278.0,312.0,320.0,654,axis_back,311.0,278.0,mask PCA skeleton + low contact point,generated_videos/control_points_2_car.mp4
776,0,car_racing_ego_car,1.0,288.0,278.0,312.0,320.0,654,axis_left,311.0,281.0,mask PCA skeleton + low contact point,generated_videos/control_points_2_car.mp4
776,0,car_racing_ego_car,1.0,288.0,278.0,312.0,320.0,654,axis_right,288.0,278.0,mask PCA skeleton + low contact point,generated_videos/control_points_2_car.mp4
776,0,car_racing_ego_car,1.0,288.0,278.0,312.0,320.0,654,contact_low,299.0,318.0,mask PCA skeleton + low contact point,generated_videos/control_points_2_car.mp4
777,0,car_racing_ego_car,1.0,288.0,278.0,312.0,320.0,654,centroid,299.47705078125,299.8700256347656,mask PCA skeleton + low contact point,generated_videos/control_points_2_car.mp4
777,0,car_racing_ego_car,1.0,288.0,278.0,312.0,320.0,654,axis_front,309.0,319.0,mask PCA skeleton + low contact point,generated_videos/control_points_2_car.mp4
777,0,car_racing_ego_car,1.0,288.0,278.0,312.0,320.0,654,axis_back,288.0,278.0,mask PCA skeleton + low contact point,generated_videos/control_points_2_car.mp4
777,0,car_racing_ego_car,1.0,288.0,278.0,312.0,320.0,654,axis_left,311.0,278.0,mask PCA skeleton + low contact point,generated_videos/control_points_2_car.mp4
777,0,car_racing_ego_car,1.0,288.0,278.0,312.0,320.0,654,axis_right,288.0,281.0,mask PCA skeleton + low contact point,generated_videos/control_points_2_car.mp4
777,0,car_racing_ego_car,1.0,288.0,278.0,312.0,320.0,654,contact_low,299.0,318.0,mask PCA skeleton + low contact point,generated_videos/control_points_2_car.mp4
778,0,car_racing_ego_car,1.0,288.0,278.0,312.0,320.0,654,centroid,299.47705078125,299.8700256347656,mask PCA skeleton + low contact point,generated_videos/control_points_2_car.mp4
778,0,car_racing_ego_car,1.0,288.0,278.0,312.0,320.0,654,axis_front,309.0,319.0,mask PCA skeleton + low contact point,generated_videos/control_points_2_car.mp4
778,0,car_racing_ego_car,1.0,288.0,278.0,312.0,320.0,654,axis_back,288.0,278.0,mask PCA skeleton + low contact point,generated_videos/control_points_2_car.mp4
778,0,car_racing_ego_car,1.0,288.0,278.0,312.0,320.0,654,axis_left,311.0,278.0,mask PCA skeleton + low contact point,generated_videos/control_points_2_car.mp4
778,0,car_racing_ego_car,1.0,288.0,278.0,312.0,320.0,654,axis_right,288.0,281.0,mask PCA skeleton + low contact point,generated_videos/control_points_2_car.mp4
778,0,car_racing_ego_car,1.0,288.0,278.0,312.0,320.0,654,contact_low,299.0,318.0,mask PCA skeleton + low contact point,generated_videos/control_points_2_car.mp4
779,0,car_racing_ego_car,1.0,288.0,278.0,312.0,320.0,660,centroid,299.43939208984375,299.845458984375,mask PCA skeleton + low contact point,generated_videos/control_points_2_car.mp4
779,0,car_racing_ego_car,1.0,288.0,278.0,312.0,320.0,660,axis_front,309.0,319.0,mask PCA skeleton + low contact point,generated_videos/control_points_2_car.mp4
779,0,car_racing_ego_car,1.0,288.0,278.0,312.0,320.0,660,axis_back,288.0,278.0,mask PCA skeleton + low contact point,generated_videos/control_points_2_car.mp4
779,0,car_racing_ego_car,1.0,288.0,278.0,312.0,320.0,660,axis_left,311.0,278.0,mask PCA skeleton + low contact point,generated_videos/control_points_2_car.mp4
779,0,car_racing_ego_car,1.0,288.0,278.0,312.0,320.0,660,axis_right,288.0,281.0,mask PCA skeleton + low contact point,generated_videos/control_points_2_car.mp4
779,0,car_racing_ego_car,1.0,288.0,278.0,312.0,320.0,660,contact_low,299.0,318.0,mask PCA skeleton + low contact point,generated_videos/control_points_2_car.mp4
780,0,car_racing_ego_car,1.0,288.0,278.0,312.0,320.0,660,centroid,299.43939208984375,299.845458984375,mask PCA skeleton + low contact point,generated_videos/control_points_2_car.mp4
780,0,car_racing_ego_car,1.0,288.0,278.0,312.0,320.0,660,axis_front,309.0,319.0,mask PCA skeleton + low contact point,generated_videos/control_points_2_car.mp4
780,0,car_racing_ego_car,1.0,288.0,278.0,312.0,320.0,660,axis_back,288.0,278.0,mask PCA skeleton + low contact point,generated_videos/control_points_2_car.mp4
780,0,car_racing_ego_car,1.0,288.0,278.0,312.0,320.0,660,axis_left,311.0,278.0,mask PCA skeleton + low contact point,generated_videos/control_points_2_car.mp4
780,0,car_racing_ego_car,1.0,288.0,278.0,312.0,320.0,660,axis_right,288.0,281.0,mask PCA skeleton + low contact point,generated_videos/control_points_2_car.mp4
780,0,car_racing_ego_car,1.0,288.0,278.0,312.0,320.0,660,contact_low,299.0,318.0,mask PCA skeleton + low contact point,generated_videos/control_points_2_car.mp4
781,0,car_racing_ego_car,1.0,288.0,278.0,312.0,320.0,656,centroid,299.45123291015625,299.81707763671875,mask PCA skeleton + low contact point,generated_videos/control_points_2_car.mp4
781,0,car_racing_ego_car,1.0,288.0,278.0,312.0,320.0,656,axis_front,309.0,319.0,mask PCA skeleton + low contact point,generated_videos/control_points_2_car.mp4
781,0,car_racing_ego_car,1.0,288.0,278.0,312.0,320.0,656,axis_back,288.0,278.0,mask PCA skeleton + low contact point,generated_videos/control_points_2_car.mp4
781,0,car_racing_ego_car,1.0,288.0,278.0,312.0,320.0,656,axis_left,311.0,278.0,mask PCA skeleton + low contact point,generated_videos/control_points_2_car.mp4
781,0,car_racing_ego_car,1.0,288.0,278.0,312.0,320.0,656,axis_right,288.0,281.0,mask PCA skeleton + low contact point,generated_videos/control_points_2_car.mp4
781,0,car_racing_ego_car,1.0,288.0,278.0,312.0,320.0,656,contact_low,299.0,318.0,mask PCA skeleton + low contact point,generated_videos/control_points_2_car.mp4
782,0,car_racing_ego_car,1.0,288.0,278.0,312.0,320.0,656,centroid,299.45123291015625,299.81707763671875,mask PCA skeleton + low contact point,generated_videos/control_points_2_car.mp4
782,0,car_racing_ego_car,1.0,288.0,278.0,312.0,320.0,656,axis_front,309.0,319.0,mask PCA skeleton + low contact point,generated_videos/control_points_2_car.mp4
782,0,car_racing_ego_car,1.0,288.0,278.0,312.0,320.0,656,axis_back,288.0,278.0,mask PCA skeleton + low contact point,generated_videos/control_points_2_car.mp4
782,0,car_racing_ego_car,1.0,288.0,278.0,312.0,320.0,656,axis_left,311.0,278.0,mask PCA skeleton + low contact point,generated_videos/control_points_2_car.mp4
782,0,car_racing_ego_car,1.0,288.0,278.0,312.0,320.0,656,axis_right,288.0,281.0,mask PCA skeleton + low contact point,generated_videos/control_points_2_car.mp4
782,0,car_racing_ego_car,1.0,288.0,278.0,312.0,320.0,656,contact_low,299.0,318.0,mask PCA skeleton + low contact point,generated_videos/control_points_2_car.mp4
783,0,car_racing_ego_car,1.0,288.0,278.0,312.0,320.0,668,centroid,299.3083801269531,300.0808410644531,mask PCA skeleton + low contact point,generated_videos/control_points_2_car.mp4
783,0,car_racing_ego_car,1.0,288.0,278.0,312.0,320.0,668,axis_front,290.0,319.0,mask PCA skeleton + low contact point,generated_videos/control_points_2_car.mp4
783,0,car_racing_ego_car,1.0,288.0,278.0,312.0,320.0,668,axis_back,311.0,278.0,mask PCA skeleton + low contact point,generated_videos/control_points_2_car.mp4
783,0,car_racing_ego_car,1.0,288.0,278.0,312.0,320.0,668,axis_left,311.0,281.0,mask PCA skeleton + low contact point,generated_videos/control_points_2_car.mp4
783,0,car_racing_ego_car,1.0,288.0,278.0,312.0,320.0,668,axis_right,288.0,278.0,mask PCA skeleton + low contact point,generated_videos/control_points_2_car.mp4
783,0,car_racing_ego_car,1.0,288.0,278.0,312.0,320.0,668,contact_low,299.0,318.0,mask PCA skeleton + low contact point,generated_videos/control_points_2_car.mp4
784,0,car_racing_ego_car,1.0,288.0,278.0,312.0,320.0,668,centroid,299.3083801269531,300.0808410644531,mask PCA skeleton + low contact point,generated_videos/control_points_2_car.mp4
784,0,car_racing_ego_car,1.0,288.0,278.0,312.0,320.0,668,axis_front,290.0,319.0,mask PCA skeleton + low contact point,generated_videos/control_points_2_car.mp4
784,0,car_racing_ego_car,1.0,288.0,278.0,312.0,320.0,668,axis_back,311.0,278.0,mask PCA skeleton + low contact point,generated_videos/control_points_2_car.mp4
784,0,car_racing_ego_car,1.0,288.0,278.0,312.0,320.0,668,axis_left,311.0,281.0,mask PCA skeleton + low contact point,generated_videos/control_points_2_car.mp4
784,0,car_racing_ego_car,1.0,288.0,278.0,312.0,320.0,668,axis_right,288.0,278.0,mask PCA skeleton + low contact point,generated_videos/control_points_2_car.mp4
784,0,car_racing_ego_car,1.0,288.0,278.0,312.0,320.0,668,contact_low,299.0,318.0,mask PCA skeleton + low contact point,generated_videos/control_points_2_car.mp4
785,0,car_racing_ego_car,1.0,288.0,278.0,312.0,320.0,654,centroid,299.47705078125,299.8700256347656,mask PCA skeleton + low contact point,generated_videos/control_points_2_car.mp4
785,0,car_racing_ego_car,1.0,288.0,278.0,312.0,320.0,654,axis_front,309.0,319.0,mask PCA skeleton + low contact point,generated_videos/control_points_2_car.mp4
785,0,car_racing_ego_car,1.0,288.0,278.0,312.0,320.0,654,axis_back,288.0,278.0,mask PCA skeleton + low contact point,generated_videos/control_points_2_car.mp4
785,0,car_racing_ego_car,1.0,288.0,278.0,312.0,320.0,654,axis_left,311.0,278.0,mask PCA skeleton + low contact point,generated_videos/control_points_2_car.mp4
785,0,car_racing_ego_car,1.0,288.0,278.0,312.0,320.0,654,axis_right,288.0,281.0,mask PCA skeleton + low contact point,generated_videos/control_points_2_car.mp4
785,0,car_racing_ego_car,1.0,288.0,278.0,312.0,320.0,654,contact_low,299.0,318.0,mask PCA skeleton + low contact point,generated_videos/control_points_2_car.mp4
786,0,car_racing_ego_car,1.0,288.0,278.0,312.0,320.0,654,centroid,299.47705078125,299.8700256347656,mask PCA skeleton + low contact point,generated_videos/control_points_2_car.mp4
786,0,car_racing_ego_car,1.0,288.0,278.0,312.0,320.0,654,axis_front,309.0,319.0,mask PCA skeleton + low contact point,generated_videos/control_points_2_car.mp4
786,0,car_racing_ego_car,1.0,288.0,278.0,312.0,320.0,654,axis_back,288.0,278.0,mask PCA skeleton + low contact point,generated_videos/control_points_2_car.mp4
786,0,car_racing_ego_car,1.0,288.0,278.0,312.0,320.0,654,axis_left,311.0,278.0,mask PCA skeleton + low contact point,generated_videos/control_points_2_car.mp4
786,0,car_racing_ego_car,1.0,288.0,278.0,312.0,320.0,654,axis_right,288.0,281.0,mask PCA skeleton + low contact point,generated_videos/control_points_2_car.mp4
786,0,car_racing_ego_car,1.0,288.0,278.0,312.0,320.0,654,contact_low,299.0,318.0,mask PCA skeleton + low contact point,generated_videos/control_points_2_car.mp4
787,0,car_racing_ego_car,1.0,288.0,278.0,312.0,320.0,654,centroid,299.47705078125,299.8700256347656,mask PCA skeleton + low contact point,generated_videos/control_points_2_car.mp4
787,0,car_racing_ego_car,1.0,288.0,278.0,312.0,320.0,654,axis_front,309.0,319.0,mask PCA skeleton + low contact point,generated_videos/control_points_2_car.mp4
787,0,car_racing_ego_car,1.0,288.0,278.0,312.0,320.0,654,axis_back,288.0,278.0,mask PCA skeleton + low contact point,generated_videos/control_points_2_car.mp4
787,0,car_racing_ego_car,1.0,288.0,278.0,312.0,320.0,654,axis_left,311.0,278.0,mask PCA skeleton + low contact point,generated_videos/control_points_2_car.mp4
787,0,car_racing_ego_car,1.0,288.0,278.0,312.0,320.0,654,axis_right,288.0,281.0,mask PCA skeleton + low contact point,generated_videos/control_points_2_car.mp4
787,0,car_racing_ego_car,1.0,288.0,278.0,312.0,320.0,654,contact_low,299.0,318.0,mask PCA skeleton + low contact point,generated_videos/control_points_2_car.mp4
788,0,car_racing_ego_car,1.0,288.0,278.0,312.0,320.0,654,centroid,299.47705078125,299.8700256347656,mask PCA skeleton + low contact point,generated_videos/control_points_2_car.mp4
788,0,car_racing_ego_car,1.0,288.0,278.0,312.0,320.0,654,axis_front,309.0,319.0,mask PCA skeleton + low contact point,generated_videos/control_points_2_car.mp4
788,0,car_racing_ego_car,1.0,288.0,278.0,312.0,320.0,654,axis_back,288.0,278.0,mask PCA skeleton + low contact point,generated_videos/control_points_2_car.mp4
788,0,car_racing_ego_car,1.0,288.0,278.0,312.0,320.0,654,axis_left,311.0,278.0,mask PCA skeleton + low contact point,generated_videos/control_points_2_car.mp4
788,0,car_racing_ego_car,1.0,288.0,278.0,312.0,320.0,654,axis_right,288.0,281.0,mask PCA skeleton + low contact point,generated_videos/control_points_2_car.mp4
788,0,car_racing_ego_car,1.0,288.0,278.0,312.0,320.0,654,contact_low,299.0,318.0,mask PCA skeleton + low contact point,generated_videos/control_points_2_car.mp4
789,0,car_racing_ego_car,1.0,288.0,278.0,312.0,320.0,654,centroid,299.52294921875,299.8700256347656,mask PCA skeleton + low contact point,generated_videos/control_points_2_car.mp4
789,0,car_racing_ego_car,1.0,288.0,278.0,312.0,320.0,654,axis_front,290.0,319.0,mask PCA skeleton + low contact point,generated_videos/control_points_2_car.mp4
789,0,car_racing_ego_car,1.0,288.0,278.0,312.0,320.0,654,axis_back,311.0,278.0,mask PCA skeleton + low contact point,generated_videos/control_points_2_car.mp4
789,0,car_racing_ego_car,1.0,288.0,278.0,312.0,320.0,654,axis_left,311.0,281.0,mask PCA skeleton + low contact point,generated_videos/control_points_2_car.mp4
789,0,car_racing_ego_car,1.0,288.0,278.0,312.0,320.0,654,axis_right,288.0,278.0,mask PCA skeleton + low contact point,generated_videos/control_points_2_car.mp4
789,0,car_racing_ego_car,1.0,288.0,278.0,312.0,320.0,654,contact_low,299.0,318.0,mask PCA skeleton + low contact point,generated_videos/control_points_2_car.mp4
790,0,car_racing_ego_car,1.0,288.0,278.0,312.0,320.0,654,centroid,299.52294921875,299.8700256347656,mask PCA skeleton + low contact point,generated_videos/control_points_2_car.mp4
790,0,car_racing_ego_car,1.0,288.0,278.0,312.0,320.0,654,axis_front,290.0,319.0,mask PCA skeleton + low contact point,generated_videos/control_points_2_car.mp4
790,0,car_racing_ego_car,1.0,288.0,278.0,312.0,320.0,654,axis_back,311.0,278.0,mask PCA skeleton + low contact point,generated_videos/control_points_2_car.mp4
790,0,car_racing_ego_car,1.0,288.0,278.0,312.0,320.0,654,axis_left,311.0,281.0,mask PCA skeleton + low contact point,generated_videos/control_points_2_car.mp4
790,0,car_racing_ego_car,1.0,288.0,278.0,312.0,320.0,654,axis_right,288.0,278.0,mask PCA skeleton + low contact point,generated_videos/control_points_2_car.mp4
790,0,car_racing_ego_car,1.0,288.0,278.0,312.0,320.0,654,contact_low,299.0,318.0,mask PCA skeleton + low contact point,generated_videos/control_points_2_car.mp4
791,0,car_racing_ego_car,1.0,288.0,278.0,312.0,320.0,654,centroid,299.47705078125,299.8700256347656,mask PCA skeleton + low contact point,generated_videos/control_points_2_car.mp4
791,0,car_racing_ego_car,1.0,288.0,278.0,312.0,320.0,654,axis_front,309.0,319.0,mask PCA skeleton + low contact point,generated_videos/control_points_2_car.mp4
791,0,car_racing_ego_car,1.0,288.0,278.0,312.0,320.0,654,axis_back,288.0,278.0,mask PCA skeleton + low contact point,generated_videos/control_points_2_car.mp4
791,0,car_racing_ego_car,1.0,288.0,278.0,312.0,320.0,654,axis_left,311.0,278.0,mask PCA skeleton + low contact point,generated_videos/control_points_2_car.mp4
791,0,car_racing_ego_car,1.0,288.0,278.0,312.0,320.0,654,axis_right,288.0,281.0,mask PCA skeleton + low contact point,generated_videos/control_points_2_car.mp4
791,0,car_racing_ego_car,1.0,288.0,278.0,312.0,320.0,654,contact_low,299.0,318.0,mask PCA skeleton + low contact point,generated_videos/control_points_2_car.mp4
792,0,car_racing_ego_car,1.0,288.0,278.0,312.0,320.0,654,centroid,299.47705078125,299.8700256347656,mask PCA skeleton + low contact point,generated_videos/control_points_2_car.mp4
792,0,car_racing_ego_car,1.0,288.0,278.0,312.0,320.0,654,axis_front,309.0,319.0,mask PCA skeleton + low contact point,generated_videos/control_points_2_car.mp4
792,0,car_racing_ego_car,1.0,288.0,278.0,312.0,320.0,654,axis_back,288.0,278.0,mask PCA skeleton + low contact point,generated_videos/control_points_2_car.mp4
792,0,car_racing_ego_car,1.0,288.0,278.0,312.0,320.0,654,axis_left,311.0,278.0,mask PCA skeleton + low contact point,generated_videos/control_points_2_car.mp4
792,0,car_racing_ego_car,1.0,288.0,278.0,312.0,320.0,654,axis_right,288.0,281.0,mask PCA skeleton + low contact point,generated_videos/control_points_2_car.mp4
792,0,car_racing_ego_car,1.0,288.0,278.0,312.0,320.0,654,contact_low,299.0,318.0,mask PCA skeleton + low contact point,generated_videos/control_points_2_car.mp4
793,0,car_racing_ego_car,1.0,288.0,278.0,312.0,320.0,664,centroid,299.4096374511719,299.7891540527344,mask PCA skeleton + low contact point,generated_videos/control_points_2_car.mp4
793,0,car_racing_ego_car,1.0,288.0,278.0,312.0,320.0,664,axis_front,309.0,319.0,mask PCA skeleton + low contact point,generated_videos/control_points_2_car.mp4
793,0,car_racing_ego_car,1.0,288.0,278.0,312.0,320.0,664,axis_back,288.0,278.0,mask PCA skeleton + low contact point,generated_videos/control_points_2_car.mp4
793,0,car_racing_ego_car,1.0,288.0,278.0,312.0,320.0,664,axis_left,311.0,278.0,mask PCA skeleton + low contact point,generated_videos/control_points_2_car.mp4
793,0,car_racing_ego_car,1.0,288.0,278.0,312.0,320.0,664,axis_right,288.0,281.0,mask PCA skeleton + low contact point,generated_videos/control_points_2_car.mp4
793,0,car_racing_ego_car,1.0,288.0,278.0,312.0,320.0,664,contact_low,299.0,318.0,mask PCA skeleton + low contact point,generated_videos/control_points_2_car.mp4
794,0,car_racing_ego_car,1.0,288.0,278.0,312.0,320.0,664,centroid,299.4096374511719,299.7891540527344,mask PCA skeleton + low contact point,generated_videos/control_points_2_car.mp4
794,0,car_racing_ego_car,1.0,288.0,278.0,312.0,320.0,664,axis_front,309.0,319.0,mask PCA skeleton + low contact point,generated_videos/control_points_2_car.mp4
794,0,car_racing_ego_car,1.0,288.0,278.0,312.0,320.0,664,axis_back,288.0,278.0,mask PCA skeleton + low contact point,generated_videos/control_points_2_car.mp4
794,0,car_racing_ego_car,1.0,288.0,278.0,312.0,320.0,664,axis_left,311.0,278.0,mask PCA skeleton + low contact point,generated_videos/control_points_2_car.mp4
794,0,car_racing_ego_car,1.0,288.0,278.0,312.0,320.0,664,axis_right,288.0,281.0,mask PCA skeleton + low contact point,generated_videos/control_points_2_car.mp4
794,0,car_racing_ego_car,1.0,288.0,278.0,312.0,320.0,664,contact_low,299.0,318.0,mask PCA skeleton + low contact point,generated_videos/control_points_2_car.mp4
795,0,car_racing_ego_car,1.0,288.0,278.0,312.0,320.0,662,centroid,299.35650634765625,299.6601257324219,mask PCA skeleton + low contact point,generated_videos/control_points_2_car.mp4
795,0,car_racing_ego_car,1.0,288.0,278.0,312.0,320.0,662,axis_front,309.0,319.0,mask PCA skeleton + low contact point,generated_videos/control_points_2_car.mp4
795,0,car_racing_ego_car,1.0,288.0,278.0,312.0,320.0,662,axis_back,288.0,278.0,mask PCA skeleton + low contact point,generated_videos/control_points_2_car.mp4
795,0,car_racing_ego_car,1.0,288.0,278.0,312.0,320.0,662,axis_left,311.0,278.0,mask PCA skeleton + low contact point,generated_videos/control_points_2_car.mp4
795,0,car_racing_ego_car,1.0,288.0,278.0,312.0,320.0,662,axis_right,288.0,283.0,mask PCA skeleton + low contact point,generated_videos/control_points_2_car.mp4
795,0,car_racing_ego_car,1.0,288.0,278.0,312.0,320.0,662,contact_low,299.0,318.0,mask PCA skeleton + low contact point,generated_videos/control_points_2_car.mp4
796,0,car_racing_ego_car,1.0,288.0,278.0,312.0,320.0,662,centroid,299.35650634765625,299.6601257324219,mask PCA skeleton + low contact point,generated_videos/control_points_2_car.mp4
796,0,car_racing_ego_car,1.0,288.0,278.0,312.0,320.0,662,axis_front,309.0,319.0,mask PCA skeleton + low contact point,generated_videos/control_points_2_car.mp4
796,0,car_racing_ego_car,1.0,288.0,278.0,312.0,320.0,662,axis_back,288.0,278.0,mask PCA skeleton + low contact point,generated_videos/control_points_2_car.mp4
796,0,car_racing_ego_car,1.0,288.0,278.0,312.0,320.0,662,axis_left,311.0,278.0,mask PCA skeleton + low contact point,generated_videos/control_points_2_car.mp4
796,0,car_racing_ego_car,1.0,288.0,278.0,312.0,320.0,662,axis_right,288.0,283.0,mask PCA skeleton + low contact point,generated_videos/control_points_2_car.mp4
796,0,car_racing_ego_car,1.0,288.0,278.0,312.0,320.0,662,contact_low,299.0,318.0,mask PCA skeleton + low contact point,generated_videos/control_points_2_car.mp4
797,0,car_racing_ego_car,1.0,288.0,278.0,312.0,320.0,656,centroid,299.4695129394531,299.8902587890625,mask PCA skeleton + low contact point,generated_videos/control_points_2_car.mp4
797,0,car_racing_ego_car,1.0,288.0,278.0,312.0,320.0,656,axis_front,309.0,319.0,mask PCA skeleton + low contact point,generated_videos/control_points_2_car.mp4
797,0,car_racing_ego_car,1.0,288.0,278.0,312.0,320.0,656,axis_back,288.0,278.0,mask PCA skeleton + low contact point,generated_videos/control_points_2_car.mp4
797,0,car_racing_ego_car,1.0,288.0,278.0,312.0,320.0,656,axis_left,311.0,278.0,mask PCA skeleton + low contact point,generated_videos/control_points_2_car.mp4
797,0,car_racing_ego_car,1.0,288.0,278.0,312.0,320.0,656,axis_right,288.0,281.0,mask PCA skeleton + low contact point,generated_videos/control_points_2_car.mp4
797,0,car_racing_ego_car,1.0,288.0,278.0,312.0,320.0,656,contact_low,299.0,318.0,mask PCA skeleton + low contact point,generated_videos/control_points_2_car.mp4
798,0,car_racing_ego_car,1.0,288.0,278.0,312.0,320.0,656,centroid,299.4695129394531,299.8902587890625,mask PCA skeleton + low contact point,generated_videos/control_points_2_car.mp4
798,0,car_racing_ego_car,1.0,288.0,278.0,312.0,320.0,656,axis_front,309.0,319.0,mask PCA skeleton + low contact point,generated_videos/control_points_2_car.mp4
798,0,car_racing_ego_car,1.0,288.0,278.0,312.0,320.0,656,axis_back,288.0,278.0,mask PCA skeleton + low contact point,generated_videos/control_points_2_car.mp4
798,0,car_racing_ego_car,1.0,288.0,278.0,312.0,320.0,656,axis_left,311.0,278.0,mask PCA skeleton + low contact point,generated_videos/control_points_2_car.mp4
798,0,car_racing_ego_car,1.0,288.0,278.0,312.0,320.0,656,axis_right,288.0,281.0,mask PCA skeleton + low contact point,generated_videos/control_points_2_car.mp4
798,0,car_racing_ego_car,1.0,288.0,278.0,312.0,320.0,656,contact_low,299.0,318.0,mask PCA skeleton + low contact point,generated_videos/control_points_2_car.mp4
799,0,car_racing_ego_car,1.0,288.0,278.0,312.0,320.0,654,centroid,299.52294921875,299.8700256347656,mask PCA skeleton + low contact point,generated_videos/control_points_2_car.mp4
799,0,car_racing_ego_car,1.0,288.0,278.0,312.0,320.0,654,axis_front,290.0,319.0,mask PCA skeleton + low contact point,generated_videos/control_points_2_car.mp4
799,0,car_racing_ego_car,1.0,288.0,278.0,312.0,320.0,654,axis_back,311.0,278.0,mask PCA skeleton + low contact point,generated_videos/control_points_2_car.mp4
799,0,car_racing_ego_car,1.0,288.0,278.0,312.0,320.0,654,axis_left,311.0,281.0,mask PCA skeleton + low contact point,generated_videos/control_points_2_car.mp4
799,0,car_racing_ego_car,1.0,288.0,278.0,312.0,320.0,654,axis_right,288.0,278.0,mask PCA skeleton + low contact point,generated_videos/control_points_2_car.mp4
799,0,car_racing_ego_car,1.0,288.0,278.0,312.0,320.0,654,contact_low,299.0,318.0,mask PCA skeleton + low contact point,generated_videos/control_points_2_car.mp4
800,0,car_racing_ego_car,1.0,288.0,278.0,312.0,320.0,651,centroid,299.5099792480469,299.9493103027344,mask PCA skeleton + low contact point,generated_videos/control_points_2_car.mp4
800,0,car_racing_ego_car,1.0,288.0,278.0,312.0,320.0,651,axis_front,290.0,319.0,mask PCA skeleton + low contact point,generated_videos/control_points_2_car.mp4
800,0,car_racing_ego_car,1.0,288.0,278.0,312.0,320.0,651,axis_back,311.0,278.0,mask PCA skeleton + low contact point,generated_videos/control_points_2_car.mp4
800,0,car_racing_ego_car,1.0,288.0,278.0,312.0,320.0,651,axis_left,311.0,281.0,mask PCA skeleton + low contact point,generated_videos/control_points_2_car.mp4
800,0,car_racing_ego_car,1.0,288.0,278.0,312.0,320.0,651,axis_right,288.0,278.0,mask PCA skeleton + low contact point,generated_videos/control_points_2_car.mp4
800,0,car_racing_ego_car,1.0,288.0,278.0,312.0,320.0,651,contact_low,299.0,318.0,mask PCA skeleton + low contact point,generated_videos/control_points_2_car.mp4
801,0,car_racing_ego_car,1.0,288.0,278.0,312.0,320.0,651,centroid,299.5099792480469,299.9493103027344,mask PCA skeleton + low contact point,generated_videos/control_points_2_car.mp4
801,0,car_racing_ego_car,1.0,288.0,278.0,312.0,320.0,651,axis_front,290.0,319.0,mask PCA skeleton + low contact point,generated_videos/control_points_2_car.mp4
801,0,car_racing_ego_car,1.0,288.0,278.0,312.0,320.0,651,axis_back,311.0,278.0,mask PCA skeleton + low contact point,generated_videos/control_points_2_car.mp4
801,0,car_racing_ego_car,1.0,288.0,278.0,312.0,320.0,651,axis_left,311.0,281.0,mask PCA skeleton + low contact point,generated_videos/control_points_2_car.mp4
801,0,car_racing_ego_car,1.0,288.0,278.0,312.0,320.0,651,axis_right,288.0,278.0,mask PCA skeleton + low contact point,generated_videos/control_points_2_car.mp4
801,0,car_racing_ego_car,1.0,288.0,278.0,312.0,320.0,651,contact_low,299.0,318.0,mask PCA skeleton + low contact point,generated_videos/control_points_2_car.mp4
802,0,car_racing_ego_car,1.0,288.0,278.0,312.0,320.0,652,centroid,299.5,299.9233093261719,mask PCA skeleton + low contact point,generated_videos/control_points_2_car.mp4
802,0,car_racing_ego_car,1.0,288.0,278.0,312.0,320.0,652,axis_front,290.0,319.0,mask PCA skeleton + low contact point,generated_videos/control_points_2_car.mp4
802,0,car_racing_ego_car,1.0,288.0,278.0,312.0,320.0,652,axis_back,288.0,278.0,mask PCA skeleton + low contact point,generated_videos/control_points_2_car.mp4
802,0,car_racing_ego_car,1.0,288.0,278.0,312.0,320.0,652,axis_left,311.0,278.0,mask PCA skeleton + low contact point,generated_videos/control_points_2_car.mp4
802,0,car_racing_ego_car,1.0,288.0,278.0,312.0,320.0,652,axis_right,288.0,278.0,mask PCA skeleton + low contact point,generated_videos/control_points_2_car.mp4
802,0,car_racing_ego_car,1.0,288.0,278.0,312.0,320.0,652,contact_low,299.0,318.0,mask PCA skeleton + low contact point,generated_videos/control_points_2_car.mp4
803,0,car_racing_ego_car,1.0,288.0,278.0,312.0,320.0,646,centroid,299.44891357421875,300.08514404296875,mask PCA skeleton + low contact point,generated_videos/control_points_2_car.mp4
803,0,car_racing_ego_car,1.0,288.0,278.0,312.0,320.0,646,axis_front,309.0,319.0,mask PCA skeleton + low contact point,generated_videos/control_points_2_car.mp4
803,0,car_racing_ego_car,1.0,288.0,278.0,312.0,320.0,646,axis_back,288.0,278.0,mask PCA skeleton + low contact point,generated_videos/control_points_2_car.mp4
803,0,car_racing_ego_car,1.0,288.0,278.0,312.0,320.0,646,axis_left,311.0,278.0,mask PCA skeleton + low contact point,generated_videos/control_points_2_car.mp4
803,0,car_racing_ego_car,1.0,288.0,278.0,312.0,320.0,646,axis_right,288.0,281.0,mask PCA skeleton + low contact point,generated_videos/control_points_2_car.mp4
803,0,car_racing_ego_car,1.0,288.0,278.0,312.0,320.0,646,contact_low,299.0,318.0,mask PCA skeleton + low contact point,generated_videos/control_points_2_car.mp4
804,0,car_racing_ego_car,1.0,288.0,278.0,312.0,320.0,652,centroid,299.5,299.9233093261719,mask PCA skeleton + low contact point,generated_videos/control_points_2_car.mp4
804,0,car_racing_ego_car,1.0,288.0,278.0,312.0,320.0,652,axis_front,290.0,319.0,mask PCA skeleton + low contact point,generated_videos/control_points_2_car.mp4
804,0,car_racing_ego_car,1.0,288.0,278.0,312.0,320.0,652,axis_back,288.0,278.0,mask PCA skeleton + low contact point,generated_videos/control_points_2_car.mp4
804,0,car_racing_ego_car,1.0,288.0,278.0,312.0,320.0,652,axis_left,311.0,278.0,mask PCA skeleton + low contact point,generated_videos/control_points_2_car.mp4
804,0,car_racing_ego_car,1.0,288.0,278.0,312.0,320.0,652,axis_right,288.0,278.0,mask PCA skeleton + low contact point,generated_videos/control_points_2_car.mp4
804,0,car_racing_ego_car,1.0,288.0,278.0,312.0,320.0,652,contact_low,299.0,318.0,mask PCA skeleton + low contact point,generated_videos/control_points_2_car.mp4
805,0,car_racing_ego_car,1.0,288.0,278.0,312.0,320.0,652,centroid,299.5,299.9233093261719,mask PCA skeleton + low contact point,generated_videos/control_points_2_car.mp4
805,0,car_racing_ego_car,1.0,288.0,278.0,312.0,320.0,652,axis_front,290.0,319.0,mask PCA skeleton + low contact point,generated_videos/control_points_2_car.mp4
805,0,car_racing_ego_car,1.0,288.0,278.0,312.0,320.0,652,axis_back,288.0,278.0,mask PCA skeleton + low contact point,generated_videos/control_points_2_car.mp4
805,0,car_racing_ego_car,1.0,288.0,278.0,312.0,320.0,652,axis_left,311.0,278.0,mask PCA skeleton + low contact point,generated_videos/control_points_2_car.mp4
805,0,car_racing_ego_car,1.0,288.0,278.0,312.0,320.0,652,axis_right,288.0,278.0,mask PCA skeleton + low contact point,generated_videos/control_points_2_car.mp4
805,0,car_racing_ego_car,1.0,288.0,278.0,312.0,320.0,652,contact_low,299.0,318.0,mask PCA skeleton + low contact point,generated_videos/control_points_2_car.mp4
806,0,car_racing_ego_car,1.0,288.0,278.0,312.0,320.0,652,centroid,299.5,299.9233093261719,mask PCA skeleton + low contact point,generated_videos/control_points_2_car.mp4
806,0,car_racing_ego_car,1.0,288.0,278.0,312.0,320.0,652,axis_front,290.0,319.0,mask PCA skeleton + low contact point,generated_videos/control_points_2_car.mp4
806,0,car_racing_ego_car,1.0,288.0,278.0,312.0,320.0,652,axis_back,288.0,278.0,mask PCA skeleton + low contact point,generated_videos/control_points_2_car.mp4
806,0,car_racing_ego_car,1.0,288.0,278.0,312.0,320.0,652,axis_left,311.0,278.0,mask PCA skeleton + low contact point,generated_videos/control_points_2_car.mp4
806,0,car_racing_ego_car,1.0,288.0,278.0,312.0,320.0,652,axis_right,288.0,278.0,mask PCA skeleton + low contact point,generated_videos/control_points_2_car.mp4
806,0,car_racing_ego_car,1.0,288.0,278.0,312.0,320.0,652,contact_low,299.0,318.0,mask PCA skeleton + low contact point,generated_videos/control_points_2_car.mp4
807,0,car_racing_ego_car,1.0,288.0,278.0,312.0,320.0,686,centroid,299.5787048339844,299.5043640136719,mask PCA skeleton + low contact point,generated_videos/control_points_2_car.mp4
807,0,car_racing_ego_car,1.0,288.0,278.0,312.0,320.0,686,axis_front,290.0,319.0,mask PCA skeleton + low contact point,generated_videos/control_points_2_car.mp4
807,0,car_racing_ego_car,1.0,288.0,278.0,312.0,320.0,686,axis_back,311.0,278.0,mask PCA skeleton + low contact point,generated_videos/control_points_2_car.mp4
807,0,car_racing_ego_car,1.0,288.0,278.0,312.0,320.0,686,axis_left,311.0,281.0,mask PCA skeleton + low contact point,generated_videos/control_points_2_car.mp4
807,0,car_racing_ego_car,1.0,288.0,278.0,312.0,320.0,686,axis_right,288.0,278.0,mask PCA skeleton + low contact point,generated_videos/control_points_2_car.mp4
807,0,car_racing_ego_car,1.0,288.0,278.0,312.0,320.0,686,contact_low,299.0,318.0,mask PCA skeleton + low contact point,generated_videos/control_points_2_car.mp4
808,0,car_racing_ego_car,1.0,288.0,278.0,312.0,320.0,652,centroid,299.5,299.9233093261719,mask PCA skeleton + low contact point,generated_videos/control_points_2_car.mp4
808,0,car_racing_ego_car,1.0,288.0,278.0,312.0,320.0,652,axis_front,290.0,319.0,mask PCA skeleton + low contact point,generated_videos/control_points_2_car.mp4
808,0,car_racing_ego_car,1.0,288.0,278.0,312.0,320.0,652,axis_back,288.0,278.0,mask PCA skeleton + low contact point,generated_videos/control_points_2_car.mp4
808,0,car_racing_ego_car,1.0,288.0,278.0,312.0,320.0,652,axis_left,311.0,278.0,mask PCA skeleton + low contact point,generated_videos/control_points_2_car.mp4
808,0,car_racing_ego_car,1.0,288.0,278.0,312.0,320.0,652,axis_right,288.0,278.0,mask PCA skeleton + low contact point,generated_videos/control_points_2_car.mp4
808,0,car_racing_ego_car,1.0,288.0,278.0,312.0,320.0,652,contact_low,299.0,318.0,mask PCA skeleton + low contact point,generated_videos/control_points_2_car.mp4
809,0,car_racing_ego_car,1.0,288.0,278.0,312.0,320.0,652,centroid,299.5,299.9233093261719,mask PCA skeleton + low contact point,generated_videos/control_points_2_car.mp4
809,0,car_racing_ego_car,1.0,288.0,278.0,312.0,320.0,652,axis_front,290.0,319.0,mask PCA skeleton + low contact point,generated_videos/control_points_2_car.mp4
809,0,car_racing_ego_car,1.0,288.0,278.0,312.0,320.0,652,axis_back,288.0,278.0,mask PCA skeleton + low contact point,generated_videos/control_points_2_car.mp4
809,0,car_racing_ego_car,1.0,288.0,278.0,312.0,320.0,652,axis_left,311.0,278.0,mask PCA skeleton + low contact point,generated_videos/control_points_2_car.mp4
809,0,car_racing_ego_car,1.0,288.0,278.0,312.0,320.0,652,axis_right,288.0,278.0,mask PCA skeleton + low contact point,generated_videos/control_points_2_car.mp4
809,0,car_racing_ego_car,1.0,288.0,278.0,312.0,320.0,652,contact_low,299.0,318.0,mask PCA skeleton + low contact point,generated_videos/control_points_2_car.mp4
810,0,car_racing_ego_car,1.0,288.0,278.0,312.0,320.0,654,centroid,299.47705078125,299.8700256347656,mask PCA skeleton + low contact point,generated_videos/control_points_2_car.mp4
810,0,car_racing_ego_car,1.0,288.0,278.0,312.0,320.0,654,axis_front,309.0,319.0,mask PCA skeleton + low contact point,generated_videos/control_points_2_car.mp4
810,0,car_racing_ego_car,1.0,288.0,278.0,312.0,320.0,654,axis_back,288.0,278.0,mask PCA skeleton + low contact point,generated_videos/control_points_2_car.mp4
810,0,car_racing_ego_car,1.0,288.0,278.0,312.0,320.0,654,axis_left,311.0,278.0,mask PCA skeleton + low contact point,generated_videos/control_points_2_car.mp4
810,0,car_racing_ego_car,1.0,288.0,278.0,312.0,320.0,654,axis_right,288.0,281.0,mask PCA skeleton + low contact point,generated_videos/control_points_2_car.mp4
810,0,car_racing_ego_car,1.0,288.0,278.0,312.0,320.0,654,contact_low,299.0,318.0,mask PCA skeleton + low contact point,generated_videos/control_points_2_car.mp4
811,0,car_racing_ego_car,1.0,288.0,278.0,312.0,320.0,654,centroid,299.47705078125,299.8700256347656,mask PCA skeleton + low contact point,generated_videos/control_points_2_car.mp4
811,0,car_racing_ego_car,1.0,288.0,278.0,312.0,320.0,654,axis_front,309.0,319.0,mask PCA skeleton + low contact point,generated_videos/control_points_2_car.mp4
811,0,car_racing_ego_car,1.0,288.0,278.0,312.0,320.0,654,axis_back,288.0,278.0,mask PCA skeleton + low contact point,generated_videos/control_points_2_car.mp4
811,0,car_racing_ego_car,1.0,288.0,278.0,312.0,320.0,654,axis_left,311.0,278.0,mask PCA skeleton + low contact point,generated_videos/control_points_2_car.mp4
811,0,car_racing_ego_car,1.0,288.0,278.0,312.0,320.0,654,axis_right,288.0,281.0,mask PCA skeleton + low contact point,generated_videos/control_points_2_car.mp4
811,0,car_racing_ego_car,1.0,288.0,278.0,312.0,320.0,654,contact_low,299.0,318.0,mask PCA skeleton + low contact point,generated_videos/control_points_2_car.mp4
812,0,car_racing_ego_car,1.0,288.0,278.0,312.0,320.0,654,centroid,299.47705078125,299.8700256347656,mask PCA skeleton + low contact point,generated_videos/control_points_2_car.mp4
812,0,car_racing_ego_car,1.0,288.0,278.0,312.0,320.0,654,axis_front,309.0,319.0,mask PCA skeleton + low contact point,generated_videos/control_points_2_car.mp4
812,0,car_racing_ego_car,1.0,288.0,278.0,312.0,320.0,654,axis_back,288.0,278.0,mask PCA skeleton + low contact point,generated_videos/control_points_2_car.mp4
812,0,car_racing_ego_car,1.0,288.0,278.0,312.0,320.0,654,axis_left,311.0,278.0,mask PCA skeleton + low contact point,generated_videos/control_points_2_car.mp4
812,0,car_racing_ego_car,1.0,288.0,278.0,312.0,320.0,654,axis_right,288.0,281.0,mask PCA skeleton + low contact point,generated_videos/control_points_2_car.mp4
812,0,car_racing_ego_car,1.0,288.0,278.0,312.0,320.0,654,contact_low,299.0,318.0,mask PCA skeleton + low contact point,generated_videos/control_points_2_car.mp4
813,0,car_racing_ego_car,1.0,288.0,278.0,312.0,320.0,654,centroid,299.47705078125,299.8700256347656,mask PCA skeleton + low contact point,generated_videos/control_points_2_car.mp4
813,0,car_racing_ego_car,1.0,288.0,278.0,312.0,320.0,654,axis_front,309.0,319.0,mask PCA skeleton + low contact point,generated_videos/control_points_2_car.mp4
813,0,car_racing_ego_car,1.0,288.0,278.0,312.0,320.0,654,axis_back,288.0,278.0,mask PCA skeleton + low contact point,generated_videos/control_points_2_car.mp4
813,0,car_racing_ego_car,1.0,288.0,278.0,312.0,320.0,654,axis_left,311.0,278.0,mask PCA skeleton + low contact point,generated_videos/control_points_2_car.mp4
813,0,car_racing_ego_car,1.0,288.0,278.0,312.0,320.0,654,axis_right,288.0,281.0,mask PCA skeleton + low contact point,generated_videos/control_points_2_car.mp4
813,0,car_racing_ego_car,1.0,288.0,278.0,312.0,320.0,654,contact_low,299.0,318.0,mask PCA skeleton + low contact point,generated_videos/control_points_2_car.mp4
814,0,car_racing_ego_car,1.0,288.0,278.0,312.0,320.0,660,centroid,299.2636413574219,300.2212219238281,mask PCA skeleton + low contact point,generated_videos/control_points_2_car.mp4
814,0,car_racing_ego_car,1.0,288.0,278.0,312.0,320.0,660,axis_front,290.0,319.0,mask PCA skeleton + low contact point,generated_videos/control_points_2_car.mp4
814,0,car_racing_ego_car,1.0,288.0,278.0,312.0,320.0,660,axis_back,311.0,278.0,mask PCA skeleton + low contact point,generated_videos/control_points_2_car.mp4
814,0,car_racing_ego_car,1.0,288.0,278.0,312.0,320.0,660,axis_left,311.0,281.0,mask PCA skeleton + low contact point,generated_videos/control_points_2_car.mp4
814,0,car_racing_ego_car,1.0,288.0,278.0,312.0,320.0,660,axis_right,288.0,278.0,mask PCA skeleton + low contact point,generated_videos/control_points_2_car.mp4
814,0,car_racing_ego_car,1.0,288.0,278.0,312.0,320.0,660,contact_low,299.0,318.0,mask PCA skeleton + low contact point,generated_videos/control_points_2_car.mp4
815,0,car_racing_ego_car,1.0,288.0,278.0,312.0,320.0,654,centroid,299.4311828613281,299.8700256347656,mask PCA skeleton + low contact point,generated_videos/control_points_2_car.mp4
815,0,car_racing_ego_car,1.0,288.0,278.0,312.0,320.0,654,axis_front,309.0,319.0,mask PCA skeleton + low contact point,generated_videos/control_points_2_car.mp4
815,0,car_racing_ego_car,1.0,288.0,278.0,312.0,320.0,654,axis_back,288.0,278.0,mask PCA skeleton + low contact point,generated_videos/control_points_2_car.mp4
815,0,car_racing_ego_car,1.0,288.0,278.0,312.0,320.0,654,axis_left,311.0,278.0,mask PCA skeleton + low contact point,generated_videos/control_points_2_car.mp4
815,0,car_racing_ego_car,1.0,288.0,278.0,312.0,320.0,654,axis_right,288.0,281.0,mask PCA skeleton + low contact point,generated_videos/control_points_2_car.mp4
815,0,car_racing_ego_car,1.0,288.0,278.0,312.0,320.0,654,contact_low,299.0,318.0,mask PCA skeleton + low contact point,generated_videos/control_points_2_car.mp4
816,0,car_racing_ego_car,1.0,288.0,278.0,312.0,320.0,658,centroid,299.5258483886719,299.7644348144531,mask PCA skeleton + low contact point,generated_videos/control_points_2_car.mp4
816,0,car_racing_ego_car,1.0,288.0,278.0,312.0,320.0,658,axis_front,290.0,319.0,mask PCA skeleton + low contact point,generated_videos/control_points_2_car.mp4
816,0,car_racing_ego_car,1.0,288.0,278.0,312.0,320.0,658,axis_back,311.0,278.0,mask PCA skeleton + low contact point,generated_videos/control_points_2_car.mp4
816,0,car_racing_ego_car,1.0,288.0,278.0,312.0,320.0,658,axis_left,311.0,281.0,mask PCA skeleton + low contact point,generated_videos/control_points_2_car.mp4
816,0,car_racing_ego_car,1.0,288.0,278.0,312.0,320.0,658,axis_right,288.0,278.0,mask PCA skeleton + low contact point,generated_videos/control_points_2_car.mp4
816,0,car_racing_ego_car,1.0,288.0,278.0,312.0,320.0,658,contact_low,299.0,318.0,mask PCA skeleton + low contact point,generated_videos/control_points_2_car.mp4
817,0,car_racing_ego_car,1.0,288.0,278.0,312.0,320.0,658,centroid,299.5258483886719,299.7644348144531,mask PCA skeleton + low contact point,generated_videos/control_points_2_car.mp4
817,0,car_racing_ego_car,1.0,288.0,278.0,312.0,320.0,658,axis_front,290.0,319.0,mask PCA skeleton + low contact point,generated_videos/control_points_2_car.mp4
817,0,car_racing_ego_car,1.0,288.0,278.0,312.0,320.0,658,axis_back,311.0,278.0,mask PCA skeleton + low contact point,generated_videos/control_points_2_car.mp4
817,0,car_racing_ego_car,1.0,288.0,278.0,312.0,320.0,658,axis_left,311.0,281.0,mask PCA skeleton + low contact point,generated_videos/control_points_2_car.mp4
817,0,car_racing_ego_car,1.0,288.0,278.0,312.0,320.0,658,axis_right,288.0,278.0,mask PCA skeleton + low contact point,generated_videos/control_points_2_car.mp4
817,0,car_racing_ego_car,1.0,288.0,278.0,312.0,320.0,658,contact_low,299.0,318.0,mask PCA skeleton + low contact point,generated_videos/control_points_2_car.mp4
818,0,car_racing_ego_car,1.0,288.0,278.0,314.0,320.0,660,centroid,299.5060729980469,299.7727355957031,mask PCA skeleton + low contact point,generated_videos/control_points_2_car.mp4
818,0,car_racing_ego_car,1.0,288.0,278.0,314.0,320.0,660,axis_front,290.0,319.0,mask PCA skeleton + low contact point,generated_videos/control_points_2_car.mp4
818,0,car_racing_ego_car,1.0,288.0,278.0,314.0,320.0,660,axis_back,311.0,278.0,mask PCA skeleton + low contact point,generated_videos/control_points_2_car.mp4
818,0,car_racing_ego_car,1.0,288.0,278.0,314.0,320.0,660,axis_left,313.0,281.0,mask PCA skeleton + low contact point,generated_videos/control_points_2_car.mp4
818,0,car_racing_ego_car,1.0,288.0,278.0,314.0,320.0,660,axis_right,288.0,278.0,mask PCA skeleton + low contact point,generated_videos/control_points_2_car.mp4
818,0,car_racing_ego_car,1.0,288.0,278.0,314.0,320.0,660,contact_low,299.0,318.0,mask PCA skeleton + low contact point,generated_videos/control_points_2_car.mp4
819,0,car_racing_ego_car,1.0,288.0,278.0,312.0,320.0,656,centroid,299.5,299.81707763671875,mask PCA skeleton + low contact point,generated_videos/control_points_2_car.mp4
819,0,car_racing_ego_car,1.0,288.0,278.0,312.0,320.0,656,axis_front,290.0,319.0,mask PCA skeleton + low contact point,generated_videos/control_points_2_car.mp4
819,0,car_racing_ego_car,1.0,288.0,278.0,312.0,320.0,656,axis_back,288.0,278.0,mask PCA skeleton + low contact point,generated_videos/control_points_2_car.mp4
819,0,car_racing_ego_car,1.0,288.0,278.0,312.0,320.0,656,axis_left,311.0,278.0,mask PCA skeleton + low contact point,generated_videos/control_points_2_car.mp4
819,0,car_racing_ego_car,1.0,288.0,278.0,312.0,320.0,656,axis_right,288.0,278.0,mask PCA skeleton + low contact point,generated_videos/control_points_2_car.mp4
819,0,car_racing_ego_car,1.0,288.0,278.0,312.0,320.0,656,contact_low,299.0,318.0,mask PCA skeleton + low contact point,generated_videos/control_points_2_car.mp4
820,0,car_racing_ego_car,1.0,288.0,278.0,312.0,320.0,654,centroid,299.4296569824219,299.947998046875,mask PCA skeleton + low contact point,generated_videos/control_points_2_car.mp4
820,0,car_racing_ego_car,1.0,288.0,278.0,312.0,320.0,654,axis_front,309.0,319.0,mask PCA skeleton + low contact point,generated_videos/control_points_2_car.mp4
820,0,car_racing_ego_car,1.0,288.0,278.0,312.0,320.0,654,axis_back,288.0,278.0,mask PCA skeleton + low contact point,generated_videos/control_points_2_car.mp4
820,0,car_racing_ego_car,1.0,288.0,278.0,312.0,320.0,654,axis_left,311.0,278.0,mask PCA skeleton + low contact point,generated_videos/control_points_2_car.mp4
820,0,car_racing_ego_car,1.0,288.0,278.0,312.0,320.0,654,axis_right,288.0,281.0,mask PCA skeleton + low contact point,generated_videos/control_points_2_car.mp4
820,0,car_racing_ego_car,1.0,288.0,278.0,312.0,320.0,654,contact_low,299.0,318.0,mask PCA skeleton + low contact point,generated_videos/control_points_2_car.mp4
821,0,car_racing_ego_car,1.0,288.0,278.0,312.0,320.0,654,centroid,299.4296569824219,299.947998046875,mask PCA skeleton + low contact point,generated_videos/control_points_2_car.mp4
821,0,car_racing_ego_car,1.0,288.0,278.0,312.0,320.0,654,axis_front,309.0,319.0,mask PCA skeleton + low contact point,generated_videos/control_points_2_car.mp4
821,0,car_racing_ego_car,1.0,288.0,278.0,312.0,320.0,654,axis_back,288.0,278.0,mask PCA skeleton + low contact point,generated_videos/control_points_2_car.mp4
821,0,car_racing_ego_car,1.0,288.0,278.0,312.0,320.0,654,axis_left,311.0,278.0,mask PCA skeleton + low contact point,generated_videos/control_points_2_car.mp4
821,0,car_racing_ego_car,1.0,288.0,278.0,312.0,320.0,654,axis_right,288.0,281.0,mask PCA skeleton + low contact point,generated_videos/control_points_2_car.mp4
821,0,car_racing_ego_car,1.0,288.0,278.0,312.0,320.0,654,contact_low,299.0,318.0,mask PCA skeleton + low contact point,generated_videos/control_points_2_car.mp4
822,0,car_racing_ego_car,1.0,288.0,278.0,314.0,320.0,656,centroid,299.5365905761719,299.80487060546875,mask PCA skeleton + low contact point,generated_videos/control_points_2_car.mp4
822,0,car_racing_ego_car,1.0,288.0,278.0,314.0,320.0,656,axis_front,290.0,319.0,mask PCA skeleton + low contact point,generated_videos/control_points_2_car.mp4
822,0,car_racing_ego_car,1.0,288.0,278.0,314.0,320.0,656,axis_back,311.0,278.0,mask PCA skeleton + low contact point,generated_videos/control_points_2_car.mp4
822,0,car_racing_ego_car,1.0,288.0,278.0,314.0,320.0,656,axis_left,313.0,281.0,mask PCA skeleton + low contact point,generated_videos/control_points_2_car.mp4
822,0,car_racing_ego_car,1.0,288.0,278.0,314.0,320.0,656,axis_right,288.0,278.0,mask PCA skeleton + low contact point,generated_videos/control_points_2_car.mp4
822,0,car_racing_ego_car,1.0,288.0,278.0,314.0,320.0,656,contact_low,299.0,318.0,mask PCA skeleton + low contact point,generated_videos/control_points_2_car.mp4
823,0,car_racing_ego_car,1.0,286.0,278.0,312.0,320.0,682,centroid,299.4017639160156,300.1304931640625,mask PCA skeleton + low contact point,generated_videos/control_points_2_car.mp4
823,0,car_racing_ego_car,1.0,286.0,278.0,312.0,320.0,682,axis_front,309.0,319.0,mask PCA skeleton + low contact point,generated_videos/control_points_2_car.mp4
823,0,car_racing_ego_car,1.0,286.0,278.0,312.0,320.0,682,axis_back,288.0,278.0,mask PCA skeleton + low contact point,generated_videos/control_points_2_car.mp4
823,0,car_racing_ego_car,1.0,286.0,278.0,312.0,320.0,682,axis_left,311.0,278.0,mask PCA skeleton + low contact point,generated_videos/control_points_2_car.mp4
823,0,car_racing_ego_car,1.0,286.0,278.0,312.0,320.0,682,axis_right,286.0,281.0,mask PCA skeleton + low contact point,generated_videos/control_points_2_car.mp4
823,0,car_racing_ego_car,1.0,286.0,278.0,312.0,320.0,682,contact_low,299.0,318.0,mask PCA skeleton + low contact point,generated_videos/control_points_2_car.mp4
824,0,car_racing_ego_car,1.0,288.0,278.0,312.0,320.0,652,centroid,299.4570617675781,299.9233093261719,mask PCA skeleton + low contact point,generated_videos/control_points_2_car.mp4
824,0,car_racing_ego_car,1.0,288.0,278.0,312.0,320.0,652,axis_front,309.0,319.0,mask PCA skeleton + low contact point,generated_videos/control_points_2_car.mp4
824,0,car_racing_ego_car,1.0,288.0,278.0,312.0,320.0,652,axis_back,288.0,278.0,mask PCA skeleton + low contact point,generated_videos/control_points_2_car.mp4
824,0,car_racing_ego_car,1.0,288.0,278.0,312.0,320.0,652,axis_left,311.0,278.0,mask PCA skeleton + low contact point,generated_videos/control_points_2_car.mp4
824,0,car_racing_ego_car,1.0,288.0,278.0,312.0,320.0,652,axis_right,288.0,281.0,mask PCA skeleton + low contact point,generated_videos/control_points_2_car.mp4
824,0,car_racing_ego_car,1.0,288.0,278.0,312.0,320.0,652,contact_low,299.0,318.0,mask PCA skeleton + low contact point,generated_videos/control_points_2_car.mp4
825,0,car_racing_ego_car,1.0,288.0,278.0,314.0,320.0,664,centroid,299.5120544433594,299.6686706542969,mask PCA skeleton + low contact point,generated_videos/control_points_2_car.mp4
825,0,car_racing_ego_car,1.0,288.0,278.0,314.0,320.0,664,axis_front,290.0,319.0,mask PCA skeleton + low contact point,generated_videos/control_points_2_car.mp4
825,0,car_racing_ego_car,1.0,288.0,278.0,314.0,320.0,664,axis_back,311.0,278.0,mask PCA skeleton + low contact point,generated_videos/control_points_2_car.mp4
825,0,car_racing_ego_car,1.0,288.0,278.0,314.0,320.0,664,axis_left,313.0,281.0,mask PCA skeleton + low contact point,generated_videos/control_points_2_car.mp4
825,0,car_racing_ego_car,1.0,288.0,278.0,314.0,320.0,664,axis_right,288.0,278.0,mask PCA skeleton + low contact point,generated_videos/control_points_2_car.mp4
825,0,car_racing_ego_car,1.0,288.0,278.0,314.0,320.0,664,contact_low,299.0,318.0,mask PCA skeleton + low contact point,generated_videos/control_points_2_car.mp4
826,0,car_racing_ego_car,1.0,288.0,278.0,314.0,320.0,664,centroid,299.5120544433594,299.6686706542969,mask PCA skeleton + low contact point,generated_videos/control_points_2_car.mp4
826,0,car_racing_ego_car,1.0,288.0,278.0,314.0,320.0,664,axis_front,290.0,319.0,mask PCA skeleton + low contact point,generated_videos/control_points_2_car.mp4
826,0,car_racing_ego_car,1.0,288.0,278.0,314.0,320.0,664,axis_back,311.0,278.0,mask PCA skeleton + low contact point,generated_videos/control_points_2_car.mp4
826,0,car_racing_ego_car,1.0,288.0,278.0,314.0,320.0,664,axis_left,313.0,281.0,mask PCA skeleton + low contact point,generated_videos/control_points_2_car.mp4
826,0,car_racing_ego_car,1.0,288.0,278.0,314.0,320.0,664,axis_right,288.0,278.0,mask PCA skeleton + low contact point,generated_videos/control_points_2_car.mp4
826,0,car_racing_ego_car,1.0,288.0,278.0,314.0,320.0,664,contact_low,299.0,318.0,mask PCA skeleton + low contact point,generated_videos/control_points_2_car.mp4
827,0,car_racing_ego_car,1.0,288.0,278.0,312.0,320.0,664,centroid,299.295166015625,300.1144714355469,mask PCA skeleton + low contact point,generated_videos/control_points_2_car.mp4
827,0,car_racing_ego_car,1.0,288.0,278.0,312.0,320.0,664,axis_front,290.0,319.0,mask PCA skeleton + low contact point,generated_videos/control_points_2_car.mp4
827,0,car_racing_ego_car,1.0,288.0,278.0,312.0,320.0,664,axis_back,311.0,278.0,mask PCA skeleton + low contact point,generated_videos/control_points_2_car.mp4
827,0,car_racing_ego_car,1.0,288.0,278.0,312.0,320.0,664,axis_left,311.0,281.0,mask PCA skeleton + low contact point,generated_videos/control_points_2_car.mp4
827,0,car_racing_ego_car,1.0,288.0,278.0,312.0,320.0,664,axis_right,288.0,278.0,mask PCA skeleton + low contact point,generated_videos/control_points_2_car.mp4
827,0,car_racing_ego_car,1.0,288.0,278.0,312.0,320.0,664,contact_low,299.0,318.0,mask PCA skeleton + low contact point,generated_videos/control_points_2_car.mp4
828,0,car_racing_ego_car,1.0,288.0,278.0,312.0,320.0,656,centroid,299.48779296875,299.8902587890625,mask PCA skeleton + low contact point,generated_videos/control_points_2_car.mp4
828,0,car_racing_ego_car,1.0,288.0,278.0,312.0,320.0,656,axis_front,309.0,319.0,mask PCA skeleton + low contact point,generated_videos/control_points_2_car.mp4
828,0,car_racing_ego_car,1.0,288.0,278.0,312.0,320.0,656,axis_back,288.0,278.0,mask PCA skeleton + low contact point,generated_videos/control_points_2_car.mp4
828,0,car_racing_ego_car,1.0,288.0,278.0,312.0,320.0,656,axis_left,311.0,278.0,mask PCA skeleton + low contact point,generated_videos/control_points_2_car.mp4
828,0,car_racing_ego_car,1.0,288.0,278.0,312.0,320.0,656,axis_right,288.0,281.0,mask PCA skeleton + low contact point,generated_videos/control_points_2_car.mp4
828,0,car_racing_ego_car,1.0,288.0,278.0,312.0,320.0,656,contact_low,299.0,318.0,mask PCA skeleton + low contact point,generated_videos/control_points_2_car.mp4
829,0,car_racing_ego_car,1.0,288.0,278.0,312.0,320.0,656,centroid,299.5,299.81707763671875,mask PCA skeleton + low contact point,generated_videos/control_points_2_car.mp4
829,0,car_racing_ego_car,1.0,288.0,278.0,312.0,320.0,656,axis_front,290.0,319.0,mask PCA skeleton + low contact point,generated_videos/control_points_2_car.mp4
829,0,car_racing_ego_car,1.0,288.0,278.0,312.0,320.0,656,axis_back,288.0,278.0,mask PCA skeleton + low contact point,generated_videos/control_points_2_car.mp4
829,0,car_racing_ego_car,1.0,288.0,278.0,312.0,320.0,656,axis_left,311.0,278.0,mask PCA skeleton + low contact point,generated_videos/control_points_2_car.mp4
829,0,car_racing_ego_car,1.0,288.0,278.0,312.0,320.0,656,axis_right,288.0,278.0,mask PCA skeleton + low contact point,generated_videos/control_points_2_car.mp4
829,0,car_racing_ego_car,1.0,288.0,278.0,312.0,320.0,656,contact_low,299.0,318.0,mask PCA skeleton + low contact point,generated_videos/control_points_2_car.mp4
830,0,car_racing_ego_car,1.0,288.0,278.0,312.0,320.0,656,centroid,299.5,299.81707763671875,mask PCA skeleton + low contact point,generated_videos/control_points_2_car.mp4
830,0,car_racing_ego_car,1.0,288.0,278.0,312.0,320.0,656,axis_front,290.0,319.0,mask PCA skeleton + low contact point,generated_videos/control_points_2_car.mp4
830,0,car_racing_ego_car,1.0,288.0,278.0,312.0,320.0,656,axis_back,288.0,278.0,mask PCA skeleton + low contact point,generated_videos/control_points_2_car.mp4
830,0,car_racing_ego_car,1.0,288.0,278.0,312.0,320.0,656,axis_left,311.0,278.0,mask PCA skeleton + low contact point,generated_videos/control_points_2_car.mp4
830,0,car_racing_ego_car,1.0,288.0,278.0,312.0,320.0,656,axis_right,288.0,278.0,mask PCA skeleton + low contact point,generated_videos/control_points_2_car.mp4
830,0,car_racing_ego_car,1.0,288.0,278.0,312.0,320.0,656,contact_low,299.0,318.0,mask PCA skeleton + low contact point,generated_videos/control_points_2_car.mp4
831,0,car_racing_ego_car,1.0,288.0,278.0,312.0,320.0,652,centroid,299.51226806640625,299.9049072265625,mask PCA skeleton + low contact point,generated_videos/control_points_2_car.mp4
831,0,car_racing_ego_car,1.0,288.0,278.0,312.0,320.0,652,axis_front,309.0,319.0,mask PCA skeleton + low contact point,generated_videos/control_points_2_car.mp4
831,0,car_racing_ego_car,1.0,288.0,278.0,312.0,320.0,652,axis_back,288.0,278.0,mask PCA skeleton + low contact point,generated_videos/control_points_2_car.mp4
831,0,car_racing_ego_car,1.0,288.0,278.0,312.0,320.0,652,axis_left,311.0,278.0,mask PCA skeleton + low contact point,generated_videos/control_points_2_car.mp4
831,0,car_racing_ego_car,1.0,288.0,278.0,312.0,320.0,652,axis_right,288.0,281.0,mask PCA skeleton + low contact point,generated_videos/control_points_2_car.mp4
831,0,car_racing_ego_car,1.0,288.0,278.0,312.0,320.0,652,contact_low,299.0,318.0,mask PCA skeleton + low contact point,generated_videos/control_points_2_car.mp4
832,0,car_racing_ego_car,1.0,288.0,278.0,312.0,320.0,652,centroid,299.4570617675781,299.9233093261719,mask PCA skeleton + low contact point,generated_videos/control_points_2_car.mp4
832,0,car_racing_ego_car,1.0,288.0,278.0,312.0,320.0,652,axis_front,309.0,319.0,mask PCA skeleton + low contact point,generated_videos/control_points_2_car.mp4
832,0,car_racing_ego_car,1.0,288.0,278.0,312.0,320.0,652,axis_back,288.0,278.0,mask PCA skeleton + low contact point,generated_videos/control_points_2_car.mp4
832,0,car_racing_ego_car,1.0,288.0,278.0,312.0,320.0,652,axis_left,311.0,278.0,mask PCA skeleton + low contact point,generated_videos/control_points_2_car.mp4
832,0,car_racing_ego_car,1.0,288.0,278.0,312.0,320.0,652,axis_right,288.0,281.0,mask PCA skeleton + low contact point,generated_videos/control_points_2_car.mp4
832,0,car_racing_ego_car,1.0,288.0,278.0,312.0,320.0,652,contact_low,299.0,318.0,mask PCA skeleton + low contact point,generated_videos/control_points_2_car.mp4
833,0,car_racing_ego_car,1.0,288.0,278.0,312.0,320.0,666,centroid,299.3153076171875,300.0615539550781,mask PCA skeleton + low contact point,generated_videos/control_points_2_car.mp4
833,0,car_racing_ego_car,1.0,288.0,278.0,312.0,320.0,666,axis_front,290.0,319.0,mask PCA skeleton + low contact point,generated_videos/control_points_2_car.mp4
833,0,car_racing_ego_car,1.0,288.0,278.0,312.0,320.0,666,axis_back,311.0,278.0,mask PCA skeleton + low contact point,generated_videos/control_points_2_car.mp4
833,0,car_racing_ego_car,1.0,288.0,278.0,312.0,320.0,666,axis_left,311.0,281.0,mask PCA skeleton + low contact point,generated_videos/control_points_2_car.mp4
833,0,car_racing_ego_car,1.0,288.0,278.0,312.0,320.0,666,axis_right,288.0,278.0,mask PCA skeleton + low contact point,generated_videos/control_points_2_car.mp4
833,0,car_racing_ego_car,1.0,288.0,278.0,312.0,320.0,666,contact_low,299.0,318.0,mask PCA skeleton + low contact point,generated_videos/control_points_2_car.mp4
834,0,car_racing_ego_car,1.0,288.0,278.0,312.0,320.0,666,centroid,299.3153076171875,300.0615539550781,mask PCA skeleton + low contact point,generated_videos/control_points_2_car.mp4
834,0,car_racing_ego_car,1.0,288.0,278.0,312.0,320.0,666,axis_front,290.0,319.0,mask PCA skeleton + low contact point,generated_videos/control_points_2_car.mp4
834,0,car_racing_ego_car,1.0,288.0,278.0,312.0,320.0,666,axis_back,311.0,278.0,mask PCA skeleton + low contact point,generated_videos/control_points_2_car.mp4
834,0,car_racing_ego_car,1.0,288.0,278.0,312.0,320.0,666,axis_left,311.0,281.0,mask PCA skeleton + low contact point,generated_videos/control_points_2_car.mp4
834,0,car_racing_ego_car,1.0,288.0,278.0,312.0,320.0,666,axis_right,288.0,278.0,mask PCA skeleton + low contact point,generated_videos/control_points_2_car.mp4
834,0,car_racing_ego_car,1.0,288.0,278.0,312.0,320.0,666,contact_low,299.0,318.0,mask PCA skeleton + low contact point,generated_videos/control_points_2_car.mp4
835,0,car_racing_ego_car,1.0,288.0,278.0,312.0,320.0,652,centroid,299.4570617675781,299.9233093261719,mask PCA skeleton + low contact point,generated_videos/control_points_2_car.mp4
835,0,car_racing_ego_car,1.0,288.0,278.0,312.0,320.0,652,axis_front,309.0,319.0,mask PCA skeleton + low contact point,generated_videos/control_points_2_car.mp4
835,0,car_racing_ego_car,1.0,288.0,278.0,312.0,320.0,652,axis_back,288.0,278.0,mask PCA skeleton + low contact point,generated_videos/control_points_2_car.mp4
835,0,car_racing_ego_car,1.0,288.0,278.0,312.0,320.0,652,axis_left,311.0,278.0,mask PCA skeleton + low contact point,generated_videos/control_points_2_car.mp4
835,0,car_racing_ego_car,1.0,288.0,278.0,312.0,320.0,652,axis_right,288.0,281.0,mask PCA skeleton + low contact point,generated_videos/control_points_2_car.mp4
835,0,car_racing_ego_car,1.0,288.0,278.0,312.0,320.0,652,contact_low,299.0,318.0,mask PCA skeleton + low contact point,generated_videos/control_points_2_car.mp4
836,0,car_racing_ego_car,1.0,288.0,278.0,312.0,320.0,652,centroid,299.4570617675781,299.9233093261719,mask PCA skeleton + low contact point,generated_videos/control_points_2_car.mp4
836,0,car_racing_ego_car,1.0,288.0,278.0,312.0,320.0,652,axis_front,309.0,319.0,mask PCA skeleton + low contact point,generated_videos/control_points_2_car.mp4
836,0,car_racing_ego_car,1.0,288.0,278.0,312.0,320.0,652,axis_back,288.0,278.0,mask PCA skeleton + low contact point,generated_videos/control_points_2_car.mp4
836,0,car_racing_ego_car,1.0,288.0,278.0,312.0,320.0,652,axis_left,311.0,278.0,mask PCA skeleton + low contact point,generated_videos/control_points_2_car.mp4
836,0,car_racing_ego_car,1.0,288.0,278.0,312.0,320.0,652,axis_right,288.0,281.0,mask PCA skeleton + low contact point,generated_videos/control_points_2_car.mp4
836,0,car_racing_ego_car,1.0,288.0,278.0,312.0,320.0,652,contact_low,299.0,318.0,mask PCA skeleton + low contact point,generated_videos/control_points_2_car.mp4
837,0,car_racing_ego_car,1.0,288.0,278.0,314.0,320.0,662,centroid,299.5256652832031,299.7205505371094,mask PCA skeleton + low contact point,generated_videos/control_points_2_car.mp4
837,0,car_racing_ego_car,1.0,288.0,278.0,314.0,320.0,662,axis_front,290.0,319.0,mask PCA skeleton + low contact point,generated_videos/control_points_2_car.mp4
837,0,car_racing_ego_car,1.0,288.0,278.0,314.0,320.0,662,axis_back,311.0,278.0,mask PCA skeleton + low contact point,generated_videos/control_points_2_car.mp4
837,0,car_racing_ego_car,1.0,288.0,278.0,314.0,320.0,662,axis_left,313.0,281.0,mask PCA skeleton + low contact point,generated_videos/control_points_2_car.mp4
837,0,car_racing_ego_car,1.0,288.0,278.0,314.0,320.0,662,axis_right,288.0,278.0,mask PCA skeleton + low contact point,generated_videos/control_points_2_car.mp4
837,0,car_racing_ego_car,1.0,288.0,278.0,314.0,320.0,662,contact_low,299.0,318.0,mask PCA skeleton + low contact point,generated_videos/control_points_2_car.mp4
838,0,car_racing_ego_car,1.0,288.0,278.0,314.0,320.0,662,centroid,299.5256652832031,299.7205505371094,mask PCA skeleton + low contact point,generated_videos/control_points_2_car.mp4
838,0,car_racing_ego_car,1.0,288.0,278.0,314.0,320.0,662,axis_front,290.0,319.0,mask PCA skeleton + low contact point,generated_videos/control_points_2_car.mp4
838,0,car_racing_ego_car,1.0,288.0,278.0,314.0,320.0,662,axis_back,311.0,278.0,mask PCA skeleton + low contact point,generated_videos/control_points_2_car.mp4
838,0,car_racing_ego_car,1.0,288.0,278.0,314.0,320.0,662,axis_left,313.0,281.0,mask PCA skeleton + low contact point,generated_videos/control_points_2_car.mp4
838,0,car_racing_ego_car,1.0,288.0,278.0,314.0,320.0,662,axis_right,288.0,278.0,mask PCA skeleton + low contact point,generated_videos/control_points_2_car.mp4
838,0,car_racing_ego_car,1.0,288.0,278.0,314.0,320.0,662,contact_low,299.0,318.0,mask PCA skeleton + low contact point,generated_videos/control_points_2_car.mp4
839,0,car_racing_ego_car,1.0,288.0,278.0,312.0,320.0,656,centroid,299.48779296875,299.8902587890625,mask PCA skeleton + low contact point,generated_videos/control_points_2_car.mp4
839,0,car_racing_ego_car,1.0,288.0,278.0,312.0,320.0,656,axis_front,309.0,319.0,mask PCA skeleton + low contact point,generated_videos/control_points_2_car.mp4
839,0,car_racing_ego_car,1.0,288.0,278.0,312.0,320.0,656,axis_back,288.0,278.0,mask PCA skeleton + low contact point,generated_videos/control_points_2_car.mp4
839,0,car_racing_ego_car,1.0,288.0,278.0,312.0,320.0,656,axis_left,311.0,278.0,mask PCA skeleton + low contact point,generated_videos/control_points_2_car.mp4
839,0,car_racing_ego_car,1.0,288.0,278.0,312.0,320.0,656,axis_right,288.0,281.0,mask PCA skeleton + low contact point,generated_videos/control_points_2_car.mp4
839,0,car_racing_ego_car,1.0,288.0,278.0,312.0,320.0,656,contact_low,299.0,318.0,mask PCA skeleton + low contact point,generated_videos/control_points_2_car.mp4
840,0,car_racing_ego_car,1.0,288.0,278.0,312.0,320.0,654,centroid,299.47705078125,299.8700256347656,mask PCA skeleton + low contact point,generated_videos/control_points_2_car.mp4
840,0,car_racing_ego_car,1.0,288.0,278.0,312.0,320.0,654,axis_front,309.0,319.0,mask PCA skeleton + low contact point,generated_videos/control_points_2_car.mp4
840,0,car_racing_ego_car,1.0,288.0,278.0,312.0,320.0,654,axis_back,288.0,278.0,mask PCA skeleton + low contact point,generated_videos/control_points_2_car.mp4
840,0,car_racing_ego_car,1.0,288.0,278.0,312.0,320.0,654,axis_left,311.0,278.0,mask PCA skeleton + low contact point,generated_videos/control_points_2_car.mp4
840,0,car_racing_ego_car,1.0,288.0,278.0,312.0,320.0,654,axis_right,288.0,281.0,mask PCA skeleton + low contact point,generated_videos/control_points_2_car.mp4
840,0,car_racing_ego_car,1.0,288.0,278.0,312.0,320.0,654,contact_low,299.0,318.0,mask PCA skeleton + low contact point,generated_videos/control_points_2_car.mp4
841,0,car_racing_ego_car,1.0,288.0,278.0,314.0,320.0,658,centroid,299.5562438964844,299.7522888183594,mask PCA skeleton + low contact point,generated_videos/control_points_2_car.mp4
841,0,car_racing_ego_car,1.0,288.0,278.0,314.0,320.0,658,axis_front,290.0,319.0,mask PCA skeleton + low contact point,generated_videos/control_points_2_car.mp4
841,0,car_racing_ego_car,1.0,288.0,278.0,314.0,320.0,658,axis_back,311.0,278.0,mask PCA skeleton + low contact point,generated_videos/control_points_2_car.mp4
841,0,car_racing_ego_car,1.0,288.0,278.0,314.0,320.0,658,axis_left,313.0,281.0,mask PCA skeleton + low contact point,generated_videos/control_points_2_car.mp4
841,0,car_racing_ego_car,1.0,288.0,278.0,314.0,320.0,658,axis_right,288.0,278.0,mask PCA skeleton + low contact point,generated_videos/control_points_2_car.mp4
841,0,car_racing_ego_car,1.0,288.0,278.0,314.0,320.0,658,contact_low,299.0,318.0,mask PCA skeleton + low contact point,generated_videos/control_points_2_car.mp4
842,0,car_racing_ego_car,1.0,288.0,278.0,314.0,320.0,658,centroid,299.5562438964844,299.7522888183594,mask PCA skeleton + low contact point,generated_videos/control_points_2_car.mp4
842,0,car_racing_ego_car,1.0,288.0,278.0,314.0,320.0,658,axis_front,290.0,319.0,mask PCA skeleton + low contact point,generated_videos/control_points_2_car.mp4
842,0,car_racing_ego_car,1.0,288.0,278.0,314.0,320.0,658,axis_back,311.0,278.0,mask PCA skeleton + low contact point,generated_videos/control_points_2_car.mp4
842,0,car_racing_ego_car,1.0,288.0,278.0,314.0,320.0,658,axis_left,313.0,281.0,mask PCA skeleton + low contact point,generated_videos/control_points_2_car.mp4
842,0,car_racing_ego_car,1.0,288.0,278.0,314.0,320.0,658,axis_right,288.0,278.0,mask PCA skeleton + low contact point,generated_videos/control_points_2_car.mp4
842,0,car_racing_ego_car,1.0,288.0,278.0,314.0,320.0,658,contact_low,299.0,318.0,mask PCA skeleton + low contact point,generated_videos/control_points_2_car.mp4
843,0,car_racing_ego_car,1.0,288.0,278.0,312.0,320.0,654,centroid,299.47705078125,299.8700256347656,mask PCA skeleton + low contact point,generated_videos/control_points_2_car.mp4
843,0,car_racing_ego_car,1.0,288.0,278.0,312.0,320.0,654,axis_front,309.0,319.0,mask PCA skeleton + low contact point,generated_videos/control_points_2_car.mp4
843,0,car_racing_ego_car,1.0,288.0,278.0,312.0,320.0,654,axis_back,288.0,278.0,mask PCA skeleton + low contact point,generated_videos/control_points_2_car.mp4
843,0,car_racing_ego_car,1.0,288.0,278.0,312.0,320.0,654,axis_left,311.0,278.0,mask PCA skeleton + low contact point,generated_videos/control_points_2_car.mp4
843,0,car_racing_ego_car,1.0,288.0,278.0,312.0,320.0,654,axis_right,288.0,281.0,mask PCA skeleton + low contact point,generated_videos/control_points_2_car.mp4
843,0,car_racing_ego_car,1.0,288.0,278.0,312.0,320.0,654,contact_low,299.0,318.0,mask PCA skeleton + low contact point,generated_videos/control_points_2_car.mp4
844,0,car_racing_ego_car,1.0,288.0,278.0,312.0,320.0,654,centroid,299.47705078125,299.8700256347656,mask PCA skeleton + low contact point,generated_videos/control_points_2_car.mp4
844,0,car_racing_ego_car,1.0,288.0,278.0,312.0,320.0,654,axis_front,309.0,319.0,mask PCA skeleton + low contact point,generated_videos/control_points_2_car.mp4
844,0,car_racing_ego_car,1.0,288.0,278.0,312.0,320.0,654,axis_back,288.0,278.0,mask PCA skeleton + low contact point,generated_videos/control_points_2_car.mp4
844,0,car_racing_ego_car,1.0,288.0,278.0,312.0,320.0,654,axis_left,311.0,278.0,mask PCA skeleton + low contact point,generated_videos/control_points_2_car.mp4
844,0,car_racing_ego_car,1.0,288.0,278.0,312.0,320.0,654,axis_right,288.0,281.0,mask PCA skeleton + low contact point,generated_videos/control_points_2_car.mp4
844,0,car_racing_ego_car,1.0,288.0,278.0,312.0,320.0,654,contact_low,299.0,318.0,mask PCA skeleton + low contact point,generated_videos/control_points_2_car.mp4
845,0,car_racing_ego_car,1.0,288.0,278.0,314.0,320.0,660,centroid,299.5303039550781,299.70001220703125,mask PCA skeleton + low contact point,generated_videos/control_points_2_car.mp4
845,0,car_racing_ego_car,1.0,288.0,278.0,314.0,320.0,660,axis_front,290.0,319.0,mask PCA skeleton + low contact point,generated_videos/control_points_2_car.mp4
845,0,car_racing_ego_car,1.0,288.0,278.0,314.0,320.0,660,axis_back,311.0,278.0,mask PCA skeleton + low contact point,generated_videos/control_points_2_car.mp4
845,0,car_racing_ego_car,1.0,288.0,278.0,314.0,320.0,660,axis_left,313.0,281.0,mask PCA skeleton + low contact point,generated_videos/control_points_2_car.mp4
845,0,car_racing_ego_car,1.0,288.0,278.0,314.0,320.0,660,axis_right,288.0,278.0,mask PCA skeleton + low contact point,generated_videos/control_points_2_car.mp4
845,0,car_racing_ego_car,1.0,288.0,278.0,314.0,320.0,660,contact_low,299.0,318.0,mask PCA skeleton + low contact point,generated_videos/control_points_2_car.mp4
846,0,car_racing_ego_car,1.0,288.0,278.0,314.0,320.0,660,centroid,299.5303039550781,299.70001220703125,mask PCA skeleton + low contact point,generated_videos/control_points_2_car.mp4
846,0,car_racing_ego_car,1.0,288.0,278.0,314.0,320.0,660,axis_front,290.0,319.0,mask PCA skeleton + low contact point,generated_videos/control_points_2_car.mp4
846,0,car_racing_ego_car,1.0,288.0,278.0,314.0,320.0,660,axis_back,311.0,278.0,mask PCA skeleton + low contact point,generated_videos/control_points_2_car.mp4
846,0,car_racing_ego_car,1.0,288.0,278.0,314.0,320.0,660,axis_left,313.0,281.0,mask PCA skeleton + low contact point,generated_videos/control_points_2_car.mp4
846,0,car_racing_ego_car,1.0,288.0,278.0,314.0,320.0,660,axis_right,288.0,278.0,mask PCA skeleton + low contact point,generated_videos/control_points_2_car.mp4
846,0,car_racing_ego_car,1.0,288.0,278.0,314.0,320.0,660,contact_low,299.0,318.0,mask PCA skeleton + low contact point,generated_videos/control_points_2_car.mp4
847,0,car_racing_ego_car,1.0,288.0,278.0,312.0,320.0,654,centroid,299.47705078125,299.8700256347656,mask PCA skeleton + low contact point,generated_videos/control_points_2_car.mp4
847,0,car_racing_ego_car,1.0,288.0,278.0,312.0,320.0,654,axis_front,309.0,319.0,mask PCA skeleton + low contact point,generated_videos/control_points_2_car.mp4
847,0,car_racing_ego_car,1.0,288.0,278.0,312.0,320.0,654,axis_back,288.0,278.0,mask PCA skeleton + low contact point,generated_videos/control_points_2_car.mp4
847,0,car_racing_ego_car,1.0,288.0,278.0,312.0,320.0,654,axis_left,311.0,278.0,mask PCA skeleton + low contact point,generated_videos/control_points_2_car.mp4
847,0,car_racing_ego_car,1.0,288.0,278.0,312.0,320.0,654,axis_right,288.0,281.0,mask PCA skeleton + low contact point,generated_videos/control_points_2_car.mp4
847,0,car_racing_ego_car,1.0,288.0,278.0,312.0,320.0,654,contact_low,299.0,318.0,mask PCA skeleton + low contact point,generated_videos/control_points_2_car.mp4
848,0,car_racing_ego_car,1.0,288.0,278.0,312.0,320.0,654,centroid,299.47705078125,299.8700256347656,mask PCA skeleton + low contact point,generated_videos/control_points_2_car.mp4
848,0,car_racing_ego_car,1.0,288.0,278.0,312.0,320.0,654,axis_front,309.0,319.0,mask PCA skeleton + low contact point,generated_videos/control_points_2_car.mp4
848,0,car_racing_ego_car,1.0,288.0,278.0,312.0,320.0,654,axis_back,288.0,278.0,mask PCA skeleton + low contact point,generated_videos/control_points_2_car.mp4
848,0,car_racing_ego_car,1.0,288.0,278.0,312.0,320.0,654,axis_left,311.0,278.0,mask PCA skeleton + low contact point,generated_videos/control_points_2_car.mp4
848,0,car_racing_ego_car,1.0,288.0,278.0,312.0,320.0,654,axis_right,288.0,281.0,mask PCA skeleton + low contact point,generated_videos/control_points_2_car.mp4
848,0,car_racing_ego_car,1.0,288.0,278.0,312.0,320.0,654,contact_low,299.0,318.0,mask PCA skeleton + low contact point,generated_videos/control_points_2_car.mp4
849,0,car_racing_ego_car,1.0,288.0,278.0,312.0,320.0,656,centroid,299.5,299.81707763671875,mask PCA skeleton + low contact point,generated_videos/control_points_2_car.mp4
849,0,car_racing_ego_car,1.0,288.0,278.0,312.0,320.0,656,axis_front,290.0,319.0,mask PCA skeleton + low contact point,generated_videos/control_points_2_car.mp4
849,0,car_racing_ego_car,1.0,288.0,278.0,312.0,320.0,656,axis_back,288.0,278.0,mask PCA skeleton + low contact point,generated_videos/control_points_2_car.mp4
849,0,car_racing_ego_car,1.0,288.0,278.0,312.0,320.0,656,axis_left,311.0,278.0,mask PCA skeleton + low contact point,generated_videos/control_points_2_car.mp4
849,0,car_racing_ego_car,1.0,288.0,278.0,312.0,320.0,656,axis_right,288.0,278.0,mask PCA skeleton + low contact point,generated_videos/control_points_2_car.mp4
849,0,car_racing_ego_car,1.0,288.0,278.0,312.0,320.0,656,contact_low,299.0,318.0,mask PCA skeleton + low contact point,generated_videos/control_points_2_car.mp4
850,0,car_racing_ego_car,1.0,288.0,278.0,312.0,320.0,654,centroid,299.4220275878906,299.8516845703125,mask PCA skeleton + low contact point,generated_videos/control_points_2_car.mp4
850,0,car_racing_ego_car,1.0,288.0,278.0,312.0,320.0,654,axis_front,290.0,319.0,mask PCA skeleton + low contact point,generated_videos/control_points_2_car.mp4
850,0,car_racing_ego_car,1.0,288.0,278.0,312.0,320.0,654,axis_back,311.0,278.0,mask PCA skeleton + low contact point,generated_videos/control_points_2_car.mp4
850,0,car_racing_ego_car,1.0,288.0,278.0,312.0,320.0,654,axis_left,311.0,281.0,mask PCA skeleton + low contact point,generated_videos/control_points_2_car.mp4
850,0,car_racing_ego_car,1.0,288.0,278.0,312.0,320.0,654,axis_right,288.0,278.0,mask PCA skeleton + low contact point,generated_videos/control_points_2_car.mp4
850,0,car_racing_ego_car,1.0,288.0,278.0,312.0,320.0,654,contact_low,299.0,318.0,mask PCA skeleton + low contact point,generated_videos/control_points_2_car.mp4
851,0,car_racing_ego_car,1.0,288.0,278.0,312.0,320.0,654,centroid,299.4220275878906,299.8516845703125,mask PCA skeleton + low contact point,generated_videos/control_points_2_car.mp4
851,0,car_racing_ego_car,1.0,288.0,278.0,312.0,320.0,654,axis_front,290.0,319.0,mask PCA skeleton + low contact point,generated_videos/control_points_2_car.mp4
851,0,car_racing_ego_car,1.0,288.0,278.0,312.0,320.0,654,axis_back,311.0,278.0,mask PCA skeleton + low contact point,generated_videos/control_points_2_car.mp4
851,0,car_racing_ego_car,1.0,288.0,278.0,312.0,320.0,654,axis_left,311.0,281.0,mask PCA skeleton + low contact point,generated_videos/control_points_2_car.mp4
851,0,car_racing_ego_car,1.0,288.0,278.0,312.0,320.0,654,axis_right,288.0,278.0,mask PCA skeleton + low contact point,generated_videos/control_points_2_car.mp4
851,0,car_racing_ego_car,1.0,288.0,278.0,312.0,320.0,654,contact_low,299.0,318.0,mask PCA skeleton + low contact point,generated_videos/control_points_2_car.mp4
852,0,car_racing_ego_car,1.0,288.0,278.0,314.0,320.0,658,centroid,299.5562438964844,299.7522888183594,mask PCA skeleton + low contact point,generated_videos/control_points_2_car.mp4
852,0,car_racing_ego_car,1.0,288.0,278.0,314.0,320.0,658,axis_front,290.0,319.0,mask PCA skeleton + low contact point,generated_videos/control_points_2_car.mp4
852,0,car_racing_ego_car,1.0,288.0,278.0,314.0,320.0,658,axis_back,311.0,278.0,mask PCA skeleton + low contact point,generated_videos/control_points_2_car.mp4
852,0,car_racing_ego_car,1.0,288.0,278.0,314.0,320.0,658,axis_left,313.0,281.0,mask PCA skeleton + low contact point,generated_videos/control_points_2_car.mp4
852,0,car_racing_ego_car,1.0,288.0,278.0,314.0,320.0,658,axis_right,288.0,278.0,mask PCA skeleton + low contact point,generated_videos/control_points_2_car.mp4
852,0,car_racing_ego_car,1.0,288.0,278.0,314.0,320.0,658,contact_low,299.0,318.0,mask PCA skeleton + low contact point,generated_videos/control_points_2_car.mp4
853,0,car_racing_ego_car,1.0,288.0,278.0,312.0,320.0,672,centroid,299.41070556640625,299.6577453613281,mask PCA skeleton + low contact point,generated_videos/control_points_2_car.mp4
853,0,car_racing_ego_car,1.0,288.0,278.0,312.0,320.0,672,axis_front,290.0,319.0,mask PCA skeleton + low contact point,generated_videos/control_points_2_car.mp4
853,0,car_racing_ego_car,1.0,288.0,278.0,312.0,320.0,672,axis_back,311.0,278.0,mask PCA skeleton + low contact point,generated_videos/control_points_2_car.mp4
853,0,car_racing_ego_car,1.0,288.0,278.0,312.0,320.0,672,axis_left,311.0,281.0,mask PCA skeleton + low contact point,generated_videos/control_points_2_car.mp4
853,0,car_racing_ego_car,1.0,288.0,278.0,312.0,320.0,672,axis_right,288.0,278.0,mask PCA skeleton + low contact point,generated_videos/control_points_2_car.mp4
853,0,car_racing_ego_car,1.0,288.0,278.0,312.0,320.0,672,contact_low,299.0,318.0,mask PCA skeleton + low contact point,generated_videos/control_points_2_car.mp4
854,0,car_racing_ego_car,1.0,288.0,278.0,312.0,320.0,654,centroid,299.47705078125,299.8700256347656,mask PCA skeleton + low contact point,generated_videos/control_points_2_car.mp4
854,0,car_racing_ego_car,1.0,288.0,278.0,312.0,320.0,654,axis_front,309.0,319.0,mask PCA skeleton + low contact point,generated_videos/control_points_2_car.mp4
854,0,car_racing_ego_car,1.0,288.0,278.0,312.0,320.0,654,axis_back,288.0,278.0,mask PCA skeleton + low contact point,generated_videos/control_points_2_car.mp4
854,0,car_racing_ego_car,1.0,288.0,278.0,312.0,320.0,654,axis_left,311.0,278.0,mask PCA skeleton + low contact point,generated_videos/control_points_2_car.mp4
854,0,car_racing_ego_car,1.0,288.0,278.0,312.0,320.0,654,axis_right,288.0,281.0,mask PCA skeleton + low contact point,generated_videos/control_points_2_car.mp4
854,0,car_racing_ego_car,1.0,288.0,278.0,312.0,320.0,654,contact_low,299.0,318.0,mask PCA skeleton + low contact point,generated_videos/control_points_2_car.mp4
855,0,car_racing_ego_car,1.0,288.0,278.0,312.0,320.0,654,centroid,299.47705078125,299.8700256347656,mask PCA skeleton + low contact point,generated_videos/control_points_2_car.mp4
855,0,car_racing_ego_car,1.0,288.0,278.0,312.0,320.0,654,axis_front,309.0,319.0,mask PCA skeleton + low contact point,generated_videos/control_points_2_car.mp4
855,0,car_racing_ego_car,1.0,288.0,278.0,312.0,320.0,654,axis_back,288.0,278.0,mask PCA skeleton + low contact point,generated_videos/control_points_2_car.mp4
855,0,car_racing_ego_car,1.0,288.0,278.0,312.0,320.0,654,axis_left,311.0,278.0,mask PCA skeleton + low contact point,generated_videos/control_points_2_car.mp4
855,0,car_racing_ego_car,1.0,288.0,278.0,312.0,320.0,654,axis_right,288.0,281.0,mask PCA skeleton + low contact point,generated_videos/control_points_2_car.mp4
855,0,car_racing_ego_car,1.0,288.0,278.0,312.0,320.0,654,contact_low,299.0,318.0,mask PCA skeleton + low contact point,generated_videos/control_points_2_car.mp4
856,0,car_racing_ego_car,1.0,288.0,278.0,314.0,320.0,658,centroid,299.5577392578125,299.6565246582031,mask PCA skeleton + low contact point,generated_videos/control_points_2_car.mp4
856,0,car_racing_ego_car,1.0,288.0,278.0,314.0,320.0,658,axis_front,290.0,319.0,mask PCA skeleton + low contact point,generated_videos/control_points_2_car.mp4
856,0,car_racing_ego_car,1.0,288.0,278.0,314.0,320.0,658,axis_back,311.0,278.0,mask PCA skeleton + low contact point,generated_videos/control_points_2_car.mp4
856,0,car_racing_ego_car,1.0,288.0,278.0,314.0,320.0,658,axis_left,313.0,281.0,mask PCA skeleton + low contact point,generated_videos/control_points_2_car.mp4
856,0,car_racing_ego_car,1.0,288.0,278.0,314.0,320.0,658,axis_right,288.0,278.0,mask PCA skeleton + low contact point,generated_videos/control_points_2_car.mp4
856,0,car_racing_ego_car,1.0,288.0,278.0,314.0,320.0,658,contact_low,299.0,318.0,mask PCA skeleton + low contact point,generated_videos/control_points_2_car.mp4
857,0,car_racing_ego_car,1.0,288.0,278.0,314.0,320.0,660,centroid,299.5484924316406,299.7727355957031,mask PCA skeleton + low contact point,generated_videos/control_points_2_car.mp4
857,0,car_racing_ego_car,1.0,288.0,278.0,314.0,320.0,660,axis_front,290.0,319.0,mask PCA skeleton + low contact point,generated_videos/control_points_2_car.mp4
857,0,car_racing_ego_car,1.0,288.0,278.0,314.0,320.0,660,axis_back,311.0,278.0,mask PCA skeleton + low contact point,generated_videos/control_points_2_car.mp4
857,0,car_racing_ego_car,1.0,288.0,278.0,314.0,320.0,660,axis_left,313.0,281.0,mask PCA skeleton + low contact point,generated_videos/control_points_2_car.mp4
857,0,car_racing_ego_car,1.0,288.0,278.0,314.0,320.0,660,axis_right,288.0,278.0,mask PCA skeleton + low contact point,generated_videos/control_points_2_car.mp4
857,0,car_racing_ego_car,1.0,288.0,278.0,314.0,320.0,660,contact_low,299.0,318.0,mask PCA skeleton + low contact point,generated_videos/control_points_2_car.mp4
858,0,car_racing_ego_car,1.0,288.0,278.0,312.0,320.0,658,centroid,299.5075988769531,299.8373718261719,mask PCA skeleton + low contact point,generated_videos/control_points_2_car.mp4
858,0,car_racing_ego_car,1.0,288.0,278.0,312.0,320.0,658,axis_front,309.0,319.0,mask PCA skeleton + low contact point,generated_videos/control_points_2_car.mp4
858,0,car_racing_ego_car,1.0,288.0,278.0,312.0,320.0,658,axis_back,288.0,278.0,mask PCA skeleton + low contact point,generated_videos/control_points_2_car.mp4
858,0,car_racing_ego_car,1.0,288.0,278.0,312.0,320.0,658,axis_left,311.0,278.0,mask PCA skeleton + low contact point,generated_videos/control_points_2_car.mp4
858,0,car_racing_ego_car,1.0,288.0,278.0,312.0,320.0,658,axis_right,288.0,281.0,mask PCA skeleton + low contact point,generated_videos/control_points_2_car.mp4
858,0,car_racing_ego_car,1.0,288.0,278.0,312.0,320.0,658,contact_low,299.0,318.0,mask PCA skeleton + low contact point,generated_videos/control_points_2_car.mp4
859,0,car_racing_ego_car,1.0,288.0,278.0,312.0,320.0,658,centroid,299.5075988769531,299.8373718261719,mask PCA skeleton + low contact point,generated_videos/control_points_2_car.mp4
859,0,car_racing_ego_car,1.0,288.0,278.0,312.0,320.0,658,axis_front,309.0,319.0,mask PCA skeleton + low contact point,generated_videos/control_points_2_car.mp4
859,0,car_racing_ego_car,1.0,288.0,278.0,312.0,320.0,658,axis_back,288.0,278.0,mask PCA skeleton + low contact point,generated_videos/control_points_2_car.mp4
859,0,car_racing_ego_car,1.0,288.0,278.0,312.0,320.0,658,axis_left,311.0,278.0,mask PCA skeleton + low contact point,generated_videos/control_points_2_car.mp4
859,0,car_racing_ego_car,1.0,288.0,278.0,312.0,320.0,658,axis_right,288.0,281.0,mask PCA skeleton + low contact point,generated_videos/control_points_2_car.mp4
859,0,car_racing_ego_car,1.0,288.0,278.0,312.0,320.0,658,contact_low,299.0,318.0,mask PCA skeleton + low contact point,generated_videos/control_points_2_car.mp4
860,0,car_racing_ego_car,1.0,288.0,278.0,312.0,320.0,664,centroid,299.6204833984375,299.6084289550781,mask PCA skeleton + low contact point,generated_videos/control_points_2_car.mp4
860,0,car_racing_ego_car,1.0,288.0,278.0,312.0,320.0,664,axis_front,290.0,319.0,mask PCA skeleton + low contact point,generated_videos/control_points_2_car.mp4
860,0,car_racing_ego_car,1.0,288.0,278.0,312.0,320.0,664,axis_back,311.0,278.0,mask PCA skeleton + low contact point,generated_videos/control_points_2_car.mp4
860,0,car_racing_ego_car,1.0,288.0,278.0,312.0,320.0,664,axis_left,311.0,283.0,mask PCA skeleton + low contact point,generated_videos/control_points_2_car.mp4
860,0,car_racing_ego_car,1.0,288.0,278.0,312.0,320.0,664,axis_right,288.0,278.0,mask PCA skeleton + low contact point,generated_videos/control_points_2_car.mp4
860,0,car_racing_ego_car,1.0,288.0,278.0,312.0,320.0,664,contact_low,299.0,318.0,mask PCA skeleton + low contact point,generated_videos/control_points_2_car.mp4
861,0,car_racing_ego_car,1.0,288.0,278.0,312.0,320.0,654,centroid,299.47705078125,299.8700256347656,mask PCA skeleton + low contact point,generated_videos/control_points_2_car.mp4
861,0,car_racing_ego_car,1.0,288.0,278.0,312.0,320.0,654,axis_front,309.0,319.0,mask PCA skeleton + low contact point,generated_videos/control_points_2_car.mp4
861,0,car_racing_ego_car,1.0,288.0,278.0,312.0,320.0,654,axis_back,288.0,278.0,mask PCA skeleton + low contact point,generated_videos/control_points_2_car.mp4
861,0,car_racing_ego_car,1.0,288.0,278.0,312.0,320.0,654,axis_left,311.0,278.0,mask PCA skeleton + low contact point,generated_videos/control_points_2_car.mp4
861,0,car_racing_ego_car,1.0,288.0,278.0,312.0,320.0,654,axis_right,288.0,281.0,mask PCA skeleton + low contact point,generated_videos/control_points_2_car.mp4
861,0,car_racing_ego_car,1.0,288.0,278.0,312.0,320.0,654,contact_low,299.0,318.0,mask PCA skeleton + low contact point,generated_videos/control_points_2_car.mp4
862,0,car_racing_ego_car,1.0,288.0,278.0,314.0,320.0,660,centroid,299.5303039550781,299.70001220703125,mask PCA skeleton + low contact point,generated_videos/control_points_2_car.mp4
862,0,car_racing_ego_car,1.0,288.0,278.0,314.0,320.0,660,axis_front,290.0,319.0,mask PCA skeleton + low contact point,generated_videos/control_points_2_car.mp4
862,0,car_racing_ego_car,1.0,288.0,278.0,314.0,320.0,660,axis_back,311.0,278.0,mask PCA skeleton + low contact point,generated_videos/control_points_2_car.mp4
862,0,car_racing_ego_car,1.0,288.0,278.0,314.0,320.0,660,axis_left,313.0,281.0,mask PCA skeleton + low contact point,generated_videos/control_points_2_car.mp4
862,0,car_racing_ego_car,1.0,288.0,278.0,314.0,320.0,660,axis_right,288.0,278.0,mask PCA skeleton + low contact point,generated_videos/control_points_2_car.mp4
862,0,car_racing_ego_car,1.0,288.0,278.0,314.0,320.0,660,contact_low,299.0,318.0,mask PCA skeleton + low contact point,generated_videos/control_points_2_car.mp4
863,0,car_racing_ego_car,1.0,288.0,278.0,314.0,320.0,660,centroid,299.5303039550781,299.70001220703125,mask PCA skeleton + low contact point,generated_videos/control_points_2_car.mp4
863,0,car_racing_ego_car,1.0,288.0,278.0,314.0,320.0,660,axis_front,290.0,319.0,mask PCA skeleton + low contact point,generated_videos/control_points_2_car.mp4
863,0,car_racing_ego_car,1.0,288.0,278.0,314.0,320.0,660,axis_back,311.0,278.0,mask PCA skeleton + low contact point,generated_videos/control_points_2_car.mp4
863,0,car_racing_ego_car,1.0,288.0,278.0,314.0,320.0,660,axis_left,313.0,281.0,mask PCA skeleton + low contact point,generated_videos/control_points_2_car.mp4
863,0,car_racing_ego_car,1.0,288.0,278.0,314.0,320.0,660,axis_right,288.0,278.0,mask PCA skeleton + low contact point,generated_videos/control_points_2_car.mp4
863,0,car_racing_ego_car,1.0,288.0,278.0,314.0,320.0,660,contact_low,299.0,318.0,mask PCA skeleton + low contact point,generated_videos/control_points_2_car.mp4
864,0,car_racing_ego_car,1.0,288.0,278.0,312.0,320.0,654,centroid,299.47705078125,299.8700256347656,mask PCA skeleton + low contact point,generated_videos/control_points_2_car.mp4
864,0,car_racing_ego_car,1.0,288.0,278.0,312.0,320.0,654,axis_front,309.0,319.0,mask PCA skeleton + low contact point,generated_videos/control_points_2_car.mp4
864,0,car_racing_ego_car,1.0,288.0,278.0,312.0,320.0,654,axis_back,288.0,278.0,mask PCA skeleton + low contact point,generated_videos/control_points_2_car.mp4
864,0,car_racing_ego_car,1.0,288.0,278.0,312.0,320.0,654,axis_left,311.0,278.0,mask PCA skeleton + low contact point,generated_videos/control_points_2_car.mp4
864,0,car_racing_ego_car,1.0,288.0,278.0,312.0,320.0,654,axis_right,288.0,281.0,mask PCA skeleton + low contact point,generated_videos/control_points_2_car.mp4
864,0,car_racing_ego_car,1.0,288.0,278.0,312.0,320.0,654,contact_low,299.0,318.0,mask PCA skeleton + low contact point,generated_videos/control_points_2_car.mp4
865,0,car_racing_ego_car,1.0,288.0,278.0,312.0,320.0,653,centroid,299.488525390625,299.8958740234375,mask PCA skeleton + low contact point,generated_videos/control_points_2_car.mp4
865,0,car_racing_ego_car,1.0,288.0,278.0,312.0,320.0,653,axis_front,309.0,319.0,mask PCA skeleton + low contact point,generated_videos/control_points_2_car.mp4
865,0,car_racing_ego_car,1.0,288.0,278.0,312.0,320.0,653,axis_back,288.0,278.0,mask PCA skeleton + low contact point,generated_videos/control_points_2_car.mp4
865,0,car_racing_ego_car,1.0,288.0,278.0,312.0,320.0,653,axis_left,311.0,278.0,mask PCA skeleton + low contact point,generated_videos/control_points_2_car.mp4
865,0,car_racing_ego_car,1.0,288.0,278.0,312.0,320.0,653,axis_right,288.0,281.0,mask PCA skeleton + low contact point,generated_videos/control_points_2_car.mp4
865,0,car_racing_ego_car,1.0,288.0,278.0,312.0,320.0,653,contact_low,299.0,318.0,mask PCA skeleton + low contact point,generated_videos/control_points_2_car.mp4
866,0,car_racing_ego_car,1.0,288.0,278.0,312.0,320.0,661,centroid,299.3857727050781,299.97125244140625,mask PCA skeleton + low contact point,generated_videos/control_points_2_car.mp4
866,0,car_racing_ego_car,1.0,288.0,278.0,312.0,320.0,661,axis_front,290.0,319.0,mask PCA skeleton + low contact point,generated_videos/control_points_2_car.mp4
866,0,car_racing_ego_car,1.0,288.0,278.0,312.0,320.0,661,axis_back,311.0,278.0,mask PCA skeleton + low contact point,generated_videos/control_points_2_car.mp4
866,0,car_racing_ego_car,1.0,288.0,278.0,312.0,320.0,661,axis_left,311.0,281.0,mask PCA skeleton + low contact point,generated_videos/control_points_2_car.mp4
866,0,car_racing_ego_car,1.0,288.0,278.0,312.0,320.0,661,axis_right,288.0,278.0,mask PCA skeleton + low contact point,generated_videos/control_points_2_car.mp4
866,0,car_racing_ego_car,1.0,288.0,278.0,312.0,320.0,661,contact_low,299.0,318.0,mask PCA skeleton + low contact point,generated_videos/control_points_2_car.mp4
867,0,car_racing_ego_car,1.0,288.0,278.0,312.0,320.0,661,centroid,299.3857727050781,299.97125244140625,mask PCA skeleton + low contact point,generated_videos/control_points_2_car.mp4
867,0,car_racing_ego_car,1.0,288.0,278.0,312.0,320.0,661,axis_front,290.0,319.0,mask PCA skeleton + low contact point,generated_videos/control_points_2_car.mp4
867,0,car_racing_ego_car,1.0,288.0,278.0,312.0,320.0,661,axis_back,311.0,278.0,mask PCA skeleton + low contact point,generated_videos/control_points_2_car.mp4
867,0,car_racing_ego_car,1.0,288.0,278.0,312.0,320.0,661,axis_left,311.0,281.0,mask PCA skeleton + low contact point,generated_videos/control_points_2_car.mp4
867,0,car_racing_ego_car,1.0,288.0,278.0,312.0,320.0,661,axis_right,288.0,278.0,mask PCA skeleton + low contact point,generated_videos/control_points_2_car.mp4
867,0,car_racing_ego_car,1.0,288.0,278.0,312.0,320.0,661,contact_low,299.0,318.0,mask PCA skeleton + low contact point,generated_videos/control_points_2_car.mp4
868,0,car_racing_ego_car,1.0,288.0,278.0,312.0,320.0,657,centroid,299.4322814941406,299.8158264160156,mask PCA skeleton + low contact point,generated_videos/control_points_2_car.mp4
868,0,car_racing_ego_car,1.0,288.0,278.0,312.0,320.0,657,axis_front,309.0,319.0,mask PCA skeleton + low contact point,generated_videos/control_points_2_car.mp4
868,0,car_racing_ego_car,1.0,288.0,278.0,312.0,320.0,657,axis_back,288.0,278.0,mask PCA skeleton + low contact point,generated_videos/control_points_2_car.mp4
868,0,car_racing_ego_car,1.0,288.0,278.0,312.0,320.0,657,axis_left,311.0,278.0,mask PCA skeleton + low contact point,generated_videos/control_points_2_car.mp4
868,0,car_racing_ego_car,1.0,288.0,278.0,312.0,320.0,657,axis_right,288.0,281.0,mask PCA skeleton + low contact point,generated_videos/control_points_2_car.mp4
868,0,car_racing_ego_car,1.0,288.0,278.0,312.0,320.0,657,contact_low,299.0,318.0,mask PCA skeleton + low contact point,generated_videos/control_points_2_car.mp4
869,0,car_racing_ego_car,1.0,288.0,278.0,312.0,320.0,654,centroid,299.47705078125,299.8700256347656,mask PCA skeleton + low contact point,generated_videos/control_points_2_car.mp4
869,0,car_racing_ego_car,1.0,288.0,278.0,312.0,320.0,654,axis_front,309.0,319.0,mask PCA skeleton + low contact point,generated_videos/control_points_2_car.mp4
869,0,car_racing_ego_car,1.0,288.0,278.0,312.0,320.0,654,axis_back,288.0,278.0,mask PCA skeleton + low contact point,generated_videos/control_points_2_car.mp4
869,0,car_racing_ego_car,1.0,288.0,278.0,312.0,320.0,654,axis_left,311.0,278.0,mask PCA skeleton + low contact point,generated_videos/control_points_2_car.mp4
869,0,car_racing_ego_car,1.0,288.0,278.0,312.0,320.0,654,axis_right,288.0,281.0,mask PCA skeleton + low contact point,generated_videos/control_points_2_car.mp4
869,0,car_racing_ego_car,1.0,288.0,278.0,312.0,320.0,654,contact_low,299.0,318.0,mask PCA skeleton + low contact point,generated_videos/control_points_2_car.mp4
870,0,car_racing_ego_car,1.0,288.0,278.0,312.0,320.0,658,centroid,299.4741516113281,299.8404235839844,mask PCA skeleton + low contact point,generated_videos/control_points_2_car.mp4
870,0,car_racing_ego_car,1.0,288.0,278.0,312.0,320.0,658,axis_front,290.0,319.0,mask PCA skeleton + low contact point,generated_videos/control_points_2_car.mp4
870,0,car_racing_ego_car,1.0,288.0,278.0,312.0,320.0,658,axis_back,311.0,278.0,mask PCA skeleton + low contact point,generated_videos/control_points_2_car.mp4
870,0,car_racing_ego_car,1.0,288.0,278.0,312.0,320.0,658,axis_left,311.0,281.0,mask PCA skeleton + low contact point,generated_videos/control_points_2_car.mp4
870,0,car_racing_ego_car,1.0,288.0,278.0,312.0,320.0,658,axis_right,288.0,278.0,mask PCA skeleton + low contact point,generated_videos/control_points_2_car.mp4
870,0,car_racing_ego_car,1.0,288.0,278.0,312.0,320.0,658,contact_low,299.0,318.0,mask PCA skeleton + low contact point,generated_videos/control_points_2_car.mp4
871,0,car_racing_ego_car,1.0,288.0,278.0,312.0,320.0,658,centroid,299.4741516113281,299.8404235839844,mask PCA skeleton + low contact point,generated_videos/control_points_2_car.mp4
871,0,car_racing_ego_car,1.0,288.0,278.0,312.0,320.0,658,axis_front,290.0,319.0,mask PCA skeleton + low contact point,generated_videos/control_points_2_car.mp4
871,0,car_racing_ego_car,1.0,288.0,278.0,312.0,320.0,658,axis_back,311.0,278.0,mask PCA skeleton + low contact point,generated_videos/control_points_2_car.mp4
871,0,car_racing_ego_car,1.0,288.0,278.0,312.0,320.0,658,axis_left,311.0,281.0,mask PCA skeleton + low contact point,generated_videos/control_points_2_car.mp4
871,0,car_racing_ego_car,1.0,288.0,278.0,312.0,320.0,658,axis_right,288.0,278.0,mask PCA skeleton + low contact point,generated_videos/control_points_2_car.mp4
871,0,car_racing_ego_car,1.0,288.0,278.0,312.0,320.0,658,contact_low,299.0,318.0,mask PCA skeleton + low contact point,generated_videos/control_points_2_car.mp4
872,0,car_racing_ego_car,1.0,288.0,278.0,312.0,320.0,654,centroid,299.47705078125,299.8700256347656,mask PCA skeleton + low contact point,generated_videos/control_points_2_car.mp4
872,0,car_racing_ego_car,1.0,288.0,278.0,312.0,320.0,654,axis_front,309.0,319.0,mask PCA skeleton + low contact point,generated_videos/control_points_2_car.mp4
872,0,car_racing_ego_car,1.0,288.0,278.0,312.0,320.0,654,axis_back,288.0,278.0,mask PCA skeleton + low contact point,generated_videos/control_points_2_car.mp4
872,0,car_racing_ego_car,1.0,288.0,278.0,312.0,320.0,654,axis_left,311.0,278.0,mask PCA skeleton + low contact point,generated_videos/control_points_2_car.mp4
872,0,car_racing_ego_car,1.0,288.0,278.0,312.0,320.0,654,axis_right,288.0,281.0,mask PCA skeleton + low contact point,generated_videos/control_points_2_car.mp4
872,0,car_racing_ego_car,1.0,288.0,278.0,312.0,320.0,654,contact_low,299.0,318.0,mask PCA skeleton + low contact point,generated_videos/control_points_2_car.mp4
873,0,car_racing_ego_car,1.0,288.0,278.0,312.0,320.0,656,centroid,299.44970703125,299.8948059082031,mask PCA skeleton + low contact point,generated_videos/control_points_2_car.mp4
873,0,car_racing_ego_car,1.0,288.0,278.0,312.0,320.0,656,axis_front,309.0,319.0,mask PCA skeleton + low contact point,generated_videos/control_points_2_car.mp4
873,0,car_racing_ego_car,1.0,288.0,278.0,312.0,320.0,656,axis_back,288.0,278.0,mask PCA skeleton + low contact point,generated_videos/control_points_2_car.mp4
873,0,car_racing_ego_car,1.0,288.0,278.0,312.0,320.0,656,axis_left,311.0,278.0,mask PCA skeleton + low contact point,generated_videos/control_points_2_car.mp4
873,0,car_racing_ego_car,1.0,288.0,278.0,312.0,320.0,656,axis_right,288.0,281.0,mask PCA skeleton + low contact point,generated_videos/control_points_2_car.mp4
873,0,car_racing_ego_car,1.0,288.0,278.0,312.0,320.0,656,contact_low,299.0,318.0,mask PCA skeleton + low contact point,generated_videos/control_points_2_car.mp4
874,0,car_racing_ego_car,1.0,288.0,278.0,314.0,320.0,664,centroid,299.5888671875,299.53765869140625,mask PCA skeleton + low contact point,generated_videos/control_points_2_car.mp4
874,0,car_racing_ego_car,1.0,288.0,278.0,314.0,320.0,664,axis_front,290.0,319.0,mask PCA skeleton + low contact point,generated_videos/control_points_2_car.mp4
874,0,car_racing_ego_car,1.0,288.0,278.0,314.0,320.0,664,axis_back,311.0,278.0,mask PCA skeleton + low contact point,generated_videos/control_points_2_car.mp4
874,0,car_racing_ego_car,1.0,288.0,278.0,314.0,320.0,664,axis_left,313.0,281.0,mask PCA skeleton + low contact point,generated_videos/control_points_2_car.mp4
874,0,car_racing_ego_car,1.0,288.0,278.0,314.0,320.0,664,axis_right,288.0,278.0,mask PCA skeleton + low contact point,generated_videos/control_points_2_car.mp4
874,0,car_racing_ego_car,1.0,288.0,278.0,314.0,320.0,664,contact_low,299.0,318.0,mask PCA skeleton + low contact point,generated_videos/control_points_2_car.mp4
875,0,car_racing_ego_car,1.0,288.0,278.0,312.0,320.0,650,centroid,299.4569091796875,299.8800048828125,mask PCA skeleton + low contact point,generated_videos/control_points_2_car.mp4
875,0,car_racing_ego_car,1.0,288.0,278.0,312.0,320.0,650,axis_front,309.0,319.0,mask PCA skeleton + low contact point,generated_videos/control_points_2_car.mp4
875,0,car_racing_ego_car,1.0,288.0,278.0,312.0,320.0,650,axis_back,288.0,278.0,mask PCA skeleton + low contact point,generated_videos/control_points_2_car.mp4
875,0,car_racing_ego_car,1.0,288.0,278.0,312.0,320.0,650,axis_left,311.0,278.0,mask PCA skeleton + low contact point,generated_videos/control_points_2_car.mp4
875,0,car_racing_ego_car,1.0,288.0,278.0,312.0,320.0,650,axis_right,288.0,281.0,mask PCA skeleton + low contact point,generated_videos/control_points_2_car.mp4
875,0,car_racing_ego_car,1.0,288.0,278.0,312.0,320.0,650,contact_low,299.0,318.0,mask PCA skeleton + low contact point,generated_videos/control_points_2_car.mp4
876,0,car_racing_ego_car,1.0,288.0,278.0,312.0,320.0,650,centroid,299.4569091796875,299.8800048828125,mask PCA skeleton + low contact point,generated_videos/control_points_2_car.mp4
876,0,car_racing_ego_car,1.0,288.0,278.0,312.0,320.0,650,axis_front,309.0,319.0,mask PCA skeleton + low contact point,generated_videos/control_points_2_car.mp4
876,0,car_racing_ego_car,1.0,288.0,278.0,312.0,320.0,650,axis_back,288.0,278.0,mask PCA skeleton + low contact point,generated_videos/control_points_2_car.mp4
876,0,car_racing_ego_car,1.0,288.0,278.0,312.0,320.0,650,axis_left,311.0,278.0,mask PCA skeleton + low contact point,generated_videos/control_points_2_car.mp4
876,0,car_racing_ego_car,1.0,288.0,278.0,312.0,320.0,650,axis_right,288.0,281.0,mask PCA skeleton + low contact point,generated_videos/control_points_2_car.mp4
876,0,car_racing_ego_car,1.0,288.0,278.0,312.0,320.0,650,contact_low,299.0,318.0,mask PCA skeleton + low contact point,generated_videos/control_points_2_car.mp4
877,0,car_racing_ego_car,1.0,288.0,278.0,312.0,320.0,660,centroid,299.5545349121094,299.7121276855469,mask PCA skeleton + low contact point,generated_videos/control_points_2_car.mp4
877,0,car_racing_ego_car,1.0,288.0,278.0,312.0,320.0,660,axis_front,290.0,319.0,mask PCA skeleton + low contact point,generated_videos/control_points_2_car.mp4
877,0,car_racing_ego_car,1.0,288.0,278.0,312.0,320.0,660,axis_back,311.0,278.0,mask PCA skeleton + low contact point,generated_videos/control_points_2_car.mp4
877,0,car_racing_ego_car,1.0,288.0,278.0,312.0,320.0,660,axis_left,311.0,281.0,mask PCA skeleton + low contact point,generated_videos/control_points_2_car.mp4
877,0,car_racing_ego_car,1.0,288.0,278.0,312.0,320.0,660,axis_right,288.0,278.0,mask PCA skeleton + low contact point,generated_videos/control_points_2_car.mp4
877,0,car_racing_ego_car,1.0,288.0,278.0,312.0,320.0,660,contact_low,299.0,318.0,mask PCA skeleton + low contact point,generated_videos/control_points_2_car.mp4
878,0,car_racing_ego_car,1.0,288.0,278.0,312.0,320.0,654,centroid,299.47705078125,299.8700256347656,mask PCA skeleton + low contact point,generated_videos/control_points_2_car.mp4
878,0,car_racing_ego_car,1.0,288.0,278.0,312.0,320.0,654,axis_front,309.0,319.0,mask PCA skeleton + low contact point,generated_videos/control_points_2_car.mp4
878,0,car_racing_ego_car,1.0,288.0,278.0,312.0,320.0,654,axis_back,288.0,278.0,mask PCA skeleton + low contact point,generated_videos/control_points_2_car.mp4
878,0,car_racing_ego_car,1.0,288.0,278.0,312.0,320.0,654,axis_left,311.0,278.0,mask PCA skeleton + low contact point,generated_videos/control_points_2_car.mp4
878,0,car_racing_ego_car,1.0,288.0,278.0,312.0,320.0,654,axis_right,288.0,281.0,mask PCA skeleton + low contact point,generated_videos/control_points_2_car.mp4
878,0,car_racing_ego_car,1.0,288.0,278.0,312.0,320.0,654,contact_low,299.0,318.0,mask PCA skeleton + low contact point,generated_videos/control_points_2_car.mp4
879,0,car_racing_ego_car,1.0,288.0,278.0,312.0,320.0,654,centroid,299.47705078125,299.8700256347656,mask PCA skeleton + low contact point,generated_videos/control_points_2_car.mp4
879,0,car_racing_ego_car,1.0,288.0,278.0,312.0,320.0,654,axis_front,309.0,319.0,mask PCA skeleton + low contact point,generated_videos/control_points_2_car.mp4
879,0,car_racing_ego_car,1.0,288.0,278.0,312.0,320.0,654,axis_back,288.0,278.0,mask PCA skeleton + low contact point,generated_videos/control_points_2_car.mp4
879,0,car_racing_ego_car,1.0,288.0,278.0,312.0,320.0,654,axis_left,311.0,278.0,mask PCA skeleton + low contact point,generated_videos/control_points_2_car.mp4
879,0,car_racing_ego_car,1.0,288.0,278.0,312.0,320.0,654,axis_right,288.0,281.0,mask PCA skeleton + low contact point,generated_videos/control_points_2_car.mp4
879,0,car_racing_ego_car,1.0,288.0,278.0,312.0,320.0,654,contact_low,299.0,318.0,mask PCA skeleton + low contact point,generated_videos/control_points_2_car.mp4
880,0,car_racing_ego_car,1.0,288.0,278.0,312.0,320.0,654,centroid,299.47705078125,299.8700256347656,mask PCA skeleton + low contact point,generated_videos/control_points_2_car.mp4
880,0,car_racing_ego_car,1.0,288.0,278.0,312.0,320.0,654,axis_front,309.0,319.0,mask PCA skeleton + low contact point,generated_videos/control_points_2_car.mp4
880,0,car_racing_ego_car,1.0,288.0,278.0,312.0,320.0,654,axis_back,288.0,278.0,mask PCA skeleton + low contact point,generated_videos/control_points_2_car.mp4
880,0,car_racing_ego_car,1.0,288.0,278.0,312.0,320.0,654,axis_left,311.0,278.0,mask PCA skeleton + low contact point,generated_videos/control_points_2_car.mp4
880,0,car_racing_ego_car,1.0,288.0,278.0,312.0,320.0,654,axis_right,288.0,281.0,mask PCA skeleton + low contact point,generated_videos/control_points_2_car.mp4
880,0,car_racing_ego_car,1.0,288.0,278.0,312.0,320.0,654,contact_low,299.0,318.0,mask PCA skeleton + low contact point,generated_videos/control_points_2_car.mp4
881,0,car_racing_ego_car,1.0,288.0,278.0,312.0,320.0,657,centroid,299.5159912109375,299.7884216308594,mask PCA skeleton + low contact point,generated_videos/control_points_2_car.mp4
881,0,car_racing_ego_car,1.0,288.0,278.0,312.0,320.0,657,axis_front,290.0,319.0,mask PCA skeleton + low contact point,generated_videos/control_points_2_car.mp4
881,0,car_racing_ego_car,1.0,288.0,278.0,312.0,320.0,657,axis_back,311.0,278.0,mask PCA skeleton + low contact point,generated_videos/control_points_2_car.mp4
881,0,car_racing_ego_car,1.0,288.0,278.0,312.0,320.0,657,axis_left,311.0,281.0,mask PCA skeleton + low contact point,generated_videos/control_points_2_car.mp4
881,0,car_racing_ego_car,1.0,288.0,278.0,312.0,320.0,657,axis_right,288.0,278.0,mask PCA skeleton + low contact point,generated_videos/control_points_2_car.mp4
881,0,car_racing_ego_car,1.0,288.0,278.0,312.0,320.0,657,contact_low,299.0,318.0,mask PCA skeleton + low contact point,generated_videos/control_points_2_car.mp4
882,0,car_racing_ego_car,1.0,288.0,278.0,312.0,320.0,654,centroid,299.4235534667969,299.7737121582031,mask PCA skeleton + low contact point,generated_videos/control_points_2_car.mp4
882,0,car_racing_ego_car,1.0,288.0,278.0,312.0,320.0,654,axis_front,309.0,319.0,mask PCA skeleton + low contact point,generated_videos/control_points_2_car.mp4
882,0,car_racing_ego_car,1.0,288.0,278.0,312.0,320.0,654,axis_back,288.0,278.0,mask PCA skeleton + low contact point,generated_videos/control_points_2_car.mp4
882,0,car_racing_ego_car,1.0,288.0,278.0,312.0,320.0,654,axis_left,311.0,278.0,mask PCA skeleton + low contact point,generated_videos/control_points_2_car.mp4
882,0,car_racing_ego_car,1.0,288.0,278.0,312.0,320.0,654,axis_right,288.0,281.0,mask PCA skeleton + low contact point,generated_videos/control_points_2_car.mp4
882,0,car_racing_ego_car,1.0,288.0,278.0,312.0,320.0,654,contact_low,299.0,318.0,mask PCA skeleton + low contact point,generated_videos/control_points_2_car.mp4
883,0,car_racing_ego_car,1.0,288.0,278.0,312.0,320.0,660,centroid,299.5545349121094,299.7121276855469,mask PCA skeleton + low contact point,generated_videos/control_points_2_car.mp4
883,0,car_racing_ego_car,1.0,288.0,278.0,312.0,320.0,660,axis_front,290.0,319.0,mask PCA skeleton + low contact point,generated_videos/control_points_2_car.mp4
883,0,car_racing_ego_car,1.0,288.0,278.0,312.0,320.0,660,axis_back,311.0,278.0,mask PCA skeleton + low contact point,generated_videos/control_points_2_car.mp4
883,0,car_racing_ego_car,1.0,288.0,278.0,312.0,320.0,660,axis_left,311.0,281.0,mask PCA skeleton + low contact point,generated_videos/control_points_2_car.mp4
883,0,car_racing_ego_car,1.0,288.0,278.0,312.0,320.0,660,axis_right,288.0,278.0,mask PCA skeleton + low contact point,generated_videos/control_points_2_car.mp4
883,0,car_racing_ego_car,1.0,288.0,278.0,312.0,320.0,660,contact_low,299.0,318.0,mask PCA skeleton + low contact point,generated_videos/control_points_2_car.mp4
884,0,car_racing_ego_car,1.0,288.0,278.0,312.0,320.0,660,centroid,299.5545349121094,299.7121276855469,mask PCA skeleton + low contact point,generated_videos/control_points_2_car.mp4
884,0,car_racing_ego_car,1.0,288.0,278.0,312.0,320.0,660,axis_front,290.0,319.0,mask PCA skeleton + low contact point,generated_videos/control_points_2_car.mp4
884,0,car_racing_ego_car,1.0,288.0,278.0,312.0,320.0,660,axis_back,311.0,278.0,mask PCA skeleton + low contact point,generated_videos/control_points_2_car.mp4
884,0,car_racing_ego_car,1.0,288.0,278.0,312.0,320.0,660,axis_left,311.0,281.0,mask PCA skeleton + low contact point,generated_videos/control_points_2_car.mp4
884,0,car_racing_ego_car,1.0,288.0,278.0,312.0,320.0,660,axis_right,288.0,278.0,mask PCA skeleton + low contact point,generated_videos/control_points_2_car.mp4
884,0,car_racing_ego_car,1.0,288.0,278.0,312.0,320.0,660,contact_low,299.0,318.0,mask PCA skeleton + low contact point,generated_videos/control_points_2_car.mp4
885,0,car_racing_ego_car,1.0,288.0,278.0,312.0,320.0,658,centroid,299.4468078613281,299.8373718261719,mask PCA skeleton + low contact point,generated_videos/control_points_2_car.mp4
885,0,car_racing_ego_car,1.0,288.0,278.0,312.0,320.0,658,axis_front,309.0,319.0,mask PCA skeleton + low contact point,generated_videos/control_points_2_car.mp4
885,0,car_racing_ego_car,1.0,288.0,278.0,312.0,320.0,658,axis_back,288.0,278.0,mask PCA skeleton + low contact point,generated_videos/control_points_2_car.mp4
885,0,car_racing_ego_car,1.0,288.0,278.0,312.0,320.0,658,axis_left,311.0,278.0,mask PCA skeleton + low contact point,generated_videos/control_points_2_car.mp4
885,0,car_racing_ego_car,1.0,288.0,278.0,312.0,320.0,658,axis_right,288.0,281.0,mask PCA skeleton + low contact point,generated_videos/control_points_2_car.mp4
885,0,car_racing_ego_car,1.0,288.0,278.0,312.0,320.0,658,contact_low,299.0,318.0,mask PCA skeleton + low contact point,generated_videos/control_points_2_car.mp4
886,0,car_racing_ego_car,1.0,288.0,278.0,312.0,320.0,654,centroid,299.47705078125,299.8700256347656,mask PCA skeleton + low contact point,generated_videos/control_points_2_car.mp4
886,0,car_racing_ego_car,1.0,288.0,278.0,312.0,320.0,654,axis_front,309.0,319.0,mask PCA skeleton + low contact point,generated_videos/control_points_2_car.mp4
886,0,car_racing_ego_car,1.0,288.0,278.0,312.0,320.0,654,axis_back,288.0,278.0,mask PCA skeleton + low contact point,generated_videos/control_points_2_car.mp4
886,0,car_racing_ego_car,1.0,288.0,278.0,312.0,320.0,654,axis_left,311.0,278.0,mask PCA skeleton + low contact point,generated_videos/control_points_2_car.mp4
886,0,car_racing_ego_car,1.0,288.0,278.0,312.0,320.0,654,axis_right,288.0,281.0,mask PCA skeleton + low contact point,generated_videos/control_points_2_car.mp4
886,0,car_racing_ego_car,1.0,288.0,278.0,312.0,320.0,654,contact_low,299.0,318.0,mask PCA skeleton + low contact point,generated_videos/control_points_2_car.mp4
887,0,car_racing_ego_car,1.0,288.0,278.0,312.0,320.0,654,centroid,299.47705078125,299.8700256347656,mask PCA skeleton + low contact point,generated_videos/control_points_2_car.mp4
887,0,car_racing_ego_car,1.0,288.0,278.0,312.0,320.0,654,axis_front,309.0,319.0,mask PCA skeleton + low contact point,generated_videos/control_points_2_car.mp4
887,0,car_racing_ego_car,1.0,288.0,278.0,312.0,320.0,654,axis_back,288.0,278.0,mask PCA skeleton + low contact point,generated_videos/control_points_2_car.mp4
887,0,car_racing_ego_car,1.0,288.0,278.0,312.0,320.0,654,axis_left,311.0,278.0,mask PCA skeleton + low contact point,generated_videos/control_points_2_car.mp4
887,0,car_racing_ego_car,1.0,288.0,278.0,312.0,320.0,654,axis_right,288.0,281.0,mask PCA skeleton + low contact point,generated_videos/control_points_2_car.mp4
887,0,car_racing_ego_car,1.0,288.0,278.0,312.0,320.0,654,contact_low,299.0,318.0,mask PCA skeleton + low contact point,generated_videos/control_points_2_car.mp4
888,0,car_racing_ego_car,1.0,288.0,278.0,312.0,320.0,654,centroid,299.47705078125,299.8700256347656,mask PCA skeleton + low contact point,generated_videos/control_points_2_car.mp4
888,0,car_racing_ego_car,1.0,288.0,278.0,312.0,320.0,654,axis_front,309.0,319.0,mask PCA skeleton + low contact point,generated_videos/control_points_2_car.mp4
888,0,car_racing_ego_car,1.0,288.0,278.0,312.0,320.0,654,axis_back,288.0,278.0,mask PCA skeleton + low contact point,generated_videos/control_points_2_car.mp4
888,0,car_racing_ego_car,1.0,288.0,278.0,312.0,320.0,654,axis_left,311.0,278.0,mask PCA skeleton + low contact point,generated_videos/control_points_2_car.mp4
888,0,car_racing_ego_car,1.0,288.0,278.0,312.0,320.0,654,axis_right,288.0,281.0,mask PCA skeleton + low contact point,generated_videos/control_points_2_car.mp4
888,0,car_racing_ego_car,1.0,288.0,278.0,312.0,320.0,654,contact_low,299.0,318.0,mask PCA skeleton + low contact point,generated_videos/control_points_2_car.mp4
889,0,car_racing_ego_car,1.0,288.0,278.0,312.0,320.0,654,centroid,299.47705078125,299.8700256347656,mask PCA skeleton + low contact point,generated_videos/control_points_2_car.mp4
889,0,car_racing_ego_car,1.0,288.0,278.0,312.0,320.0,654,axis_front,309.0,319.0,mask PCA skeleton + low contact point,generated_videos/control_points_2_car.mp4
889,0,car_racing_ego_car,1.0,288.0,278.0,312.0,320.0,654,axis_back,288.0,278.0,mask PCA skeleton + low contact point,generated_videos/control_points_2_car.mp4
889,0,car_racing_ego_car,1.0,288.0,278.0,312.0,320.0,654,axis_left,311.0,278.0,mask PCA skeleton + low contact point,generated_videos/control_points_2_car.mp4
889,0,car_racing_ego_car,1.0,288.0,278.0,312.0,320.0,654,axis_right,288.0,281.0,mask PCA skeleton + low contact point,generated_videos/control_points_2_car.mp4
889,0,car_racing_ego_car,1.0,288.0,278.0,312.0,320.0,654,contact_low,299.0,318.0,mask PCA skeleton + low contact point,generated_videos/control_points_2_car.mp4
890,0,car_racing_ego_car,1.0,288.0,278.0,312.0,320.0,668,centroid,299.3428039550781,300.0853271484375,mask PCA skeleton + low contact point,generated_videos/control_points_2_car.mp4
890,0,car_racing_ego_car,1.0,288.0,278.0,312.0,320.0,668,axis_front,290.0,319.0,mask PCA skeleton + low contact point,generated_videos/control_points_2_car.mp4
890,0,car_racing_ego_car,1.0,288.0,278.0,312.0,320.0,668,axis_back,311.0,278.0,mask PCA skeleton + low contact point,generated_videos/control_points_2_car.mp4
890,0,car_racing_ego_car,1.0,288.0,278.0,312.0,320.0,668,axis_left,311.0,281.0,mask PCA skeleton + low contact point,generated_videos/control_points_2_car.mp4
890,0,car_racing_ego_car,1.0,288.0,278.0,312.0,320.0,668,axis_right,288.0,278.0,mask PCA skeleton + low contact point,generated_videos/control_points_2_car.mp4
890,0,car_racing_ego_car,1.0,288.0,278.0,312.0,320.0,668,contact_low,299.0,318.0,mask PCA skeleton + low contact point,generated_videos/control_points_2_car.mp4
891,0,car_racing_ego_car,1.0,288.0,278.0,312.0,320.0,658,centroid,299.4468078613281,299.8373718261719,mask PCA skeleton + low contact point,generated_videos/control_points_2_car.mp4
891,0,car_racing_ego_car,1.0,288.0,278.0,312.0,320.0,658,axis_front,309.0,319.0,mask PCA skeleton + low contact point,generated_videos/control_points_2_car.mp4
891,0,car_racing_ego_car,1.0,288.0,278.0,312.0,320.0,658,axis_back,288.0,278.0,mask PCA skeleton + low contact point,generated_videos/control_points_2_car.mp4
891,0,car_racing_ego_car,1.0,288.0,278.0,312.0,320.0,658,axis_left,311.0,278.0,mask PCA skeleton + low contact point,generated_videos/control_points_2_car.mp4
891,0,car_racing_ego_car,1.0,288.0,278.0,312.0,320.0,658,axis_right,288.0,281.0,mask PCA skeleton + low contact point,generated_videos/control_points_2_car.mp4
891,0,car_racing_ego_car,1.0,288.0,278.0,312.0,320.0,658,contact_low,299.0,318.0,mask PCA skeleton + low contact point,generated_videos/control_points_2_car.mp4
892,0,car_racing_ego_car,1.0,288.0,278.0,312.0,320.0,658,centroid,299.4468078613281,299.8373718261719,mask PCA skeleton + low contact point,generated_videos/control_points_2_car.mp4
892,0,car_racing_ego_car,1.0,288.0,278.0,312.0,320.0,658,axis_front,309.0,319.0,mask PCA skeleton + low contact point,generated_videos/control_points_2_car.mp4
892,0,car_racing_ego_car,1.0,288.0,278.0,312.0,320.0,658,axis_back,288.0,278.0,mask PCA skeleton + low contact point,generated_videos/control_points_2_car.mp4
892,0,car_racing_ego_car,1.0,288.0,278.0,312.0,320.0,658,axis_left,311.0,278.0,mask PCA skeleton + low contact point,generated_videos/control_points_2_car.mp4
892,0,car_racing_ego_car,1.0,288.0,278.0,312.0,320.0,658,axis_right,288.0,281.0,mask PCA skeleton + low contact point,generated_videos/control_points_2_car.mp4
892,0,car_racing_ego_car,1.0,288.0,278.0,312.0,320.0,658,contact_low,299.0,318.0,mask PCA skeleton + low contact point,generated_videos/control_points_2_car.mp4
893,0,car_racing_ego_car,1.0,288.0,278.0,312.0,320.0,666,centroid,299.38739013671875,299.73724365234375,mask PCA skeleton + low contact point,generated_videos/control_points_2_car.mp4
893,0,car_racing_ego_car,1.0,288.0,278.0,312.0,320.0,666,axis_front,309.0,319.0,mask PCA skeleton + low contact point,generated_videos/control_points_2_car.mp4
893,0,car_racing_ego_car,1.0,288.0,278.0,312.0,320.0,666,axis_back,288.0,278.0,mask PCA skeleton + low contact point,generated_videos/control_points_2_car.mp4
893,0,car_racing_ego_car,1.0,288.0,278.0,312.0,320.0,666,axis_left,311.0,278.0,mask PCA skeleton + low contact point,generated_videos/control_points_2_car.mp4
893,0,car_racing_ego_car,1.0,288.0,278.0,312.0,320.0,666,axis_right,288.0,281.0,mask PCA skeleton + low contact point,generated_videos/control_points_2_car.mp4
893,0,car_racing_ego_car,1.0,288.0,278.0,312.0,320.0,666,contact_low,299.0,318.0,mask PCA skeleton + low contact point,generated_videos/control_points_2_car.mp4
894,0,car_racing_ego_car,1.0,288.0,278.0,312.0,320.0,675,centroid,299.5140686035156,299.64739990234375,mask PCA skeleton + low contact point,generated_videos/control_points_2_car.mp4
894,0,car_racing_ego_car,1.0,288.0,278.0,312.0,320.0,675,axis_front,309.0,319.0,mask PCA skeleton + low contact point,generated_videos/control_points_2_car.mp4
894,0,car_racing_ego_car,1.0,288.0,278.0,312.0,320.0,675,axis_back,288.0,278.0,mask PCA skeleton + low contact point,generated_videos/control_points_2_car.mp4
894,0,car_racing_ego_car,1.0,288.0,278.0,312.0,320.0,675,axis_left,311.0,278.0,mask PCA skeleton + low contact point,generated_videos/control_points_2_car.mp4
894,0,car_racing_ego_car,1.0,288.0,278.0,312.0,320.0,675,axis_right,288.0,281.0,mask PCA skeleton + low contact point,generated_videos/control_points_2_car.mp4
894,0,car_racing_ego_car,1.0,288.0,278.0,312.0,320.0,675,contact_low,299.0,318.0,mask PCA skeleton + low contact point,generated_videos/control_points_2_car.mp4
895,0,car_racing_ego_car,1.0,288.0,278.0,312.0,320.0,658,centroid,299.5075988769531,299.8373718261719,mask PCA skeleton + low contact point,generated_videos/control_points_2_car.mp4
895,0,car_racing_ego_car,1.0,288.0,278.0,312.0,320.0,658,axis_front,309.0,319.0,mask PCA skeleton + low contact point,generated_videos/control_points_2_car.mp4
895,0,car_racing_ego_car,1.0,288.0,278.0,312.0,320.0,658,axis_back,288.0,278.0,mask PCA skeleton + low contact point,generated_videos/control_points_2_car.mp4
895,0,car_racing_ego_car,1.0,288.0,278.0,312.0,320.0,658,axis_left,311.0,278.0,mask PCA skeleton + low contact point,generated_videos/control_points_2_car.mp4
895,0,car_racing_ego_car,1.0,288.0,278.0,312.0,320.0,658,axis_right,288.0,281.0,mask PCA skeleton + low contact point,generated_videos/control_points_2_car.mp4
895,0,car_racing_ego_car,1.0,288.0,278.0,312.0,320.0,658,contact_low,299.0,318.0,mask PCA skeleton + low contact point,generated_videos/control_points_2_car.mp4
896,0,car_racing_ego_car,1.0,288.0,278.0,312.0,320.0,658,centroid,299.5075988769531,299.8373718261719,mask PCA skeleton + low contact point,generated_videos/control_points_2_car.mp4
896,0,car_racing_ego_car,1.0,288.0,278.0,312.0,320.0,658,axis_front,309.0,319.0,mask PCA skeleton + low contact point,generated_videos/control_points_2_car.mp4
896,0,car_racing_ego_car,1.0,288.0,278.0,312.0,320.0,658,axis_back,288.0,278.0,mask PCA skeleton + low contact point,generated_videos/control_points_2_car.mp4
896,0,car_racing_ego_car,1.0,288.0,278.0,312.0,320.0,658,axis_left,311.0,278.0,mask PCA skeleton + low contact point,generated_videos/control_points_2_car.mp4
896,0,car_racing_ego_car,1.0,288.0,278.0,312.0,320.0,658,axis_right,288.0,281.0,mask PCA skeleton + low contact point,generated_videos/control_points_2_car.mp4
896,0,car_racing_ego_car,1.0,288.0,278.0,312.0,320.0,658,contact_low,299.0,318.0,mask PCA skeleton + low contact point,generated_videos/control_points_2_car.mp4
897,0,car_racing_ego_car,1.0,288.0,278.0,312.0,320.0,666,centroid,299.5855712890625,299.59307861328125,mask PCA skeleton + low contact point,generated_videos/control_points_2_car.mp4
897,0,car_racing_ego_car,1.0,288.0,278.0,312.0,320.0,666,axis_front,290.0,319.0,mask PCA skeleton + low contact point,generated_videos/control_points_2_car.mp4
897,0,car_racing_ego_car,1.0,288.0,278.0,312.0,320.0,666,axis_back,311.0,278.0,mask PCA skeleton + low contact point,generated_videos/control_points_2_car.mp4
897,0,car_racing_ego_car,1.0,288.0,278.0,312.0,320.0,666,axis_left,311.0,281.0,mask PCA skeleton + low contact point,generated_videos/control_points_2_car.mp4
897,0,car_racing_ego_car,1.0,288.0,278.0,312.0,320.0,666,axis_right,288.0,278.0,mask PCA skeleton + low contact point,generated_videos/control_points_2_car.mp4
897,0,car_racing_ego_car,1.0,288.0,278.0,312.0,320.0,666,contact_low,299.0,318.0,mask PCA skeleton + low contact point,generated_videos/control_points_2_car.mp4
898,0,car_racing_ego_car,1.0,288.0,278.0,314.0,320.0,658,centroid,299.5562438964844,299.7522888183594,mask PCA skeleton + low contact point,generated_videos/control_points_2_car.mp4
898,0,car_racing_ego_car,1.0,288.0,278.0,314.0,320.0,658,axis_front,290.0,319.0,mask PCA skeleton + low contact point,generated_videos/control_points_2_car.mp4
898,0,car_racing_ego_car,1.0,288.0,278.0,314.0,320.0,658,axis_back,311.0,278.0,mask PCA skeleton + low contact point,generated_videos/control_points_2_car.mp4
898,0,car_racing_ego_car,1.0,288.0,278.0,314.0,320.0,658,axis_left,313.0,281.0,mask PCA skeleton + low contact point,generated_videos/control_points_2_car.mp4
898,0,car_racing_ego_car,1.0,288.0,278.0,314.0,320.0,658,axis_right,288.0,278.0,mask PCA skeleton + low contact point,generated_videos/control_points_2_car.mp4
898,0,car_racing_ego_car,1.0,288.0,278.0,314.0,320.0,658,contact_low,299.0,318.0,mask PCA skeleton + low contact point,generated_videos/control_points_2_car.mp4
899,0,car_racing_ego_car,1.0,288.0,278.0,312.0,320.0,656,centroid,299.45123291015625,299.81707763671875,mask PCA skeleton + low contact point,generated_videos/control_points_2_car.mp4
899,0,car_racing_ego_car,1.0,288.0,278.0,312.0,320.0,656,axis_front,309.0,319.0,mask PCA skeleton + low contact point,generated_videos/control_points_2_car.mp4
899,0,car_racing_ego_car,1.0,288.0,278.0,312.0,320.0,656,axis_back,288.0,278.0,mask PCA skeleton + low contact point,generated_videos/control_points_2_car.mp4
899,0,car_racing_ego_car,1.0,288.0,278.0,312.0,320.0,656,axis_left,311.0,278.0,mask PCA skeleton + low contact point,generated_videos/control_points_2_car.mp4
899,0,car_racing_ego_car,1.0,288.0,278.0,312.0,320.0,656,axis_right,288.0,281.0,mask PCA skeleton + low contact point,generated_videos/control_points_2_car.mp4
899,0,car_racing_ego_car,1.0,288.0,278.0,312.0,320.0,656,contact_low,299.0,318.0,mask PCA skeleton + low contact point,generated_videos/control_points_2_car.mp4
900,0,car_racing_ego_car,1.0,288.0,278.0,314.0,320.0,668,centroid,299.4266357421875,299.6781311035156,mask PCA skeleton + low contact point,generated_videos/control_points_2_car.mp4
900,0,car_racing_ego_car,1.0,288.0,278.0,314.0,320.0,668,axis_front,309.0,319.0,mask PCA skeleton + low contact point,generated_videos/control_points_2_car.mp4
900,0,car_racing_ego_car,1.0,288.0,278.0,314.0,320.0,668,axis_back,288.0,278.0,mask PCA skeleton + low contact point,generated_videos/control_points_2_car.mp4
900,0,car_racing_ego_car,1.0,288.0,278.0,314.0,320.0,668,axis_left,313.0,280.0,mask PCA skeleton + low contact point,generated_videos/control_points_2_car.mp4
900,0,car_racing_ego_car,1.0,288.0,278.0,314.0,320.0,668,axis_right,288.0,281.0,mask PCA skeleton + low contact point,generated_videos/control_points_2_car.mp4
900,0,car_racing_ego_car,1.0,288.0,278.0,314.0,320.0,668,contact_low,299.0,318.0,mask PCA skeleton + low contact point,generated_videos/control_points_2_car.mp4
901,0,car_racing_ego_car,1.0,288.0,278.0,314.0,320.0,668,centroid,299.4266357421875,299.6781311035156,mask PCA skeleton + low contact point,generated_videos/control_points_2_car.mp4
901,0,car_racing_ego_car,1.0,288.0,278.0,314.0,320.0,668,axis_front,309.0,319.0,mask PCA skeleton + low contact point,generated_videos/control_points_2_car.mp4
901,0,car_racing_ego_car,1.0,288.0,278.0,314.0,320.0,668,axis_back,288.0,278.0,mask PCA skeleton + low contact point,generated_videos/control_points_2_car.mp4
901,0,car_racing_ego_car,1.0,288.0,278.0,314.0,320.0,668,axis_left,313.0,280.0,mask PCA skeleton + low contact point,generated_videos/control_points_2_car.mp4
901,0,car_racing_ego_car,1.0,288.0,278.0,314.0,320.0,668,axis_right,288.0,281.0,mask PCA skeleton + low contact point,generated_videos/control_points_2_car.mp4
901,0,car_racing_ego_car,1.0,288.0,278.0,314.0,320.0,668,contact_low,299.0,318.0,mask PCA skeleton + low contact point,generated_videos/control_points_2_car.mp4
902,0,car_racing_ego_car,1.0,288.0,278.0,312.0,320.0,658,centroid,299.4468078613281,299.8373718261719,mask PCA skeleton + low contact point,generated_videos/control_points_2_car.mp4
902,0,car_racing_ego_car,1.0,288.0,278.0,312.0,320.0,658,axis_front,309.0,319.0,mask PCA skeleton + low contact point,generated_videos/control_points_2_car.mp4
902,0,car_racing_ego_car,1.0,288.0,278.0,312.0,320.0,658,axis_back,288.0,278.0,mask PCA skeleton + low contact point,generated_videos/control_points_2_car.mp4
902,0,car_racing_ego_car,1.0,288.0,278.0,312.0,320.0,658,axis_left,311.0,278.0,mask PCA skeleton + low contact point,generated_videos/control_points_2_car.mp4
902,0,car_racing_ego_car,1.0,288.0,278.0,312.0,320.0,658,axis_right,288.0,281.0,mask PCA skeleton + low contact point,generated_videos/control_points_2_car.mp4
902,0,car_racing_ego_car,1.0,288.0,278.0,312.0,320.0,658,contact_low,299.0,318.0,mask PCA skeleton + low contact point,generated_videos/control_points_2_car.mp4
903,0,car_racing_ego_car,1.0,288.0,278.0,312.0,320.0,657,centroid,299.5159912109375,299.7884216308594,mask PCA skeleton + low contact point,generated_videos/control_points_2_car.mp4
903,0,car_racing_ego_car,1.0,288.0,278.0,312.0,320.0,657,axis_front,290.0,319.0,mask PCA skeleton + low contact point,generated_videos/control_points_2_car.mp4
903,0,car_racing_ego_car,1.0,288.0,278.0,312.0,320.0,657,axis_back,311.0,278.0,mask PCA skeleton + low contact point,generated_videos/control_points_2_car.mp4
903,0,car_racing_ego_car,1.0,288.0,278.0,312.0,320.0,657,axis_left,311.0,281.0,mask PCA skeleton + low contact point,generated_videos/control_points_2_car.mp4
903,0,car_racing_ego_car,1.0,288.0,278.0,312.0,320.0,657,axis_right,288.0,278.0,mask PCA skeleton + low contact point,generated_videos/control_points_2_car.mp4
903,0,car_racing_ego_car,1.0,288.0,278.0,312.0,320.0,657,contact_low,299.0,318.0,mask PCA skeleton + low contact point,generated_videos/control_points_2_car.mp4
904,0,car_racing_ego_car,1.0,288.0,278.0,314.0,320.0,658,centroid,299.5562438964844,299.7522888183594,mask PCA skeleton + low contact point,generated_videos/control_points_2_car.mp4
904,0,car_racing_ego_car,1.0,288.0,278.0,314.0,320.0,658,axis_front,290.0,319.0,mask PCA skeleton + low contact point,generated_videos/control_points_2_car.mp4
904,0,car_racing_ego_car,1.0,288.0,278.0,314.0,320.0,658,axis_back,311.0,278.0,mask PCA skeleton + low contact point,generated_videos/control_points_2_car.mp4
904,0,car_racing_ego_car,1.0,288.0,278.0,314.0,320.0,658,axis_left,313.0,281.0,mask PCA skeleton + low contact point,generated_videos/control_points_2_car.mp4
904,0,car_racing_ego_car,1.0,288.0,278.0,314.0,320.0,658,axis_right,288.0,278.0,mask PCA skeleton + low contact point,generated_videos/control_points_2_car.mp4
904,0,car_racing_ego_car,1.0,288.0,278.0,314.0,320.0,658,contact_low,299.0,318.0,mask PCA skeleton + low contact point,generated_videos/control_points_2_car.mp4
905,0,car_racing_ego_car,1.0,288.0,278.0,314.0,320.0,658,centroid,299.5562438964844,299.7522888183594,mask PCA skeleton + low contact point,generated_videos/control_points_2_car.mp4
905,0,car_racing_ego_car,1.0,288.0,278.0,314.0,320.0,658,axis_front,290.0,319.0,mask PCA skeleton + low contact point,generated_videos/control_points_2_car.mp4
905,0,car_racing_ego_car,1.0,288.0,278.0,314.0,320.0,658,axis_back,311.0,278.0,mask PCA skeleton + low contact point,generated_videos/control_points_2_car.mp4
905,0,car_racing_ego_car,1.0,288.0,278.0,314.0,320.0,658,axis_left,313.0,281.0,mask PCA skeleton + low contact point,generated_videos/control_points_2_car.mp4
905,0,car_racing_ego_car,1.0,288.0,278.0,314.0,320.0,658,axis_right,288.0,278.0,mask PCA skeleton + low contact point,generated_videos/control_points_2_car.mp4
905,0,car_racing_ego_car,1.0,288.0,278.0,314.0,320.0,658,contact_low,299.0,318.0,mask PCA skeleton + low contact point,generated_videos/control_points_2_car.mp4
906,0,car_racing_ego_car,1.0,288.0,278.0,312.0,320.0,654,centroid,299.47705078125,299.8700256347656,mask PCA skeleton + low contact point,generated_videos/control_points_2_car.mp4
906,0,car_racing_ego_car,1.0,288.0,278.0,312.0,320.0,654,axis_front,309.0,319.0,mask PCA skeleton + low contact point,generated_videos/control_points_2_car.mp4
906,0,car_racing_ego_car,1.0,288.0,278.0,312.0,320.0,654,axis_back,288.0,278.0,mask PCA skeleton + low contact point,generated_videos/control_points_2_car.mp4
906,0,car_racing_ego_car,1.0,288.0,278.0,312.0,320.0,654,axis_left,311.0,278.0,mask PCA skeleton + low contact point,generated_videos/control_points_2_car.mp4
906,0,car_racing_ego_car,1.0,288.0,278.0,312.0,320.0,654,axis_right,288.0,281.0,mask PCA skeleton + low contact point,generated_videos/control_points_2_car.mp4
906,0,car_racing_ego_car,1.0,288.0,278.0,312.0,320.0,654,contact_low,299.0,318.0,mask PCA skeleton + low contact point,generated_videos/control_points_2_car.mp4
907,0,car_racing_ego_car,1.0,288.0,278.0,312.0,320.0,655,centroid,299.4900817871094,299.873291015625,mask PCA skeleton + low contact point,generated_videos/control_points_2_car.mp4
907,0,car_racing_ego_car,1.0,288.0,278.0,312.0,320.0,655,axis_front,309.0,319.0,mask PCA skeleton + low contact point,generated_videos/control_points_2_car.mp4
907,0,car_racing_ego_car,1.0,288.0,278.0,312.0,320.0,655,axis_back,288.0,278.0,mask PCA skeleton + low contact point,generated_videos/control_points_2_car.mp4
907,0,car_racing_ego_car,1.0,288.0,278.0,312.0,320.0,655,axis_left,311.0,278.0,mask PCA skeleton + low contact point,generated_videos/control_points_2_car.mp4
907,0,car_racing_ego_car,1.0,288.0,278.0,312.0,320.0,655,axis_right,288.0,281.0,mask PCA skeleton + low contact point,generated_videos/control_points_2_car.mp4
907,0,car_racing_ego_car,1.0,288.0,278.0,312.0,320.0,655,contact_low,299.0,318.0,mask PCA skeleton + low contact point,generated_videos/control_points_2_car.mp4
908,0,car_racing_ego_car,1.0,288.0,278.0,314.0,320.0,658,centroid,299.5562438964844,299.7522888183594,mask PCA skeleton + low contact point,generated_videos/control_points_2_car.mp4
908,0,car_racing_ego_car,1.0,288.0,278.0,314.0,320.0,658,axis_front,290.0,319.0,mask PCA skeleton + low contact point,generated_videos/control_points_2_car.mp4
908,0,car_racing_ego_car,1.0,288.0,278.0,314.0,320.0,658,axis_back,311.0,278.0,mask PCA skeleton + low contact point,generated_videos/control_points_2_car.mp4
908,0,car_racing_ego_car,1.0,288.0,278.0,314.0,320.0,658,axis_left,313.0,281.0,mask PCA skeleton + low contact point,generated_videos/control_points_2_car.mp4
908,0,car_racing_ego_car,1.0,288.0,278.0,314.0,320.0,658,axis_right,288.0,278.0,mask PCA skeleton + low contact point,generated_videos/control_points_2_car.mp4
908,0,car_racing_ego_car,1.0,288.0,278.0,314.0,320.0,658,contact_low,299.0,318.0,mask PCA skeleton + low contact point,generated_videos/control_points_2_car.mp4
909,0,car_racing_ego_car,1.0,288.0,278.0,314.0,320.0,658,centroid,299.5562438964844,299.7522888183594,mask PCA skeleton + low contact point,generated_videos/control_points_2_car.mp4
909,0,car_racing_ego_car,1.0,288.0,278.0,314.0,320.0,658,axis_front,290.0,319.0,mask PCA skeleton + low contact point,generated_videos/control_points_2_car.mp4
909,0,car_racing_ego_car,1.0,288.0,278.0,314.0,320.0,658,axis_back,311.0,278.0,mask PCA skeleton + low contact point,generated_videos/control_points_2_car.mp4
909,0,car_racing_ego_car,1.0,288.0,278.0,314.0,320.0,658,axis_left,313.0,281.0,mask PCA skeleton + low contact point,generated_videos/control_points_2_car.mp4
909,0,car_racing_ego_car,1.0,288.0,278.0,314.0,320.0,658,axis_right,288.0,278.0,mask PCA skeleton + low contact point,generated_videos/control_points_2_car.mp4
909,0,car_racing_ego_car,1.0,288.0,278.0,314.0,320.0,658,contact_low,299.0,318.0,mask PCA skeleton + low contact point,generated_videos/control_points_2_car.mp4
910,0,car_racing_ego_car,1.0,288.0,278.0,312.0,320.0,656,centroid,299.45123291015625,299.81707763671875,mask PCA skeleton + low contact point,generated_videos/control_points_2_car.mp4
910,0,car_racing_ego_car,1.0,288.0,278.0,312.0,320.0,656,axis_front,309.0,319.0,mask PCA skeleton + low contact point,generated_videos/control_points_2_car.mp4
910,0,car_racing_ego_car,1.0,288.0,278.0,312.0,320.0,656,axis_back,288.0,278.0,mask PCA skeleton + low contact point,generated_videos/control_points_2_car.mp4
910,0,car_racing_ego_car,1.0,288.0,278.0,312.0,320.0,656,axis_left,311.0,278.0,mask PCA skeleton + low contact point,generated_videos/control_points_2_car.mp4
910,0,car_racing_ego_car,1.0,288.0,278.0,312.0,320.0,656,axis_right,288.0,281.0,mask PCA skeleton + low contact point,generated_videos/control_points_2_car.mp4
910,0,car_racing_ego_car,1.0,288.0,278.0,312.0,320.0,656,contact_low,299.0,318.0,mask PCA skeleton + low contact point,generated_videos/control_points_2_car.mp4
911,0,car_racing_ego_car,1.0,288.0,278.0,312.0,320.0,658,centroid,299.4012145996094,299.8373718261719,mask PCA skeleton + low contact point,generated_videos/control_points_2_car.mp4
911,0,car_racing_ego_car,1.0,288.0,278.0,312.0,320.0,658,axis_front,309.0,319.0,mask PCA skeleton + low contact point,generated_videos/control_points_2_car.mp4
911,0,car_racing_ego_car,1.0,288.0,278.0,312.0,320.0,658,axis_back,288.0,278.0,mask PCA skeleton + low contact point,generated_videos/control_points_2_car.mp4
911,0,car_racing_ego_car,1.0,288.0,278.0,312.0,320.0,658,axis_left,311.0,278.0,mask PCA skeleton + low contact point,generated_videos/control_points_2_car.mp4
911,0,car_racing_ego_car,1.0,288.0,278.0,312.0,320.0,658,axis_right,288.0,281.0,mask PCA skeleton + low contact point,generated_videos/control_points_2_car.mp4
911,0,car_racing_ego_car,1.0,288.0,278.0,312.0,320.0,658,contact_low,299.0,318.0,mask PCA skeleton + low contact point,generated_videos/control_points_2_car.mp4
912,0,car_racing_ego_car,1.0,288.0,278.0,312.0,320.0,658,centroid,299.5075988769531,299.8373718261719,mask PCA skeleton + low contact point,generated_videos/control_points_2_car.mp4
912,0,car_racing_ego_car,1.0,288.0,278.0,312.0,320.0,658,axis_front,309.0,319.0,mask PCA skeleton + low contact point,generated_videos/control_points_2_car.mp4
912,0,car_racing_ego_car,1.0,288.0,278.0,312.0,320.0,658,axis_back,288.0,278.0,mask PCA skeleton + low contact point,generated_videos/control_points_2_car.mp4
912,0,car_racing_ego_car,1.0,288.0,278.0,312.0,320.0,658,axis_left,311.0,278.0,mask PCA skeleton + low contact point,generated_videos/control_points_2_car.mp4
912,0,car_racing_ego_car,1.0,288.0,278.0,312.0,320.0,658,axis_right,288.0,281.0,mask PCA skeleton + low contact point,generated_videos/control_points_2_car.mp4
912,0,car_racing_ego_car,1.0,288.0,278.0,312.0,320.0,658,contact_low,299.0,318.0,mask PCA skeleton + low contact point,generated_videos/control_points_2_car.mp4
913,0,car_racing_ego_car,1.0,288.0,278.0,312.0,320.0,658,centroid,299.5075988769531,299.8373718261719,mask PCA skeleton + low contact point,generated_videos/control_points_2_car.mp4
913,0,car_racing_ego_car,1.0,288.0,278.0,312.0,320.0,658,axis_front,309.0,319.0,mask PCA skeleton + low contact point,generated_videos/control_points_2_car.mp4
913,0,car_racing_ego_car,1.0,288.0,278.0,312.0,320.0,658,axis_back,288.0,278.0,mask PCA skeleton + low contact point,generated_videos/control_points_2_car.mp4
913,0,car_racing_ego_car,1.0,288.0,278.0,312.0,320.0,658,axis_left,311.0,278.0,mask PCA skeleton + low contact point,generated_videos/control_points_2_car.mp4
913,0,car_racing_ego_car,1.0,288.0,278.0,312.0,320.0,658,axis_right,288.0,281.0,mask PCA skeleton + low contact point,generated_videos/control_points_2_car.mp4
913,0,car_racing_ego_car,1.0,288.0,278.0,312.0,320.0,658,contact_low,299.0,318.0,mask PCA skeleton + low contact point,generated_videos/control_points_2_car.mp4
914,0,car_racing_ego_car,1.0,288.0,278.0,312.0,320.0,664,centroid,299.4096374511719,299.7891540527344,mask PCA skeleton + low contact point,generated_videos/control_points_2_car.mp4
914,0,car_racing_ego_car,1.0,288.0,278.0,312.0,320.0,664,axis_front,309.0,319.0,mask PCA skeleton + low contact point,generated_videos/control_points_2_car.mp4
914,0,car_racing_ego_car,1.0,288.0,278.0,312.0,320.0,664,axis_back,288.0,278.0,mask PCA skeleton + low contact point,generated_videos/control_points_2_car.mp4
914,0,car_racing_ego_car,1.0,288.0,278.0,312.0,320.0,664,axis_left,311.0,278.0,mask PCA skeleton + low contact point,generated_videos/control_points_2_car.mp4
914,0,car_racing_ego_car,1.0,288.0,278.0,312.0,320.0,664,axis_right,288.0,281.0,mask PCA skeleton + low contact point,generated_videos/control_points_2_car.mp4
914,0,car_racing_ego_car,1.0,288.0,278.0,312.0,320.0,664,contact_low,299.0,318.0,mask PCA skeleton + low contact point,generated_videos/control_points_2_car.mp4
915,0,car_racing_ego_car,1.0,288.0,278.0,312.0,320.0,654,centroid,299.47705078125,299.8700256347656,mask PCA skeleton + low contact point,generated_videos/control_points_2_car.mp4
915,0,car_racing_ego_car,1.0,288.0,278.0,312.0,320.0,654,axis_front,309.0,319.0,mask PCA skeleton + low contact point,generated_videos/control_points_2_car.mp4
915,0,car_racing_ego_car,1.0,288.0,278.0,312.0,320.0,654,axis_back,288.0,278.0,mask PCA skeleton + low contact point,generated_videos/control_points_2_car.mp4
915,0,car_racing_ego_car,1.0,288.0,278.0,312.0,320.0,654,axis_left,311.0,278.0,mask PCA skeleton + low contact point,generated_videos/control_points_2_car.mp4
915,0,car_racing_ego_car,1.0,288.0,278.0,312.0,320.0,654,axis_right,288.0,281.0,mask PCA skeleton + low contact point,generated_videos/control_points_2_car.mp4
915,0,car_racing_ego_car,1.0,288.0,278.0,312.0,320.0,654,contact_low,299.0,318.0,mask PCA skeleton + low contact point,generated_videos/control_points_2_car.mp4
916,0,car_racing_ego_car,1.0,288.0,278.0,312.0,320.0,654,centroid,299.47705078125,299.8700256347656,mask PCA skeleton + low contact point,generated_videos/control_points_2_car.mp4
916,0,car_racing_ego_car,1.0,288.0,278.0,312.0,320.0,654,axis_front,309.0,319.0,mask PCA skeleton + low contact point,generated_videos/control_points_2_car.mp4
916,0,car_racing_ego_car,1.0,288.0,278.0,312.0,320.0,654,axis_back,288.0,278.0,mask PCA skeleton + low contact point,generated_videos/control_points_2_car.mp4
916,0,car_racing_ego_car,1.0,288.0,278.0,312.0,320.0,654,axis_left,311.0,278.0,mask PCA skeleton + low contact point,generated_videos/control_points_2_car.mp4
916,0,car_racing_ego_car,1.0,288.0,278.0,312.0,320.0,654,axis_right,288.0,281.0,mask PCA skeleton + low contact point,generated_videos/control_points_2_car.mp4
916,0,car_racing_ego_car,1.0,288.0,278.0,312.0,320.0,654,contact_low,299.0,318.0,mask PCA skeleton + low contact point,generated_videos/control_points_2_car.mp4
917,0,car_racing_ego_car,1.0,288.0,278.0,312.0,320.0,654,centroid,299.47705078125,299.8700256347656,mask PCA skeleton + low contact point,generated_videos/control_points_2_car.mp4
917,0,car_racing_ego_car,1.0,288.0,278.0,312.0,320.0,654,axis_front,309.0,319.0,mask PCA skeleton + low contact point,generated_videos/control_points_2_car.mp4
917,0,car_racing_ego_car,1.0,288.0,278.0,312.0,320.0,654,axis_back,288.0,278.0,mask PCA skeleton + low contact point,generated_videos/control_points_2_car.mp4
917,0,car_racing_ego_car,1.0,288.0,278.0,312.0,320.0,654,axis_left,311.0,278.0,mask PCA skeleton + low contact point,generated_videos/control_points_2_car.mp4
917,0,car_racing_ego_car,1.0,288.0,278.0,312.0,320.0,654,axis_right,288.0,281.0,mask PCA skeleton + low contact point,generated_videos/control_points_2_car.mp4
917,0,car_racing_ego_car,1.0,288.0,278.0,312.0,320.0,654,contact_low,299.0,318.0,mask PCA skeleton + low contact point,generated_videos/control_points_2_car.mp4
918,0,car_racing_ego_car,1.0,288.0,278.0,312.0,320.0,655,centroid,299.4900817871094,299.873291015625,mask PCA skeleton + low contact point,generated_videos/control_points_2_car.mp4
918,0,car_racing_ego_car,1.0,288.0,278.0,312.0,320.0,655,axis_front,309.0,319.0,mask PCA skeleton + low contact point,generated_videos/control_points_2_car.mp4
918,0,car_racing_ego_car,1.0,288.0,278.0,312.0,320.0,655,axis_back,288.0,278.0,mask PCA skeleton + low contact point,generated_videos/control_points_2_car.mp4
918,0,car_racing_ego_car,1.0,288.0,278.0,312.0,320.0,655,axis_left,311.0,278.0,mask PCA skeleton + low contact point,generated_videos/control_points_2_car.mp4
918,0,car_racing_ego_car,1.0,288.0,278.0,312.0,320.0,655,axis_right,288.0,281.0,mask PCA skeleton + low contact point,generated_videos/control_points_2_car.mp4
918,0,car_racing_ego_car,1.0,288.0,278.0,312.0,320.0,655,contact_low,299.0,318.0,mask PCA skeleton + low contact point,generated_videos/control_points_2_car.mp4
919,0,car_racing_ego_car,1.0,288.0,278.0,312.0,320.0,655,centroid,299.4366455078125,299.79541015625,mask PCA skeleton + low contact point,generated_videos/control_points_2_car.mp4
919,0,car_racing_ego_car,1.0,288.0,278.0,312.0,320.0,655,axis_front,309.0,319.0,mask PCA skeleton + low contact point,generated_videos/control_points_2_car.mp4
919,0,car_racing_ego_car,1.0,288.0,278.0,312.0,320.0,655,axis_back,288.0,278.0,mask PCA skeleton + low contact point,generated_videos/control_points_2_car.mp4
919,0,car_racing_ego_car,1.0,288.0,278.0,312.0,320.0,655,axis_left,311.0,278.0,mask PCA skeleton + low contact point,generated_videos/control_points_2_car.mp4
919,0,car_racing_ego_car,1.0,288.0,278.0,312.0,320.0,655,axis_right,288.0,281.0,mask PCA skeleton + low contact point,generated_videos/control_points_2_car.mp4
919,0,car_racing_ego_car,1.0,288.0,278.0,312.0,320.0,655,contact_low,299.0,318.0,mask PCA skeleton + low contact point,generated_videos/control_points_2_car.mp4
920,0,car_racing_ego_car,1.0,288.0,278.0,312.0,320.0,660,centroid,299.5545349121094,299.7121276855469,mask PCA skeleton + low contact point,generated_videos/control_points_2_car.mp4
920,0,car_racing_ego_car,1.0,288.0,278.0,312.0,320.0,660,axis_front,290.0,319.0,mask PCA skeleton + low contact point,generated_videos/control_points_2_car.mp4
920,0,car_racing_ego_car,1.0,288.0,278.0,312.0,320.0,660,axis_back,311.0,278.0,mask PCA skeleton + low contact point,generated_videos/control_points_2_car.mp4
920,0,car_racing_ego_car,1.0,288.0,278.0,312.0,320.0,660,axis_left,311.0,281.0,mask PCA skeleton + low contact point,generated_videos/control_points_2_car.mp4
920,0,car_racing_ego_car,1.0,288.0,278.0,312.0,320.0,660,axis_right,288.0,278.0,mask PCA skeleton + low contact point,generated_videos/control_points_2_car.mp4
920,0,car_racing_ego_car,1.0,288.0,278.0,312.0,320.0,660,contact_low,299.0,318.0,mask PCA skeleton + low contact point,generated_videos/control_points_2_car.mp4
921,0,car_racing_ego_car,1.0,288.0,278.0,312.0,320.0,660,centroid,299.5545349121094,299.7121276855469,mask PCA skeleton + low contact point,generated_videos/control_points_2_car.mp4
921,0,car_racing_ego_car,1.0,288.0,278.0,312.0,320.0,660,axis_front,290.0,319.0,mask PCA skeleton + low contact point,generated_videos/control_points_2_car.mp4
921,0,car_racing_ego_car,1.0,288.0,278.0,312.0,320.0,660,axis_back,311.0,278.0,mask PCA skeleton + low contact point,generated_videos/control_points_2_car.mp4
921,0,car_racing_ego_car,1.0,288.0,278.0,312.0,320.0,660,axis_left,311.0,281.0,mask PCA skeleton + low contact point,generated_videos/control_points_2_car.mp4
921,0,car_racing_ego_car,1.0,288.0,278.0,312.0,320.0,660,axis_right,288.0,278.0,mask PCA skeleton + low contact point,generated_videos/control_points_2_car.mp4
921,0,car_racing_ego_car,1.0,288.0,278.0,312.0,320.0,660,contact_low,299.0,318.0,mask PCA skeleton + low contact point,generated_videos/control_points_2_car.mp4
922,0,car_racing_ego_car,1.0,288.0,278.0,312.0,320.0,654,centroid,299.46942138671875,299.8409729003906,mask PCA skeleton + low contact point,generated_videos/control_points_2_car.mp4
922,0,car_racing_ego_car,1.0,288.0,278.0,312.0,320.0,654,axis_front,309.0,319.0,mask PCA skeleton + low contact point,generated_videos/control_points_2_car.mp4
922,0,car_racing_ego_car,1.0,288.0,278.0,312.0,320.0,654,axis_back,288.0,278.0,mask PCA skeleton + low contact point,generated_videos/control_points_2_car.mp4
922,0,car_racing_ego_car,1.0,288.0,278.0,312.0,320.0,654,axis_left,311.0,278.0,mask PCA skeleton + low contact point,generated_videos/control_points_2_car.mp4
922,0,car_racing_ego_car,1.0,288.0,278.0,312.0,320.0,654,axis_right,288.0,281.0,mask PCA skeleton + low contact point,generated_videos/control_points_2_car.mp4
922,0,car_racing_ego_car,1.0,288.0,278.0,312.0,320.0,654,contact_low,299.0,318.0,mask PCA skeleton + low contact point,generated_videos/control_points_2_car.mp4
923,0,car_racing_ego_car,1.0,288.0,278.0,312.0,320.0,657,centroid,299.4581298828125,299.80975341796875,mask PCA skeleton + low contact point,generated_videos/control_points_2_car.mp4
923,0,car_racing_ego_car,1.0,288.0,278.0,312.0,320.0,657,axis_front,309.0,319.0,mask PCA skeleton + low contact point,generated_videos/control_points_2_car.mp4
923,0,car_racing_ego_car,1.0,288.0,278.0,312.0,320.0,657,axis_back,288.0,278.0,mask PCA skeleton + low contact point,generated_videos/control_points_2_car.mp4
923,0,car_racing_ego_car,1.0,288.0,278.0,312.0,320.0,657,axis_left,311.0,278.0,mask PCA skeleton + low contact point,generated_videos/control_points_2_car.mp4
923,0,car_racing_ego_car,1.0,288.0,278.0,312.0,320.0,657,axis_right,288.0,281.0,mask PCA skeleton + low contact point,generated_videos/control_points_2_car.mp4
923,0,car_racing_ego_car,1.0,288.0,278.0,312.0,320.0,657,contact_low,299.0,318.0,mask PCA skeleton + low contact point,generated_videos/control_points_2_car.mp4
924,0,car_racing_ego_car,1.0,288.0,278.0,312.0,320.0,665,centroid,299.3082580566406,300.1172790527344,mask PCA skeleton + low contact point,generated_videos/control_points_2_car.mp4
924,0,car_racing_ego_car,1.0,288.0,278.0,312.0,320.0,665,axis_front,290.0,319.0,mask PCA skeleton + low contact point,generated_videos/control_points_2_car.mp4
924,0,car_racing_ego_car,1.0,288.0,278.0,312.0,320.0,665,axis_back,311.0,278.0,mask PCA skeleton + low contact point,generated_videos/control_points_2_car.mp4
924,0,car_racing_ego_car,1.0,288.0,278.0,312.0,320.0,665,axis_left,311.0,281.0,mask PCA skeleton + low contact point,generated_videos/control_points_2_car.mp4
924,0,car_racing_ego_car,1.0,288.0,278.0,312.0,320.0,665,axis_right,288.0,278.0,mask PCA skeleton + low contact point,generated_videos/control_points_2_car.mp4
924,0,car_racing_ego_car,1.0,288.0,278.0,312.0,320.0,665,contact_low,299.0,318.0,mask PCA skeleton + low contact point,generated_videos/control_points_2_car.mp4
925,0,car_racing_ego_car,1.0,288.0,278.0,312.0,320.0,659,centroid,299.4430847167969,299.83612060546875,mask PCA skeleton + low contact point,generated_videos/control_points_2_car.mp4
925,0,car_racing_ego_car,1.0,288.0,278.0,312.0,320.0,659,axis_front,309.0,319.0,mask PCA skeleton + low contact point,generated_videos/control_points_2_car.mp4
925,0,car_racing_ego_car,1.0,288.0,278.0,312.0,320.0,659,axis_back,288.0,278.0,mask PCA skeleton + low contact point,generated_videos/control_points_2_car.mp4
925,0,car_racing_ego_car,1.0,288.0,278.0,312.0,320.0,659,axis_left,311.0,278.0,mask PCA skeleton + low contact point,generated_videos/control_points_2_car.mp4
925,0,car_racing_ego_car,1.0,288.0,278.0,312.0,320.0,659,axis_right,288.0,281.0,mask PCA skeleton + low contact point,generated_videos/control_points_2_car.mp4
925,0,car_racing_ego_car,1.0,288.0,278.0,312.0,320.0,659,contact_low,299.0,318.0,mask PCA skeleton + low contact point,generated_videos/control_points_2_car.mp4
926,0,car_racing_ego_car,1.0,288.0,278.0,312.0,320.0,660,centroid,299.45758056640625,299.8575744628906,mask PCA skeleton + low contact point,generated_videos/control_points_2_car.mp4
926,0,car_racing_ego_car,1.0,288.0,278.0,312.0,320.0,660,axis_front,309.0,319.0,mask PCA skeleton + low contact point,generated_videos/control_points_2_car.mp4
926,0,car_racing_ego_car,1.0,288.0,278.0,312.0,320.0,660,axis_back,288.0,278.0,mask PCA skeleton + low contact point,generated_videos/control_points_2_car.mp4
926,0,car_racing_ego_car,1.0,288.0,278.0,312.0,320.0,660,axis_left,311.0,278.0,mask PCA skeleton + low contact point,generated_videos/control_points_2_car.mp4
926,0,car_racing_ego_car,1.0,288.0,278.0,312.0,320.0,660,axis_right,288.0,281.0,mask PCA skeleton + low contact point,generated_videos/control_points_2_car.mp4
926,0,car_racing_ego_car,1.0,288.0,278.0,312.0,320.0,660,contact_low,299.0,318.0,mask PCA skeleton + low contact point,generated_videos/control_points_2_car.mp4
927,0,car_racing_ego_car,1.0,288.0,278.0,312.0,320.0,660,centroid,299.4818115234375,299.78485107421875,mask PCA skeleton + low contact point,generated_videos/control_points_2_car.mp4
927,0,car_racing_ego_car,1.0,288.0,278.0,312.0,320.0,660,axis_front,309.0,319.0,mask PCA skeleton + low contact point,generated_videos/control_points_2_car.mp4
927,0,car_racing_ego_car,1.0,288.0,278.0,312.0,320.0,660,axis_back,288.0,278.0,mask PCA skeleton + low contact point,generated_videos/control_points_2_car.mp4
927,0,car_racing_ego_car,1.0,288.0,278.0,312.0,320.0,660,axis_left,311.0,278.0,mask PCA skeleton + low contact point,generated_videos/control_points_2_car.mp4
927,0,car_racing_ego_car,1.0,288.0,278.0,312.0,320.0,660,axis_right,288.0,281.0,mask PCA skeleton + low contact point,generated_videos/control_points_2_car.mp4
927,0,car_racing_ego_car,1.0,288.0,278.0,312.0,320.0,660,contact_low,299.0,318.0,mask PCA skeleton + low contact point,generated_videos/control_points_2_car.mp4
928,0,car_racing_ego_car,1.0,288.0,278.0,312.0,320.0,655,centroid,299.4549560546875,299.86871337890625,mask PCA skeleton + low contact point,generated_videos/control_points_2_car.mp4
928,0,car_racing_ego_car,1.0,288.0,278.0,312.0,320.0,655,axis_front,290.0,319.0,mask PCA skeleton + low contact point,generated_videos/control_points_2_car.mp4
928,0,car_racing_ego_car,1.0,288.0,278.0,312.0,320.0,655,axis_back,311.0,278.0,mask PCA skeleton + low contact point,generated_videos/control_points_2_car.mp4
928,0,car_racing_ego_car,1.0,288.0,278.0,312.0,320.0,655,axis_left,311.0,281.0,mask PCA skeleton + low contact point,generated_videos/control_points_2_car.mp4
928,0,car_racing_ego_car,1.0,288.0,278.0,312.0,320.0,655,axis_right,288.0,278.0,mask PCA skeleton + low contact point,generated_videos/control_points_2_car.mp4
928,0,car_racing_ego_car,1.0,288.0,278.0,312.0,320.0,655,contact_low,299.0,318.0,mask PCA skeleton + low contact point,generated_videos/control_points_2_car.mp4
929,0,car_racing_ego_car,1.0,288.0,278.0,312.0,320.0,654,centroid,299.47705078125,299.8700256347656,mask PCA skeleton + low contact point,generated_videos/control_points_2_car.mp4
929,0,car_racing_ego_car,1.0,288.0,278.0,312.0,320.0,654,axis_front,309.0,319.0,mask PCA skeleton + low contact point,generated_videos/control_points_2_car.mp4
929,0,car_racing_ego_car,1.0,288.0,278.0,312.0,320.0,654,axis_back,288.0,278.0,mask PCA skeleton + low contact point,generated_videos/control_points_2_car.mp4
929,0,car_racing_ego_car,1.0,288.0,278.0,312.0,320.0,654,axis_left,311.0,278.0,mask PCA skeleton + low contact point,generated_videos/control_points_2_car.mp4
929,0,car_racing_ego_car,1.0,288.0,278.0,312.0,320.0,654,axis_right,288.0,281.0,mask PCA skeleton + low contact point,generated_videos/control_points_2_car.mp4
929,0,car_racing_ego_car,1.0,288.0,278.0,312.0,320.0,654,contact_low,299.0,318.0,mask PCA skeleton + low contact point,generated_videos/control_points_2_car.mp4
930,0,car_racing_ego_car,1.0,288.0,278.0,312.0,320.0,654,centroid,299.47705078125,299.8700256347656,mask PCA skeleton + low contact point,generated_videos/control_points_2_car.mp4
930,0,car_racing_ego_car,1.0,288.0,278.0,312.0,320.0,654,axis_front,309.0,319.0,mask PCA skeleton + low contact point,generated_videos/control_points_2_car.mp4
930,0,car_racing_ego_car,1.0,288.0,278.0,312.0,320.0,654,axis_back,288.0,278.0,mask PCA skeleton + low contact point,generated_videos/control_points_2_car.mp4
930,0,car_racing_ego_car,1.0,288.0,278.0,312.0,320.0,654,axis_left,311.0,278.0,mask PCA skeleton + low contact point,generated_videos/control_points_2_car.mp4
930,0,car_racing_ego_car,1.0,288.0,278.0,312.0,320.0,654,axis_right,288.0,281.0,mask PCA skeleton + low contact point,generated_videos/control_points_2_car.mp4
930,0,car_racing_ego_car,1.0,288.0,278.0,312.0,320.0,654,contact_low,299.0,318.0,mask PCA skeleton + low contact point,generated_videos/control_points_2_car.mp4
931,0,car_racing_ego_car,1.0,288.0,278.0,312.0,320.0,658,centroid,299.5075988769531,299.8373718261719,mask PCA skeleton + low contact point,generated_videos/control_points_2_car.mp4
931,0,car_racing_ego_car,1.0,288.0,278.0,312.0,320.0,658,axis_front,309.0,319.0,mask PCA skeleton + low contact point,generated_videos/control_points_2_car.mp4
931,0,car_racing_ego_car,1.0,288.0,278.0,312.0,320.0,658,axis_back,288.0,278.0,mask PCA skeleton + low contact point,generated_videos/control_points_2_car.mp4
931,0,car_racing_ego_car,1.0,288.0,278.0,312.0,320.0,658,axis_left,311.0,278.0,mask PCA skeleton + low contact point,generated_videos/control_points_2_car.mp4
931,0,car_racing_ego_car,1.0,288.0,278.0,312.0,320.0,658,axis_right,288.0,281.0,mask PCA skeleton + low contact point,generated_videos/control_points_2_car.mp4
931,0,car_racing_ego_car,1.0,288.0,278.0,312.0,320.0,658,contact_low,299.0,318.0,mask PCA skeleton + low contact point,generated_videos/control_points_2_car.mp4
932,0,car_racing_ego_car,1.0,288.0,278.0,312.0,320.0,654,centroid,299.4602355957031,299.84710693359375,mask PCA skeleton + low contact point,generated_videos/control_points_2_car.mp4
932,0,car_racing_ego_car,1.0,288.0,278.0,312.0,320.0,654,axis_front,309.0,319.0,mask PCA skeleton + low contact point,generated_videos/control_points_2_car.mp4
932,0,car_racing_ego_car,1.0,288.0,278.0,312.0,320.0,654,axis_back,288.0,278.0,mask PCA skeleton + low contact point,generated_videos/control_points_2_car.mp4
932,0,car_racing_ego_car,1.0,288.0,278.0,312.0,320.0,654,axis_left,311.0,278.0,mask PCA skeleton + low contact point,generated_videos/control_points_2_car.mp4
932,0,car_racing_ego_car,1.0,288.0,278.0,312.0,320.0,654,axis_right,288.0,281.0,mask PCA skeleton + low contact point,generated_videos/control_points_2_car.mp4
932,0,car_racing_ego_car,1.0,288.0,278.0,312.0,320.0,654,contact_low,299.0,318.0,mask PCA skeleton + low contact point,generated_videos/control_points_2_car.mp4
933,0,car_racing_ego_car,1.0,288.0,278.0,312.0,320.0,660,centroid,299.4818115234375,299.78485107421875,mask PCA skeleton + low contact point,generated_videos/control_points_2_car.mp4
933,0,car_racing_ego_car,1.0,288.0,278.0,312.0,320.0,660,axis_front,309.0,319.0,mask PCA skeleton + low contact point,generated_videos/control_points_2_car.mp4
933,0,car_racing_ego_car,1.0,288.0,278.0,312.0,320.0,660,axis_back,288.0,278.0,mask PCA skeleton + low contact point,generated_videos/control_points_2_car.mp4
933,0,car_racing_ego_car,1.0,288.0,278.0,312.0,320.0,660,axis_left,311.0,278.0,mask PCA skeleton + low contact point,generated_videos/control_points_2_car.mp4
933,0,car_racing_ego_car,1.0,288.0,278.0,312.0,320.0,660,axis_right,288.0,281.0,mask PCA skeleton + low contact point,generated_videos/control_points_2_car.mp4
933,0,car_racing_ego_car,1.0,288.0,278.0,312.0,320.0,660,contact_low,299.0,318.0,mask PCA skeleton + low contact point,generated_videos/control_points_2_car.mp4
934,0,car_racing_ego_car,1.0,288.0,278.0,312.0,320.0,660,centroid,299.4818115234375,299.78485107421875,mask PCA skeleton + low contact point,generated_videos/control_points_2_car.mp4
934,0,car_racing_ego_car,1.0,288.0,278.0,312.0,320.0,660,axis_front,309.0,319.0,mask PCA skeleton + low contact point,generated_videos/control_points_2_car.mp4
934,0,car_racing_ego_car,1.0,288.0,278.0,312.0,320.0,660,axis_back,288.0,278.0,mask PCA skeleton + low contact point,generated_videos/control_points_2_car.mp4
934,0,car_racing_ego_car,1.0,288.0,278.0,312.0,320.0,660,axis_left,311.0,278.0,mask PCA skeleton + low contact point,generated_videos/control_points_2_car.mp4
934,0,car_racing_ego_car,1.0,288.0,278.0,312.0,320.0,660,axis_right,288.0,281.0,mask PCA skeleton + low contact point,generated_videos/control_points_2_car.mp4
934,0,car_racing_ego_car,1.0,288.0,278.0,312.0,320.0,660,contact_low,299.0,318.0,mask PCA skeleton + low contact point,generated_videos/control_points_2_car.mp4
935,0,car_racing_ego_car,1.0,288.0,278.0,312.0,320.0,652,centroid,299.4493713378906,299.8052062988281,mask PCA skeleton + low contact point,generated_videos/control_points_2_car.mp4
935,0,car_racing_ego_car,1.0,288.0,278.0,312.0,320.0,652,axis_front,290.0,319.0,mask PCA skeleton + low contact point,generated_videos/control_points_2_car.mp4
935,0,car_racing_ego_car,1.0,288.0,278.0,312.0,320.0,652,axis_back,311.0,278.0,mask PCA skeleton + low contact point,generated_videos/control_points_2_car.mp4
935,0,car_racing_ego_car,1.0,288.0,278.0,312.0,320.0,652,axis_left,311.0,281.0,mask PCA skeleton + low contact point,generated_videos/control_points_2_car.mp4
935,0,car_racing_ego_car,1.0,288.0,278.0,312.0,320.0,652,axis_right,288.0,278.0,mask PCA skeleton + low contact point,generated_videos/control_points_2_car.mp4
935,0,car_racing_ego_car,1.0,288.0,278.0,312.0,320.0,652,contact_low,299.0,318.0,mask PCA skeleton + low contact point,generated_videos/control_points_2_car.mp4
936,0,car_racing_ego_car,1.0,288.0,278.0,312.0,320.0,653,centroid,299.4624938964844,299.848388671875,mask PCA skeleton + low contact point,generated_videos/control_points_2_car.mp4
936,0,car_racing_ego_car,1.0,288.0,278.0,312.0,320.0,653,axis_front,309.0,319.0,mask PCA skeleton + low contact point,generated_videos/control_points_2_car.mp4
936,0,car_racing_ego_car,1.0,288.0,278.0,312.0,320.0,653,axis_back,288.0,278.0,mask PCA skeleton + low contact point,generated_videos/control_points_2_car.mp4
936,0,car_racing_ego_car,1.0,288.0,278.0,312.0,320.0,653,axis_left,311.0,278.0,mask PCA skeleton + low contact point,generated_videos/control_points_2_car.mp4
936,0,car_racing_ego_car,1.0,288.0,278.0,312.0,320.0,653,axis_right,288.0,281.0,mask PCA skeleton + low contact point,generated_videos/control_points_2_car.mp4
936,0,car_racing_ego_car,1.0,288.0,278.0,312.0,320.0,653,contact_low,299.0,318.0,mask PCA skeleton + low contact point,generated_videos/control_points_2_car.mp4
937,0,car_racing_ego_car,1.0,288.0,278.0,312.0,320.0,665,centroid,299.5714416503906,299.5714416503906,mask PCA skeleton + low contact point,generated_videos/control_points_2_car.mp4
937,0,car_racing_ego_car,1.0,288.0,278.0,312.0,320.0,665,axis_front,290.0,319.0,mask PCA skeleton + low contact point,generated_videos/control_points_2_car.mp4
937,0,car_racing_ego_car,1.0,288.0,278.0,312.0,320.0,665,axis_back,311.0,278.0,mask PCA skeleton + low contact point,generated_videos/control_points_2_car.mp4
937,0,car_racing_ego_car,1.0,288.0,278.0,312.0,320.0,665,axis_left,311.0,281.0,mask PCA skeleton + low contact point,generated_videos/control_points_2_car.mp4
937,0,car_racing_ego_car,1.0,288.0,278.0,312.0,320.0,665,axis_right,288.0,278.0,mask PCA skeleton + low contact point,generated_videos/control_points_2_car.mp4
937,0,car_racing_ego_car,1.0,288.0,278.0,312.0,320.0,665,contact_low,299.0,318.0,mask PCA skeleton + low contact point,generated_videos/control_points_2_car.mp4
938,0,car_racing_ego_car,1.0,288.0,278.0,312.0,320.0,665,centroid,299.5714416503906,299.5714416503906,mask PCA skeleton + low contact point,generated_videos/control_points_2_car.mp4
938,0,car_racing_ego_car,1.0,288.0,278.0,312.0,320.0,665,axis_front,290.0,319.0,mask PCA skeleton + low contact point,generated_videos/control_points_2_car.mp4
938,0,car_racing_ego_car,1.0,288.0,278.0,312.0,320.0,665,axis_back,311.0,278.0,mask PCA skeleton + low contact point,generated_videos/control_points_2_car.mp4
938,0,car_racing_ego_car,1.0,288.0,278.0,312.0,320.0,665,axis_left,311.0,281.0,mask PCA skeleton + low contact point,generated_videos/control_points_2_car.mp4
938,0,car_racing_ego_car,1.0,288.0,278.0,312.0,320.0,665,axis_right,288.0,278.0,mask PCA skeleton + low contact point,generated_videos/control_points_2_car.mp4
938,0,car_racing_ego_car,1.0,288.0,278.0,312.0,320.0,665,contact_low,299.0,318.0,mask PCA skeleton + low contact point,generated_videos/control_points_2_car.mp4
939,0,car_racing_ego_car,1.0,288.0,278.0,312.0,320.0,666,centroid,299.3153076171875,300.0615539550781,mask PCA skeleton + low contact point,generated_videos/control_points_2_car.mp4
939,0,car_racing_ego_car,1.0,288.0,278.0,312.0,320.0,666,axis_front,290.0,319.0,mask PCA skeleton + low contact point,generated_videos/control_points_2_car.mp4
939,0,car_racing_ego_car,1.0,288.0,278.0,312.0,320.0,666,axis_back,311.0,278.0,mask PCA skeleton + low contact point,generated_videos/control_points_2_car.mp4
939,0,car_racing_ego_car,1.0,288.0,278.0,312.0,320.0,666,axis_left,311.0,281.0,mask PCA skeleton + low contact point,generated_videos/control_points_2_car.mp4
939,0,car_racing_ego_car,1.0,288.0,278.0,312.0,320.0,666,axis_right,288.0,278.0,mask PCA skeleton + low contact point,generated_videos/control_points_2_car.mp4
939,0,car_racing_ego_car,1.0,288.0,278.0,312.0,320.0,666,contact_low,299.0,318.0,mask PCA skeleton + low contact point,generated_videos/control_points_2_car.mp4
940,0,car_racing_ego_car,1.0,288.0,278.0,312.0,320.0,660,centroid,299.5560607910156,299.6166687011719,mask PCA skeleton + low contact point,generated_videos/control_points_2_car.mp4
940,0,car_racing_ego_car,1.0,288.0,278.0,312.0,320.0,660,axis_front,290.0,319.0,mask PCA skeleton + low contact point,generated_videos/control_points_2_car.mp4
940,0,car_racing_ego_car,1.0,288.0,278.0,312.0,320.0,660,axis_back,311.0,278.0,mask PCA skeleton + low contact point,generated_videos/control_points_2_car.mp4
940,0,car_racing_ego_car,1.0,288.0,278.0,312.0,320.0,660,axis_left,311.0,281.0,mask PCA skeleton + low contact point,generated_videos/control_points_2_car.mp4
940,0,car_racing_ego_car,1.0,288.0,278.0,312.0,320.0,660,axis_right,288.0,278.0,mask PCA skeleton + low contact point,generated_videos/control_points_2_car.mp4
940,0,car_racing_ego_car,1.0,288.0,278.0,312.0,320.0,660,contact_low,299.0,318.0,mask PCA skeleton + low contact point,generated_videos/control_points_2_car.mp4
941,0,car_racing_ego_car,1.0,288.0,278.0,312.0,320.0,655,centroid,299.44122314453125,299.8427429199219,mask PCA skeleton + low contact point,generated_videos/control_points_2_car.mp4
941,0,car_racing_ego_car,1.0,288.0,278.0,312.0,320.0,655,axis_front,309.0,319.0,mask PCA skeleton + low contact point,generated_videos/control_points_2_car.mp4
941,0,car_racing_ego_car,1.0,288.0,278.0,312.0,320.0,655,axis_back,288.0,278.0,mask PCA skeleton + low contact point,generated_videos/control_points_2_car.mp4
941,0,car_racing_ego_car,1.0,288.0,278.0,312.0,320.0,655,axis_left,311.0,278.0,mask PCA skeleton + low contact point,generated_videos/control_points_2_car.mp4
941,0,car_racing_ego_car,1.0,288.0,278.0,312.0,320.0,655,axis_right,288.0,281.0,mask PCA skeleton + low contact point,generated_videos/control_points_2_car.mp4
941,0,car_racing_ego_car,1.0,288.0,278.0,312.0,320.0,655,contact_low,299.0,318.0,mask PCA skeleton + low contact point,generated_videos/control_points_2_car.mp4
942,0,car_racing_ego_car,1.0,288.0,278.0,312.0,320.0,655,centroid,299.44122314453125,299.8427429199219,mask PCA skeleton + low contact point,generated_videos/control_points_2_car.mp4
942,0,car_racing_ego_car,1.0,288.0,278.0,312.0,320.0,655,axis_front,309.0,319.0,mask PCA skeleton + low contact point,generated_videos/control_points_2_car.mp4
942,0,car_racing_ego_car,1.0,288.0,278.0,312.0,320.0,655,axis_back,288.0,278.0,mask PCA skeleton + low contact point,generated_videos/control_points_2_car.mp4
942,0,car_racing_ego_car,1.0,288.0,278.0,312.0,320.0,655,axis_left,311.0,278.0,mask PCA skeleton + low contact point,generated_videos/control_points_2_car.mp4
942,0,car_racing_ego_car,1.0,288.0,278.0,312.0,320.0,655,axis_right,288.0,281.0,mask PCA skeleton + low contact point,generated_videos/control_points_2_car.mp4
942,0,car_racing_ego_car,1.0,288.0,278.0,312.0,320.0,655,contact_low,299.0,318.0,mask PCA skeleton + low contact point,generated_videos/control_points_2_car.mp4
943,0,car_racing_ego_car,1.0,288.0,278.0,312.0,320.0,659,centroid,299.4112243652344,299.8103332519531,mask PCA skeleton + low contact point,generated_videos/control_points_2_car.mp4
943,0,car_racing_ego_car,1.0,288.0,278.0,312.0,320.0,659,axis_front,309.0,319.0,mask PCA skeleton + low contact point,generated_videos/control_points_2_car.mp4
943,0,car_racing_ego_car,1.0,288.0,278.0,312.0,320.0,659,axis_back,288.0,278.0,mask PCA skeleton + low contact point,generated_videos/control_points_2_car.mp4
943,0,car_racing_ego_car,1.0,288.0,278.0,312.0,320.0,659,axis_left,311.0,278.0,mask PCA skeleton + low contact point,generated_videos/control_points_2_car.mp4
943,0,car_racing_ego_car,1.0,288.0,278.0,312.0,320.0,659,axis_right,288.0,281.0,mask PCA skeleton + low contact point,generated_videos/control_points_2_car.mp4
943,0,car_racing_ego_car,1.0,288.0,278.0,312.0,320.0,659,contact_low,299.0,318.0,mask PCA skeleton + low contact point,generated_videos/control_points_2_car.mp4
944,0,car_racing_ego_car,1.0,288.0,278.0,312.0,320.0,655,centroid,299.44122314453125,299.8427429199219,mask PCA skeleton + low contact point,generated_videos/control_points_2_car.mp4
944,0,car_racing_ego_car,1.0,288.0,278.0,312.0,320.0,655,axis_front,309.0,319.0,mask PCA skeleton + low contact point,generated_videos/control_points_2_car.mp4
944,0,car_racing_ego_car,1.0,288.0,278.0,312.0,320.0,655,axis_back,288.0,278.0,mask PCA skeleton + low contact point,generated_videos/control_points_2_car.mp4
944,0,car_racing_ego_car,1.0,288.0,278.0,312.0,320.0,655,axis_left,311.0,278.0,mask PCA skeleton + low contact point,generated_videos/control_points_2_car.mp4
944,0,car_racing_ego_car,1.0,288.0,278.0,312.0,320.0,655,axis_right,288.0,281.0,mask PCA skeleton + low contact point,generated_videos/control_points_2_car.mp4
944,0,car_racing_ego_car,1.0,288.0,278.0,312.0,320.0,655,contact_low,299.0,318.0,mask PCA skeleton + low contact point,generated_videos/control_points_2_car.mp4
945,0,car_racing_ego_car,1.0,288.0,278.0,312.0,320.0,655,centroid,299.44122314453125,299.8427429199219,mask PCA skeleton + low contact point,generated_videos/control_points_2_car.mp4
945,0,car_racing_ego_car,1.0,288.0,278.0,312.0,320.0,655,axis_front,309.0,319.0,mask PCA skeleton + low contact point,generated_videos/control_points_2_car.mp4
945,0,car_racing_ego_car,1.0,288.0,278.0,312.0,320.0,655,axis_back,288.0,278.0,mask PCA skeleton + low contact point,generated_videos/control_points_2_car.mp4
945,0,car_racing_ego_car,1.0,288.0,278.0,312.0,320.0,655,axis_left,311.0,278.0,mask PCA skeleton + low contact point,generated_videos/control_points_2_car.mp4
945,0,car_racing_ego_car,1.0,288.0,278.0,312.0,320.0,655,axis_right,288.0,281.0,mask PCA skeleton + low contact point,generated_videos/control_points_2_car.mp4
945,0,car_racing_ego_car,1.0,288.0,278.0,312.0,320.0,655,contact_low,299.0,318.0,mask PCA skeleton + low contact point,generated_videos/control_points_2_car.mp4
946,0,car_racing_ego_car,1.0,288.0,278.0,312.0,320.0,655,centroid,299.44122314453125,299.8427429199219,mask PCA skeleton + low contact point,generated_videos/control_points_2_car.mp4
946,0,car_racing_ego_car,1.0,288.0,278.0,312.0,320.0,655,axis_front,309.0,319.0,mask PCA skeleton + low contact point,generated_videos/control_points_2_car.mp4
946,0,car_racing_ego_car,1.0,288.0,278.0,312.0,320.0,655,axis_back,288.0,278.0,mask PCA skeleton + low contact point,generated_videos/control_points_2_car.mp4
946,0,car_racing_ego_car,1.0,288.0,278.0,312.0,320.0,655,axis_left,311.0,278.0,mask PCA skeleton + low contact point,generated_videos/control_points_2_car.mp4
946,0,car_racing_ego_car,1.0,288.0,278.0,312.0,320.0,655,axis_right,288.0,281.0,mask PCA skeleton + low contact point,generated_videos/control_points_2_car.mp4
946,0,car_racing_ego_car,1.0,288.0,278.0,312.0,320.0,655,contact_low,299.0,318.0,mask PCA skeleton + low contact point,generated_videos/control_points_2_car.mp4
947,0,car_racing_ego_car,1.0,288.0,278.0,312.0,320.0,656,centroid,299.42681884765625,299.8902587890625,mask PCA skeleton + low contact point,generated_videos/control_points_2_car.mp4
947,0,car_racing_ego_car,1.0,288.0,278.0,312.0,320.0,656,axis_front,309.0,319.0,mask PCA skeleton + low contact point,generated_videos/control_points_2_car.mp4
947,0,car_racing_ego_car,1.0,288.0,278.0,312.0,320.0,656,axis_back,288.0,278.0,mask PCA skeleton + low contact point,generated_videos/control_points_2_car.mp4
947,0,car_racing_ego_car,1.0,288.0,278.0,312.0,320.0,656,axis_left,311.0,278.0,mask PCA skeleton + low contact point,generated_videos/control_points_2_car.mp4
947,0,car_racing_ego_car,1.0,288.0,278.0,312.0,320.0,656,axis_right,288.0,281.0,mask PCA skeleton + low contact point,generated_videos/control_points_2_car.mp4
947,0,car_racing_ego_car,1.0,288.0,278.0,312.0,320.0,656,contact_low,299.0,318.0,mask PCA skeleton + low contact point,generated_videos/control_points_2_car.mp4
948,0,car_racing_ego_car,1.0,288.0,278.0,312.0,320.0,657,centroid,299.43682861328125,299.8630065917969,mask PCA skeleton + low contact point,generated_videos/control_points_2_car.mp4
948,0,car_racing_ego_car,1.0,288.0,278.0,312.0,320.0,657,axis_front,309.0,319.0,mask PCA skeleton + low contact point,generated_videos/control_points_2_car.mp4
948,0,car_racing_ego_car,1.0,288.0,278.0,312.0,320.0,657,axis_back,288.0,278.0,mask PCA skeleton + low contact point,generated_videos/control_points_2_car.mp4
948,0,car_racing_ego_car,1.0,288.0,278.0,312.0,320.0,657,axis_left,311.0,278.0,mask PCA skeleton + low contact point,generated_videos/control_points_2_car.mp4
948,0,car_racing_ego_car,1.0,288.0,278.0,312.0,320.0,657,axis_right,288.0,281.0,mask PCA skeleton + low contact point,generated_videos/control_points_2_car.mp4
948,0,car_racing_ego_car,1.0,288.0,278.0,312.0,320.0,657,contact_low,299.0,318.0,mask PCA skeleton + low contact point,generated_videos/control_points_2_car.mp4
949,0,car_racing_ego_car,1.0,288.0,278.0,312.0,320.0,654,centroid,299.447998046875,299.94189453125,mask PCA skeleton + low contact point,generated_videos/control_points_2_car.mp4
949,0,car_racing_ego_car,1.0,288.0,278.0,312.0,320.0,654,axis_front,309.0,319.0,mask PCA skeleton + low contact point,generated_videos/control_points_2_car.mp4
949,0,car_racing_ego_car,1.0,288.0,278.0,312.0,320.0,654,axis_back,288.0,278.0,mask PCA skeleton + low contact point,generated_videos/control_points_2_car.mp4
949,0,car_racing_ego_car,1.0,288.0,278.0,312.0,320.0,654,axis_left,311.0,278.0,mask PCA skeleton + low contact point,generated_videos/control_points_2_car.mp4
949,0,car_racing_ego_car,1.0,288.0,278.0,312.0,320.0,654,axis_right,288.0,281.0,mask PCA skeleton + low contact point,generated_videos/control_points_2_car.mp4
949,0,car_racing_ego_car,1.0,288.0,278.0,312.0,320.0,654,contact_low,299.0,318.0,mask PCA skeleton + low contact point,generated_videos/control_points_2_car.mp4
950,0,car_racing_ego_car,1.0,288.0,278.0,312.0,320.0,660,centroid,299.5545349121094,299.7121276855469,mask PCA skeleton + low contact point,generated_videos/control_points_2_car.mp4
950,0,car_racing_ego_car,1.0,288.0,278.0,312.0,320.0,660,axis_front,290.0,319.0,mask PCA skeleton + low contact point,generated_videos/control_points_2_car.mp4
950,0,car_racing_ego_car,1.0,288.0,278.0,312.0,320.0,660,axis_back,311.0,278.0,mask PCA skeleton + low contact point,generated_videos/control_points_2_car.mp4
950,0,car_racing_ego_car,1.0,288.0,278.0,312.0,320.0,660,axis_left,311.0,281.0,mask PCA skeleton + low contact point,generated_videos/control_points_2_car.mp4
950,0,car_racing_ego_car,1.0,288.0,278.0,312.0,320.0,660,axis_right,288.0,278.0,mask PCA skeleton + low contact point,generated_videos/control_points_2_car.mp4
950,0,car_racing_ego_car,1.0,288.0,278.0,312.0,320.0,660,contact_low,299.0,318.0,mask PCA skeleton + low contact point,generated_videos/control_points_2_car.mp4
951,0,car_racing_ego_car,1.0,288.0,278.0,312.0,320.0,660,centroid,299.5545349121094,299.7121276855469,mask PCA skeleton + low contact point,generated_videos/control_points_2_car.mp4
951,0,car_racing_ego_car,1.0,288.0,278.0,312.0,320.0,660,axis_front,290.0,319.0,mask PCA skeleton + low contact point,generated_videos/control_points_2_car.mp4
951,0,car_racing_ego_car,1.0,288.0,278.0,312.0,320.0,660,axis_back,311.0,278.0,mask PCA skeleton + low contact point,generated_videos/control_points_2_car.mp4
951,0,car_racing_ego_car,1.0,288.0,278.0,312.0,320.0,660,axis_left,311.0,281.0,mask PCA skeleton + low contact point,generated_videos/control_points_2_car.mp4
951,0,car_racing_ego_car,1.0,288.0,278.0,312.0,320.0,660,axis_right,288.0,278.0,mask PCA skeleton + low contact point,generated_videos/control_points_2_car.mp4
951,0,car_racing_ego_car,1.0,288.0,278.0,312.0,320.0,660,contact_low,299.0,318.0,mask PCA skeleton + low contact point,generated_videos/control_points_2_car.mp4
952,0,car_racing_ego_car,1.0,288.0,278.0,312.0,320.0,655,centroid,299.44122314453125,299.8427429199219,mask PCA skeleton + low contact point,generated_videos/control_points_2_car.mp4
952,0,car_racing_ego_car,1.0,288.0,278.0,312.0,320.0,655,axis_front,309.0,319.0,mask PCA skeleton + low contact point,generated_videos/control_points_2_car.mp4
952,0,car_racing_ego_car,1.0,288.0,278.0,312.0,320.0,655,axis_back,288.0,278.0,mask PCA skeleton + low contact point,generated_videos/control_points_2_car.mp4
952,0,car_racing_ego_car,1.0,288.0,278.0,312.0,320.0,655,axis_left,311.0,278.0,mask PCA skeleton + low contact point,generated_videos/control_points_2_car.mp4
952,0,car_racing_ego_car,1.0,288.0,278.0,312.0,320.0,655,axis_right,288.0,281.0,mask PCA skeleton + low contact point,generated_videos/control_points_2_car.mp4
952,0,car_racing_ego_car,1.0,288.0,278.0,312.0,320.0,655,contact_low,299.0,318.0,mask PCA skeleton + low contact point,generated_videos/control_points_2_car.mp4
953,0,car_racing_ego_car,1.0,288.0,278.0,312.0,320.0,660,centroid,299.42120361328125,299.78485107421875,mask PCA skeleton + low contact point,generated_videos/control_points_2_car.mp4
953,0,car_racing_ego_car,1.0,288.0,278.0,312.0,320.0,660,axis_front,309.0,319.0,mask PCA skeleton + low contact point,generated_videos/control_points_2_car.mp4
953,0,car_racing_ego_car,1.0,288.0,278.0,312.0,320.0,660,axis_back,288.0,278.0,mask PCA skeleton + low contact point,generated_videos/control_points_2_car.mp4
953,0,car_racing_ego_car,1.0,288.0,278.0,312.0,320.0,660,axis_left,311.0,278.0,mask PCA skeleton + low contact point,generated_videos/control_points_2_car.mp4
953,0,car_racing_ego_car,1.0,288.0,278.0,312.0,320.0,660,axis_right,288.0,281.0,mask PCA skeleton + low contact point,generated_videos/control_points_2_car.mp4
953,0,car_racing_ego_car,1.0,288.0,278.0,312.0,320.0,660,contact_low,299.0,318.0,mask PCA skeleton + low contact point,generated_videos/control_points_2_car.mp4
954,0,car_racing_ego_car,1.0,288.0,278.0,312.0,320.0,657,centroid,299.46270751953125,299.7899475097656,mask PCA skeleton + low contact point,generated_videos/control_points_2_car.mp4
954,0,car_racing_ego_car,1.0,288.0,278.0,312.0,320.0,657,axis_front,309.0,319.0,mask PCA skeleton + low contact point,generated_videos/control_points_2_car.mp4
954,0,car_racing_ego_car,1.0,288.0,278.0,312.0,320.0,657,axis_back,288.0,278.0,mask PCA skeleton + low contact point,generated_videos/control_points_2_car.mp4
954,0,car_racing_ego_car,1.0,288.0,278.0,312.0,320.0,657,axis_left,311.0,278.0,mask PCA skeleton + low contact point,generated_videos/control_points_2_car.mp4
954,0,car_racing_ego_car,1.0,288.0,278.0,312.0,320.0,657,axis_right,288.0,281.0,mask PCA skeleton + low contact point,generated_videos/control_points_2_car.mp4
954,0,car_racing_ego_car,1.0,288.0,278.0,312.0,320.0,657,contact_low,299.0,318.0,mask PCA skeleton + low contact point,generated_videos/control_points_2_car.mp4
955,0,car_racing_ego_car,1.0,288.0,278.0,312.0,320.0,657,centroid,299.46270751953125,299.7899475097656,mask PCA skeleton + low contact point,generated_videos/control_points_2_car.mp4
955,0,car_racing_ego_car,1.0,288.0,278.0,312.0,320.0,657,axis_front,309.0,319.0,mask PCA skeleton + low contact point,generated_videos/control_points_2_car.mp4
955,0,car_racing_ego_car,1.0,288.0,278.0,312.0,320.0,657,axis_back,288.0,278.0,mask PCA skeleton + low contact point,generated_videos/control_points_2_car.mp4
955,0,car_racing_ego_car,1.0,288.0,278.0,312.0,320.0,657,axis_left,311.0,278.0,mask PCA skeleton + low contact point,generated_videos/control_points_2_car.mp4
955,0,car_racing_ego_car,1.0,288.0,278.0,312.0,320.0,657,axis_right,288.0,281.0,mask PCA skeleton + low contact point,generated_videos/control_points_2_car.mp4
955,0,car_racing_ego_car,1.0,288.0,278.0,312.0,320.0,657,contact_low,299.0,318.0,mask PCA skeleton + low contact point,generated_videos/control_points_2_car.mp4
956,0,car_racing_ego_car,1.0,288.0,278.0,312.0,320.0,657,centroid,299.461181640625,299.7412414550781,mask PCA skeleton + low contact point,generated_videos/control_points_2_car.mp4
956,0,car_racing_ego_car,1.0,288.0,278.0,312.0,320.0,657,axis_front,309.0,319.0,mask PCA skeleton + low contact point,generated_videos/control_points_2_car.mp4
956,0,car_racing_ego_car,1.0,288.0,278.0,312.0,320.0,657,axis_back,288.0,278.0,mask PCA skeleton + low contact point,generated_videos/control_points_2_car.mp4
956,0,car_racing_ego_car,1.0,288.0,278.0,312.0,320.0,657,axis_left,311.0,278.0,mask PCA skeleton + low contact point,generated_videos/control_points_2_car.mp4
956,0,car_racing_ego_car,1.0,288.0,278.0,312.0,320.0,657,axis_right,288.0,281.0,mask PCA skeleton + low contact point,generated_videos/control_points_2_car.mp4
956,0,car_racing_ego_car,1.0,288.0,278.0,312.0,320.0,657,contact_low,299.0,318.0,mask PCA skeleton + low contact point,generated_videos/control_points_2_car.mp4
957,0,car_racing_ego_car,1.0,288.0,278.0,312.0,320.0,664,centroid,299.47137451171875,299.6792297363281,mask PCA skeleton + low contact point,generated_videos/control_points_2_car.mp4
957,0,car_racing_ego_car,1.0,288.0,278.0,312.0,320.0,664,axis_front,309.0,319.0,mask PCA skeleton + low contact point,generated_videos/control_points_2_car.mp4
957,0,car_racing_ego_car,1.0,288.0,278.0,312.0,320.0,664,axis_back,288.0,278.0,mask PCA skeleton + low contact point,generated_videos/control_points_2_car.mp4
957,0,car_racing_ego_car,1.0,288.0,278.0,312.0,320.0,664,axis_left,311.0,278.0,mask PCA skeleton + low contact point,generated_videos/control_points_2_car.mp4
957,0,car_racing_ego_car,1.0,288.0,278.0,312.0,320.0,664,axis_right,288.0,281.0,mask PCA skeleton + low contact point,generated_videos/control_points_2_car.mp4
957,0,car_racing_ego_car,1.0,288.0,278.0,312.0,320.0,664,contact_low,299.0,318.0,mask PCA skeleton + low contact point,generated_videos/control_points_2_car.mp4
958,0,car_racing_ego_car,1.0,288.0,278.0,312.0,320.0,659,centroid,299.4324645996094,299.6889343261719,mask PCA skeleton + low contact point,generated_videos/control_points_2_car.mp4
958,0,car_racing_ego_car,1.0,288.0,278.0,312.0,320.0,659,axis_front,309.0,319.0,mask PCA skeleton + low contact point,generated_videos/control_points_2_car.mp4
958,0,car_racing_ego_car,1.0,288.0,278.0,312.0,320.0,659,axis_back,288.0,278.0,mask PCA skeleton + low contact point,generated_videos/control_points_2_car.mp4
958,0,car_racing_ego_car,1.0,288.0,278.0,312.0,320.0,659,axis_left,311.0,278.0,mask PCA skeleton + low contact point,generated_videos/control_points_2_car.mp4
958,0,car_racing_ego_car,1.0,288.0,278.0,312.0,320.0,659,axis_right,288.0,281.0,mask PCA skeleton + low contact point,generated_videos/control_points_2_car.mp4
958,0,car_racing_ego_car,1.0,288.0,278.0,312.0,320.0,659,contact_low,299.0,318.0,mask PCA skeleton + low contact point,generated_videos/control_points_2_car.mp4
959,0,car_racing_ego_car,1.0,288.0,278.0,312.0,320.0,659,centroid,299.4324645996094,299.6889343261719,mask PCA skeleton + low contact point,generated_videos/control_points_2_car.mp4
959,0,car_racing_ego_car,1.0,288.0,278.0,312.0,320.0,659,axis_front,309.0,319.0,mask PCA skeleton + low contact point,generated_videos/control_points_2_car.mp4
959,0,car_racing_ego_car,1.0,288.0,278.0,312.0,320.0,659,axis_back,288.0,278.0,mask PCA skeleton + low contact point,generated_videos/control_points_2_car.mp4
959,0,car_racing_ego_car,1.0,288.0,278.0,312.0,320.0,659,axis_left,311.0,278.0,mask PCA skeleton + low contact point,generated_videos/control_points_2_car.mp4
959,0,car_racing_ego_car,1.0,288.0,278.0,312.0,320.0,659,axis_right,288.0,281.0,mask PCA skeleton + low contact point,generated_videos/control_points_2_car.mp4
959,0,car_racing_ego_car,1.0,288.0,278.0,312.0,320.0,659,contact_low,299.0,318.0,mask PCA skeleton + low contact point,generated_videos/control_points_2_car.mp4
960,0,car_racing_ego_car,1.0,288.0,278.0,312.0,320.0,661,centroid,299.43115234375,299.70953369140625,mask PCA skeleton + low contact point,generated_videos/control_points_2_car.mp4
960,0,car_racing_ego_car,1.0,288.0,278.0,312.0,320.0,661,axis_front,309.0,319.0,mask PCA skeleton + low contact point,generated_videos/control_points_2_car.mp4
960,0,car_racing_ego_car,1.0,288.0,278.0,312.0,320.0,661,axis_back,288.0,278.0,mask PCA skeleton + low contact point,generated_videos/control_points_2_car.mp4
960,0,car_racing_ego_car,1.0,288.0,278.0,312.0,320.0,661,axis_left,311.0,278.0,mask PCA skeleton + low contact point,generated_videos/control_points_2_car.mp4
960,0,car_racing_ego_car,1.0,288.0,278.0,312.0,320.0,661,axis_right,288.0,281.0,mask PCA skeleton + low contact point,generated_videos/control_points_2_car.mp4
960,0,car_racing_ego_car,1.0,288.0,278.0,312.0,320.0,661,contact_low,299.0,318.0,mask PCA skeleton + low contact point,generated_videos/control_points_2_car.mp4
961,0,car_racing_ego_car,1.0,288.0,278.0,312.0,320.0,660,centroid,299.42120361328125,299.78485107421875,mask PCA skeleton + low contact point,generated_videos/control_points_2_car.mp4
961,0,car_racing_ego_car,1.0,288.0,278.0,312.0,320.0,660,axis_front,309.0,319.0,mask PCA skeleton + low contact point,generated_videos/control_points_2_car.mp4
961,0,car_racing_ego_car,1.0,288.0,278.0,312.0,320.0,660,axis_back,288.0,278.0,mask PCA skeleton + low contact point,generated_videos/control_points_2_car.mp4
961,0,car_racing_ego_car,1.0,288.0,278.0,312.0,320.0,660,axis_left,311.0,278.0,mask PCA skeleton + low contact point,generated_videos/control_points_2_car.mp4
961,0,car_racing_ego_car,1.0,288.0,278.0,312.0,320.0,660,axis_right,288.0,281.0,mask PCA skeleton + low contact point,generated_videos/control_points_2_car.mp4
961,0,car_racing_ego_car,1.0,288.0,278.0,312.0,320.0,660,contact_low,299.0,318.0,mask PCA skeleton + low contact point,generated_videos/control_points_2_car.mp4
962,0,car_racing_ego_car,1.0,288.0,278.0,312.0,320.0,656,centroid,299.45123291015625,299.81707763671875,mask PCA skeleton + low contact point,generated_videos/control_points_2_car.mp4
962,0,car_racing_ego_car,1.0,288.0,278.0,312.0,320.0,656,axis_front,309.0,319.0,mask PCA skeleton + low contact point,generated_videos/control_points_2_car.mp4
962,0,car_racing_ego_car,1.0,288.0,278.0,312.0,320.0,656,axis_back,288.0,278.0,mask PCA skeleton + low contact point,generated_videos/control_points_2_car.mp4
962,0,car_racing_ego_car,1.0,288.0,278.0,312.0,320.0,656,axis_left,311.0,278.0,mask PCA skeleton + low contact point,generated_videos/control_points_2_car.mp4
962,0,car_racing_ego_car,1.0,288.0,278.0,312.0,320.0,656,axis_right,288.0,281.0,mask PCA skeleton + low contact point,generated_videos/control_points_2_car.mp4
962,0,car_racing_ego_car,1.0,288.0,278.0,312.0,320.0,656,contact_low,299.0,318.0,mask PCA skeleton + low contact point,generated_videos/control_points_2_car.mp4
963,0,car_racing_ego_car,1.0,288.0,278.0,312.0,320.0,656,centroid,299.45123291015625,299.81707763671875,mask PCA skeleton + low contact point,generated_videos/control_points_2_car.mp4
963,0,car_racing_ego_car,1.0,288.0,278.0,312.0,320.0,656,axis_front,309.0,319.0,mask PCA skeleton + low contact point,generated_videos/control_points_2_car.mp4
963,0,car_racing_ego_car,1.0,288.0,278.0,312.0,320.0,656,axis_back,288.0,278.0,mask PCA skeleton + low contact point,generated_videos/control_points_2_car.mp4
963,0,car_racing_ego_car,1.0,288.0,278.0,312.0,320.0,656,axis_left,311.0,278.0,mask PCA skeleton + low contact point,generated_videos/control_points_2_car.mp4
963,0,car_racing_ego_car,1.0,288.0,278.0,312.0,320.0,656,axis_right,288.0,281.0,mask PCA skeleton + low contact point,generated_videos/control_points_2_car.mp4
963,0,car_racing_ego_car,1.0,288.0,278.0,312.0,320.0,656,contact_low,299.0,318.0,mask PCA skeleton + low contact point,generated_videos/control_points_2_car.mp4
964,0,car_racing_ego_car,1.0,288.0,278.0,312.0,320.0,668,centroid,299.3922119140625,299.6496887207031,mask PCA skeleton + low contact point,generated_videos/control_points_2_car.mp4
964,0,car_racing_ego_car,1.0,288.0,278.0,312.0,320.0,668,axis_front,309.0,319.0,mask PCA skeleton + low contact point,generated_videos/control_points_2_car.mp4
964,0,car_racing_ego_car,1.0,288.0,278.0,312.0,320.0,668,axis_back,288.0,278.0,mask PCA skeleton + low contact point,generated_videos/control_points_2_car.mp4
964,0,car_racing_ego_car,1.0,288.0,278.0,312.0,320.0,668,axis_left,311.0,278.0,mask PCA skeleton + low contact point,generated_videos/control_points_2_car.mp4
964,0,car_racing_ego_car,1.0,288.0,278.0,312.0,320.0,668,axis_right,288.0,281.0,mask PCA skeleton + low contact point,generated_videos/control_points_2_car.mp4
964,0,car_racing_ego_car,1.0,288.0,278.0,312.0,320.0,668,contact_low,299.0,318.0,mask PCA skeleton + low contact point,generated_videos/control_points_2_car.mp4
965,0,car_racing_ego_car,1.0,288.0,278.0,312.0,320.0,656,centroid,299.4695129394531,299.8902587890625,mask PCA skeleton + low contact point,generated_videos/control_points_2_car.mp4
965,0,car_racing_ego_car,1.0,288.0,278.0,312.0,320.0,656,axis_front,309.0,319.0,mask PCA skeleton + low contact point,generated_videos/control_points_2_car.mp4
965,0,car_racing_ego_car,1.0,288.0,278.0,312.0,320.0,656,axis_back,288.0,278.0,mask PCA skeleton + low contact point,generated_videos/control_points_2_car.mp4
965,0,car_racing_ego_car,1.0,288.0,278.0,312.0,320.0,656,axis_left,311.0,278.0,mask PCA skeleton + low contact point,generated_videos/control_points_2_car.mp4
965,0,car_racing_ego_car,1.0,288.0,278.0,312.0,320.0,656,axis_right,288.0,281.0,mask PCA skeleton + low contact point,generated_videos/control_points_2_car.mp4
965,0,car_racing_ego_car,1.0,288.0,278.0,312.0,320.0,656,contact_low,299.0,318.0,mask PCA skeleton + low contact point,generated_videos/control_points_2_car.mp4
966,0,car_racing_ego_car,1.0,288.0,278.0,314.0,320.0,670,centroid,299.6298522949219,299.5507507324219,mask PCA skeleton + low contact point,generated_videos/control_points_2_car.mp4
966,0,car_racing_ego_car,1.0,288.0,278.0,314.0,320.0,670,axis_front,290.0,319.0,mask PCA skeleton + low contact point,generated_videos/control_points_2_car.mp4
966,0,car_racing_ego_car,1.0,288.0,278.0,314.0,320.0,670,axis_back,311.0,278.0,mask PCA skeleton + low contact point,generated_videos/control_points_2_car.mp4
966,0,car_racing_ego_car,1.0,288.0,278.0,314.0,320.0,670,axis_left,313.0,281.0,mask PCA skeleton + low contact point,generated_videos/control_points_2_car.mp4
966,0,car_racing_ego_car,1.0,288.0,278.0,314.0,320.0,670,axis_right,288.0,278.0,mask PCA skeleton + low contact point,generated_videos/control_points_2_car.mp4
966,0,car_racing_ego_car,1.0,288.0,278.0,314.0,320.0,670,contact_low,299.0,318.0,mask PCA skeleton + low contact point,generated_videos/control_points_2_car.mp4
967,0,car_racing_ego_car,1.0,288.0,278.0,314.0,320.0,670,centroid,299.6298522949219,299.5507507324219,mask PCA skeleton + low contact point,generated_videos/control_points_2_car.mp4
967,0,car_racing_ego_car,1.0,288.0,278.0,314.0,320.0,670,axis_front,290.0,319.0,mask PCA skeleton + low contact point,generated_videos/control_points_2_car.mp4
967,0,car_racing_ego_car,1.0,288.0,278.0,314.0,320.0,670,axis_back,311.0,278.0,mask PCA skeleton + low contact point,generated_videos/control_points_2_car.mp4
967,0,car_racing_ego_car,1.0,288.0,278.0,314.0,320.0,670,axis_left,313.0,281.0,mask PCA skeleton + low contact point,generated_videos/control_points_2_car.mp4
967,0,car_racing_ego_car,1.0,288.0,278.0,314.0,320.0,670,axis_right,288.0,278.0,mask PCA skeleton + low contact point,generated_videos/control_points_2_car.mp4
967,0,car_racing_ego_car,1.0,288.0,278.0,314.0,320.0,670,contact_low,299.0,318.0,mask PCA skeleton + low contact point,generated_videos/control_points_2_car.mp4
968,0,car_racing_ego_car,1.0,288.0,278.0,312.0,320.0,662,centroid,299.39276123046875,299.7326354980469,mask PCA skeleton + low contact point,generated_videos/control_points_2_car.mp4
968,0,car_racing_ego_car,1.0,288.0,278.0,312.0,320.0,662,axis_front,309.0,319.0,mask PCA skeleton + low contact point,generated_videos/control_points_2_car.mp4
968,0,car_racing_ego_car,1.0,288.0,278.0,312.0,320.0,662,axis_back,288.0,278.0,mask PCA skeleton + low contact point,generated_videos/control_points_2_car.mp4
968,0,car_racing_ego_car,1.0,288.0,278.0,312.0,320.0,662,axis_left,311.0,278.0,mask PCA skeleton + low contact point,generated_videos/control_points_2_car.mp4
968,0,car_racing_ego_car,1.0,288.0,278.0,312.0,320.0,662,axis_right,288.0,281.0,mask PCA skeleton + low contact point,generated_videos/control_points_2_car.mp4
968,0,car_racing_ego_car,1.0,288.0,278.0,312.0,320.0,662,contact_low,299.0,318.0,mask PCA skeleton + low contact point,generated_videos/control_points_2_car.mp4
969,0,car_racing_ego_car,1.0,288.0,278.0,312.0,320.0,654,centroid,299.4892883300781,299.94342041015625,mask PCA skeleton + low contact point,generated_videos/control_points_2_car.mp4
969,0,car_racing_ego_car,1.0,288.0,278.0,312.0,320.0,654,axis_front,290.0,319.0,mask PCA skeleton + low contact point,generated_videos/control_points_2_car.mp4
969,0,car_racing_ego_car,1.0,288.0,278.0,312.0,320.0,654,axis_back,311.0,278.0,mask PCA skeleton + low contact point,generated_videos/control_points_2_car.mp4
969,0,car_racing_ego_car,1.0,288.0,278.0,312.0,320.0,654,axis_left,311.0,281.0,mask PCA skeleton + low contact point,generated_videos/control_points_2_car.mp4
969,0,car_racing_ego_car,1.0,288.0,278.0,312.0,320.0,654,axis_right,288.0,278.0,mask PCA skeleton + low contact point,generated_videos/control_points_2_car.mp4
969,0,car_racing_ego_car,1.0,288.0,278.0,312.0,320.0,654,contact_low,299.0,318.0,mask PCA skeleton + low contact point,generated_videos/control_points_2_car.mp4
970,0,car_racing_ego_car,1.0,288.0,278.0,312.0,320.0,660,centroid,299.5,299.8575744628906,mask PCA skeleton + low contact point,generated_videos/control_points_2_car.mp4
970,0,car_racing_ego_car,1.0,288.0,278.0,312.0,320.0,660,axis_front,290.0,319.0,mask PCA skeleton + low contact point,generated_videos/control_points_2_car.mp4
970,0,car_racing_ego_car,1.0,288.0,278.0,312.0,320.0,660,axis_back,288.0,278.0,mask PCA skeleton + low contact point,generated_videos/control_points_2_car.mp4
970,0,car_racing_ego_car,1.0,288.0,278.0,312.0,320.0,660,axis_left,311.0,278.0,mask PCA skeleton + low contact point,generated_videos/control_points_2_car.mp4
970,0,car_racing_ego_car,1.0,288.0,278.0,312.0,320.0,660,axis_right,288.0,278.0,mask PCA skeleton + low contact point,generated_videos/control_points_2_car.mp4
970,0,car_racing_ego_car,1.0,288.0,278.0,312.0,320.0,660,contact_low,299.0,318.0,mask PCA skeleton + low contact point,generated_videos/control_points_2_car.mp4
971,0,car_racing_ego_car,1.0,288.0,278.0,314.0,320.0,664,centroid,299.57830810546875,299.740966796875,mask PCA skeleton + low contact point,generated_videos/control_points_2_car.mp4
971,0,car_racing_ego_car,1.0,288.0,278.0,314.0,320.0,664,axis_front,290.0,319.0,mask PCA skeleton + low contact point,generated_videos/control_points_2_car.mp4
971,0,car_racing_ego_car,1.0,288.0,278.0,314.0,320.0,664,axis_back,311.0,278.0,mask PCA skeleton + low contact point,generated_videos/control_points_2_car.mp4
971,0,car_racing_ego_car,1.0,288.0,278.0,314.0,320.0,664,axis_left,313.0,281.0,mask PCA skeleton + low contact point,generated_videos/control_points_2_car.mp4
971,0,car_racing_ego_car,1.0,288.0,278.0,314.0,320.0,664,axis_right,288.0,278.0,mask PCA skeleton + low contact point,generated_videos/control_points_2_car.mp4
971,0,car_racing_ego_car,1.0,288.0,278.0,314.0,320.0,664,contact_low,299.0,318.0,mask PCA skeleton + low contact point,generated_videos/control_points_2_car.mp4
972,0,car_racing_ego_car,1.0,288.0,278.0,312.0,320.0,657,centroid,299.4079284667969,299.7427673339844,mask PCA skeleton + low contact point,generated_videos/control_points_2_car.mp4
972,0,car_racing_ego_car,1.0,288.0,278.0,312.0,320.0,657,axis_front,309.0,319.0,mask PCA skeleton + low contact point,generated_videos/control_points_2_car.mp4
972,0,car_racing_ego_car,1.0,288.0,278.0,312.0,320.0,657,axis_back,288.0,278.0,mask PCA skeleton + low contact point,generated_videos/control_points_2_car.mp4
972,0,car_racing_ego_car,1.0,288.0,278.0,312.0,320.0,657,axis_left,311.0,278.0,mask PCA skeleton + low contact point,generated_videos/control_points_2_car.mp4
972,0,car_racing_ego_car,1.0,288.0,278.0,312.0,320.0,657,axis_right,288.0,281.0,mask PCA skeleton + low contact point,generated_videos/control_points_2_car.mp4
972,0,car_racing_ego_car,1.0,288.0,278.0,312.0,320.0,657,contact_low,299.0,318.0,mask PCA skeleton + low contact point,generated_videos/control_points_2_car.mp4
973,0,car_racing_ego_car,1.0,288.0,278.0,312.0,320.0,652,centroid,299.5,299.9233093261719,mask PCA skeleton + low contact point,generated_videos/control_points_2_car.mp4
973,0,car_racing_ego_car,1.0,288.0,278.0,312.0,320.0,652,axis_front,290.0,319.0,mask PCA skeleton + low contact point,generated_videos/control_points_2_car.mp4
973,0,car_racing_ego_car,1.0,288.0,278.0,312.0,320.0,652,axis_back,288.0,278.0,mask PCA skeleton + low contact point,generated_videos/control_points_2_car.mp4
973,0,car_racing_ego_car,1.0,288.0,278.0,312.0,320.0,652,axis_left,311.0,278.0,mask PCA skeleton + low contact point,generated_videos/control_points_2_car.mp4
973,0,car_racing_ego_car,1.0,288.0,278.0,312.0,320.0,652,axis_right,288.0,278.0,mask PCA skeleton + low contact point,generated_videos/control_points_2_car.mp4
973,0,car_racing_ego_car,1.0,288.0,278.0,312.0,320.0,652,contact_low,299.0,318.0,mask PCA skeleton + low contact point,generated_videos/control_points_2_car.mp4
974,0,car_racing_ego_car,1.0,288.0,278.0,312.0,320.0,662,centroid,299.58306884765625,299.6963806152344,mask PCA skeleton + low contact point,generated_videos/control_points_2_car.mp4
974,0,car_racing_ego_car,1.0,288.0,278.0,312.0,320.0,662,axis_front,290.0,319.0,mask PCA skeleton + low contact point,generated_videos/control_points_2_car.mp4
974,0,car_racing_ego_car,1.0,288.0,278.0,312.0,320.0,662,axis_back,311.0,278.0,mask PCA skeleton + low contact point,generated_videos/control_points_2_car.mp4
974,0,car_racing_ego_car,1.0,288.0,278.0,312.0,320.0,662,axis_left,311.0,281.0,mask PCA skeleton + low contact point,generated_videos/control_points_2_car.mp4
974,0,car_racing_ego_car,1.0,288.0,278.0,312.0,320.0,662,axis_right,288.0,278.0,mask PCA skeleton + low contact point,generated_videos/control_points_2_car.mp4
974,0,car_racing_ego_car,1.0,288.0,278.0,312.0,320.0,662,contact_low,299.0,318.0,mask PCA skeleton + low contact point,generated_videos/control_points_2_car.mp4
975,0,car_racing_ego_car,1.0,288.0,278.0,312.0,320.0,655,centroid,299.5633544921875,299.79541015625,mask PCA skeleton + low contact point,generated_videos/control_points_2_car.mp4
975,0,car_racing_ego_car,1.0,288.0,278.0,312.0,320.0,655,axis_front,290.0,319.0,mask PCA skeleton + low contact point,generated_videos/control_points_2_car.mp4
975,0,car_racing_ego_car,1.0,288.0,278.0,312.0,320.0,655,axis_back,311.0,278.0,mask PCA skeleton + low contact point,generated_videos/control_points_2_car.mp4
975,0,car_racing_ego_car,1.0,288.0,278.0,312.0,320.0,655,axis_left,311.0,281.0,mask PCA skeleton + low contact point,generated_videos/control_points_2_car.mp4
975,0,car_racing_ego_car,1.0,288.0,278.0,312.0,320.0,655,axis_right,288.0,278.0,mask PCA skeleton + low contact point,generated_videos/control_points_2_car.mp4
975,0,car_racing_ego_car,1.0,288.0,278.0,312.0,320.0,655,contact_low,299.0,318.0,mask PCA skeleton + low contact point,generated_videos/control_points_2_car.mp4
976,0,car_racing_ego_car,1.0,288.0,278.0,312.0,320.0,655,centroid,299.5633544921875,299.79541015625,mask PCA skeleton + low contact point,generated_videos/control_points_2_car.mp4
976,0,car_racing_ego_car,1.0,288.0,278.0,312.0,320.0,655,axis_front,290.0,319.0,mask PCA skeleton + low contact point,generated_videos/control_points_2_car.mp4
976,0,car_racing_ego_car,1.0,288.0,278.0,312.0,320.0,655,axis_back,311.0,278.0,mask PCA skeleton + low contact point,generated_videos/control_points_2_car.mp4
976,0,car_racing_ego_car,1.0,288.0,278.0,312.0,320.0,655,axis_left,311.0,281.0,mask PCA skeleton + low contact point,generated_videos/control_points_2_car.mp4
976,0,car_racing_ego_car,1.0,288.0,278.0,312.0,320.0,655,axis_right,288.0,278.0,mask PCA skeleton + low contact point,generated_videos/control_points_2_car.mp4
976,0,car_racing_ego_car,1.0,288.0,278.0,312.0,320.0,655,contact_low,299.0,318.0,mask PCA skeleton + low contact point,generated_videos/control_points_2_car.mp4
977,0,car_racing_ego_car,1.0,288.0,278.0,312.0,320.0,658,centroid,299.4924011230469,299.8373718261719,mask PCA skeleton + low contact point,generated_videos/control_points_2_car.mp4
977,0,car_racing_ego_car,1.0,288.0,278.0,312.0,320.0,658,axis_front,290.0,319.0,mask PCA skeleton + low contact point,generated_videos/control_points_2_car.mp4
977,0,car_racing_ego_car,1.0,288.0,278.0,312.0,320.0,658,axis_back,311.0,278.0,mask PCA skeleton + low contact point,generated_videos/control_points_2_car.mp4
977,0,car_racing_ego_car,1.0,288.0,278.0,312.0,320.0,658,axis_left,311.0,281.0,mask PCA skeleton + low contact point,generated_videos/control_points_2_car.mp4
977,0,car_racing_ego_car,1.0,288.0,278.0,312.0,320.0,658,axis_right,288.0,278.0,mask PCA skeleton + low contact point,generated_videos/control_points_2_car.mp4
977,0,car_racing_ego_car,1.0,288.0,278.0,312.0,320.0,658,contact_low,299.0,318.0,mask PCA skeleton + low contact point,generated_videos/control_points_2_car.mp4
978,0,car_racing_ego_car,1.0,288.0,278.0,312.0,320.0,660,centroid,299.4454650878906,299.7121276855469,mask PCA skeleton + low contact point,generated_videos/control_points_2_car.mp4
978,0,car_racing_ego_car,1.0,288.0,278.0,312.0,320.0,660,axis_front,309.0,319.0,mask PCA skeleton + low contact point,generated_videos/control_points_2_car.mp4
978,0,car_racing_ego_car,1.0,288.0,278.0,312.0,320.0,660,axis_back,288.0,278.0,mask PCA skeleton + low contact point,generated_videos/control_points_2_car.mp4
978,0,car_racing_ego_car,1.0,288.0,278.0,312.0,320.0,660,axis_left,311.0,278.0,mask PCA skeleton + low contact point,generated_videos/control_points_2_car.mp4
978,0,car_racing_ego_car,1.0,288.0,278.0,312.0,320.0,660,axis_right,288.0,281.0,mask PCA skeleton + low contact point,generated_videos/control_points_2_car.mp4
978,0,car_racing_ego_car,1.0,288.0,278.0,312.0,320.0,660,contact_low,299.0,318.0,mask PCA skeleton + low contact point,generated_videos/control_points_2_car.mp4
979,0,car_racing_ego_car,1.0,286.0,278.0,312.0,320.0,662,centroid,299.4969787597656,299.7250671386719,mask PCA skeleton + low contact point,generated_videos/control_points_2_car.mp4
979,0,car_racing_ego_car,1.0,286.0,278.0,312.0,320.0,662,axis_front,309.0,319.0,mask PCA skeleton + low contact point,generated_videos/control_points_2_car.mp4
979,0,car_racing_ego_car,1.0,286.0,278.0,312.0,320.0,662,axis_back,288.0,278.0,mask PCA skeleton + low contact point,generated_videos/control_points_2_car.mp4
979,0,car_racing_ego_car,1.0,286.0,278.0,312.0,320.0,662,axis_left,311.0,278.0,mask PCA skeleton + low contact point,generated_videos/control_points_2_car.mp4
979,0,car_racing_ego_car,1.0,286.0,278.0,312.0,320.0,662,axis_right,286.0,281.0,mask PCA skeleton + low contact point,generated_videos/control_points_2_car.mp4
979,0,car_racing_ego_car,1.0,286.0,278.0,312.0,320.0,662,contact_low,299.0,318.0,mask PCA skeleton + low contact point,generated_videos/control_points_2_car.mp4
980,0,car_racing_ego_car,1.0,286.0,278.0,312.0,320.0,662,centroid,299.4969787597656,299.7250671386719,mask PCA skeleton + low contact point,generated_videos/control_points_2_car.mp4
980,0,car_racing_ego_car,1.0,286.0,278.0,312.0,320.0,662,axis_front,309.0,319.0,mask PCA skeleton + low contact point,generated_videos/control_points_2_car.mp4
980,0,car_racing_ego_car,1.0,286.0,278.0,312.0,320.0,662,axis_back,288.0,278.0,mask PCA skeleton + low contact point,generated_videos/control_points_2_car.mp4
980,0,car_racing_ego_car,1.0,286.0,278.0,312.0,320.0,662,axis_left,311.0,278.0,mask PCA skeleton + low contact point,generated_videos/control_points_2_car.mp4
980,0,car_racing_ego_car,1.0,286.0,278.0,312.0,320.0,662,axis_right,286.0,281.0,mask PCA skeleton + low contact point,generated_videos/control_points_2_car.mp4
980,0,car_racing_ego_car,1.0,286.0,278.0,312.0,320.0,662,contact_low,299.0,318.0,mask PCA skeleton + low contact point,generated_videos/control_points_2_car.mp4
981,0,car_racing_ego_car,1.0,288.0,278.0,312.0,320.0,654,centroid,299.52294921875,299.8700256347656,mask PCA skeleton + low contact point,generated_videos/control_points_2_car.mp4
981,0,car_racing_ego_car,1.0,288.0,278.0,312.0,320.0,654,axis_front,290.0,319.0,mask PCA skeleton + low contact point,generated_videos/control_points_2_car.mp4
981,0,car_racing_ego_car,1.0,288.0,278.0,312.0,320.0,654,axis_back,311.0,278.0,mask PCA skeleton + low contact point,generated_videos/control_points_2_car.mp4
981,0,car_racing_ego_car,1.0,288.0,278.0,312.0,320.0,654,axis_left,311.0,281.0,mask PCA skeleton + low contact point,generated_videos/control_points_2_car.mp4
981,0,car_racing_ego_car,1.0,288.0,278.0,312.0,320.0,654,axis_right,288.0,278.0,mask PCA skeleton + low contact point,generated_videos/control_points_2_car.mp4
981,0,car_racing_ego_car,1.0,288.0,278.0,312.0,320.0,654,contact_low,299.0,318.0,mask PCA skeleton + low contact point,generated_videos/control_points_2_car.mp4
982,0,car_racing_ego_car,1.0,288.0,278.0,312.0,320.0,676,centroid,299.24853515625,299.7544250488281,mask PCA skeleton + low contact point,generated_videos/control_points_2_car.mp4
982,0,car_racing_ego_car,1.0,288.0,278.0,312.0,320.0,676,axis_front,309.0,319.0,mask PCA skeleton + low contact point,generated_videos/control_points_2_car.mp4
982,0,car_racing_ego_car,1.0,288.0,278.0,312.0,320.0,676,axis_back,288.0,278.0,mask PCA skeleton + low contact point,generated_videos/control_points_2_car.mp4
982,0,car_racing_ego_car,1.0,288.0,278.0,312.0,320.0,676,axis_left,311.0,278.0,mask PCA skeleton + low contact point,generated_videos/control_points_2_car.mp4
982,0,car_racing_ego_car,1.0,288.0,278.0,312.0,320.0,676,axis_right,288.0,305.0,mask PCA skeleton + low contact point,generated_videos/control_points_2_car.mp4
982,0,car_racing_ego_car,1.0,288.0,278.0,312.0,320.0,676,contact_low,299.0,318.0,mask PCA skeleton + low contact point,generated_videos/control_points_2_car.mp4
983,0,car_racing_ego_car,1.0,288.0,278.0,312.0,320.0,653,centroid,299.4624938964844,299.9739685058594,mask PCA skeleton + low contact point,generated_videos/control_points_2_car.mp4
983,0,car_racing_ego_car,1.0,288.0,278.0,312.0,320.0,653,axis_front,290.0,319.0,mask PCA skeleton + low contact point,generated_videos/control_points_2_car.mp4
983,0,car_racing_ego_car,1.0,288.0,278.0,312.0,320.0,653,axis_back,311.0,278.0,mask PCA skeleton + low contact point,generated_videos/control_points_2_car.mp4
983,0,car_racing_ego_car,1.0,288.0,278.0,312.0,320.0,653,axis_left,311.0,281.0,mask PCA skeleton + low contact point,generated_videos/control_points_2_car.mp4
983,0,car_racing_ego_car,1.0,288.0,278.0,312.0,320.0,653,axis_right,288.0,278.0,mask PCA skeleton + low contact point,generated_videos/control_points_2_car.mp4
983,0,car_racing_ego_car,1.0,288.0,278.0,312.0,320.0,653,contact_low,299.0,318.0,mask PCA skeleton + low contact point,generated_videos/control_points_2_car.mp4
984,0,car_racing_ego_car,1.0,288.0,278.0,312.0,320.0,653,centroid,299.4624938964844,299.9739685058594,mask PCA skeleton + low contact point,generated_videos/control_points_2_car.mp4
984,0,car_racing_ego_car,1.0,288.0,278.0,312.0,320.0,653,axis_front,290.0,319.0,mask PCA skeleton + low contact point,generated_videos/control_points_2_car.mp4
984,0,car_racing_ego_car,1.0,288.0,278.0,312.0,320.0,653,axis_back,311.0,278.0,mask PCA skeleton + low contact point,generated_videos/control_points_2_car.mp4
984,0,car_racing_ego_car,1.0,288.0,278.0,312.0,320.0,653,axis_left,311.0,281.0,mask PCA skeleton + low contact point,generated_videos/control_points_2_car.mp4
984,0,car_racing_ego_car,1.0,288.0,278.0,312.0,320.0,653,axis_right,288.0,278.0,mask PCA skeleton + low contact point,generated_videos/control_points_2_car.mp4
984,0,car_racing_ego_car,1.0,288.0,278.0,312.0,320.0,653,contact_low,299.0,318.0,mask PCA skeleton + low contact point,generated_videos/control_points_2_car.mp4
985,0,car_racing_ego_car,1.0,288.0,278.0,312.0,320.0,654,centroid,299.52294921875,299.8700256347656,mask PCA skeleton + low contact point,generated_videos/control_points_2_car.mp4
985,0,car_racing_ego_car,1.0,288.0,278.0,312.0,320.0,654,axis_front,290.0,319.0,mask PCA skeleton + low contact point,generated_videos/control_points_2_car.mp4
985,0,car_racing_ego_car,1.0,288.0,278.0,312.0,320.0,654,axis_back,311.0,278.0,mask PCA skeleton + low contact point,generated_videos/control_points_2_car.mp4
985,0,car_racing_ego_car,1.0,288.0,278.0,312.0,320.0,654,axis_left,311.0,281.0,mask PCA skeleton + low contact point,generated_videos/control_points_2_car.mp4
985,0,car_racing_ego_car,1.0,288.0,278.0,312.0,320.0,654,axis_right,288.0,278.0,mask PCA skeleton + low contact point,generated_videos/control_points_2_car.mp4
985,0,car_racing_ego_car,1.0,288.0,278.0,312.0,320.0,654,contact_low,299.0,318.0,mask PCA skeleton + low contact point,generated_videos/control_points_2_car.mp4
986,0,car_racing_ego_car,1.0,288.0,278.0,312.0,320.0,653,centroid,299.5084228515625,299.848388671875,mask PCA skeleton + low contact point,generated_videos/control_points_2_car.mp4
986,0,car_racing_ego_car,1.0,288.0,278.0,312.0,320.0,653,axis_front,290.0,319.0,mask PCA skeleton + low contact point,generated_videos/control_points_2_car.mp4
986,0,car_racing_ego_car,1.0,288.0,278.0,312.0,320.0,653,axis_back,311.0,278.0,mask PCA skeleton + low contact point,generated_videos/control_points_2_car.mp4
986,0,car_racing_ego_car,1.0,288.0,278.0,312.0,320.0,653,axis_left,311.0,281.0,mask PCA skeleton + low contact point,generated_videos/control_points_2_car.mp4
986,0,car_racing_ego_car,1.0,288.0,278.0,312.0,320.0,653,axis_right,288.0,278.0,mask PCA skeleton + low contact point,generated_videos/control_points_2_car.mp4
986,0,car_racing_ego_car,1.0,288.0,278.0,312.0,320.0,653,contact_low,299.0,318.0,mask PCA skeleton + low contact point,generated_videos/control_points_2_car.mp4
987,0,car_racing_ego_car,1.0,288.0,278.0,312.0,320.0,652,centroid,299.5,299.9233093261719,mask PCA skeleton + low contact point,generated_videos/control_points_2_car.mp4
987,0,car_racing_ego_car,1.0,288.0,278.0,312.0,320.0,652,axis_front,290.0,319.0,mask PCA skeleton + low contact point,generated_videos/control_points_2_car.mp4
987,0,car_racing_ego_car,1.0,288.0,278.0,312.0,320.0,652,axis_back,288.0,278.0,mask PCA skeleton + low contact point,generated_videos/control_points_2_car.mp4
987,0,car_racing_ego_car,1.0,288.0,278.0,312.0,320.0,652,axis_left,311.0,278.0,mask PCA skeleton + low contact point,generated_videos/control_points_2_car.mp4
987,0,car_racing_ego_car,1.0,288.0,278.0,312.0,320.0,652,axis_right,288.0,278.0,mask PCA skeleton + low contact point,generated_videos/control_points_2_car.mp4
987,0,car_racing_ego_car,1.0,288.0,278.0,312.0,320.0,652,contact_low,299.0,318.0,mask PCA skeleton + low contact point,generated_videos/control_points_2_car.mp4
988,0,car_racing_ego_car,1.0,288.0,278.0,312.0,320.0,652,centroid,299.5,299.9233093261719,mask PCA skeleton + low contact point,generated_videos/control_points_2_car.mp4
988,0,car_racing_ego_car,1.0,288.0,278.0,312.0,320.0,652,axis_front,290.0,319.0,mask PCA skeleton + low contact point,generated_videos/control_points_2_car.mp4
988,0,car_racing_ego_car,1.0,288.0,278.0,312.0,320.0,652,axis_back,288.0,278.0,mask PCA skeleton + low contact point,generated_videos/control_points_2_car.mp4
988,0,car_racing_ego_car,1.0,288.0,278.0,312.0,320.0,652,axis_left,311.0,278.0,mask PCA skeleton + low contact point,generated_videos/control_points_2_car.mp4
988,0,car_racing_ego_car,1.0,288.0,278.0,312.0,320.0,652,axis_right,288.0,278.0,mask PCA skeleton + low contact point,generated_videos/control_points_2_car.mp4
988,0,car_racing_ego_car,1.0,288.0,278.0,312.0,320.0,652,contact_low,299.0,318.0,mask PCA skeleton + low contact point,generated_videos/control_points_2_car.mp4
989,0,car_racing_ego_car,1.0,288.0,278.0,312.0,320.0,666,centroid,299.3963928222656,299.8092956542969,mask PCA skeleton + low contact point,generated_videos/control_points_2_car.mp4
989,0,car_racing_ego_car,1.0,288.0,278.0,312.0,320.0,666,axis_front,290.0,319.0,mask PCA skeleton + low contact point,generated_videos/control_points_2_car.mp4
989,0,car_racing_ego_car,1.0,288.0,278.0,312.0,320.0,666,axis_back,311.0,278.0,mask PCA skeleton + low contact point,generated_videos/control_points_2_car.mp4
989,0,car_racing_ego_car,1.0,288.0,278.0,312.0,320.0,666,axis_left,311.0,281.0,mask PCA skeleton + low contact point,generated_videos/control_points_2_car.mp4
989,0,car_racing_ego_car,1.0,288.0,278.0,312.0,320.0,666,axis_right,288.0,278.0,mask PCA skeleton + low contact point,generated_videos/control_points_2_car.mp4
989,0,car_racing_ego_car,1.0,288.0,278.0,312.0,320.0,666,contact_low,299.0,318.0,mask PCA skeleton + low contact point,generated_videos/control_points_2_car.mp4
990,0,car_racing_ego_car,1.0,288.0,278.0,312.0,320.0,663,centroid,299.6304626464844,299.6726989746094,mask PCA skeleton + low contact point,generated_videos/control_points_2_car.mp4
990,0,car_racing_ego_car,1.0,288.0,278.0,312.0,320.0,663,axis_front,290.0,319.0,mask PCA skeleton + low contact point,generated_videos/control_points_2_car.mp4
990,0,car_racing_ego_car,1.0,288.0,278.0,312.0,320.0,663,axis_back,311.0,278.0,mask PCA skeleton + low contact point,generated_videos/control_points_2_car.mp4
990,0,car_racing_ego_car,1.0,288.0,278.0,312.0,320.0,663,axis_left,311.0,283.0,mask PCA skeleton + low contact point,generated_videos/control_points_2_car.mp4
990,0,car_racing_ego_car,1.0,288.0,278.0,312.0,320.0,663,axis_right,288.0,278.0,mask PCA skeleton + low contact point,generated_videos/control_points_2_car.mp4
990,0,car_racing_ego_car,1.0,288.0,278.0,312.0,320.0,663,contact_low,299.0,318.0,mask PCA skeleton + low contact point,generated_videos/control_points_2_car.mp4
991,0,car_racing_ego_car,1.0,288.0,278.0,312.0,320.0,652,centroid,299.5,299.9233093261719,mask PCA skeleton + low contact point,generated_videos/control_points_2_car.mp4
991,0,car_racing_ego_car,1.0,288.0,278.0,312.0,320.0,652,axis_front,290.0,319.0,mask PCA skeleton + low contact point,generated_videos/control_points_2_car.mp4
991,0,car_racing_ego_car,1.0,288.0,278.0,312.0,320.0,652,axis_back,288.0,278.0,mask PCA skeleton + low contact point,generated_videos/control_points_2_car.mp4
991,0,car_racing_ego_car,1.0,288.0,278.0,312.0,320.0,652,axis_left,311.0,278.0,mask PCA skeleton + low contact point,generated_videos/control_points_2_car.mp4
991,0,car_racing_ego_car,1.0,288.0,278.0,312.0,320.0,652,axis_right,288.0,278.0,mask PCA skeleton + low contact point,generated_videos/control_points_2_car.mp4
991,0,car_racing_ego_car,1.0,288.0,278.0,312.0,320.0,652,contact_low,299.0,318.0,mask PCA skeleton + low contact point,generated_videos/control_points_2_car.mp4
992,0,car_racing_ego_car,1.0,288.0,278.0,312.0,320.0,652,centroid,299.5,299.9233093261719,mask PCA skeleton + low contact point,generated_videos/control_points_2_car.mp4
992,0,car_racing_ego_car,1.0,288.0,278.0,312.0,320.0,652,axis_front,290.0,319.0,mask PCA skeleton + low contact point,generated_videos/control_points_2_car.mp4
992,0,car_racing_ego_car,1.0,288.0,278.0,312.0,320.0,652,axis_back,288.0,278.0,mask PCA skeleton + low contact point,generated_videos/control_points_2_car.mp4
992,0,car_racing_ego_car,1.0,288.0,278.0,312.0,320.0,652,axis_left,311.0,278.0,mask PCA skeleton + low contact point,generated_videos/control_points_2_car.mp4
992,0,car_racing_ego_car,1.0,288.0,278.0,312.0,320.0,652,axis_right,288.0,278.0,mask PCA skeleton + low contact point,generated_videos/control_points_2_car.mp4
992,0,car_racing_ego_car,1.0,288.0,278.0,312.0,320.0,652,contact_low,299.0,318.0,mask PCA skeleton + low contact point,generated_videos/control_points_2_car.mp4
993,0,car_racing_ego_car,1.0,288.0,278.0,312.0,320.0,666,centroid,299.3963928222656,299.8092956542969,mask PCA skeleton + low contact point,generated_videos/control_points_2_car.mp4
993,0,car_racing_ego_car,1.0,288.0,278.0,312.0,320.0,666,axis_front,290.0,319.0,mask PCA skeleton + low contact point,generated_videos/control_points_2_car.mp4
993,0,car_racing_ego_car,1.0,288.0,278.0,312.0,320.0,666,axis_back,311.0,278.0,mask PCA skeleton + low contact point,generated_videos/control_points_2_car.mp4
993,0,car_racing_ego_car,1.0,288.0,278.0,312.0,320.0,666,axis_left,311.0,281.0,mask PCA skeleton + low contact point,generated_videos/control_points_2_car.mp4
993,0,car_racing_ego_car,1.0,288.0,278.0,312.0,320.0,666,axis_right,288.0,278.0,mask PCA skeleton + low contact point,generated_videos/control_points_2_car.mp4
993,0,car_racing_ego_car,1.0,288.0,278.0,312.0,320.0,666,contact_low,299.0,318.0,mask PCA skeleton + low contact point,generated_videos/control_points_2_car.mp4
