frame,object_id,track_id,track_age,track_iou,track_centroid_distance,class_name,confidence,box_x1,box_y1,box_x2,box_y2,area,point_name,x,y,method,video_path
0,4,0,1,,,truck,0.6111140251159668,652.0,45.0,724.0,101.0,3402,centroid,685.7604370117188,71.14080047607422,mask PCA skeleton + low contact point,generated_videos/control_points_3_traffic.mp4
0,4,0,1,,,truck,0.6111140251159668,652.0,45.0,724.0,101.0,3402,axis_front,652.0,59.0,mask PCA skeleton + low contact point,generated_videos/control_points_3_traffic.mp4
0,4,0,1,,,truck,0.6111140251159668,652.0,45.0,724.0,101.0,3402,axis_back,723.0,85.0,mask PCA skeleton + low contact point,generated_videos/control_points_3_traffic.mp4
0,4,0,1,,,truck,0.6111140251159668,652.0,45.0,724.0,101.0,3402,axis_left,696.0,100.0,mask PCA skeleton + low contact point,generated_videos/control_points_3_traffic.mp4
0,4,0,1,,,truck,0.6111140251159668,652.0,45.0,724.0,101.0,3402,axis_right,709.0,45.0,mask PCA skeleton + low contact point,generated_videos/control_points_3_traffic.mp4
0,4,0,1,,,truck,0.6111140251159668,652.0,45.0,724.0,101.0,3402,contact_low,688.0,93.0,mask PCA skeleton + low contact point,generated_videos/control_points_3_traffic.mp4
0,1,1,1,,,person,0.823776364326477,254.0,220.0,284.0,309.0,2052,centroid,267.5750427246094,268.1700744628906,mask PCA skeleton + low contact point,generated_videos/control_points_3_traffic.mp4
0,1,1,1,,,person,0.823776364326477,254.0,220.0,284.0,309.0,2052,axis_front,281.0,307.0,mask PCA skeleton + low contact point,generated_videos/control_points_3_traffic.mp4
0,1,1,1,,,person,0.823776364326477,254.0,220.0,284.0,309.0,2052,axis_back,263.0,220.0,mask PCA skeleton + low contact point,generated_videos/control_points_3_traffic.mp4
0,1,1,1,,,person,0.823776364326477,254.0,220.0,284.0,309.0,2052,axis_left,283.0,276.0,mask PCA skeleton + low contact point,generated_videos/control_points_3_traffic.mp4
0,1,1,1,,,person,0.823776364326477,254.0,220.0,284.0,309.0,2052,axis_right,255.0,303.0,mask PCA skeleton + low contact point,generated_videos/control_points_3_traffic.mp4
0,1,1,1,,,person,0.823776364326477,254.0,220.0,284.0,309.0,2052,contact_low,266.0,303.0,mask PCA skeleton + low contact point,generated_videos/control_points_3_traffic.mp4
0,0,2,1,,,person,0.8655416369438171,641.0,242.0,686.0,323.0,1824,centroid,664.2516479492188,283.2971496582031,mask PCA skeleton + low contact point,generated_videos/control_points_3_traffic.mp4
0,0,2,1,,,person,0.8655416369438171,641.0,242.0,686.0,323.0,1824,axis_front,646.0,322.0,mask PCA skeleton + low contact point,generated_videos/control_points_3_traffic.mp4
0,0,2,1,,,person,0.8655416369438171,641.0,242.0,686.0,323.0,1824,axis_back,650.0,242.0,mask PCA skeleton + low contact point,generated_videos/control_points_3_traffic.mp4
0,0,2,1,,,person,0.8655416369438171,641.0,242.0,686.0,323.0,1824,axis_left,685.0,312.0,mask PCA skeleton + low contact point,generated_videos/control_points_3_traffic.mp4
0,0,2,1,,,person,0.8655416369438171,641.0,242.0,686.0,323.0,1824,axis_right,641.0,320.0,mask PCA skeleton + low contact point,generated_videos/control_points_3_traffic.mp4
0,0,2,1,,,person,0.8655416369438171,641.0,242.0,686.0,323.0,1824,contact_low,650.0,317.0,mask PCA skeleton + low contact point,generated_videos/control_points_3_traffic.mp4
0,3,3,1,,,person,0.7525811195373535,502.0,159.0,531.0,234.0,1359,centroid,515.5114135742188,192.94480895996094,mask PCA skeleton + low contact point,generated_videos/control_points_3_traffic.mp4
0,3,3,1,,,person,0.7525811195373535,502.0,159.0,531.0,234.0,1359,axis_front,520.0,233.0,mask PCA skeleton + low contact point,generated_videos/control_points_3_traffic.mp4
0,3,3,1,,,person,0.7525811195373535,502.0,159.0,531.0,234.0,1359,axis_back,508.0,159.0,mask PCA skeleton + low contact point,generated_videos/control_points_3_traffic.mp4
0,3,3,1,,,person,0.7525811195373535,502.0,159.0,531.0,234.0,1359,axis_left,530.0,195.0,mask PCA skeleton + low contact point,generated_videos/control_points_3_traffic.mp4
0,3,3,1,,,person,0.7525811195373535,502.0,159.0,531.0,234.0,1359,axis_right,502.0,194.0,mask PCA skeleton + low contact point,generated_videos/control_points_3_traffic.mp4
0,3,3,1,,,person,0.7525811195373535,502.0,159.0,531.0,234.0,1359,contact_low,516.0,227.0,mask PCA skeleton + low contact point,generated_videos/control_points_3_traffic.mp4
0,2,4,1,,,car,0.7717528939247131,735.0,52.0,768.0,94.0,1313,centroid,751.3579711914062,72.42574310302734,mask PCA skeleton + low contact point,generated_videos/control_points_3_traffic.mp4
0,2,4,1,,,car,0.7717528939247131,735.0,52.0,768.0,94.0,1313,axis_front,737.0,93.0,mask PCA skeleton + low contact point,generated_videos/control_points_3_traffic.mp4
0,2,4,1,,,car,0.7717528939247131,735.0,52.0,768.0,94.0,1313,axis_back,767.0,52.0,mask PCA skeleton + low contact point,generated_videos/control_points_3_traffic.mp4
0,2,4,1,,,car,0.7717528939247131,735.0,52.0,768.0,94.0,1313,axis_left,767.0,93.0,mask PCA skeleton + low contact point,generated_videos/control_points_3_traffic.mp4
0,2,4,1,,,car,0.7717528939247131,735.0,52.0,768.0,94.0,1313,axis_right,735.0,60.0,mask PCA skeleton + low contact point,generated_videos/control_points_3_traffic.mp4
0,2,4,1,,,car,0.7717528939247131,735.0,52.0,768.0,94.0,1313,contact_low,750.0,90.0,mask PCA skeleton + low contact point,generated_videos/control_points_3_traffic.mp4
0,5,5,1,,,person,0.4015248715877533,30.0,112.0,50.0,142.0,321,centroid,39.40810012817383,124.40187072753906,mask PCA skeleton + low contact point,generated_videos/control_points_3_traffic.mp4
0,5,5,1,,,person,0.4015248715877533,30.0,112.0,50.0,142.0,321,axis_front,40.0,141.0,mask PCA skeleton + low contact point,generated_videos/control_points_3_traffic.mp4
0,5,5,1,,,person,0.4015248715877533,30.0,112.0,50.0,142.0,321,axis_back,49.0,112.0,mask PCA skeleton + low contact point,generated_videos/control_points_3_traffic.mp4
0,5,5,1,,,person,0.4015248715877533,30.0,112.0,50.0,142.0,321,axis_left,49.0,113.0,mask PCA skeleton + low contact point,generated_videos/control_points_3_traffic.mp4
0,5,5,1,,,person,0.4015248715877533,30.0,112.0,50.0,142.0,321,axis_right,30.0,118.0,mask PCA skeleton + low contact point,generated_videos/control_points_3_traffic.mp4
0,5,5,1,,,person,0.4015248715877533,30.0,112.0,50.0,142.0,321,contact_low,40.0,139.0,mask PCA skeleton + low contact point,generated_videos/control_points_3_traffic.mp4
1,4,0,2,1.0,0.0,truck,0.603695809841156,652.0,45.0,724.0,101.0,3402,centroid,685.7604370117188,71.14080047607422,mask PCA skeleton + low contact point,generated_videos/control_points_3_traffic.mp4
1,4,0,2,1.0,0.0,truck,0.603695809841156,652.0,45.0,724.0,101.0,3402,axis_front,652.0,59.0,mask PCA skeleton + low contact point,generated_videos/control_points_3_traffic.mp4
1,4,0,2,1.0,0.0,truck,0.603695809841156,652.0,45.0,724.0,101.0,3402,axis_back,723.0,85.0,mask PCA skeleton + low contact point,generated_videos/control_points_3_traffic.mp4
1,4,0,2,1.0,0.0,truck,0.603695809841156,652.0,45.0,724.0,101.0,3402,axis_left,696.0,100.0,mask PCA skeleton + low contact point,generated_videos/control_points_3_traffic.mp4
1,4,0,2,1.0,0.0,truck,0.603695809841156,652.0,45.0,724.0,101.0,3402,axis_right,709.0,45.0,mask PCA skeleton + low contact point,generated_videos/control_points_3_traffic.mp4
1,4,0,2,1.0,0.0,truck,0.603695809841156,652.0,45.0,724.0,101.0,3402,contact_low,688.0,93.0,mask PCA skeleton + low contact point,generated_videos/control_points_3_traffic.mp4
1,0,1,2,0.5826385483079941,5.796308955952117,person,0.8731573820114136,257.0,221.0,300.0,309.0,1962,centroid,273.18603515625,266.7160949707031,mask PCA skeleton + low contact point,generated_videos/control_points_3_traffic.mp4
1,0,1,2,0.5826385483079941,5.796308955952117,person,0.8731573820114136,257.0,221.0,300.0,309.0,1962,axis_front,266.0,308.0,mask PCA skeleton + low contact point,generated_videos/control_points_3_traffic.mp4
1,0,1,2,0.5826385483079941,5.796308955952117,person,0.8731573820114136,257.0,221.0,300.0,309.0,1962,axis_back,268.0,221.0,mask PCA skeleton + low contact point,generated_videos/control_points_3_traffic.mp4
1,0,1,2,0.5826385483079941,5.796308955952117,person,0.8731573820114136,257.0,221.0,300.0,309.0,1962,axis_left,299.0,294.0,mask PCA skeleton + low contact point,generated_videos/control_points_3_traffic.mp4
1,0,1,2,0.5826385483079941,5.796308955952117,person,0.8731573820114136,257.0,221.0,300.0,309.0,1962,axis_right,257.0,307.0,mask PCA skeleton + low contact point,generated_videos/control_points_3_traffic.mp4
1,0,1,2,0.5826385483079941,5.796308955952117,person,0.8731573820114136,257.0,221.0,300.0,309.0,1962,contact_low,264.0,301.0,mask PCA skeleton + low contact point,generated_videos/control_points_3_traffic.mp4
1,1,2,2,0.805176132278936,7.385175049022762,person,0.8509819507598877,635.0,243.0,683.0,324.0,1812,centroid,656.8775024414062,283.7003173828125,mask PCA skeleton + low contact point,generated_videos/control_points_3_traffic.mp4
1,1,2,2,0.805176132278936,7.385175049022762,person,0.8509819507598877,635.0,243.0,683.0,324.0,1812,axis_front,646.0,323.0,mask PCA skeleton + low contact point,generated_videos/control_points_3_traffic.mp4
1,1,2,2,0.805176132278936,7.385175049022762,person,0.8509819507598877,635.0,243.0,683.0,324.0,1812,axis_back,642.0,243.0,mask PCA skeleton + low contact point,generated_videos/control_points_3_traffic.mp4
1,1,2,2,0.805176132278936,7.385175049022762,person,0.8509819507598877,635.0,243.0,683.0,324.0,1812,axis_left,682.0,312.0,mask PCA skeleton + low contact point,generated_videos/control_points_3_traffic.mp4
1,1,2,2,0.805176132278936,7.385175049022762,person,0.8509819507598877,635.0,243.0,683.0,324.0,1812,axis_right,635.0,323.0,mask PCA skeleton + low contact point,generated_videos/control_points_3_traffic.mp4
1,1,2,2,0.805176132278936,7.385175049022762,person,0.8509819507598877,635.0,243.0,683.0,324.0,1812,contact_low,642.0,317.0,mask PCA skeleton + low contact point,generated_videos/control_points_3_traffic.mp4
1,3,3,2,0.9354838709677419,1.518656189017159,person,0.7616909146308899,501.0,159.0,532.0,234.0,1346,centroid,513.9932861328125,192.90341186523438,mask PCA skeleton + low contact point,generated_videos/control_points_3_traffic.mp4
1,3,3,2,0.9354838709677419,1.518656189017159,person,0.7616909146308899,501.0,159.0,532.0,234.0,1346,axis_front,515.0,233.0,mask PCA skeleton + low contact point,generated_videos/control_points_3_traffic.mp4
1,3,3,2,0.9354838709677419,1.518656189017159,person,0.7616909146308899,501.0,159.0,532.0,234.0,1346,axis_back,507.0,159.0,mask PCA skeleton + low contact point,generated_videos/control_points_3_traffic.mp4
1,3,3,2,0.9354838709677419,1.518656189017159,person,0.7616909146308899,501.0,159.0,532.0,234.0,1346,axis_left,531.0,194.0,mask PCA skeleton + low contact point,generated_videos/control_points_3_traffic.mp4
1,3,3,2,0.9354838709677419,1.518656189017159,person,0.7616909146308899,501.0,159.0,532.0,234.0,1346,axis_right,501.0,195.0,mask PCA skeleton + low contact point,generated_videos/control_points_3_traffic.mp4
1,3,3,2,0.9354838709677419,1.518656189017159,person,0.7616909146308899,501.0,159.0,532.0,234.0,1346,contact_low,514.0,227.0,mask PCA skeleton + low contact point,generated_videos/control_points_3_traffic.mp4
1,2,4,2,1.0,0.03387044475799666,car,0.7785585522651672,735.0,52.0,768.0,94.0,1315,centroid,751.3726196289062,72.4562759399414,mask PCA skeleton + low contact point,generated_videos/control_points_3_traffic.mp4
1,2,4,2,1.0,0.03387044475799666,car,0.7785585522651672,735.0,52.0,768.0,94.0,1315,axis_front,737.0,93.0,mask PCA skeleton + low contact point,generated_videos/control_points_3_traffic.mp4
1,2,4,2,1.0,0.03387044475799666,car,0.7785585522651672,735.0,52.0,768.0,94.0,1315,axis_back,767.0,52.0,mask PCA skeleton + low contact point,generated_videos/control_points_3_traffic.mp4
1,2,4,2,1.0,0.03387044475799666,car,0.7785585522651672,735.0,52.0,768.0,94.0,1315,axis_left,767.0,93.0,mask PCA skeleton + low contact point,generated_videos/control_points_3_traffic.mp4
1,2,4,2,1.0,0.03387044475799666,car,0.7785585522651672,735.0,52.0,768.0,94.0,1315,axis_right,735.0,60.0,mask PCA skeleton + low contact point,generated_videos/control_points_3_traffic.mp4
1,2,4,2,1.0,0.03387044475799666,car,0.7785585522651672,735.0,52.0,768.0,94.0,1315,contact_low,750.0,90.0,mask PCA skeleton + low contact point,generated_videos/control_points_3_traffic.mp4
1,5,5,2,1.0,0.020307296377484213,person,0.39885684847831726,30.0,112.0,50.0,142.0,320,centroid,39.39374923706055,124.38749694824219,mask PCA skeleton + low contact point,generated_videos/control_points_3_traffic.mp4
1,5,5,2,1.0,0.020307296377484213,person,0.39885684847831726,30.0,112.0,50.0,142.0,320,axis_front,40.0,141.0,mask PCA skeleton + low contact point,generated_videos/control_points_3_traffic.mp4
1,5,5,2,1.0,0.020307296377484213,person,0.39885684847831726,30.0,112.0,50.0,142.0,320,axis_back,49.0,112.0,mask PCA skeleton + low contact point,generated_videos/control_points_3_traffic.mp4
1,5,5,2,1.0,0.020307296377484213,person,0.39885684847831726,30.0,112.0,50.0,142.0,320,axis_left,49.0,113.0,mask PCA skeleton + low contact point,generated_videos/control_points_3_traffic.mp4
1,5,5,2,1.0,0.020307296377484213,person,0.39885684847831726,30.0,112.0,50.0,142.0,320,axis_right,30.0,118.0,mask PCA skeleton + low contact point,generated_videos/control_points_3_traffic.mp4
1,5,5,2,1.0,0.020307296377484213,person,0.39885684847831726,30.0,112.0,50.0,142.0,320,contact_low,40.0,139.0,mask PCA skeleton + low contact point,generated_videos/control_points_3_traffic.mp4
2,4,0,3,1.0,0.04861870146182116,truck,0.6026161313056946,652.0,45.0,724.0,101.0,3398,centroid,685.7960815429688,71.10771179199219,mask PCA skeleton + low contact point,generated_videos/control_points_3_traffic.mp4
2,4,0,3,1.0,0.04861870146182116,truck,0.6026161313056946,652.0,45.0,724.0,101.0,3398,axis_front,652.0,59.0,mask PCA skeleton + low contact point,generated_videos/control_points_3_traffic.mp4
2,4,0,3,1.0,0.04861870146182116,truck,0.6026161313056946,652.0,45.0,724.0,101.0,3398,axis_back,723.0,85.0,mask PCA skeleton + low contact point,generated_videos/control_points_3_traffic.mp4
2,4,0,3,1.0,0.04861870146182116,truck,0.6026161313056946,652.0,45.0,724.0,101.0,3398,axis_left,696.0,100.0,mask PCA skeleton + low contact point,generated_videos/control_points_3_traffic.mp4
2,4,0,3,1.0,0.04861870146182116,truck,0.6026161313056946,652.0,45.0,724.0,101.0,3398,axis_right,709.0,45.0,mask PCA skeleton + low contact point,generated_videos/control_points_3_traffic.mp4
2,4,0,3,1.0,0.04861870146182116,truck,0.6026161313056946,652.0,45.0,724.0,101.0,3398,contact_low,689.0,93.0,mask PCA skeleton + low contact point,generated_videos/control_points_3_traffic.mp4
2,0,1,3,0.8144557073600706,6.31033393083088,person,0.8696444630622864,258.0,220.0,308.0,309.0,2044,centroid,279.4887390136719,266.40606689453125,mask PCA skeleton + low contact point,generated_videos/control_points_3_traffic.mp4
2,0,1,3,0.8144557073600706,6.31033393083088,person,0.8696444630622864,258.0,220.0,308.0,309.0,2044,axis_front,267.0,308.0,mask PCA skeleton + low contact point,generated_videos/control_points_3_traffic.mp4
2,0,1,3,0.8144557073600706,6.31033393083088,person,0.8696444630622864,258.0,220.0,308.0,309.0,2044,axis_back,275.0,220.0,mask PCA skeleton + low contact point,generated_videos/control_points_3_traffic.mp4
2,0,1,3,0.8144557073600706,6.31033393083088,person,0.8696444630622864,258.0,220.0,308.0,309.0,2044,axis_left,307.0,298.0,mask PCA skeleton + low contact point,generated_videos/control_points_3_traffic.mp4
2,0,1,3,0.8144557073600706,6.31033393083088,person,0.8696444630622864,258.0,220.0,308.0,309.0,2044,axis_right,258.0,307.0,mask PCA skeleton + low contact point,generated_videos/control_points_3_traffic.mp4
2,0,1,3,0.8144557073600706,6.31033393083088,person,0.8696444630622864,258.0,220.0,308.0,309.0,2044,contact_low,265.0,301.0,mask PCA skeleton + low contact point,generated_videos/control_points_3_traffic.mp4
2,1,2,3,0.7645208131655372,7.840931980407196,person,0.8265140056610107,633.0,243.0,674.0,326.0,1686,centroid,649.0421142578125,283.40509033203125,mask PCA skeleton + low contact point,generated_videos/control_points_3_traffic.mp4
2,1,2,3,0.7645208131655372,7.840931980407196,person,0.8265140056610107,633.0,243.0,674.0,326.0,1686,axis_front,641.0,325.0,mask PCA skeleton + low contact point,generated_videos/control_points_3_traffic.mp4
2,1,2,3,0.7645208131655372,7.840931980407196,person,0.8265140056610107,633.0,243.0,674.0,326.0,1686,axis_back,635.0,243.0,mask PCA skeleton + low contact point,generated_videos/control_points_3_traffic.mp4
2,1,2,3,0.7645208131655372,7.840931980407196,person,0.8265140056610107,633.0,243.0,674.0,326.0,1686,axis_left,673.0,308.0,mask PCA skeleton + low contact point,generated_videos/control_points_3_traffic.mp4
2,1,2,3,0.7645208131655372,7.840931980407196,person,0.8265140056610107,633.0,243.0,674.0,326.0,1686,axis_right,633.0,325.0,mask PCA skeleton + low contact point,generated_videos/control_points_3_traffic.mp4
2,1,2,3,0.7645208131655372,7.840931980407196,person,0.8265140056610107,633.0,243.0,674.0,326.0,1686,contact_low,640.0,318.0,mask PCA skeleton + low contact point,generated_videos/control_points_3_traffic.mp4
2,3,3,3,0.8219073152049023,2.3263154749305546,person,0.7433465719223022,498.0,160.0,530.0,236.0,1325,centroid,511.7320861816406,193.44981384277344,mask PCA skeleton + low contact point,generated_videos/control_points_3_traffic.mp4
2,3,3,3,0.8219073152049023,2.3263154749305546,person,0.7433465719223022,498.0,160.0,530.0,236.0,1325,axis_front,513.0,235.0,mask PCA skeleton + low contact point,generated_videos/control_points_3_traffic.mp4
2,3,3,3,0.8219073152049023,2.3263154749305546,person,0.7433465719223022,498.0,160.0,530.0,236.0,1325,axis_back,504.0,160.0,mask PCA skeleton + low contact point,generated_videos/control_points_3_traffic.mp4
2,3,3,3,0.8219073152049023,2.3263154749305546,person,0.7433465719223022,498.0,160.0,530.0,236.0,1325,axis_left,529.0,194.0,mask PCA skeleton + low contact point,generated_videos/control_points_3_traffic.mp4
2,3,3,3,0.8219073152049023,2.3263154749305546,person,0.7433465719223022,498.0,160.0,530.0,236.0,1325,axis_right,498.0,197.0,mask PCA skeleton + low contact point,generated_videos/control_points_3_traffic.mp4
2,3,3,3,0.8219073152049023,2.3263154749305546,person,0.7433465719223022,498.0,160.0,530.0,236.0,1325,contact_low,512.0,227.0,mask PCA skeleton + low contact point,generated_videos/control_points_3_traffic.mp4
2,2,4,3,1.0,0.04666595880194111,car,0.7797593474388123,735.0,52.0,768.0,94.0,1312,centroid,751.362060546875,72.41082000732422,mask PCA skeleton + low contact point,generated_videos/control_points_3_traffic.mp4
2,2,4,3,1.0,0.04666595880194111,car,0.7797593474388123,735.0,52.0,768.0,94.0,1312,axis_front,737.0,93.0,mask PCA skeleton + low contact point,generated_videos/control_points_3_traffic.mp4
2,2,4,3,1.0,0.04666595880194111,car,0.7797593474388123,735.0,52.0,768.0,94.0,1312,axis_back,767.0,52.0,mask PCA skeleton + low contact point,generated_videos/control_points_3_traffic.mp4
2,2,4,3,1.0,0.04666595880194111,car,0.7797593474388123,735.0,52.0,768.0,94.0,1312,axis_left,767.0,93.0,mask PCA skeleton + low contact point,generated_videos/control_points_3_traffic.mp4
2,2,4,3,1.0,0.04666595880194111,car,0.7797593474388123,735.0,52.0,768.0,94.0,1312,axis_right,735.0,60.0,mask PCA skeleton + low contact point,generated_videos/control_points_3_traffic.mp4
2,2,4,3,1.0,0.04666595880194111,car,0.7797593474388123,735.0,52.0,768.0,94.0,1312,contact_low,750.0,90.0,mask PCA skeleton + low contact point,generated_videos/control_points_3_traffic.mp4
2,5,5,3,1.0,0.11917535840990832,person,0.40034031867980957,30.0,112.0,50.0,142.0,317,centroid,39.47318649291992,124.4763412475586,mask PCA skeleton + low contact point,generated_videos/control_points_3_traffic.mp4
2,5,5,3,1.0,0.11917535840990832,person,0.40034031867980957,30.0,112.0,50.0,142.0,317,axis_front,40.0,141.0,mask PCA skeleton + low contact point,generated_videos/control_points_3_traffic.mp4
2,5,5,3,1.0,0.11917535840990832,person,0.40034031867980957,30.0,112.0,50.0,142.0,317,axis_back,49.0,112.0,mask PCA skeleton + low contact point,generated_videos/control_points_3_traffic.mp4
2,5,5,3,1.0,0.11917535840990832,person,0.40034031867980957,30.0,112.0,50.0,142.0,317,axis_left,49.0,113.0,mask PCA skeleton + low contact point,generated_videos/control_points_3_traffic.mp4
2,5,5,3,1.0,0.11917535840990832,person,0.40034031867980957,30.0,112.0,50.0,142.0,317,axis_right,30.0,119.0,mask PCA skeleton + low contact point,generated_videos/control_points_3_traffic.mp4
2,5,5,3,1.0,0.11917535840990832,person,0.40034031867980957,30.0,112.0,50.0,142.0,317,contact_low,40.0,139.0,mask PCA skeleton + low contact point,generated_videos/control_points_3_traffic.mp4
3,4,0,4,1.0,0.060408030386000726,truck,0.6101847290992737,652.0,45.0,724.0,101.0,3390,centroid,685.808837890625,71.04867553710938,mask PCA skeleton + low contact point,generated_videos/control_points_3_traffic.mp4
3,4,0,4,1.0,0.060408030386000726,truck,0.6101847290992737,652.0,45.0,724.0,101.0,3390,axis_front,652.0,59.0,mask PCA skeleton + low contact point,generated_videos/control_points_3_traffic.mp4
3,4,0,4,1.0,0.060408030386000726,truck,0.6101847290992737,652.0,45.0,724.0,101.0,3390,axis_back,723.0,85.0,mask PCA skeleton + low contact point,generated_videos/control_points_3_traffic.mp4
3,4,0,4,1.0,0.060408030386000726,truck,0.6101847290992737,652.0,45.0,724.0,101.0,3390,axis_left,696.0,100.0,mask PCA skeleton + low contact point,generated_videos/control_points_3_traffic.mp4
3,4,0,4,1.0,0.060408030386000726,truck,0.6101847290992737,652.0,45.0,724.0,101.0,3390,axis_right,709.0,45.0,mask PCA skeleton + low contact point,generated_videos/control_points_3_traffic.mp4
3,4,0,4,1.0,0.060408030386000726,truck,0.6101847290992737,652.0,45.0,724.0,101.0,3390,contact_low,690.0,93.0,mask PCA skeleton + low contact point,generated_videos/control_points_3_traffic.mp4
3,1,1,4,0.597773897861196,14.924838747480276,person,0.8064125180244446,275.0,216.0,308.0,303.0,1988,centroid,292.9295654296875,259.9179992675781,mask PCA skeleton + low contact point,generated_videos/control_points_3_traffic.mp4
3,1,1,4,0.597773897861196,14.924838747480276,person,0.8064125180244446,275.0,216.0,308.0,303.0,1988,axis_front,303.0,302.0,mask PCA skeleton + low contact point,generated_videos/control_points_3_traffic.mp4
3,1,1,4,0.597773897861196,14.924838747480276,person,0.8064125180244446,275.0,216.0,308.0,303.0,1988,axis_back,288.0,216.0,mask PCA skeleton + low contact point,generated_videos/control_points_3_traffic.mp4
3,1,1,4,0.597773897861196,14.924838747480276,person,0.8064125180244446,275.0,216.0,308.0,303.0,1988,axis_left,307.0,251.0,mask PCA skeleton + low contact point,generated_videos/control_points_3_traffic.mp4
3,1,1,4,0.597773897861196,14.924838747480276,person,0.8064125180244446,275.0,216.0,308.0,303.0,1988,axis_right,275.0,298.0,mask PCA skeleton + low contact point,generated_videos/control_points_3_traffic.mp4
3,1,1,4,0.597773897861196,14.924838747480276,person,0.8064125180244446,275.0,216.0,308.0,303.0,1988,contact_low,299.0,296.0,mask PCA skeleton + low contact point,generated_videos/control_points_3_traffic.mp4
3,0,2,4,0.300022060445621,15.39150643185068,person,0.8367376327514648,620.0,240.0,650.0,323.0,1779,centroid,633.70263671875,282.1405334472656,mask PCA skeleton + low contact point,generated_videos/control_points_3_traffic.mp4
3,0,2,4,0.300022060445621,15.39150643185068,person,0.8367376327514648,620.0,240.0,650.0,323.0,1779,axis_front,646.0,322.0,mask PCA skeleton + low contact point,generated_videos/control_points_3_traffic.mp4
3,0,2,4,0.300022060445621,15.39150643185068,person,0.8367376327514648,620.0,240.0,650.0,323.0,1779,axis_back,620.0,240.0,mask PCA skeleton + low contact point,generated_videos/control_points_3_traffic.mp4
3,0,2,4,0.300022060445621,15.39150643185068,person,0.8367376327514648,620.0,240.0,650.0,323.0,1779,axis_left,649.0,281.0,mask PCA skeleton + low contact point,generated_videos/control_points_3_traffic.mp4
3,0,2,4,0.300022060445621,15.39150643185068,person,0.8367376327514648,620.0,240.0,650.0,323.0,1779,axis_right,622.0,319.0,mask PCA skeleton + low contact point,generated_videos/control_points_3_traffic.mp4
3,0,2,4,0.300022060445621,15.39150643185068,person,0.8367376327514648,620.0,240.0,650.0,323.0,1779,contact_low,639.0,316.0,mask PCA skeleton + low contact point,generated_videos/control_points_3_traffic.mp4
3,3,3,4,0.7171077152441298,4.523488950754543,person,0.7380446791648865,495.0,162.0,524.0,237.0,1397,centroid,508.2304992675781,196.3135223388672,mask PCA skeleton + low contact point,generated_videos/control_points_3_traffic.mp4
3,3,3,4,0.7171077152441298,4.523488950754543,person,0.7380446791648865,495.0,162.0,524.0,237.0,1397,axis_front,512.0,236.0,mask PCA skeleton + low contact point,generated_videos/control_points_3_traffic.mp4
3,3,3,4,0.7171077152441298,4.523488950754543,person,0.7380446791648865,495.0,162.0,524.0,237.0,1397,axis_back,502.0,162.0,mask PCA skeleton + low contact point,generated_videos/control_points_3_traffic.mp4
3,3,3,4,0.7171077152441298,4.523488950754543,person,0.7380446791648865,495.0,162.0,524.0,237.0,1397,axis_left,523.0,196.0,mask PCA skeleton + low contact point,generated_videos/control_points_3_traffic.mp4
3,3,3,4,0.7171077152441298,4.523488950754543,person,0.7380446791648865,495.0,162.0,524.0,237.0,1397,axis_right,495.0,201.0,mask PCA skeleton + low contact point,generated_videos/control_points_3_traffic.mp4
3,3,3,4,0.7171077152441298,4.523488950754543,person,0.7380446791648865,495.0,162.0,524.0,237.0,1397,contact_low,510.0,226.0,mask PCA skeleton + low contact point,generated_videos/control_points_3_traffic.mp4
3,2,4,4,1.0,0.09014865778394628,car,0.7504245042800903,735.0,52.0,768.0,94.0,1305,centroid,751.431396484375,72.35325622558594,mask PCA skeleton + low contact point,generated_videos/control_points_3_traffic.mp4
3,2,4,4,1.0,0.09014865778394628,car,0.7504245042800903,735.0,52.0,768.0,94.0,1305,axis_front,741.0,93.0,mask PCA skeleton + low contact point,generated_videos/control_points_3_traffic.mp4
3,2,4,4,1.0,0.09014865778394628,car,0.7504245042800903,735.0,52.0,768.0,94.0,1305,axis_back,767.0,52.0,mask PCA skeleton + low contact point,generated_videos/control_points_3_traffic.mp4
3,2,4,4,1.0,0.09014865778394628,car,0.7504245042800903,735.0,52.0,768.0,94.0,1305,axis_left,767.0,93.0,mask PCA skeleton + low contact point,generated_videos/control_points_3_traffic.mp4
3,2,4,4,1.0,0.09014865778394628,car,0.7504245042800903,735.0,52.0,768.0,94.0,1305,axis_right,735.0,60.0,mask PCA skeleton + low contact point,generated_videos/control_points_3_traffic.mp4
3,2,4,4,1.0,0.09014865778394628,car,0.7504245042800903,735.0,52.0,768.0,94.0,1305,contact_low,751.0,90.0,mask PCA skeleton + low contact point,generated_videos/control_points_3_traffic.mp4
3,5,5,4,1.0,0.17588963820670195,person,0.2989329993724823,30.0,112.0,50.0,142.0,316,centroid,39.46519088745117,124.3006362915039,mask PCA skeleton + low contact point,generated_videos/control_points_3_traffic.mp4
3,5,5,4,1.0,0.17588963820670195,person,0.2989329993724823,30.0,112.0,50.0,142.0,316,axis_front,39.0,141.0,mask PCA skeleton + low contact point,generated_videos/control_points_3_traffic.mp4
3,5,5,4,1.0,0.17588963820670195,person,0.2989329993724823,30.0,112.0,50.0,142.0,316,axis_back,49.0,112.0,mask PCA skeleton + low contact point,generated_videos/control_points_3_traffic.mp4
3,5,5,4,1.0,0.17588963820670195,person,0.2989329993724823,30.0,112.0,50.0,142.0,316,axis_left,49.0,113.0,mask PCA skeleton + low contact point,generated_videos/control_points_3_traffic.mp4
3,5,5,4,1.0,0.17588963820670195,person,0.2989329993724823,30.0,112.0,50.0,142.0,316,axis_right,30.0,119.0,mask PCA skeleton + low contact point,generated_videos/control_points_3_traffic.mp4
3,5,5,4,1.0,0.17588963820670195,person,0.2989329993724823,30.0,112.0,50.0,142.0,316,contact_low,40.0,139.0,mask PCA skeleton + low contact point,generated_videos/control_points_3_traffic.mp4
4,4,0,5,0.9861111111111112,0.5405387774709335,truck,0.6393390893936157,653.0,45.0,724.0,101.0,3362,centroid,686.3429565429688,70.96549987792969,mask PCA skeleton + low contact point,generated_videos/control_points_3_traffic.mp4
4,4,0,5,0.9861111111111112,0.5405387774709335,truck,0.6393390893936157,653.0,45.0,724.0,101.0,3362,axis_front,653.0,54.0,mask PCA skeleton + low contact point,generated_videos/control_points_3_traffic.mp4
4,4,0,5,0.9861111111111112,0.5405387774709335,truck,0.6393390893936157,653.0,45.0,724.0,101.0,3362,axis_back,723.0,85.0,mask PCA skeleton + low contact point,generated_videos/control_points_3_traffic.mp4
4,4,0,5,0.9861111111111112,0.5405387774709335,truck,0.6393390893936157,653.0,45.0,724.0,101.0,3362,axis_left,696.0,100.0,mask PCA skeleton + low contact point,generated_videos/control_points_3_traffic.mp4
4,4,0,5,0.9861111111111112,0.5405387774709335,truck,0.6393390893936157,653.0,45.0,724.0,101.0,3362,axis_right,709.0,45.0,mask PCA skeleton + low contact point,generated_videos/control_points_3_traffic.mp4
4,4,0,5,0.9861111111111112,0.5405387774709335,truck,0.6393390893936157,653.0,45.0,724.0,101.0,3362,contact_low,690.0,93.0,mask PCA skeleton + low contact point,generated_videos/control_points_3_traffic.mp4
4,0,2,5,0.5221174764321972,8.77650996394931,person,0.8685342669487,600.0,243.0,647.0,324.0,1886,centroid,625.1887817382812,284.271484375,mask PCA skeleton + low contact point,generated_videos/control_points_3_traffic.mp4
4,0,2,5,0.5221174764321972,8.77650996394931,person,0.8685342669487,600.0,243.0,647.0,324.0,1886,axis_front,643.0,323.0,mask PCA skeleton + low contact point,generated_videos/control_points_3_traffic.mp4
4,0,2,5,0.5221174764321972,8.77650996394931,person,0.8685342669487,600.0,243.0,647.0,324.0,1886,axis_back,610.0,243.0,mask PCA skeleton + low contact point,generated_videos/control_points_3_traffic.mp4
4,0,2,5,0.5221174764321972,8.77650996394931,person,0.8685342669487,600.0,243.0,647.0,324.0,1886,axis_left,646.0,312.0,mask PCA skeleton + low contact point,generated_videos/control_points_3_traffic.mp4
4,0,2,5,0.5221174764321972,8.77650996394931,person,0.8685342669487,600.0,243.0,647.0,324.0,1886,axis_right,600.0,316.0,mask PCA skeleton + low contact point,generated_videos/control_points_3_traffic.mp4
4,0,2,5,0.5221174764321972,8.77650996394931,person,0.8685342669487,600.0,243.0,647.0,324.0,1886,contact_low,639.0,316.0,mask PCA skeleton + low contact point,generated_videos/control_points_3_traffic.mp4
4,2,1,5,0.6524304579938185,5.8180557413369804,person,0.7861313819885254,281.0,216.0,316.0,302.0,1741,centroid,297.76104736328125,256.6766357421875,mask PCA skeleton + low contact point,generated_videos/control_points_3_traffic.mp4
4,2,1,5,0.6524304579938185,5.8180557413369804,person,0.7861313819885254,281.0,216.0,316.0,302.0,1741,axis_front,304.0,301.0,mask PCA skeleton + low contact point,generated_videos/control_points_3_traffic.mp4
4,2,1,5,0.6524304579938185,5.8180557413369804,person,0.7861313819885254,281.0,216.0,316.0,302.0,1741,axis_back,294.0,216.0,mask PCA skeleton + low contact point,generated_videos/control_points_3_traffic.mp4
4,2,1,5,0.6524304579938185,5.8180557413369804,person,0.7861313819885254,281.0,216.0,316.0,302.0,1741,axis_left,315.0,261.0,mask PCA skeleton + low contact point,generated_videos/control_points_3_traffic.mp4
4,2,1,5,0.6524304579938185,5.8180557413369804,person,0.7861313819885254,281.0,216.0,316.0,302.0,1741,axis_right,281.0,259.0,mask PCA skeleton + low contact point,generated_videos/control_points_3_traffic.mp4
4,2,1,5,0.6524304579938185,5.8180557413369804,person,0.7861313819885254,281.0,216.0,316.0,302.0,1741,contact_low,299.0,294.0,mask PCA skeleton + low contact point,generated_videos/control_points_3_traffic.mp4
4,1,3,5,0.8181818181818182,3.258577878155504,person,0.8656629323959351,495.0,161.0,520.0,234.0,1414,centroid,505.1753845214844,197.44696044921875,mask PCA skeleton + low contact point,generated_videos/control_points_3_traffic.mp4
4,1,3,5,0.8181818181818182,3.258577878155504,person,0.8656629323959351,495.0,161.0,520.0,234.0,1414,axis_front,511.0,233.0,mask PCA skeleton + low contact point,generated_videos/control_points_3_traffic.mp4
4,1,3,5,0.8181818181818182,3.258577878155504,person,0.8656629323959351,495.0,161.0,520.0,234.0,1414,axis_back,498.0,161.0,mask PCA skeleton + low contact point,generated_videos/control_points_3_traffic.mp4
4,1,3,5,0.8181818181818182,3.258577878155504,person,0.8656629323959351,495.0,161.0,520.0,234.0,1414,axis_left,519.0,185.0,mask PCA skeleton + low contact point,generated_videos/control_points_3_traffic.mp4
4,1,3,5,0.8181818181818182,3.258577878155504,person,0.8656629323959351,495.0,161.0,520.0,234.0,1414,axis_right,495.0,219.0,mask PCA skeleton + low contact point,generated_videos/control_points_3_traffic.mp4
4,1,3,5,0.8181818181818182,3.258577878155504,person,0.8656629323959351,495.0,161.0,520.0,234.0,1414,contact_low,506.0,228.0,mask PCA skeleton + low contact point,generated_videos/control_points_3_traffic.mp4
4,3,4,5,1.0,0.09725222239593148,car,0.7499479651451111,735.0,52.0,768.0,94.0,1306,centroid,751.4456176757812,72.449462890625,mask PCA skeleton + low contact point,generated_videos/control_points_3_traffic.mp4
4,3,4,5,1.0,0.09725222239593148,car,0.7499479651451111,735.0,52.0,768.0,94.0,1306,axis_front,738.0,93.0,mask PCA skeleton + low contact point,generated_videos/control_points_3_traffic.mp4
4,3,4,5,1.0,0.09725222239593148,car,0.7499479651451111,735.0,52.0,768.0,94.0,1306,axis_back,767.0,52.0,mask PCA skeleton + low contact point,generated_videos/control_points_3_traffic.mp4
4,3,4,5,1.0,0.09725222239593148,car,0.7499479651451111,735.0,52.0,768.0,94.0,1306,axis_left,767.0,93.0,mask PCA skeleton + low contact point,generated_videos/control_points_3_traffic.mp4
4,3,4,5,1.0,0.09725222239593148,car,0.7499479651451111,735.0,52.0,768.0,94.0,1306,axis_right,735.0,62.0,mask PCA skeleton + low contact point,generated_videos/control_points_3_traffic.mp4
4,3,4,5,1.0,0.09725222239593148,car,0.7499479651451111,735.0,52.0,768.0,94.0,1306,contact_low,751.0,90.0,mask PCA skeleton + low contact point,generated_videos/control_points_3_traffic.mp4
5,4,0,6,1.0,0.18005869324663856,truck,0.6354289650917053,653.0,45.0,724.0,101.0,3361,centroid,686.1921997070312,71.06397247314453,mask PCA skeleton + low contact point,generated_videos/control_points_3_traffic.mp4
5,4,0,6,1.0,0.18005869324663856,truck,0.6354289650917053,653.0,45.0,724.0,101.0,3361,axis_front,653.0,54.0,mask PCA skeleton + low contact point,generated_videos/control_points_3_traffic.mp4
5,4,0,6,1.0,0.18005869324663856,truck,0.6354289650917053,653.0,45.0,724.0,101.0,3361,axis_back,723.0,85.0,mask PCA skeleton + low contact point,generated_videos/control_points_3_traffic.mp4
5,4,0,6,1.0,0.18005869324663856,truck,0.6354289650917053,653.0,45.0,724.0,101.0,3361,axis_left,696.0,100.0,mask PCA skeleton + low contact point,generated_videos/control_points_3_traffic.mp4
5,4,0,6,1.0,0.18005869324663856,truck,0.6354289650917053,653.0,45.0,724.0,101.0,3361,axis_right,709.0,45.0,mask PCA skeleton + low contact point,generated_videos/control_points_3_traffic.mp4
5,4,0,6,1.0,0.18005869324663856,truck,0.6354289650917053,653.0,45.0,724.0,101.0,3361,contact_low,689.0,93.0,mask PCA skeleton + low contact point,generated_videos/control_points_3_traffic.mp4
5,0,2,6,0.8293515358361775,8.47595309247208,person,0.8685319423675537,594.0,243.0,645.0,326.0,1959,centroid,616.8790283203125,285.9418029785156,mask PCA skeleton + low contact point,generated_videos/control_points_3_traffic.mp4
5,0,2,6,0.8293515358361775,8.47595309247208,person,0.8685319423675537,594.0,243.0,645.0,326.0,1959,axis_front,639.0,325.0,mask PCA skeleton + low contact point,generated_videos/control_points_3_traffic.mp4
5,0,2,6,0.8293515358361775,8.47595309247208,person,0.8685319423675537,594.0,243.0,645.0,326.0,1959,axis_back,603.0,243.0,mask PCA skeleton + low contact point,generated_videos/control_points_3_traffic.mp4
5,0,2,6,0.8293515358361775,8.47595309247208,person,0.8685319423675537,594.0,243.0,645.0,326.0,1959,axis_left,644.0,315.0,mask PCA skeleton + low contact point,generated_videos/control_points_3_traffic.mp4
5,0,2,6,0.8293515358361775,8.47595309247208,person,0.8685319423675537,594.0,243.0,645.0,326.0,1959,axis_right,594.0,322.0,mask PCA skeleton + low contact point,generated_videos/control_points_3_traffic.mp4
5,0,2,6,0.8293515358361775,8.47595309247208,person,0.8685319423675537,594.0,243.0,645.0,326.0,1959,contact_low,634.0,319.0,mask PCA skeleton + low contact point,generated_videos/control_points_3_traffic.mp4
5,3,1,6,0.8270042194092827,3.9067470215543607,person,0.7354156970977783,281.0,218.0,322.0,303.0,1819,centroid,301.6673889160156,256.7328186035156,mask PCA skeleton + low contact point,generated_videos/control_points_3_traffic.mp4
5,3,1,6,0.8270042194092827,3.9067470215543607,person,0.7354156970977783,281.0,218.0,322.0,303.0,1819,axis_front,302.0,302.0,mask PCA skeleton + low contact point,generated_videos/control_points_3_traffic.mp4
5,3,1,6,0.8270042194092827,3.9067470215543607,person,0.7354156970977783,281.0,218.0,322.0,303.0,1819,axis_back,299.0,218.0,mask PCA skeleton + low contact point,generated_videos/control_points_3_traffic.mp4
5,3,1,6,0.8270042194092827,3.9067470215543607,person,0.7354156970977783,281.0,218.0,322.0,303.0,1819,axis_left,321.0,256.0,mask PCA skeleton + low contact point,generated_videos/control_points_3_traffic.mp4
5,3,1,6,0.8270042194092827,3.9067470215543607,person,0.7354156970977783,281.0,218.0,322.0,303.0,1819,axis_right,281.0,257.0,mask PCA skeleton + low contact point,generated_videos/control_points_3_traffic.mp4
5,3,1,6,0.8270042194092827,3.9067470215543607,person,0.7354156970977783,281.0,218.0,322.0,303.0,1819,contact_low,300.0,295.0,mask PCA skeleton + low contact point,generated_videos/control_points_3_traffic.mp4
5,5,6,1,,,boat,0.278707355260849,69.0,498.0,160.0,528.0,1770,centroid,114.27062225341797,513.1937866210938,mask PCA skeleton + low contact point,generated_videos/control_points_3_traffic.mp4
5,5,6,1,,,boat,0.278707355260849,69.0,498.0,160.0,528.0,1770,axis_front,69.0,525.0,mask PCA skeleton + low contact point,generated_videos/control_points_3_traffic.mp4
5,5,6,1,,,boat,0.278707355260849,69.0,498.0,160.0,528.0,1770,axis_back,159.0,506.0,mask PCA skeleton + low contact point,generated_videos/control_points_3_traffic.mp4
5,5,6,1,,,boat,0.278707355260849,69.0,498.0,160.0,528.0,1770,axis_left,119.0,526.0,mask PCA skeleton + low contact point,generated_videos/control_points_3_traffic.mp4
5,5,6,1,,,boat,0.278707355260849,69.0,498.0,160.0,528.0,1770,axis_right,116.0,498.0,mask PCA skeleton + low contact point,generated_videos/control_points_3_traffic.mp4
5,5,6,1,,,boat,0.278707355260849,69.0,498.0,160.0,528.0,1770,contact_low,94.0,526.0,mask PCA skeleton + low contact point,generated_videos/control_points_3_traffic.mp4
5,1,3,6,0.5920257752718485,5.9146849085510445,person,0.8124398589134216,488.0,164.0,516.0,240.0,1502,centroid,502.0718994140625,202.48202514648438,mask PCA skeleton + low contact point,generated_videos/control_points_3_traffic.mp4
5,1,3,6,0.5920257752718485,5.9146849085510445,person,0.8124398589134216,488.0,164.0,516.0,240.0,1502,axis_front,488.0,239.0,mask PCA skeleton + low contact point,generated_videos/control_points_3_traffic.mp4
5,1,3,6,0.5920257752718485,5.9146849085510445,person,0.8124398589134216,488.0,164.0,516.0,240.0,1502,axis_back,505.0,164.0,mask PCA skeleton + low contact point,generated_videos/control_points_3_traffic.mp4
5,1,3,6,0.5920257752718485,5.9146849085510445,person,0.8124398589134216,488.0,164.0,516.0,240.0,1502,axis_left,514.0,229.0,mask PCA skeleton + low contact point,generated_videos/control_points_3_traffic.mp4
5,1,3,6,0.5920257752718485,5.9146849085510445,person,0.8124398589134216,488.0,164.0,516.0,240.0,1502,axis_right,488.0,232.0,mask PCA skeleton + low contact point,generated_videos/control_points_3_traffic.mp4
5,1,3,6,0.5920257752718485,5.9146849085510445,person,0.8124398589134216,488.0,164.0,516.0,240.0,1502,contact_low,494.0,234.0,mask PCA skeleton + low contact point,generated_videos/control_points_3_traffic.mp4
5,2,4,6,1.0,0.07203536662208045,car,0.7650539875030518,735.0,52.0,768.0,94.0,1300,centroid,751.47998046875,72.38615417480469,mask PCA skeleton + low contact point,generated_videos/control_points_3_traffic.mp4
5,2,4,6,1.0,0.07203536662208045,car,0.7650539875030518,735.0,52.0,768.0,94.0,1300,axis_front,736.0,92.0,mask PCA skeleton + low contact point,generated_videos/control_points_3_traffic.mp4
5,2,4,6,1.0,0.07203536662208045,car,0.7650539875030518,735.0,52.0,768.0,94.0,1300,axis_back,767.0,52.0,mask PCA skeleton + low contact point,generated_videos/control_points_3_traffic.mp4
5,2,4,6,1.0,0.07203536662208045,car,0.7650539875030518,735.0,52.0,768.0,94.0,1300,axis_left,767.0,93.0,mask PCA skeleton + low contact point,generated_videos/control_points_3_traffic.mp4
5,2,4,6,1.0,0.07203536662208045,car,0.7650539875030518,735.0,52.0,768.0,94.0,1300,axis_right,735.0,62.0,mask PCA skeleton + low contact point,generated_videos/control_points_3_traffic.mp4
5,2,4,6,1.0,0.07203536662208045,car,0.7650539875030518,735.0,52.0,768.0,94.0,1300,contact_low,751.0,90.0,mask PCA skeleton + low contact point,generated_videos/control_points_3_traffic.mp4
6,4,0,7,1.0,0.01677497374367509,truck,0.6272575259208679,653.0,45.0,724.0,101.0,3363,centroid,686.1849365234375,71.07909393310547,mask PCA skeleton + low contact point,generated_videos/control_points_3_traffic.mp4
6,4,0,7,1.0,0.01677497374367509,truck,0.6272575259208679,653.0,45.0,724.0,101.0,3363,axis_front,653.0,54.0,mask PCA skeleton + low contact point,generated_videos/control_points_3_traffic.mp4
6,4,0,7,1.0,0.01677497374367509,truck,0.6272575259208679,653.0,45.0,724.0,101.0,3363,axis_back,723.0,85.0,mask PCA skeleton + low contact point,generated_videos/control_points_3_traffic.mp4
6,4,0,7,1.0,0.01677497374367509,truck,0.6272575259208679,653.0,45.0,724.0,101.0,3363,axis_left,696.0,100.0,mask PCA skeleton + low contact point,generated_videos/control_points_3_traffic.mp4
6,4,0,7,1.0,0.01677497374367509,truck,0.6272575259208679,653.0,45.0,724.0,101.0,3363,axis_right,709.0,45.0,mask PCA skeleton + low contact point,generated_videos/control_points_3_traffic.mp4
6,4,0,7,1.0,0.01677497374367509,truck,0.6272575259208679,653.0,45.0,724.0,101.0,3363,contact_low,689.0,93.0,mask PCA skeleton + low contact point,generated_videos/control_points_3_traffic.mp4
6,1,1,7,0.6817856290284078,4.947844074587773,person,0.8027622103691101,288.0,213.0,328.0,302.0,1999,centroid,306.5882873535156,256.21710205078125,mask PCA skeleton + low contact point,generated_videos/control_points_3_traffic.mp4
6,1,1,7,0.6817856290284078,4.947844074587773,person,0.8027622103691101,288.0,213.0,328.0,302.0,1999,axis_front,303.0,301.0,mask PCA skeleton + low contact point,generated_videos/control_points_3_traffic.mp4
6,1,1,7,0.6817856290284078,4.947844074587773,person,0.8027622103691101,288.0,213.0,328.0,302.0,1999,axis_back,303.0,213.0,mask PCA skeleton + low contact point,generated_videos/control_points_3_traffic.mp4
6,1,1,7,0.6817856290284078,4.947844074587773,person,0.8027622103691101,288.0,213.0,328.0,302.0,1999,axis_left,327.0,256.0,mask PCA skeleton + low contact point,generated_videos/control_points_3_traffic.mp4
6,1,1,7,0.6817856290284078,4.947844074587773,person,0.8027622103691101,288.0,213.0,328.0,302.0,1999,axis_right,288.0,257.0,mask PCA skeleton + low contact point,generated_videos/control_points_3_traffic.mp4
6,1,1,7,0.6817856290284078,4.947844074587773,person,0.8027622103691101,288.0,213.0,328.0,302.0,1999,contact_low,300.0,293.0,mask PCA skeleton + low contact point,generated_videos/control_points_3_traffic.mp4
6,3,2,7,0.7384687426832124,10.118844573064344,person,0.7565838694572449,594.0,242.0,632.0,326.0,1783,centroid,606.9180908203125,284.16094970703125,mask PCA skeleton + low contact point,generated_videos/control_points_3_traffic.mp4
6,3,2,7,0.7384687426832124,10.118844573064344,person,0.7565838694572449,594.0,242.0,632.0,326.0,1783,axis_front,598.0,325.0,mask PCA skeleton + low contact point,generated_videos/control_points_3_traffic.mp4
6,3,2,7,0.7384687426832124,10.118844573064344,person,0.7565838694572449,594.0,242.0,632.0,326.0,1783,axis_back,596.0,242.0,mask PCA skeleton + low contact point,generated_videos/control_points_3_traffic.mp4
6,3,2,7,0.7384687426832124,10.118844573064344,person,0.7565838694572449,594.0,242.0,632.0,326.0,1783,axis_left,631.0,312.0,mask PCA skeleton + low contact point,generated_videos/control_points_3_traffic.mp4
6,3,2,7,0.7384687426832124,10.118844573064344,person,0.7565838694572449,594.0,242.0,632.0,326.0,1783,axis_right,594.0,323.0,mask PCA skeleton + low contact point,generated_videos/control_points_3_traffic.mp4
6,3,2,7,0.7384687426832124,10.118844573064344,person,0.7565838694572449,594.0,242.0,632.0,326.0,1783,contact_low,601.0,317.0,mask PCA skeleton + low contact point,generated_videos/control_points_3_traffic.mp4
6,5,6,2,1.0,0.05639521100794033,boat,0.2675737142562866,69.0,498.0,160.0,528.0,1766,centroid,114.32559204101562,513.1812133789062,mask PCA skeleton + low contact point,generated_videos/control_points_3_traffic.mp4
6,5,6,2,1.0,0.05639521100794033,boat,0.2675737142562866,69.0,498.0,160.0,528.0,1766,axis_front,69.0,525.0,mask PCA skeleton + low contact point,generated_videos/control_points_3_traffic.mp4
6,5,6,2,1.0,0.05639521100794033,boat,0.2675737142562866,69.0,498.0,160.0,528.0,1766,axis_back,159.0,506.0,mask PCA skeleton + low contact point,generated_videos/control_points_3_traffic.mp4
6,5,6,2,1.0,0.05639521100794033,boat,0.2675737142562866,69.0,498.0,160.0,528.0,1766,axis_left,119.0,526.0,mask PCA skeleton + low contact point,generated_videos/control_points_3_traffic.mp4
6,5,6,2,1.0,0.05639521100794033,boat,0.2675737142562866,69.0,498.0,160.0,528.0,1766,axis_right,116.0,498.0,mask PCA skeleton + low contact point,generated_videos/control_points_3_traffic.mp4
6,5,6,2,1.0,0.05639521100794033,boat,0.2675737142562866,69.0,498.0,160.0,528.0,1766,contact_low,95.0,525.0,mask PCA skeleton + low contact point,generated_videos/control_points_3_traffic.mp4
6,0,3,7,0.8185584092792046,3.3159447924025156,person,0.832116425037384,485.0,164.0,514.0,242.0,1518,centroid,498.86956787109375,203.34255981445312,mask PCA skeleton + low contact point,generated_videos/control_points_3_traffic.mp4
6,0,3,7,0.8185584092792046,3.3159447924025156,person,0.832116425037384,485.0,164.0,514.0,242.0,1518,axis_front,485.0,241.0,mask PCA skeleton + low contact point,generated_videos/control_points_3_traffic.mp4
6,0,3,7,0.8185584092792046,3.3159447924025156,person,0.832116425037384,485.0,164.0,514.0,242.0,1518,axis_back,500.0,164.0,mask PCA skeleton + low contact point,generated_videos/control_points_3_traffic.mp4
6,0,3,7,0.8185584092792046,3.3159447924025156,person,0.832116425037384,485.0,164.0,514.0,242.0,1518,axis_left,513.0,232.0,mask PCA skeleton + low contact point,generated_videos/control_points_3_traffic.mp4
6,0,3,7,0.8185584092792046,3.3159447924025156,person,0.832116425037384,485.0,164.0,514.0,242.0,1518,axis_right,485.0,233.0,mask PCA skeleton + low contact point,generated_videos/control_points_3_traffic.mp4
6,0,3,7,0.8185584092792046,3.3159447924025156,person,0.832116425037384,485.0,164.0,514.0,242.0,1518,contact_low,490.0,235.0,mask PCA skeleton + low contact point,generated_videos/control_points_3_traffic.mp4
6,2,4,7,1.0,0.06431409687308043,car,0.7692835927009583,735.0,52.0,768.0,94.0,1303,centroid,751.4374389648438,72.43437957763672,mask PCA skeleton + low contact point,generated_videos/control_points_3_traffic.mp4
6,2,4,7,1.0,0.06431409687308043,car,0.7692835927009583,735.0,52.0,768.0,94.0,1303,axis_front,738.0,93.0,mask PCA skeleton + low contact point,generated_videos/control_points_3_traffic.mp4
6,2,4,7,1.0,0.06431409687308043,car,0.7692835927009583,735.0,52.0,768.0,94.0,1303,axis_back,767.0,52.0,mask PCA skeleton + low contact point,generated_videos/control_points_3_traffic.mp4
6,2,4,7,1.0,0.06431409687308043,car,0.7692835927009583,735.0,52.0,768.0,94.0,1303,axis_left,767.0,93.0,mask PCA skeleton + low contact point,generated_videos/control_points_3_traffic.mp4
6,2,4,7,1.0,0.06431409687308043,car,0.7692835927009583,735.0,52.0,768.0,94.0,1303,axis_right,735.0,62.0,mask PCA skeleton + low contact point,generated_videos/control_points_3_traffic.mp4
6,2,4,7,1.0,0.06431409687308043,car,0.7692835927009583,735.0,52.0,768.0,94.0,1303,contact_low,750.0,90.0,mask PCA skeleton + low contact point,generated_videos/control_points_3_traffic.mp4
7,4,0,8,1.0,0.01650683409627473,truck,0.631585419178009,653.0,45.0,724.0,101.0,3365,centroid,686.1782836914062,71.09420776367188,mask PCA skeleton + low contact point,generated_videos/control_points_3_traffic.mp4
7,4,0,8,1.0,0.01650683409627473,truck,0.631585419178009,653.0,45.0,724.0,101.0,3365,axis_front,653.0,54.0,mask PCA skeleton + low contact point,generated_videos/control_points_3_traffic.mp4
7,4,0,8,1.0,0.01650683409627473,truck,0.631585419178009,653.0,45.0,724.0,101.0,3365,axis_back,723.0,85.0,mask PCA skeleton + low contact point,generated_videos/control_points_3_traffic.mp4
7,4,0,8,1.0,0.01650683409627473,truck,0.631585419178009,653.0,45.0,724.0,101.0,3365,axis_left,696.0,100.0,mask PCA skeleton + low contact point,generated_videos/control_points_3_traffic.mp4
7,4,0,8,1.0,0.01650683409627473,truck,0.631585419178009,653.0,45.0,724.0,101.0,3365,axis_right,709.0,45.0,mask PCA skeleton + low contact point,generated_videos/control_points_3_traffic.mp4
7,4,0,8,1.0,0.01650683409627473,truck,0.631585419178009,653.0,45.0,724.0,101.0,3365,contact_low,689.0,93.0,mask PCA skeleton + low contact point,generated_videos/control_points_3_traffic.mp4
7,0,1,8,0.7569089048106449,4.521156351629842,person,0.8027200698852539,294.0,213.0,332.0,300.0,1892,centroid,311.10675048828125,256.0613098144531,mask PCA skeleton + low contact point,generated_videos/control_points_3_traffic.mp4
7,0,1,8,0.7569089048106449,4.521156351629842,person,0.8027200698852539,294.0,213.0,332.0,300.0,1892,axis_front,299.0,299.0,mask PCA skeleton + low contact point,generated_videos/control_points_3_traffic.mp4
7,0,1,8,0.7569089048106449,4.521156351629842,person,0.8027200698852539,294.0,213.0,332.0,300.0,1892,axis_back,319.0,213.0,mask PCA skeleton + low contact point,generated_videos/control_points_3_traffic.mp4
7,0,1,8,0.7569089048106449,4.521156351629842,person,0.8027200698852539,294.0,213.0,332.0,300.0,1892,axis_left,331.0,259.0,mask PCA skeleton + low contact point,generated_videos/control_points_3_traffic.mp4
7,0,1,8,0.7569089048106449,4.521156351629842,person,0.8027200698852539,294.0,213.0,332.0,300.0,1892,axis_right,294.0,245.0,mask PCA skeleton + low contact point,generated_videos/control_points_3_traffic.mp4
7,0,1,8,0.7569089048106449,4.521156351629842,person,0.8027200698852539,294.0,213.0,332.0,300.0,1892,contact_low,303.0,292.0,mask PCA skeleton + low contact point,generated_videos/control_points_3_traffic.mp4
7,5,6,3,1.0,0.046791090208962174,boat,0.2589753270149231,69.0,498.0,160.0,528.0,1769,centroid,114.27925109863281,513.1876831054688,mask PCA skeleton + low contact point,generated_videos/control_points_3_traffic.mp4
7,5,6,3,1.0,0.046791090208962174,boat,0.2589753270149231,69.0,498.0,160.0,528.0,1769,axis_front,69.0,525.0,mask PCA skeleton + low contact point,generated_videos/control_points_3_traffic.mp4
7,5,6,3,1.0,0.046791090208962174,boat,0.2589753270149231,69.0,498.0,160.0,528.0,1769,axis_back,159.0,506.0,mask PCA skeleton + low contact point,generated_videos/control_points_3_traffic.mp4
7,5,6,3,1.0,0.046791090208962174,boat,0.2589753270149231,69.0,498.0,160.0,528.0,1769,axis_left,119.0,526.0,mask PCA skeleton + low contact point,generated_videos/control_points_3_traffic.mp4
7,5,6,3,1.0,0.046791090208962174,boat,0.2589753270149231,69.0,498.0,160.0,528.0,1769,axis_right,116.0,498.0,mask PCA skeleton + low contact point,generated_videos/control_points_3_traffic.mp4
7,5,6,3,1.0,0.046791090208962174,boat,0.2589753270149231,69.0,498.0,160.0,528.0,1769,contact_low,95.0,525.0,mask PCA skeleton + low contact point,generated_videos/control_points_3_traffic.mp4
7,1,2,8,0.3632100052110474,10.538491281142631,person,0.7829410433769226,587.0,239.0,611.0,324.0,1537,centroid,597.9238891601562,278.6688232421875,mask PCA skeleton + low contact point,generated_videos/control_points_3_traffic.mp4
7,1,2,8,0.3632100052110474,10.538491281142631,person,0.7829410433769226,587.0,239.0,611.0,324.0,1537,axis_front,599.0,323.0,mask PCA skeleton + low contact point,generated_videos/control_points_3_traffic.mp4
7,1,2,8,0.3632100052110474,10.538491281142631,person,0.7829410433769226,587.0,239.0,611.0,324.0,1537,axis_back,588.0,239.0,mask PCA skeleton + low contact point,generated_videos/control_points_3_traffic.mp4
7,1,2,8,0.3632100052110474,10.538491281142631,person,0.7829410433769226,587.0,239.0,611.0,324.0,1537,axis_left,610.0,278.0,mask PCA skeleton + low contact point,generated_videos/control_points_3_traffic.mp4
7,1,2,8,0.3632100052110474,10.538491281142631,person,0.7829410433769226,587.0,239.0,611.0,324.0,1537,axis_right,587.0,287.0,mask PCA skeleton + low contact point,generated_videos/control_points_3_traffic.mp4
7,1,2,8,0.3632100052110474,10.538491281142631,person,0.7829410433769226,587.0,239.0,611.0,324.0,1537,contact_low,600.0,317.0,mask PCA skeleton + low contact point,generated_videos/control_points_3_traffic.mp4
7,2,3,8,0.9217614365113296,3.776514751481009,person,0.7765442132949829,484.0,165.0,513.0,242.0,1515,centroid,495.171630859375,202.57623291015625,mask PCA skeleton + low contact point,generated_videos/control_points_3_traffic.mp4
7,2,3,8,0.9217614365113296,3.776514751481009,person,0.7765442132949829,484.0,165.0,513.0,242.0,1515,axis_front,493.0,241.0,mask PCA skeleton + low contact point,generated_videos/control_points_3_traffic.mp4
7,2,3,8,0.9217614365113296,3.776514751481009,person,0.7765442132949829,484.0,165.0,513.0,242.0,1515,axis_back,488.0,165.0,mask PCA skeleton + low contact point,generated_videos/control_points_3_traffic.mp4
7,2,3,8,0.9217614365113296,3.776514751481009,person,0.7765442132949829,484.0,165.0,513.0,242.0,1515,axis_left,512.0,227.0,mask PCA skeleton + low contact point,generated_videos/control_points_3_traffic.mp4
7,2,3,8,0.9217614365113296,3.776514751481009,person,0.7765442132949829,484.0,165.0,513.0,242.0,1515,axis_right,484.0,241.0,mask PCA skeleton + low contact point,generated_videos/control_points_3_traffic.mp4
7,2,3,8,0.9217614365113296,3.776514751481009,person,0.7765442132949829,484.0,165.0,513.0,242.0,1515,contact_low,489.0,234.0,mask PCA skeleton + low contact point,generated_videos/control_points_3_traffic.mp4
7,3,4,8,1.0,0.05546315819232998,car,0.7691457271575928,735.0,52.0,768.0,94.0,1300,centroid,751.4661254882812,72.38692474365234,mask PCA skeleton + low contact point,generated_videos/control_points_3_traffic.mp4
7,3,4,8,1.0,0.05546315819232998,car,0.7691457271575928,735.0,52.0,768.0,94.0,1300,axis_front,741.0,93.0,mask PCA skeleton + low contact point,generated_videos/control_points_3_traffic.mp4
7,3,4,8,1.0,0.05546315819232998,car,0.7691457271575928,735.0,52.0,768.0,94.0,1300,axis_back,767.0,52.0,mask PCA skeleton + low contact point,generated_videos/control_points_3_traffic.mp4
7,3,4,8,1.0,0.05546315819232998,car,0.7691457271575928,735.0,52.0,768.0,94.0,1300,axis_left,767.0,93.0,mask PCA skeleton + low contact point,generated_videos/control_points_3_traffic.mp4
7,3,4,8,1.0,0.05546315819232998,car,0.7691457271575928,735.0,52.0,768.0,94.0,1300,axis_right,735.0,62.0,mask PCA skeleton + low contact point,generated_videos/control_points_3_traffic.mp4
7,3,4,8,1.0,0.05546315819232998,car,0.7691457271575928,735.0,52.0,768.0,94.0,1300,contact_low,751.0,90.0,mask PCA skeleton + low contact point,generated_videos/control_points_3_traffic.mp4
8,4,0,9,1.0,0.04305393069305306,truck,0.6389263272285461,653.0,45.0,724.0,101.0,3363,centroid,686.2149658203125,71.07166290283203,mask PCA skeleton + low contact point,generated_videos/control_points_3_traffic.mp4
8,4,0,9,1.0,0.04305393069305306,truck,0.6389263272285461,653.0,45.0,724.0,101.0,3363,axis_front,653.0,54.0,mask PCA skeleton + low contact point,generated_videos/control_points_3_traffic.mp4
8,4,0,9,1.0,0.04305393069305306,truck,0.6389263272285461,653.0,45.0,724.0,101.0,3363,axis_back,723.0,85.0,mask PCA skeleton + low contact point,generated_videos/control_points_3_traffic.mp4
8,4,0,9,1.0,0.04305393069305306,truck,0.6389263272285461,653.0,45.0,724.0,101.0,3363,axis_left,696.0,100.0,mask PCA skeleton + low contact point,generated_videos/control_points_3_traffic.mp4
8,4,0,9,1.0,0.04305393069305306,truck,0.6389263272285461,653.0,45.0,724.0,101.0,3363,axis_right,709.0,45.0,mask PCA skeleton + low contact point,generated_videos/control_points_3_traffic.mp4
8,4,0,9,1.0,0.04305393069305306,truck,0.6389263272285461,653.0,45.0,724.0,101.0,3363,contact_low,689.0,93.0,mask PCA skeleton + low contact point,generated_videos/control_points_3_traffic.mp4
8,0,2,9,0.5044510385756676,9.441422505697439,person,0.8137245178222656,576.0,239.0,605.0,326.0,1811,centroid,589.5565795898438,283.0425109863281,mask PCA skeleton + low contact point,generated_videos/control_points_3_traffic.mp4
8,0,2,9,0.5044510385756676,9.441422505697439,person,0.8137245178222656,576.0,239.0,605.0,326.0,1811,axis_front,580.0,325.0,mask PCA skeleton + low contact point,generated_videos/control_points_3_traffic.mp4
8,0,2,9,0.5044510385756676,9.441422505697439,person,0.8137245178222656,576.0,239.0,605.0,326.0,1811,axis_back,580.0,239.0,mask PCA skeleton + low contact point,generated_videos/control_points_3_traffic.mp4
8,0,2,9,0.5044510385756676,9.441422505697439,person,0.8137245178222656,576.0,239.0,605.0,326.0,1811,axis_left,604.0,309.0,mask PCA skeleton + low contact point,generated_videos/control_points_3_traffic.mp4
8,0,2,9,0.5044510385756676,9.441422505697439,person,0.8137245178222656,576.0,239.0,605.0,326.0,1811,axis_right,576.0,325.0,mask PCA skeleton + low contact point,generated_videos/control_points_3_traffic.mp4
8,0,2,9,0.5044510385756676,9.441422505697439,person,0.8137245178222656,576.0,239.0,605.0,326.0,1811,contact_low,583.0,319.0,mask PCA skeleton + low contact point,generated_videos/control_points_3_traffic.mp4
8,5,6,4,1.0,0.03496245397592623,boat,0.3614351153373718,69.0,498.0,160.0,528.0,1764,centroid,114.24433135986328,513.1893310546875,mask PCA skeleton + low contact point,generated_videos/control_points_3_traffic.mp4
8,5,6,4,1.0,0.03496245397592623,boat,0.3614351153373718,69.0,498.0,160.0,528.0,1764,axis_front,69.0,525.0,mask PCA skeleton + low contact point,generated_videos/control_points_3_traffic.mp4
8,5,6,4,1.0,0.03496245397592623,boat,0.3614351153373718,69.0,498.0,160.0,528.0,1764,axis_back,159.0,506.0,mask PCA skeleton + low contact point,generated_videos/control_points_3_traffic.mp4
8,5,6,4,1.0,0.03496245397592623,boat,0.3614351153373718,69.0,498.0,160.0,528.0,1764,axis_left,119.0,526.0,mask PCA skeleton + low contact point,generated_videos/control_points_3_traffic.mp4
8,5,6,4,1.0,0.03496245397592623,boat,0.3614351153373718,69.0,498.0,160.0,528.0,1764,axis_right,116.0,498.0,mask PCA skeleton + low contact point,generated_videos/control_points_3_traffic.mp4
8,5,6,4,1.0,0.03496245397592623,boat,0.3614351153373718,69.0,498.0,160.0,528.0,1764,contact_low,95.0,525.0,mask PCA skeleton + low contact point,generated_videos/control_points_3_traffic.mp4
8,1,1,9,0.7217391304347827,6.040587308959101,person,0.7819701433181763,303.0,212.0,332.0,296.0,1651,centroid,316.52996826171875,253.40097045898438,mask PCA skeleton + low contact point,generated_videos/control_points_3_traffic.mp4
8,1,1,9,0.7217391304347827,6.040587308959101,person,0.7819701433181763,303.0,212.0,332.0,296.0,1651,axis_front,311.0,295.0,mask PCA skeleton + low contact point,generated_videos/control_points_3_traffic.mp4
8,1,1,9,0.7217391304347827,6.040587308959101,person,0.7819701433181763,303.0,212.0,332.0,296.0,1651,axis_back,312.0,212.0,mask PCA skeleton + low contact point,generated_videos/control_points_3_traffic.mp4
8,1,1,9,0.7217391304347827,6.040587308959101,person,0.7819701433181763,303.0,212.0,332.0,296.0,1651,axis_left,331.0,251.0,mask PCA skeleton + low contact point,generated_videos/control_points_3_traffic.mp4
8,1,1,9,0.7217391304347827,6.040587308959101,person,0.7819701433181763,303.0,212.0,332.0,296.0,1651,axis_right,304.0,289.0,mask PCA skeleton + low contact point,generated_videos/control_points_3_traffic.mp4
8,1,1,9,0.7217391304347827,6.040587308959101,person,0.7819701433181763,303.0,212.0,332.0,296.0,1651,contact_low,315.0,289.0,mask PCA skeleton + low contact point,generated_videos/control_points_3_traffic.mp4
8,3,3,9,0.6693121693121693,3.9994868786991464,person,0.7378357648849487,479.0,164.0,507.0,242.0,1395,centroid,491.6688232421875,200.6458740234375,mask PCA skeleton + low contact point,generated_videos/control_points_3_traffic.mp4
8,3,3,9,0.6693121693121693,3.9994868786991464,person,0.7378357648849487,479.0,164.0,507.0,242.0,1395,axis_front,491.0,241.0,mask PCA skeleton + low contact point,generated_videos/control_points_3_traffic.mp4
8,3,3,9,0.6693121693121693,3.9994868786991464,person,0.7378357648849487,479.0,164.0,507.0,242.0,1395,axis_back,484.0,164.0,mask PCA skeleton + low contact point,generated_videos/control_points_3_traffic.mp4
8,3,3,9,0.6693121693121693,3.9994868786991464,person,0.7378357648849487,479.0,164.0,507.0,242.0,1395,axis_left,505.0,188.0,mask PCA skeleton + low contact point,generated_videos/control_points_3_traffic.mp4
8,3,3,9,0.6693121693121693,3.9994868786991464,person,0.7378357648849487,479.0,164.0,507.0,242.0,1395,axis_right,479.0,207.0,mask PCA skeleton + low contact point,generated_videos/control_points_3_traffic.mp4
8,3,3,9,0.6693121693121693,3.9994868786991464,person,0.7378357648849487,479.0,164.0,507.0,242.0,1395,contact_low,489.0,233.0,mask PCA skeleton + low contact point,generated_videos/control_points_3_traffic.mp4
8,2,4,9,1.0,0.027894186649810603,car,0.7688854336738586,735.0,52.0,768.0,94.0,1301,centroid,751.4896240234375,72.4020004272461,mask PCA skeleton + low contact point,generated_videos/control_points_3_traffic.mp4
8,2,4,9,1.0,0.027894186649810603,car,0.7688854336738586,735.0,52.0,768.0,94.0,1301,axis_front,736.0,92.0,mask PCA skeleton + low contact point,generated_videos/control_points_3_traffic.mp4
8,2,4,9,1.0,0.027894186649810603,car,0.7688854336738586,735.0,52.0,768.0,94.0,1301,axis_back,767.0,52.0,mask PCA skeleton + low contact point,generated_videos/control_points_3_traffic.mp4
8,2,4,9,1.0,0.027894186649810603,car,0.7688854336738586,735.0,52.0,768.0,94.0,1301,axis_left,767.0,93.0,mask PCA skeleton + low contact point,generated_videos/control_points_3_traffic.mp4
8,2,4,9,1.0,0.027894186649810603,car,0.7688854336738586,735.0,52.0,768.0,94.0,1301,axis_right,735.0,62.0,mask PCA skeleton + low contact point,generated_videos/control_points_3_traffic.mp4
8,2,4,9,1.0,0.027894186649810603,car,0.7688854336738586,735.0,52.0,768.0,94.0,1301,contact_low,752.0,90.0,mask PCA skeleton + low contact point,generated_videos/control_points_3_traffic.mp4
9,4,0,10,0.9861111111111112,0.33966353899427404,truck,0.6448401212692261,652.0,45.0,724.0,101.0,3414,centroid,685.898681640625,71.19537353515625,mask PCA skeleton + low contact point,generated_videos/control_points_3_traffic.mp4
9,4,0,10,0.9861111111111112,0.33966353899427404,truck,0.6448401212692261,652.0,45.0,724.0,101.0,3414,axis_front,652.0,59.0,mask PCA skeleton + low contact point,generated_videos/control_points_3_traffic.mp4
9,4,0,10,0.9861111111111112,0.33966353899427404,truck,0.6448401212692261,652.0,45.0,724.0,101.0,3414,axis_back,723.0,85.0,mask PCA skeleton + low contact point,generated_videos/control_points_3_traffic.mp4
9,4,0,10,0.9861111111111112,0.33966353899427404,truck,0.6448401212692261,652.0,45.0,724.0,101.0,3414,axis_left,696.0,100.0,mask PCA skeleton + low contact point,generated_videos/control_points_3_traffic.mp4
9,4,0,10,0.9861111111111112,0.33966353899427404,truck,0.6448401212692261,652.0,45.0,724.0,101.0,3414,axis_right,709.0,45.0,mask PCA skeleton + low contact point,generated_videos/control_points_3_traffic.mp4
9,4,0,10,0.9861111111111112,0.33966353899427404,truck,0.6448401212692261,652.0,45.0,724.0,101.0,3414,contact_low,688.0,93.0,mask PCA skeleton + low contact point,generated_videos/control_points_3_traffic.mp4
9,0,2,10,0.5486354093771868,8.897670661797779,person,0.850007176399231,555.0,240.0,604.0,324.0,1906,centroid,580.8389282226562,284.82318115234375,mask PCA skeleton + low contact point,generated_videos/control_points_3_traffic.mp4
9,0,2,10,0.5486354093771868,8.897670661797779,person,0.850007176399231,555.0,240.0,604.0,324.0,1906,axis_front,565.0,323.0,mask PCA skeleton + low contact point,generated_videos/control_points_3_traffic.mp4
9,0,2,10,0.5486354093771868,8.897670661797779,person,0.850007176399231,555.0,240.0,604.0,324.0,1906,axis_back,572.0,240.0,mask PCA skeleton + low contact point,generated_videos/control_points_3_traffic.mp4
9,0,2,10,0.5486354093771868,8.897670661797779,person,0.850007176399231,555.0,240.0,604.0,324.0,1906,axis_left,603.0,314.0,mask PCA skeleton + low contact point,generated_videos/control_points_3_traffic.mp4
9,0,2,10,0.5486354093771868,8.897670661797779,person,0.850007176399231,555.0,240.0,604.0,324.0,1906,axis_right,555.0,321.0,mask PCA skeleton + low contact point,generated_videos/control_points_3_traffic.mp4
9,0,2,10,0.5486354093771868,8.897670661797779,person,0.850007176399231,555.0,240.0,604.0,324.0,1906,contact_low,565.0,319.0,mask PCA skeleton + low contact point,generated_videos/control_points_3_traffic.mp4
9,5,6,5,1.0,0.06492028815932181,boat,0.31801363825798035,69.0,498.0,160.0,528.0,1766,centroid,114.30917358398438,513.1925048828125,mask PCA skeleton + low contact point,generated_videos/control_points_3_traffic.mp4
9,5,6,5,1.0,0.06492028815932181,boat,0.31801363825798035,69.0,498.0,160.0,528.0,1766,axis_front,69.0,525.0,mask PCA skeleton + low contact point,generated_videos/control_points_3_traffic.mp4
9,5,6,5,1.0,0.06492028815932181,boat,0.31801363825798035,69.0,498.0,160.0,528.0,1766,axis_back,158.0,501.0,mask PCA skeleton + low contact point,generated_videos/control_points_3_traffic.mp4
9,5,6,5,1.0,0.06492028815932181,boat,0.31801363825798035,69.0,498.0,160.0,528.0,1766,axis_left,115.0,527.0,mask PCA skeleton + low contact point,generated_videos/control_points_3_traffic.mp4
9,5,6,5,1.0,0.06492028815932181,boat,0.31801363825798035,69.0,498.0,160.0,528.0,1766,axis_right,116.0,498.0,mask PCA skeleton + low contact point,generated_videos/control_points_3_traffic.mp4
9,5,6,5,1.0,0.06492028815932181,boat,0.31801363825798035,69.0,498.0,160.0,528.0,1766,contact_low,95.0,525.0,mask PCA skeleton + low contact point,generated_videos/control_points_3_traffic.mp4
9,1,1,10,0.6836518046709129,6.191121502589277,person,0.8100781440734863,309.0,210.0,336.0,296.0,1613,centroid,321.86175537109375,250.25418090820312,mask PCA skeleton + low contact point,generated_videos/control_points_3_traffic.mp4
9,1,1,10,0.6836518046709129,6.191121502589277,person,0.8100781440734863,309.0,210.0,336.0,296.0,1613,axis_front,323.0,295.0,mask PCA skeleton + low contact point,generated_videos/control_points_3_traffic.mp4
9,1,1,10,0.6836518046709129,6.191121502589277,person,0.8100781440734863,309.0,210.0,336.0,296.0,1613,axis_back,317.0,210.0,mask PCA skeleton + low contact point,generated_videos/control_points_3_traffic.mp4
9,1,1,10,0.6836518046709129,6.191121502589277,person,0.8100781440734863,309.0,210.0,336.0,296.0,1613,axis_left,335.0,245.0,mask PCA skeleton + low contact point,generated_videos/control_points_3_traffic.mp4
9,1,1,10,0.6836518046709129,6.191121502589277,person,0.8100781440734863,309.0,210.0,336.0,296.0,1613,axis_right,309.0,253.0,mask PCA skeleton + low contact point,generated_videos/control_points_3_traffic.mp4
9,1,1,10,0.6836518046709129,6.191121502589277,person,0.8100781440734863,309.0,210.0,336.0,296.0,1613,contact_low,321.0,287.0,mask PCA skeleton + low contact point,generated_videos/control_points_3_traffic.mp4
9,2,3,10,0.7410296411856474,2.678452854035024,person,0.7783141732215881,474.0,166.0,504.0,242.0,1358,centroid,488.99041748046875,200.66421508789062,mask PCA skeleton + low contact point,generated_videos/control_points_3_traffic.mp4
9,2,3,10,0.7410296411856474,2.678452854035024,person,0.7783141732215881,474.0,166.0,504.0,242.0,1358,axis_front,495.0,241.0,mask PCA skeleton + low contact point,generated_videos/control_points_3_traffic.mp4
9,2,3,10,0.7410296411856474,2.678452854035024,person,0.7783141732215881,474.0,166.0,504.0,242.0,1358,axis_back,480.0,166.0,mask PCA skeleton + low contact point,generated_videos/control_points_3_traffic.mp4
9,2,3,10,0.7410296411856474,2.678452854035024,person,0.7783141732215881,474.0,166.0,504.0,242.0,1358,axis_left,503.0,192.0,mask PCA skeleton + low contact point,generated_videos/control_points_3_traffic.mp4
9,2,3,10,0.7410296411856474,2.678452854035024,person,0.7783141732215881,474.0,166.0,504.0,242.0,1358,axis_right,474.0,206.0,mask PCA skeleton + low contact point,generated_videos/control_points_3_traffic.mp4
9,2,3,10,0.7410296411856474,2.678452854035024,person,0.7783141732215881,474.0,166.0,504.0,242.0,1358,contact_low,491.0,235.0,mask PCA skeleton + low contact point,generated_videos/control_points_3_traffic.mp4
9,3,4,10,1.0,0.03456967230644495,car,0.7701151371002197,735.0,52.0,768.0,94.0,1299,centroid,751.4741821289062,72.37105560302734,mask PCA skeleton + low contact point,generated_videos/control_points_3_traffic.mp4
9,3,4,10,1.0,0.03456967230644495,car,0.7701151371002197,735.0,52.0,768.0,94.0,1299,axis_front,736.0,92.0,mask PCA skeleton + low contact point,generated_videos/control_points_3_traffic.mp4
9,3,4,10,1.0,0.03456967230644495,car,0.7701151371002197,735.0,52.0,768.0,94.0,1299,axis_back,767.0,52.0,mask PCA skeleton + low contact point,generated_videos/control_points_3_traffic.mp4
9,3,4,10,1.0,0.03456967230644495,car,0.7701151371002197,735.0,52.0,768.0,94.0,1299,axis_left,767.0,93.0,mask PCA skeleton + low contact point,generated_videos/control_points_3_traffic.mp4
9,3,4,10,1.0,0.03456967230644495,car,0.7701151371002197,735.0,52.0,768.0,94.0,1299,axis_right,735.0,62.0,mask PCA skeleton + low contact point,generated_videos/control_points_3_traffic.mp4
9,3,4,10,1.0,0.03456967230644495,car,0.7701151371002197,735.0,52.0,768.0,94.0,1299,contact_low,751.0,90.0,mask PCA skeleton + low contact point,generated_videos/control_points_3_traffic.mp4
10,4,0,11,1.0,0.05305190842107048,truck,0.6470699310302734,652.0,45.0,724.0,101.0,3411,centroid,685.9187622070312,71.14629364013672,mask PCA skeleton + low contact point,generated_videos/control_points_3_traffic.mp4
10,4,0,11,1.0,0.05305190842107048,truck,0.6470699310302734,652.0,45.0,724.0,101.0,3411,axis_front,652.0,59.0,mask PCA skeleton + low contact point,generated_videos/control_points_3_traffic.mp4
10,4,0,11,1.0,0.05305190842107048,truck,0.6470699310302734,652.0,45.0,724.0,101.0,3411,axis_back,723.0,85.0,mask PCA skeleton + low contact point,generated_videos/control_points_3_traffic.mp4
10,4,0,11,1.0,0.05305190842107048,truck,0.6470699310302734,652.0,45.0,724.0,101.0,3411,axis_left,696.0,100.0,mask PCA skeleton + low contact point,generated_videos/control_points_3_traffic.mp4
10,4,0,11,1.0,0.05305190842107048,truck,0.6470699310302734,652.0,45.0,724.0,101.0,3411,axis_right,709.0,45.0,mask PCA skeleton + low contact point,generated_videos/control_points_3_traffic.mp4
10,4,0,11,1.0,0.05305190842107048,truck,0.6470699310302734,652.0,45.0,724.0,101.0,3411,contact_low,688.0,93.0,mask PCA skeleton + low contact point,generated_videos/control_points_3_traffic.mp4
10,1,2,11,0.499009900990099,19.009904124561338,person,0.7916377186775208,551.0,239.0,582.0,326.0,1771,centroid,562.1451416015625,281.3709716796875,mask PCA skeleton + low contact point,generated_videos/control_points_3_traffic.mp4
10,1,2,11,0.499009900990099,19.009904124561338,person,0.7916377186775208,551.0,239.0,582.0,326.0,1771,axis_front,560.0,325.0,mask PCA skeleton + low contact point,generated_videos/control_points_3_traffic.mp4
10,1,2,11,0.499009900990099,19.009904124561338,person,0.7916377186775208,551.0,239.0,582.0,326.0,1771,axis_back,554.0,239.0,mask PCA skeleton + low contact point,generated_videos/control_points_3_traffic.mp4
10,1,2,11,0.499009900990099,19.009904124561338,person,0.7916377186775208,551.0,239.0,582.0,326.0,1771,axis_left,581.0,309.0,mask PCA skeleton + low contact point,generated_videos/control_points_3_traffic.mp4
10,1,2,11,0.499009900990099,19.009904124561338,person,0.7916377186775208,551.0,239.0,582.0,326.0,1771,axis_right,551.0,323.0,mask PCA skeleton + low contact point,generated_videos/control_points_3_traffic.mp4
10,1,2,11,0.499009900990099,19.009904124561338,person,0.7916377186775208,551.0,239.0,582.0,326.0,1771,contact_low,558.0,317.0,mask PCA skeleton + low contact point,generated_videos/control_points_3_traffic.mp4
10,6,6,6,1.0,0.03259409074892625,boat,0.3312181234359741,69.0,498.0,160.0,528.0,1770,centroid,114.27909851074219,513.205078125,mask PCA skeleton + low contact point,generated_videos/control_points_3_traffic.mp4
10,6,6,6,1.0,0.03259409074892625,boat,0.3312181234359741,69.0,498.0,160.0,528.0,1770,axis_front,69.0,525.0,mask PCA skeleton + low contact point,generated_videos/control_points_3_traffic.mp4
10,6,6,6,1.0,0.03259409074892625,boat,0.3312181234359741,69.0,498.0,160.0,528.0,1770,axis_back,158.0,501.0,mask PCA skeleton + low contact point,generated_videos/control_points_3_traffic.mp4
10,6,6,6,1.0,0.03259409074892625,boat,0.3312181234359741,69.0,498.0,160.0,528.0,1770,axis_left,115.0,527.0,mask PCA skeleton + low contact point,generated_videos/control_points_3_traffic.mp4
10,6,6,6,1.0,0.03259409074892625,boat,0.3312181234359741,69.0,498.0,160.0,528.0,1770,axis_right,116.0,498.0,mask PCA skeleton + low contact point,generated_videos/control_points_3_traffic.mp4
10,6,6,6,1.0,0.03259409074892625,boat,0.3312181234359741,69.0,498.0,160.0,528.0,1770,contact_low,95.0,526.0,mask PCA skeleton + low contact point,generated_videos/control_points_3_traffic.mp4
10,0,1,11,0.38681531749878817,9.598902697585695,person,0.854661762714386,317.0,209.0,357.0,294.0,1737,centroid,331.13818359375,252.7213592529297,mask PCA skeleton + low contact point,generated_videos/control_points_3_traffic.mp4
10,0,1,11,0.38681531749878817,9.598902697585695,person,0.854661762714386,317.0,209.0,357.0,294.0,1737,axis_front,323.0,293.0,mask PCA skeleton + low contact point,generated_videos/control_points_3_traffic.mp4
10,0,1,11,0.38681531749878817,9.598902697585695,person,0.854661762714386,317.0,209.0,357.0,294.0,1737,axis_back,327.0,209.0,mask PCA skeleton + low contact point,generated_videos/control_points_3_traffic.mp4
10,0,1,11,0.38681531749878817,9.598902697585695,person,0.854661762714386,317.0,209.0,357.0,294.0,1737,axis_left,356.0,280.0,mask PCA skeleton + low contact point,generated_videos/control_points_3_traffic.mp4
10,0,1,11,0.38681531749878817,9.598902697585695,person,0.854661762714386,317.0,209.0,357.0,294.0,1737,axis_right,317.0,292.0,mask PCA skeleton + low contact point,generated_videos/control_points_3_traffic.mp4
10,0,1,11,0.38681531749878817,9.598902697585695,person,0.854661762714386,317.0,209.0,357.0,294.0,1737,contact_low,322.0,286.0,mask PCA skeleton + low contact point,generated_videos/control_points_3_traffic.mp4
10,2,3,11,0.7131147540983607,7.708459310909652,person,0.7901162505149841,467.0,170.0,503.0,246.0,1464,centroid,482.9617614746094,205.4678955078125,mask PCA skeleton + low contact point,generated_videos/control_points_3_traffic.mp4
10,2,3,11,0.7131147540983607,7.708459310909652,person,0.7901162505149841,467.0,170.0,503.0,246.0,1464,axis_front,478.0,245.0,mask PCA skeleton + low contact point,generated_videos/control_points_3_traffic.mp4
10,2,3,11,0.7131147540983607,7.708459310909652,person,0.7901162505149841,467.0,170.0,503.0,246.0,1464,axis_back,474.0,170.0,mask PCA skeleton + low contact point,generated_videos/control_points_3_traffic.mp4
10,2,3,11,0.7131147540983607,7.708459310909652,person,0.7901162505149841,467.0,170.0,503.0,246.0,1464,axis_left,502.0,202.0,mask PCA skeleton + low contact point,generated_videos/control_points_3_traffic.mp4
10,2,3,11,0.7131147540983607,7.708459310909652,person,0.7901162505149841,467.0,170.0,503.0,246.0,1464,axis_right,467.0,205.0,mask PCA skeleton + low contact point,generated_videos/control_points_3_traffic.mp4
10,2,3,11,0.7131147540983607,7.708459310909652,person,0.7901162505149841,467.0,170.0,503.0,246.0,1464,contact_low,477.0,238.0,mask PCA skeleton + low contact point,generated_videos/control_points_3_traffic.mp4
10,3,4,11,1.0,0.04733908064149546,car,0.7708231806755066,735.0,52.0,768.0,94.0,1302,centroid,751.4815673828125,72.41781616210938,mask PCA skeleton + low contact point,generated_videos/control_points_3_traffic.mp4
10,3,4,11,1.0,0.04733908064149546,car,0.7708231806755066,735.0,52.0,768.0,94.0,1302,axis_front,741.0,93.0,mask PCA skeleton + low contact point,generated_videos/control_points_3_traffic.mp4
10,3,4,11,1.0,0.04733908064149546,car,0.7708231806755066,735.0,52.0,768.0,94.0,1302,axis_back,767.0,52.0,mask PCA skeleton + low contact point,generated_videos/control_points_3_traffic.mp4
10,3,4,11,1.0,0.04733908064149546,car,0.7708231806755066,735.0,52.0,768.0,94.0,1302,axis_left,767.0,93.0,mask PCA skeleton + low contact point,generated_videos/control_points_3_traffic.mp4
10,3,4,11,1.0,0.04733908064149546,car,0.7708231806755066,735.0,52.0,768.0,94.0,1302,axis_right,735.0,62.0,mask PCA skeleton + low contact point,generated_videos/control_points_3_traffic.mp4
10,3,4,11,1.0,0.04733908064149546,car,0.7708231806755066,735.0,52.0,768.0,94.0,1302,contact_low,751.0,90.0,mask PCA skeleton + low contact point,generated_videos/control_points_3_traffic.mp4
10,5,7,1,,,person,0.34874042868614197,749.0,308.0,768.0,408.0,1242,centroid,759.8413696289062,367.3711853027344,mask PCA skeleton + low contact point,generated_videos/control_points_3_traffic.mp4
10,5,7,1,,,person,0.34874042868614197,749.0,308.0,768.0,408.0,1242,axis_front,753.0,407.0,mask PCA skeleton + low contact point,generated_videos/control_points_3_traffic.mp4
10,5,7,1,,,person,0.34874042868614197,749.0,308.0,768.0,408.0,1242,axis_back,767.0,308.0,mask PCA skeleton + low contact point,generated_videos/control_points_3_traffic.mp4
10,5,7,1,,,person,0.34874042868614197,749.0,308.0,768.0,408.0,1242,axis_left,767.0,395.0,mask PCA skeleton + low contact point,generated_videos/control_points_3_traffic.mp4
10,5,7,1,,,person,0.34874042868614197,749.0,308.0,768.0,408.0,1242,axis_right,749.0,366.0,mask PCA skeleton + low contact point,generated_videos/control_points_3_traffic.mp4
10,5,7,1,,,person,0.34874042868614197,749.0,308.0,768.0,408.0,1242,contact_low,756.0,403.0,mask PCA skeleton + low contact point,generated_videos/control_points_3_traffic.mp4
11,5,0,12,1.0,0.029908179140892038,truck,0.6557101011276245,652.0,45.0,724.0,101.0,3409,centroid,685.8897094726562,71.13933563232422,mask PCA skeleton + low contact point,generated_videos/control_points_3_traffic.mp4
11,5,0,12,1.0,0.029908179140892038,truck,0.6557101011276245,652.0,45.0,724.0,101.0,3409,axis_front,652.0,59.0,mask PCA skeleton + low contact point,generated_videos/control_points_3_traffic.mp4
11,5,0,12,1.0,0.029908179140892038,truck,0.6557101011276245,652.0,45.0,724.0,101.0,3409,axis_back,723.0,85.0,mask PCA skeleton + low contact point,generated_videos/control_points_3_traffic.mp4
11,5,0,12,1.0,0.029908179140892038,truck,0.6557101011276245,652.0,45.0,724.0,101.0,3409,axis_left,696.0,100.0,mask PCA skeleton + low contact point,generated_videos/control_points_3_traffic.mp4
11,5,0,12,1.0,0.029908179140892038,truck,0.6557101011276245,652.0,45.0,724.0,101.0,3409,axis_right,709.0,45.0,mask PCA skeleton + low contact point,generated_videos/control_points_3_traffic.mp4
11,5,0,12,1.0,0.029908179140892038,truck,0.6557101011276245,652.0,45.0,724.0,101.0,3409,contact_low,688.0,93.0,mask PCA skeleton + low contact point,generated_videos/control_points_3_traffic.mp4
11,0,1,12,0.8427552140504939,5.427578598098209,person,0.8518937230110168,320.0,207.0,359.0,292.0,1825,centroid,336.37042236328125,251.27835083007812,mask PCA skeleton + low contact point,generated_videos/control_points_3_traffic.mp4
11,0,1,12,0.8427552140504939,5.427578598098209,person,0.8518937230110168,320.0,207.0,359.0,292.0,1825,axis_front,326.0,291.0,mask PCA skeleton + low contact point,generated_videos/control_points_3_traffic.mp4
11,0,1,12,0.8427552140504939,5.427578598098209,person,0.8518937230110168,320.0,207.0,359.0,292.0,1825,axis_back,333.0,207.0,mask PCA skeleton + low contact point,generated_videos/control_points_3_traffic.mp4
11,0,1,12,0.8427552140504939,5.427578598098209,person,0.8518937230110168,320.0,207.0,359.0,292.0,1825,axis_left,358.0,281.0,mask PCA skeleton + low contact point,generated_videos/control_points_3_traffic.mp4
11,0,1,12,0.8427552140504939,5.427578598098209,person,0.8518937230110168,320.0,207.0,359.0,292.0,1825,axis_right,320.0,291.0,mask PCA skeleton + low contact point,generated_videos/control_points_3_traffic.mp4
11,0,1,12,0.8427552140504939,5.427578598098209,person,0.8518937230110168,320.0,207.0,359.0,292.0,1825,contact_low,326.0,284.0,mask PCA skeleton + low contact point,generated_videos/control_points_3_traffic.mp4
11,7,6,7,1.0,0.05789448056921427,boat,0.324473112821579,69.0,498.0,160.0,528.0,1772,centroid,114.32110595703125,513.2449340820312,mask PCA skeleton + low contact point,generated_videos/control_points_3_traffic.mp4
11,7,6,7,1.0,0.05789448056921427,boat,0.324473112821579,69.0,498.0,160.0,528.0,1772,axis_front,69.0,525.0,mask PCA skeleton + low contact point,generated_videos/control_points_3_traffic.mp4
11,7,6,7,1.0,0.05789448056921427,boat,0.324473112821579,69.0,498.0,160.0,528.0,1772,axis_back,159.0,506.0,mask PCA skeleton + low contact point,generated_videos/control_points_3_traffic.mp4
11,7,6,7,1.0,0.05789448056921427,boat,0.324473112821579,69.0,498.0,160.0,528.0,1772,axis_left,115.0,527.0,mask PCA skeleton + low contact point,generated_videos/control_points_3_traffic.mp4
11,7,6,7,1.0,0.05789448056921427,boat,0.324473112821579,69.0,498.0,160.0,528.0,1772,axis_right,116.0,498.0,mask PCA skeleton + low contact point,generated_videos/control_points_3_traffic.mp4
11,7,6,7,1.0,0.05789448056921427,boat,0.324473112821579,69.0,498.0,160.0,528.0,1772,contact_low,95.0,526.0,mask PCA skeleton + low contact point,generated_videos/control_points_3_traffic.mp4
11,1,2,12,0.4409660107334526,7.795300870568656,person,0.8286716341972351,544.0,237.0,568.0,326.0,1659,centroid,554.9264526367188,278.4285583496094,mask PCA skeleton + low contact point,generated_videos/control_points_3_traffic.mp4
11,1,2,12,0.4409660107334526,7.795300870568656,person,0.8286716341972351,544.0,237.0,568.0,326.0,1659,axis_front,560.0,325.0,mask PCA skeleton + low contact point,generated_videos/control_points_3_traffic.mp4
11,1,2,12,0.4409660107334526,7.795300870568656,person,0.8286716341972351,544.0,237.0,568.0,326.0,1659,axis_back,546.0,237.0,mask PCA skeleton + low contact point,generated_videos/control_points_3_traffic.mp4
11,1,2,12,0.4409660107334526,7.795300870568656,person,0.8286716341972351,544.0,237.0,568.0,326.0,1659,axis_left,567.0,261.0,mask PCA skeleton + low contact point,generated_videos/control_points_3_traffic.mp4
11,1,2,12,0.4409660107334526,7.795300870568656,person,0.8286716341972351,544.0,237.0,568.0,326.0,1659,axis_right,544.0,291.0,mask PCA skeleton + low contact point,generated_videos/control_points_3_traffic.mp4
11,1,2,12,0.4409660107334526,7.795300870568656,person,0.8286716341972351,544.0,237.0,568.0,326.0,1659,contact_low,556.0,319.0,mask PCA skeleton + low contact point,generated_videos/control_points_3_traffic.mp4
11,2,7,2,0.8553888130968622,12.89744604486328,person,0.7733867764472961,748.0,298.0,768.0,407.0,1622,centroid,759.1670532226562,354.4913635253906,mask PCA skeleton + low contact point,generated_videos/control_points_3_traffic.mp4
11,2,7,2,0.8553888130968622,12.89744604486328,person,0.7733867764472961,748.0,298.0,768.0,407.0,1622,axis_front,752.0,406.0,mask PCA skeleton + low contact point,generated_videos/control_points_3_traffic.mp4
11,2,7,2,0.8553888130968622,12.89744604486328,person,0.7733867764472961,748.0,298.0,768.0,407.0,1622,axis_back,767.0,298.0,mask PCA skeleton + low contact point,generated_videos/control_points_3_traffic.mp4
11,2,7,2,0.8553888130968622,12.89744604486328,person,0.7733867764472961,748.0,298.0,768.0,407.0,1622,axis_left,767.0,391.0,mask PCA skeleton + low contact point,generated_videos/control_points_3_traffic.mp4
11,2,7,2,0.8553888130968622,12.89744604486328,person,0.7733867764472961,748.0,298.0,768.0,407.0,1622,axis_right,748.0,354.0,mask PCA skeleton + low contact point,generated_videos/control_points_3_traffic.mp4
11,2,7,2,0.8553888130968622,12.89744604486328,person,0.7733867764472961,748.0,298.0,768.0,407.0,1622,contact_low,756.0,401.0,mask PCA skeleton + low contact point,generated_videos/control_points_3_traffic.mp4
11,4,3,12,0.7894736842105263,3.6182363709041776,person,0.7010461091995239,465.0,170.0,497.0,246.0,1345,centroid,479.3464660644531,205.61412048339844,mask PCA skeleton + low contact point,generated_videos/control_points_3_traffic.mp4
11,4,3,12,0.7894736842105263,3.6182363709041776,person,0.7010461091995239,465.0,170.0,497.0,246.0,1345,axis_front,477.0,245.0,mask PCA skeleton + low contact point,generated_videos/control_points_3_traffic.mp4
11,4,3,12,0.7894736842105263,3.6182363709041776,person,0.7010461091995239,465.0,170.0,497.0,246.0,1345,axis_back,471.0,170.0,mask PCA skeleton + low contact point,generated_videos/control_points_3_traffic.mp4
11,4,3,12,0.7894736842105263,3.6182363709041776,person,0.7010461091995239,465.0,170.0,497.0,246.0,1345,axis_left,496.0,203.0,mask PCA skeleton + low contact point,generated_videos/control_points_3_traffic.mp4
11,4,3,12,0.7894736842105263,3.6182363709041776,person,0.7010461091995239,465.0,170.0,497.0,246.0,1345,axis_right,465.0,211.0,mask PCA skeleton + low contact point,generated_videos/control_points_3_traffic.mp4
11,4,3,12,0.7894736842105263,3.6182363709041776,person,0.7010461091995239,465.0,170.0,497.0,246.0,1345,contact_low,476.0,237.0,mask PCA skeleton + low contact point,generated_videos/control_points_3_traffic.mp4
11,3,4,12,1.0,0.0,car,0.7640265226364136,735.0,52.0,768.0,94.0,1302,centroid,751.4815673828125,72.41781616210938,mask PCA skeleton + low contact point,generated_videos/control_points_3_traffic.mp4
11,3,4,12,1.0,0.0,car,0.7640265226364136,735.0,52.0,768.0,94.0,1302,axis_front,741.0,93.0,mask PCA skeleton + low contact point,generated_videos/control_points_3_traffic.mp4
11,3,4,12,1.0,0.0,car,0.7640265226364136,735.0,52.0,768.0,94.0,1302,axis_back,767.0,52.0,mask PCA skeleton + low contact point,generated_videos/control_points_3_traffic.mp4
11,3,4,12,1.0,0.0,car,0.7640265226364136,735.0,52.0,768.0,94.0,1302,axis_left,767.0,93.0,mask PCA skeleton + low contact point,generated_videos/control_points_3_traffic.mp4
11,3,4,12,1.0,0.0,car,0.7640265226364136,735.0,52.0,768.0,94.0,1302,axis_right,735.0,62.0,mask PCA skeleton + low contact point,generated_videos/control_points_3_traffic.mp4
11,3,4,12,1.0,0.0,car,0.7640265226364136,735.0,52.0,768.0,94.0,1302,contact_low,751.0,90.0,mask PCA skeleton + low contact point,generated_videos/control_points_3_traffic.mp4
11,6,8,1,,,person,0.3460410237312317,464.0,170.0,489.0,243.0,1109,centroid,477.6113586425781,204.4770050048828,mask PCA skeleton + low contact point,generated_videos/control_points_3_traffic.mp4
11,6,8,1,,,person,0.3460410237312317,464.0,170.0,489.0,243.0,1109,axis_front,478.0,242.0,mask PCA skeleton + low contact point,generated_videos/control_points_3_traffic.mp4
11,6,8,1,,,person,0.3460410237312317,464.0,170.0,489.0,243.0,1109,axis_back,471.0,170.0,mask PCA skeleton + low contact point,generated_videos/control_points_3_traffic.mp4
11,6,8,1,,,person,0.3460410237312317,464.0,170.0,489.0,243.0,1109,axis_left,488.0,185.0,mask PCA skeleton + low contact point,generated_videos/control_points_3_traffic.mp4
11,6,8,1,,,person,0.3460410237312317,464.0,170.0,489.0,243.0,1109,axis_right,464.0,211.0,mask PCA skeleton + low contact point,generated_videos/control_points_3_traffic.mp4
11,6,8,1,,,person,0.3460410237312317,464.0,170.0,489.0,243.0,1109,contact_low,476.0,236.0,mask PCA skeleton + low contact point,generated_videos/control_points_3_traffic.mp4
12,4,0,13,1.0,0.04362229168001638,truck,0.6623145341873169,652.0,45.0,724.0,101.0,3402,centroid,685.8483276367188,71.15314483642578,mask PCA skeleton + low contact point,generated_videos/control_points_3_traffic.mp4
12,4,0,13,1.0,0.04362229168001638,truck,0.6623145341873169,652.0,45.0,724.0,101.0,3402,axis_front,652.0,59.0,mask PCA skeleton + low contact point,generated_videos/control_points_3_traffic.mp4
12,4,0,13,1.0,0.04362229168001638,truck,0.6623145341873169,652.0,45.0,724.0,101.0,3402,axis_back,723.0,85.0,mask PCA skeleton + low contact point,generated_videos/control_points_3_traffic.mp4
12,4,0,13,1.0,0.04362229168001638,truck,0.6623145341873169,652.0,45.0,724.0,101.0,3402,axis_left,696.0,100.0,mask PCA skeleton + low contact point,generated_videos/control_points_3_traffic.mp4
12,4,0,13,1.0,0.04362229168001638,truck,0.6623145341873169,652.0,45.0,724.0,101.0,3402,axis_right,709.0,45.0,mask PCA skeleton + low contact point,generated_videos/control_points_3_traffic.mp4
12,4,0,13,1.0,0.04362229168001638,truck,0.6623145341873169,652.0,45.0,724.0,101.0,3402,contact_low,688.0,93.0,mask PCA skeleton + low contact point,generated_videos/control_points_3_traffic.mp4
12,2,7,3,0.742001361470388,4.321686817165245,person,0.8229452967643738,742.0,294.0,768.0,407.0,2257,centroid,756.94287109375,350.7860107421875,mask PCA skeleton + low contact point,generated_videos/control_points_3_traffic.mp4
12,2,7,3,0.742001361470388,4.321686817165245,person,0.8229452967643738,742.0,294.0,768.0,407.0,2257,axis_front,750.0,406.0,mask PCA skeleton + low contact point,generated_videos/control_points_3_traffic.mp4
12,2,7,3,0.742001361470388,4.321686817165245,person,0.8229452967643738,742.0,294.0,768.0,407.0,2257,axis_back,767.0,294.0,mask PCA skeleton + low contact point,generated_videos/control_points_3_traffic.mp4
12,2,7,3,0.742001361470388,4.321686817165245,person,0.8229452967643738,742.0,294.0,768.0,407.0,2257,axis_left,767.0,400.0,mask PCA skeleton + low contact point,generated_videos/control_points_3_traffic.mp4
12,2,7,3,0.742001361470388,4.321686817165245,person,0.8229452967643738,742.0,294.0,768.0,407.0,2257,axis_right,742.0,340.0,mask PCA skeleton + low contact point,generated_videos/control_points_3_traffic.mp4
12,2,7,3,0.742001361470388,4.321686817165245,person,0.8229452967643738,742.0,294.0,768.0,407.0,2257,contact_low,756.0,400.0,mask PCA skeleton + low contact point,generated_videos/control_points_3_traffic.mp4
12,0,2,13,0.4731182795698925,9.417142524291291,person,0.8418139815330505,526.0,238.0,564.0,326.0,1876,centroid,546.58740234375,282.8038330078125,mask PCA skeleton + low contact point,generated_videos/control_points_3_traffic.mp4
12,0,2,13,0.4731182795698925,9.417142524291291,person,0.8418139815330505,526.0,238.0,564.0,326.0,1876,axis_front,559.0,325.0,mask PCA skeleton + low contact point,generated_videos/control_points_3_traffic.mp4
12,0,2,13,0.4731182795698925,9.417142524291291,person,0.8418139815330505,526.0,238.0,564.0,326.0,1876,axis_back,537.0,238.0,mask PCA skeleton + low contact point,generated_videos/control_points_3_traffic.mp4
12,0,2,13,0.4731182795698925,9.417142524291291,person,0.8418139815330505,526.0,238.0,564.0,326.0,1876,axis_left,563.0,314.0,mask PCA skeleton + low contact point,generated_videos/control_points_3_traffic.mp4
12,0,2,13,0.4731182795698925,9.417142524291291,person,0.8418139815330505,526.0,238.0,564.0,326.0,1876,axis_right,526.0,316.0,mask PCA skeleton + low contact point,generated_videos/control_points_3_traffic.mp4
12,0,2,13,0.4731182795698925,9.417142524291291,person,0.8418139815330505,526.0,238.0,564.0,326.0,1876,contact_low,557.0,317.0,mask PCA skeleton + low contact point,generated_videos/control_points_3_traffic.mp4
12,1,1,13,0.8776119402985074,5.326012285333165,person,0.8321334719657898,323.0,206.0,358.0,291.0,1830,centroid,341.1481018066406,248.92459106445312,mask PCA skeleton + low contact point,generated_videos/control_points_3_traffic.mp4
12,1,1,13,0.8776119402985074,5.326012285333165,person,0.8321334719657898,323.0,206.0,358.0,291.0,1830,axis_front,323.0,290.0,mask PCA skeleton + low contact point,generated_videos/control_points_3_traffic.mp4
12,1,1,13,0.8776119402985074,5.326012285333165,person,0.8321334719657898,323.0,206.0,358.0,291.0,1830,axis_back,347.0,206.0,mask PCA skeleton + low contact point,generated_videos/control_points_3_traffic.mp4
12,1,1,13,0.8776119402985074,5.326012285333165,person,0.8321334719657898,323.0,206.0,358.0,291.0,1830,axis_left,357.0,285.0,mask PCA skeleton + low contact point,generated_videos/control_points_3_traffic.mp4
12,1,1,13,0.8776119402985074,5.326012285333165,person,0.8321334719657898,323.0,206.0,358.0,291.0,1830,axis_right,323.0,280.0,mask PCA skeleton + low contact point,generated_videos/control_points_3_traffic.mp4
12,1,1,13,0.8776119402985074,5.326012285333165,person,0.8321334719657898,323.0,206.0,358.0,291.0,1830,contact_low,329.0,283.0,mask PCA skeleton + low contact point,generated_videos/control_points_3_traffic.mp4
12,6,6,8,1.0,0.08355739330379565,boat,0.3092937767505646,69.0,498.0,160.0,528.0,1774,centroid,114.40361022949219,513.231689453125,mask PCA skeleton + low contact point,generated_videos/control_points_3_traffic.mp4
12,6,6,8,1.0,0.08355739330379565,boat,0.3092937767505646,69.0,498.0,160.0,528.0,1774,axis_front,69.0,525.0,mask PCA skeleton + low contact point,generated_videos/control_points_3_traffic.mp4
12,6,6,8,1.0,0.08355739330379565,boat,0.3092937767505646,69.0,498.0,160.0,528.0,1774,axis_back,159.0,504.0,mask PCA skeleton + low contact point,generated_videos/control_points_3_traffic.mp4
12,6,6,8,1.0,0.08355739330379565,boat,0.3092937767505646,69.0,498.0,160.0,528.0,1774,axis_left,115.0,527.0,mask PCA skeleton + low contact point,generated_videos/control_points_3_traffic.mp4
12,6,6,8,1.0,0.08355739330379565,boat,0.3092937767505646,69.0,498.0,160.0,528.0,1774,axis_right,116.0,498.0,mask PCA skeleton + low contact point,generated_videos/control_points_3_traffic.mp4
12,6,6,8,1.0,0.08355739330379565,boat,0.3092937767505646,69.0,498.0,160.0,528.0,1774,contact_low,95.0,526.0,mask PCA skeleton + low contact point,generated_videos/control_points_3_traffic.mp4
12,3,4,13,1.0,0.017753566547183665,car,0.7652291655540466,735.0,52.0,768.0,94.0,1301,centroid,751.4896240234375,72.4020004272461,mask PCA skeleton + low contact point,generated_videos/control_points_3_traffic.mp4
12,3,4,13,1.0,0.017753566547183665,car,0.7652291655540466,735.0,52.0,768.0,94.0,1301,axis_front,736.0,92.0,mask PCA skeleton + low contact point,generated_videos/control_points_3_traffic.mp4
12,3,4,13,1.0,0.017753566547183665,car,0.7652291655540466,735.0,52.0,768.0,94.0,1301,axis_back,767.0,52.0,mask PCA skeleton + low contact point,generated_videos/control_points_3_traffic.mp4
12,3,4,13,1.0,0.017753566547183665,car,0.7652291655540466,735.0,52.0,768.0,94.0,1301,axis_left,767.0,93.0,mask PCA skeleton + low contact point,generated_videos/control_points_3_traffic.mp4
12,3,4,13,1.0,0.017753566547183665,car,0.7652291655540466,735.0,52.0,768.0,94.0,1301,axis_right,735.0,62.0,mask PCA skeleton + low contact point,generated_videos/control_points_3_traffic.mp4
12,3,4,13,1.0,0.017753566547183665,car,0.7652291655540466,735.0,52.0,768.0,94.0,1301,contact_low,752.0,90.0,mask PCA skeleton + low contact point,generated_videos/control_points_3_traffic.mp4
12,5,8,2,0.9109119662625198,2.6910395349521123,person,0.6392369270324707,465.0,171.0,489.0,246.0,1266,centroid,475.24407958984375,205.7567138671875,mask PCA skeleton + low contact point,generated_videos/control_points_3_traffic.mp4
12,5,8,2,0.9109119662625198,2.6910395349521123,person,0.6392369270324707,465.0,171.0,489.0,246.0,1266,axis_front,477.0,245.0,mask PCA skeleton + low contact point,generated_videos/control_points_3_traffic.mp4
12,5,8,2,0.9109119662625198,2.6910395349521123,person,0.6392369270324707,465.0,171.0,489.0,246.0,1266,axis_back,467.0,171.0,mask PCA skeleton + low contact point,generated_videos/control_points_3_traffic.mp4
12,5,8,2,0.9109119662625198,2.6910395349521123,person,0.6392369270324707,465.0,171.0,489.0,246.0,1266,axis_left,488.0,196.0,mask PCA skeleton + low contact point,generated_videos/control_points_3_traffic.mp4
12,5,8,2,0.9109119662625198,2.6910395349521123,person,0.6392369270324707,465.0,171.0,489.0,246.0,1266,axis_right,465.0,217.0,mask PCA skeleton + low contact point,generated_videos/control_points_3_traffic.mp4
12,5,8,2,0.9109119662625198,2.6910395349521123,person,0.6392369270324707,465.0,171.0,489.0,246.0,1266,contact_low,476.0,238.0,mask PCA skeleton + low contact point,generated_videos/control_points_3_traffic.mp4
13,5,0,14,1.0,0.04075435325467905,truck,0.6592207551002502,652.0,45.0,724.0,101.0,3395,centroid,685.8515625,71.11251831054688,mask PCA skeleton + low contact point,generated_videos/control_points_3_traffic.mp4
13,5,0,14,1.0,0.04075435325467905,truck,0.6592207551002502,652.0,45.0,724.0,101.0,3395,axis_front,652.0,59.0,mask PCA skeleton + low contact point,generated_videos/control_points_3_traffic.mp4
13,5,0,14,1.0,0.04075435325467905,truck,0.6592207551002502,652.0,45.0,724.0,101.0,3395,axis_back,723.0,85.0,mask PCA skeleton + low contact point,generated_videos/control_points_3_traffic.mp4
13,5,0,14,1.0,0.04075435325467905,truck,0.6592207551002502,652.0,45.0,724.0,101.0,3395,axis_left,696.0,100.0,mask PCA skeleton + low contact point,generated_videos/control_points_3_traffic.mp4
13,5,0,14,1.0,0.04075435325467905,truck,0.6592207551002502,652.0,45.0,724.0,101.0,3395,axis_right,709.0,45.0,mask PCA skeleton + low contact point,generated_videos/control_points_3_traffic.mp4
13,5,0,14,1.0,0.04075435325467905,truck,0.6592207551002502,652.0,45.0,724.0,101.0,3395,contact_low,689.0,93.0,mask PCA skeleton + low contact point,generated_videos/control_points_3_traffic.mp4
13,0,7,4,0.6082815734989648,8.7278295198615,person,0.8275371789932251,726.0,293.0,768.0,408.0,2920,centroid,749.5746459960938,346.1078796386719,mask PCA skeleton + low contact point,generated_videos/control_points_3_traffic.mp4
13,0,7,4,0.6082815734989648,8.7278295198615,person,0.8275371789932251,726.0,293.0,768.0,408.0,2920,axis_front,753.0,407.0,mask PCA skeleton + low contact point,generated_videos/control_points_3_traffic.mp4
13,0,7,4,0.6082815734989648,8.7278295198615,person,0.8275371789932251,726.0,293.0,768.0,408.0,2920,axis_back,759.0,293.0,mask PCA skeleton + low contact point,generated_videos/control_points_3_traffic.mp4
13,0,7,4,0.6082815734989648,8.7278295198615,person,0.8275371789932251,726.0,293.0,768.0,408.0,2920,axis_left,767.0,349.0,mask PCA skeleton + low contact point,generated_videos/control_points_3_traffic.mp4
13,0,7,4,0.6082815734989648,8.7278295198615,person,0.8275371789932251,726.0,293.0,768.0,408.0,2920,axis_right,726.0,341.0,mask PCA skeleton + low contact point,generated_videos/control_points_3_traffic.mp4
13,0,7,4,0.6082815734989648,8.7278295198615,person,0.8275371789932251,726.0,293.0,768.0,408.0,2920,contact_low,755.0,397.0,mask PCA skeleton + low contact point,generated_videos/control_points_3_traffic.mp4
13,6,6,9,1.0,0.04128159705734862,boat,0.28793641924858093,69.0,498.0,160.0,528.0,1779,centroid,114.3743667602539,513.2608032226562,mask PCA skeleton + low contact point,generated_videos/control_points_3_traffic.mp4
13,6,6,9,1.0,0.04128159705734862,boat,0.28793641924858093,69.0,498.0,160.0,528.0,1779,axis_front,69.0,525.0,mask PCA skeleton + low contact point,generated_videos/control_points_3_traffic.mp4
13,6,6,9,1.0,0.04128159705734862,boat,0.28793641924858093,69.0,498.0,160.0,528.0,1779,axis_back,159.0,504.0,mask PCA skeleton + low contact point,generated_videos/control_points_3_traffic.mp4
13,6,6,9,1.0,0.04128159705734862,boat,0.28793641924858093,69.0,498.0,160.0,528.0,1779,axis_left,121.0,526.0,mask PCA skeleton + low contact point,generated_videos/control_points_3_traffic.mp4
13,6,6,9,1.0,0.04128159705734862,boat,0.28793641924858093,69.0,498.0,160.0,528.0,1779,axis_right,116.0,498.0,mask PCA skeleton + low contact point,generated_videos/control_points_3_traffic.mp4
13,6,6,9,1.0,0.04128159705734862,boat,0.28793641924858093,69.0,498.0,160.0,528.0,1779,contact_low,95.0,526.0,mask PCA skeleton + low contact point,generated_videos/control_points_3_traffic.mp4
13,4,2,14,0.5420918367346939,17.2933957877978,person,0.7345924377441406,510.0,239.0,556.0,324.0,1750,centroid,529.297119140625,282.4754333496094,mask PCA skeleton + low contact point,generated_videos/control_points_3_traffic.mp4
13,4,2,14,0.5420918367346939,17.2933957877978,person,0.7345924377441406,510.0,239.0,556.0,324.0,1750,axis_front,550.0,323.0,mask PCA skeleton + low contact point,generated_videos/control_points_3_traffic.mp4
13,4,2,14,0.5420918367346939,17.2933957877978,person,0.7345924377441406,510.0,239.0,556.0,324.0,1750,axis_back,520.0,239.0,mask PCA skeleton + low contact point,generated_videos/control_points_3_traffic.mp4
13,4,2,14,0.5420918367346939,17.2933957877978,person,0.7345924377441406,510.0,239.0,556.0,324.0,1750,axis_left,555.0,314.0,mask PCA skeleton + low contact point,generated_videos/control_points_3_traffic.mp4
13,4,2,14,0.5420918367346939,17.2933957877978,person,0.7345924377441406,510.0,239.0,556.0,324.0,1750,axis_right,510.0,320.0,mask PCA skeleton + low contact point,generated_videos/control_points_3_traffic.mp4
13,4,2,14,0.5420918367346939,17.2933957877978,person,0.7345924377441406,510.0,239.0,556.0,324.0,1750,contact_low,520.0,316.0,mask PCA skeleton + low contact point,generated_videos/control_points_3_traffic.mp4
13,1,1,14,0.49311805187930124,11.990618704715096,person,0.821948230266571,335.0,201.0,366.0,287.0,1664,centroid,350.28607177734375,241.1610565185547,mask PCA skeleton + low contact point,generated_videos/control_points_3_traffic.mp4
13,1,1,14,0.49311805187930124,11.990618704715096,person,0.821948230266571,335.0,201.0,366.0,287.0,1664,axis_front,356.0,286.0,mask PCA skeleton + low contact point,generated_videos/control_points_3_traffic.mp4
13,1,1,14,0.49311805187930124,11.990618704715096,person,0.821948230266571,335.0,201.0,366.0,287.0,1664,axis_back,346.0,201.0,mask PCA skeleton + low contact point,generated_videos/control_points_3_traffic.mp4
13,1,1,14,0.49311805187930124,11.990618704715096,person,0.821948230266571,335.0,201.0,366.0,287.0,1664,axis_left,365.0,240.0,mask PCA skeleton + low contact point,generated_videos/control_points_3_traffic.mp4
13,1,1,14,0.49311805187930124,11.990618704715096,person,0.821948230266571,335.0,201.0,366.0,287.0,1664,axis_right,335.0,243.0,mask PCA skeleton + low contact point,generated_videos/control_points_3_traffic.mp4
13,1,1,14,0.49311805187930124,11.990618704715096,person,0.821948230266571,335.0,201.0,366.0,287.0,1664,contact_low,351.0,280.0,mask PCA skeleton + low contact point,generated_videos/control_points_3_traffic.mp4
13,7,9,1,,,person,0.27422136068344116,514.0,239.0,546.0,321.0,1517,centroid,527.2531127929688,278.1278991699219,mask PCA skeleton + low contact point,generated_videos/control_points_3_traffic.mp4
13,7,9,1,,,person,0.27422136068344116,514.0,239.0,546.0,321.0,1517,axis_front,514.0,320.0,mask PCA skeleton + low contact point,generated_videos/control_points_3_traffic.mp4
13,7,9,1,,,person,0.27422136068344116,514.0,239.0,546.0,321.0,1517,axis_back,532.0,239.0,mask PCA skeleton + low contact point,generated_videos/control_points_3_traffic.mp4
13,7,9,1,,,person,0.27422136068344116,514.0,239.0,546.0,321.0,1517,axis_left,545.0,310.0,mask PCA skeleton + low contact point,generated_videos/control_points_3_traffic.mp4
13,7,9,1,,,person,0.27422136068344116,514.0,239.0,546.0,321.0,1517,axis_right,514.0,304.0,mask PCA skeleton + low contact point,generated_videos/control_points_3_traffic.mp4
13,7,9,1,,,person,0.27422136068344116,514.0,239.0,546.0,321.0,1517,contact_low,518.0,312.0,mask PCA skeleton + low contact point,generated_videos/control_points_3_traffic.mp4
13,3,8,3,0.41233283803863297,10.201881481097553,person,0.7348575592041016,454.0,172.0,480.0,249.0,1501,centroid,466.732177734375,211.3804168701172,mask PCA skeleton + low contact point,generated_videos/control_points_3_traffic.mp4
13,3,8,3,0.41233283803863297,10.201881481097553,person,0.7348575592041016,454.0,172.0,480.0,249.0,1501,axis_front,475.0,248.0,mask PCA skeleton + low contact point,generated_videos/control_points_3_traffic.mp4
13,3,8,3,0.41233283803863297,10.201881481097553,person,0.7348575592041016,454.0,172.0,480.0,249.0,1501,axis_back,458.0,172.0,mask PCA skeleton + low contact point,generated_videos/control_points_3_traffic.mp4
13,3,8,3,0.41233283803863297,10.201881481097553,person,0.7348575592041016,454.0,172.0,480.0,249.0,1501,axis_left,478.0,196.0,mask PCA skeleton + low contact point,generated_videos/control_points_3_traffic.mp4
13,3,8,3,0.41233283803863297,10.201881481097553,person,0.7348575592041016,454.0,172.0,480.0,249.0,1501,axis_right,454.0,248.0,mask PCA skeleton + low contact point,generated_videos/control_points_3_traffic.mp4
13,3,8,3,0.41233283803863297,10.201881481097553,person,0.7348575592041016,454.0,172.0,480.0,249.0,1501,contact_low,470.0,243.0,mask PCA skeleton + low contact point,generated_videos/control_points_3_traffic.mp4
13,2,4,14,1.0,0.0,car,0.7696267366409302,735.0,52.0,768.0,94.0,1301,centroid,751.4896240234375,72.4020004272461,mask PCA skeleton + low contact point,generated_videos/control_points_3_traffic.mp4
13,2,4,14,1.0,0.0,car,0.7696267366409302,735.0,52.0,768.0,94.0,1301,axis_front,736.0,92.0,mask PCA skeleton + low contact point,generated_videos/control_points_3_traffic.mp4
13,2,4,14,1.0,0.0,car,0.7696267366409302,735.0,52.0,768.0,94.0,1301,axis_back,767.0,52.0,mask PCA skeleton + low contact point,generated_videos/control_points_3_traffic.mp4
13,2,4,14,1.0,0.0,car,0.7696267366409302,735.0,52.0,768.0,94.0,1301,axis_left,767.0,93.0,mask PCA skeleton + low contact point,generated_videos/control_points_3_traffic.mp4
13,2,4,14,1.0,0.0,car,0.7696267366409302,735.0,52.0,768.0,94.0,1301,axis_right,735.0,62.0,mask PCA skeleton + low contact point,generated_videos/control_points_3_traffic.mp4
13,2,4,14,1.0,0.0,car,0.7696267366409302,735.0,52.0,768.0,94.0,1301,contact_low,752.0,90.0,mask PCA skeleton + low contact point,generated_videos/control_points_3_traffic.mp4
14,5,0,15,1.0,0.0181880241134037,truck,0.6547664999961853,652.0,45.0,724.0,101.0,3398,centroid,685.8602294921875,71.09652709960938,mask PCA skeleton + low contact point,generated_videos/control_points_3_traffic.mp4
14,5,0,15,1.0,0.0181880241134037,truck,0.6547664999961853,652.0,45.0,724.0,101.0,3398,axis_front,652.0,59.0,mask PCA skeleton + low contact point,generated_videos/control_points_3_traffic.mp4
14,5,0,15,1.0,0.0181880241134037,truck,0.6547664999961853,652.0,45.0,724.0,101.0,3398,axis_back,723.0,85.0,mask PCA skeleton + low contact point,generated_videos/control_points_3_traffic.mp4
14,5,0,15,1.0,0.0181880241134037,truck,0.6547664999961853,652.0,45.0,724.0,101.0,3398,axis_left,698.0,100.0,mask PCA skeleton + low contact point,generated_videos/control_points_3_traffic.mp4
14,5,0,15,1.0,0.0181880241134037,truck,0.6547664999961853,652.0,45.0,724.0,101.0,3398,axis_right,709.0,45.0,mask PCA skeleton + low contact point,generated_videos/control_points_3_traffic.mp4
14,5,0,15,1.0,0.0181880241134037,truck,0.6547664999961853,652.0,45.0,724.0,101.0,3398,contact_low,688.0,93.0,mask PCA skeleton + low contact point,generated_videos/control_points_3_traffic.mp4
14,0,7,5,0.9148191365227538,4.891046967890389,person,0.8670563697814941,724.0,291.0,768.0,405.0,2910,centroid,746.007568359375,342.7615051269531,mask PCA skeleton + low contact point,generated_videos/control_points_3_traffic.mp4
14,0,7,5,0.9148191365227538,4.891046967890389,person,0.8670563697814941,724.0,291.0,768.0,405.0,2910,axis_front,749.0,404.0,mask PCA skeleton + low contact point,generated_videos/control_points_3_traffic.mp4
14,0,7,5,0.9148191365227538,4.891046967890389,person,0.8670563697814941,724.0,291.0,768.0,405.0,2910,axis_back,755.0,291.0,mask PCA skeleton + low contact point,generated_videos/control_points_3_traffic.mp4
14,0,7,5,0.9148191365227538,4.891046967890389,person,0.8670563697814941,724.0,291.0,768.0,405.0,2910,axis_left,767.0,335.0,mask PCA skeleton + low contact point,generated_videos/control_points_3_traffic.mp4
14,0,7,5,0.9148191365227538,4.891046967890389,person,0.8670563697814941,724.0,291.0,768.0,405.0,2910,axis_right,724.0,334.0,mask PCA skeleton + low contact point,generated_videos/control_points_3_traffic.mp4
14,0,7,5,0.9148191365227538,4.891046967890389,person,0.8670563697814941,724.0,291.0,768.0,405.0,2910,contact_low,753.0,393.0,mask PCA skeleton + low contact point,generated_videos/control_points_3_traffic.mp4
14,1,1,15,0.7777777777777778,4.173424144665146,person,0.8285465836524963,338.0,201.0,371.0,287.0,1819,centroid,354.0351867675781,242.9945068359375,mask PCA skeleton + low contact point,generated_videos/control_points_3_traffic.mp4
14,1,1,15,0.7777777777777778,4.173424144665146,person,0.8285465836524963,338.0,201.0,371.0,287.0,1819,axis_front,357.0,286.0,mask PCA skeleton + low contact point,generated_videos/control_points_3_traffic.mp4
14,1,1,15,0.7777777777777778,4.173424144665146,person,0.8285465836524963,338.0,201.0,371.0,287.0,1819,axis_back,350.0,201.0,mask PCA skeleton + low contact point,generated_videos/control_points_3_traffic.mp4
14,1,1,15,0.7777777777777778,4.173424144665146,person,0.8285465836524963,338.0,201.0,371.0,287.0,1819,axis_left,370.0,242.0,mask PCA skeleton + low contact point,generated_videos/control_points_3_traffic.mp4
14,1,1,15,0.7777777777777778,4.173424144665146,person,0.8285465836524963,338.0,201.0,371.0,287.0,1819,axis_right,338.0,245.0,mask PCA skeleton + low contact point,generated_videos/control_points_3_traffic.mp4
14,1,1,15,0.7777777777777778,4.173424144665146,person,0.8285465836524963,338.0,201.0,371.0,287.0,1819,contact_low,353.0,280.0,mask PCA skeleton + low contact point,generated_videos/control_points_3_traffic.mp4
14,6,6,10,1.0,0.015550743538240276,boat,0.3120596706867218,69.0,498.0,160.0,528.0,1780,centroid,114.38988494873047,513.2617797851562,mask PCA skeleton + low contact point,generated_videos/control_points_3_traffic.mp4
14,6,6,10,1.0,0.015550743538240276,boat,0.3120596706867218,69.0,498.0,160.0,528.0,1780,axis_front,69.0,525.0,mask PCA skeleton + low contact point,generated_videos/control_points_3_traffic.mp4
14,6,6,10,1.0,0.015550743538240276,boat,0.3120596706867218,69.0,498.0,160.0,528.0,1780,axis_back,159.0,504.0,mask PCA skeleton + low contact point,generated_videos/control_points_3_traffic.mp4
14,6,6,10,1.0,0.015550743538240276,boat,0.3120596706867218,69.0,498.0,160.0,528.0,1780,axis_left,121.0,526.0,mask PCA skeleton + low contact point,generated_videos/control_points_3_traffic.mp4
14,6,6,10,1.0,0.015550743538240276,boat,0.3120596706867218,69.0,498.0,160.0,528.0,1780,axis_right,116.0,498.0,mask PCA skeleton + low contact point,generated_videos/control_points_3_traffic.mp4
14,6,6,10,1.0,0.015550743538240276,boat,0.3120596706867218,69.0,498.0,160.0,528.0,1780,contact_low,95.0,526.0,mask PCA skeleton + low contact point,generated_videos/control_points_3_traffic.mp4
14,2,9,2,0.6364812419146184,6.679964159764407,person,0.7824039459228516,509.0,237.0,538.0,321.0,1614,centroid,520.58056640625,278.4417724609375,mask PCA skeleton + low contact point,generated_videos/control_points_3_traffic.mp4
14,2,9,2,0.6364812419146184,6.679964159764407,person,0.7824039459228516,509.0,237.0,538.0,321.0,1614,axis_front,521.0,320.0,mask PCA skeleton + low contact point,generated_videos/control_points_3_traffic.mp4
14,2,9,2,0.6364812419146184,6.679964159764407,person,0.7824039459228516,509.0,237.0,538.0,321.0,1614,axis_back,510.0,237.0,mask PCA skeleton + low contact point,generated_videos/control_points_3_traffic.mp4
14,2,9,2,0.6364812419146184,6.679964159764407,person,0.7824039459228516,509.0,237.0,538.0,321.0,1614,axis_left,537.0,309.0,mask PCA skeleton + low contact point,generated_videos/control_points_3_traffic.mp4
14,2,9,2,0.6364812419146184,6.679964159764407,person,0.7824039459228516,509.0,237.0,538.0,321.0,1614,axis_right,509.0,319.0,mask PCA skeleton + low contact point,generated_videos/control_points_3_traffic.mp4
14,2,9,2,0.6364812419146184,6.679964159764407,person,0.7824039459228516,509.0,237.0,538.0,321.0,1614,contact_low,517.0,316.0,mask PCA skeleton + low contact point,generated_videos/control_points_3_traffic.mp4
14,3,8,4,0.7062187276626162,5.500989380895795,person,0.77613365650177,444.0,173.0,480.0,250.0,1546,centroid,461.71539306640625,213.6371307373047,mask PCA skeleton + low contact point,generated_videos/control_points_3_traffic.mp4
14,3,8,4,0.7062187276626162,5.500989380895795,person,0.77613365650177,444.0,173.0,480.0,250.0,1546,axis_front,454.0,249.0,mask PCA skeleton + low contact point,generated_videos/control_points_3_traffic.mp4
14,3,8,4,0.7062187276626162,5.500989380895795,person,0.77613365650177,444.0,173.0,480.0,250.0,1546,axis_back,455.0,173.0,mask PCA skeleton + low contact point,generated_videos/control_points_3_traffic.mp4
14,3,8,4,0.7062187276626162,5.500989380895795,person,0.77613365650177,444.0,173.0,480.0,250.0,1546,axis_left,479.0,237.0,mask PCA skeleton + low contact point,generated_videos/control_points_3_traffic.mp4
14,3,8,4,0.7062187276626162,5.500989380895795,person,0.77613365650177,444.0,173.0,480.0,250.0,1546,axis_right,444.0,249.0,mask PCA skeleton + low contact point,generated_videos/control_points_3_traffic.mp4
14,3,8,4,0.7062187276626162,5.500989380895795,person,0.77613365650177,444.0,173.0,480.0,250.0,1546,contact_low,452.0,245.0,mask PCA skeleton + low contact point,generated_videos/control_points_3_traffic.mp4
14,4,4,15,1.0,0.0,car,0.7743991017341614,735.0,52.0,768.0,94.0,1301,centroid,751.4896240234375,72.4020004272461,mask PCA skeleton + low contact point,generated_videos/control_points_3_traffic.mp4
14,4,4,15,1.0,0.0,car,0.7743991017341614,735.0,52.0,768.0,94.0,1301,axis_front,736.0,92.0,mask PCA skeleton + low contact point,generated_videos/control_points_3_traffic.mp4
14,4,4,15,1.0,0.0,car,0.7743991017341614,735.0,52.0,768.0,94.0,1301,axis_back,767.0,52.0,mask PCA skeleton + low contact point,generated_videos/control_points_3_traffic.mp4
14,4,4,15,1.0,0.0,car,0.7743991017341614,735.0,52.0,768.0,94.0,1301,axis_left,767.0,93.0,mask PCA skeleton + low contact point,generated_videos/control_points_3_traffic.mp4
14,4,4,15,1.0,0.0,car,0.7743991017341614,735.0,52.0,768.0,94.0,1301,axis_right,735.0,62.0,mask PCA skeleton + low contact point,generated_videos/control_points_3_traffic.mp4
14,4,4,15,1.0,0.0,car,0.7743991017341614,735.0,52.0,768.0,94.0,1301,contact_low,752.0,90.0,mask PCA skeleton + low contact point,generated_videos/control_points_3_traffic.mp4
15,5,0,16,0.9861111111111112,0.31839409338297164,truck,0.6578002572059631,653.0,45.0,724.0,101.0,3354,centroid,686.1580200195312,70.98390197753906,mask PCA skeleton + low contact point,generated_videos/control_points_3_traffic.mp4
15,5,0,16,0.9861111111111112,0.31839409338297164,truck,0.6578002572059631,653.0,45.0,724.0,101.0,3354,axis_front,653.0,54.0,mask PCA skeleton + low contact point,generated_videos/control_points_3_traffic.mp4
15,5,0,16,0.9861111111111112,0.31839409338297164,truck,0.6578002572059631,653.0,45.0,724.0,101.0,3354,axis_back,723.0,85.0,mask PCA skeleton + low contact point,generated_videos/control_points_3_traffic.mp4
15,5,0,16,0.9861111111111112,0.31839409338297164,truck,0.6578002572059631,653.0,45.0,724.0,101.0,3354,axis_left,698.0,100.0,mask PCA skeleton + low contact point,generated_videos/control_points_3_traffic.mp4
15,5,0,16,0.9861111111111112,0.31839409338297164,truck,0.6578002572059631,653.0,45.0,724.0,101.0,3354,axis_right,709.0,45.0,mask PCA skeleton + low contact point,generated_videos/control_points_3_traffic.mp4
15,5,0,16,0.9861111111111112,0.31839409338297164,truck,0.6578002572059631,653.0,45.0,724.0,101.0,3354,contact_low,688.0,93.0,mask PCA skeleton + low contact point,generated_videos/control_points_3_traffic.mp4
15,0,7,6,0.764378478664193,8.018586143174266,person,0.8713884949684143,722.0,287.0,764.0,394.0,2748,centroid,741.5473022460938,336.097900390625,mask PCA skeleton + low contact point,generated_videos/control_points_3_traffic.mp4
15,0,7,6,0.764378478664193,8.018586143174266,person,0.8713884949684143,722.0,287.0,764.0,394.0,2748,axis_front,742.0,393.0,mask PCA skeleton + low contact point,generated_videos/control_points_3_traffic.mp4
15,0,7,6,0.764378478664193,8.018586143174266,person,0.8713884949684143,722.0,287.0,764.0,394.0,2748,axis_back,752.0,287.0,mask PCA skeleton + low contact point,generated_videos/control_points_3_traffic.mp4
15,0,7,6,0.764378478664193,8.018586143174266,person,0.8713884949684143,722.0,287.0,764.0,394.0,2748,axis_left,763.0,327.0,mask PCA skeleton + low contact point,generated_videos/control_points_3_traffic.mp4
15,0,7,6,0.764378478664193,8.018586143174266,person,0.8713884949684143,722.0,287.0,764.0,394.0,2748,axis_right,722.0,328.0,mask PCA skeleton + low contact point,generated_videos/control_points_3_traffic.mp4
15,0,7,6,0.764378478664193,8.018586143174266,person,0.8713884949684143,722.0,287.0,764.0,394.0,2748,contact_low,743.0,384.0,mask PCA skeleton + low contact point,generated_videos/control_points_3_traffic.mp4
15,1,1,16,0.8378378378378378,3.122561766632762,person,0.8492144346237183,340.0,201.0,375.0,287.0,1901,centroid,357.15570068359375,243.10731506347656,mask PCA skeleton + low contact point,generated_videos/control_points_3_traffic.mp4
15,1,1,16,0.8378378378378378,3.122561766632762,person,0.8492144346237183,340.0,201.0,375.0,287.0,1901,axis_front,357.0,286.0,mask PCA skeleton + low contact point,generated_videos/control_points_3_traffic.mp4
15,1,1,16,0.8378378378378378,3.122561766632762,person,0.8492144346237183,340.0,201.0,375.0,287.0,1901,axis_back,353.0,201.0,mask PCA skeleton + low contact point,generated_videos/control_points_3_traffic.mp4
15,1,1,16,0.8378378378378378,3.122561766632762,person,0.8492144346237183,340.0,201.0,375.0,287.0,1901,axis_left,374.0,242.0,mask PCA skeleton + low contact point,generated_videos/control_points_3_traffic.mp4
15,1,1,16,0.8378378378378378,3.122561766632762,person,0.8492144346237183,340.0,201.0,375.0,287.0,1901,axis_right,340.0,244.0,mask PCA skeleton + low contact point,generated_videos/control_points_3_traffic.mp4
15,1,1,16,0.8378378378378378,3.122561766632762,person,0.8492144346237183,340.0,201.0,375.0,287.0,1901,contact_low,353.0,279.0,mask PCA skeleton + low contact point,generated_videos/control_points_3_traffic.mp4
15,6,6,11,0.989010989010989,0.306290143623821,boat,0.35246849060058594,70.0,498.0,160.0,528.0,1757,centroid,114.69379425048828,513.2236938476562,mask PCA skeleton + low contact point,generated_videos/control_points_3_traffic.mp4
15,6,6,11,0.989010989010989,0.306290143623821,boat,0.35246849060058594,70.0,498.0,160.0,528.0,1757,axis_front,70.0,525.0,mask PCA skeleton + low contact point,generated_videos/control_points_3_traffic.mp4
15,6,6,11,0.989010989010989,0.306290143623821,boat,0.35246849060058594,70.0,498.0,160.0,528.0,1757,axis_back,159.0,506.0,mask PCA skeleton + low contact point,generated_videos/control_points_3_traffic.mp4
15,6,6,11,0.989010989010989,0.306290143623821,boat,0.35246849060058594,70.0,498.0,160.0,528.0,1757,axis_left,115.0,527.0,mask PCA skeleton + low contact point,generated_videos/control_points_3_traffic.mp4
15,6,6,11,0.989010989010989,0.306290143623821,boat,0.35246849060058594,70.0,498.0,160.0,528.0,1757,axis_right,117.0,498.0,mask PCA skeleton + low contact point,generated_videos/control_points_3_traffic.mp4
15,6,6,11,0.989010989010989,0.306290143623821,boat,0.35246849060058594,70.0,498.0,160.0,528.0,1757,contact_low,95.0,526.0,mask PCA skeleton + low contact point,generated_videos/control_points_3_traffic.mp4
15,2,9,3,0.4594594594594595,7.909270155227035,person,0.7888760566711426,501.0,237.0,526.0,321.0,1738,centroid,512.6720581054688,278.3320007324219,mask PCA skeleton + low contact point,generated_videos/control_points_3_traffic.mp4
15,2,9,3,0.4594594594594595,7.909270155227035,person,0.7888760566711426,501.0,237.0,526.0,321.0,1738,axis_front,521.0,320.0,mask PCA skeleton + low contact point,generated_videos/control_points_3_traffic.mp4
15,2,9,3,0.4594594594594595,7.909270155227035,person,0.7888760566711426,501.0,237.0,526.0,321.0,1738,axis_back,502.0,237.0,mask PCA skeleton + low contact point,generated_videos/control_points_3_traffic.mp4
15,2,9,3,0.4594594594594595,7.909270155227035,person,0.7888760566711426,501.0,237.0,526.0,321.0,1738,axis_left,525.0,276.0,mask PCA skeleton + low contact point,generated_videos/control_points_3_traffic.mp4
15,2,9,3,0.4594594594594595,7.909270155227035,person,0.7888760566711426,501.0,237.0,526.0,321.0,1738,axis_right,501.0,302.0,mask PCA skeleton + low contact point,generated_videos/control_points_3_traffic.mp4
15,2,9,3,0.4594594594594595,7.909270155227035,person,0.7888760566711426,501.0,237.0,526.0,321.0,1738,contact_low,515.0,314.0,mask PCA skeleton + low contact point,generated_videos/control_points_3_traffic.mp4
15,3,8,5,0.9223300970873787,5.059908005584688,person,0.7600100636482239,443.0,174.0,479.0,251.0,1657,centroid,456.6910095214844,213.0386199951172,mask PCA skeleton + low contact point,generated_videos/control_points_3_traffic.mp4
15,3,8,5,0.9223300970873787,5.059908005584688,person,0.7600100636482239,443.0,174.0,479.0,251.0,1657,axis_front,451.0,250.0,mask PCA skeleton + low contact point,generated_videos/control_points_3_traffic.mp4
15,3,8,5,0.9223300970873787,5.059908005584688,person,0.7600100636482239,443.0,174.0,479.0,251.0,1657,axis_back,447.0,174.0,mask PCA skeleton + low contact point,generated_videos/control_points_3_traffic.mp4
15,3,8,5,0.9223300970873787,5.059908005584688,person,0.7600100636482239,443.0,174.0,479.0,251.0,1657,axis_left,478.0,242.0,mask PCA skeleton + low contact point,generated_videos/control_points_3_traffic.mp4
15,3,8,5,0.9223300970873787,5.059908005584688,person,0.7600100636482239,443.0,174.0,479.0,251.0,1657,axis_right,443.0,249.0,mask PCA skeleton + low contact point,generated_videos/control_points_3_traffic.mp4
15,3,8,5,0.9223300970873787,5.059908005584688,person,0.7600100636482239,443.0,174.0,479.0,251.0,1657,contact_low,450.0,245.0,mask PCA skeleton + low contact point,generated_videos/control_points_3_traffic.mp4
15,4,4,16,1.0,0.08942359472508764,car,0.7467822432518005,735.0,52.0,768.0,94.0,1295,centroid,751.4841918945312,72.312744140625,mask PCA skeleton + low contact point,generated_videos/control_points_3_traffic.mp4
15,4,4,16,1.0,0.08942359472508764,car,0.7467822432518005,735.0,52.0,768.0,94.0,1295,axis_front,736.0,92.0,mask PCA skeleton + low contact point,generated_videos/control_points_3_traffic.mp4
15,4,4,16,1.0,0.08942359472508764,car,0.7467822432518005,735.0,52.0,768.0,94.0,1295,axis_back,767.0,52.0,mask PCA skeleton + low contact point,generated_videos/control_points_3_traffic.mp4
15,4,4,16,1.0,0.08942359472508764,car,0.7467822432518005,735.0,52.0,768.0,94.0,1295,axis_left,767.0,93.0,mask PCA skeleton + low contact point,generated_videos/control_points_3_traffic.mp4
15,4,4,16,1.0,0.08942359472508764,car,0.7467822432518005,735.0,52.0,768.0,94.0,1295,axis_right,735.0,62.0,mask PCA skeleton + low contact point,generated_videos/control_points_3_traffic.mp4
15,4,4,16,1.0,0.08942359472508764,car,0.7467822432518005,735.0,52.0,768.0,94.0,1295,contact_low,751.0,90.0,mask PCA skeleton + low contact point,generated_videos/control_points_3_traffic.mp4
16,4,0,17,1.0,0.03710555067917261,truck,0.651673436164856,653.0,45.0,724.0,101.0,3355,centroid,686.1612548828125,71.02086639404297,mask PCA skeleton + low contact point,generated_videos/control_points_3_traffic.mp4
16,4,0,17,1.0,0.03710555067917261,truck,0.651673436164856,653.0,45.0,724.0,101.0,3355,axis_front,653.0,54.0,mask PCA skeleton + low contact point,generated_videos/control_points_3_traffic.mp4
16,4,0,17,1.0,0.03710555067917261,truck,0.651673436164856,653.0,45.0,724.0,101.0,3355,axis_back,723.0,85.0,mask PCA skeleton + low contact point,generated_videos/control_points_3_traffic.mp4
16,4,0,17,1.0,0.03710555067917261,truck,0.651673436164856,653.0,45.0,724.0,101.0,3355,axis_left,698.0,100.0,mask PCA skeleton + low contact point,generated_videos/control_points_3_traffic.mp4
16,4,0,17,1.0,0.03710555067917261,truck,0.651673436164856,653.0,45.0,724.0,101.0,3355,axis_right,709.0,45.0,mask PCA skeleton + low contact point,generated_videos/control_points_3_traffic.mp4
16,4,0,17,1.0,0.03710555067917261,truck,0.651673436164856,653.0,45.0,724.0,101.0,3355,contact_low,687.0,93.0,mask PCA skeleton + low contact point,generated_videos/control_points_3_traffic.mp4
16,1,7,7,0.7673568818514007,5.53732963548499,person,0.8221911787986755,719.0,284.0,758.0,392.0,2529,centroid,737.73583984375,332.0810546875,mask PCA skeleton + low contact point,generated_videos/control_points_3_traffic.mp4
16,1,7,7,0.7673568818514007,5.53732963548499,person,0.8221911787986755,719.0,284.0,758.0,392.0,2529,axis_front,731.0,391.0,mask PCA skeleton + low contact point,generated_videos/control_points_3_traffic.mp4
16,1,7,7,0.7673568818514007,5.53732963548499,person,0.8221911787986755,719.0,284.0,758.0,392.0,2529,axis_back,745.0,284.0,mask PCA skeleton + low contact point,generated_videos/control_points_3_traffic.mp4
16,1,7,7,0.7673568818514007,5.53732963548499,person,0.8221911787986755,719.0,284.0,758.0,392.0,2529,axis_left,757.0,326.0,mask PCA skeleton + low contact point,generated_videos/control_points_3_traffic.mp4
16,1,7,7,0.7673568818514007,5.53732963548499,person,0.8221911787986755,719.0,284.0,758.0,392.0,2529,axis_right,719.0,332.0,mask PCA skeleton + low contact point,generated_videos/control_points_3_traffic.mp4
16,1,7,7,0.7673568818514007,5.53732963548499,person,0.8221911787986755,719.0,284.0,758.0,392.0,2529,contact_low,735.0,380.0,mask PCA skeleton + low contact point,generated_videos/control_points_3_traffic.mp4
16,2,9,4,0.48936170212765956,8.873143292208763,person,0.8157005310058594,479.0,237.0,524.0,321.0,1962,centroid,504.2359924316406,281.08258056640625,mask PCA skeleton + low contact point,generated_videos/control_points_3_traffic.mp4
16,2,9,4,0.48936170212765956,8.873143292208763,person,0.8157005310058594,479.0,237.0,524.0,321.0,1962,axis_front,514.0,320.0,mask PCA skeleton + low contact point,generated_videos/control_points_3_traffic.mp4
16,2,9,4,0.48936170212765956,8.873143292208763,person,0.8157005310058594,479.0,237.0,524.0,321.0,1962,axis_back,505.0,237.0,mask PCA skeleton + low contact point,generated_videos/control_points_3_traffic.mp4
16,2,9,4,0.48936170212765956,8.873143292208763,person,0.8157005310058594,479.0,237.0,524.0,321.0,1962,axis_left,523.0,317.0,mask PCA skeleton + low contact point,generated_videos/control_points_3_traffic.mp4
16,2,9,4,0.48936170212765956,8.873143292208763,person,0.8157005310058594,479.0,237.0,524.0,321.0,1962,axis_right,479.0,310.0,mask PCA skeleton + low contact point,generated_videos/control_points_3_traffic.mp4
16,2,9,4,0.48936170212765956,8.873143292208763,person,0.8157005310058594,479.0,237.0,524.0,321.0,1962,contact_low,511.0,315.0,mask PCA skeleton + low contact point,generated_videos/control_points_3_traffic.mp4
16,0,1,17,0.7531316834708218,4.085645843774913,person,0.8709293603897095,346.0,198.0,377.0,286.0,1801,centroid,360.64520263671875,240.98223876953125,mask PCA skeleton + low contact point,generated_videos/control_points_3_traffic.mp4
16,0,1,17,0.7531316834708218,4.085645843774913,person,0.8709293603897095,346.0,198.0,377.0,286.0,1801,axis_front,358.0,285.0,mask PCA skeleton + low contact point,generated_videos/control_points_3_traffic.mp4
16,0,1,17,0.7531316834708218,4.085645843774913,person,0.8709293603897095,346.0,198.0,377.0,286.0,1801,axis_back,356.0,198.0,mask PCA skeleton + low contact point,generated_videos/control_points_3_traffic.mp4
16,0,1,17,0.7531316834708218,4.085645843774913,person,0.8709293603897095,346.0,198.0,377.0,286.0,1801,axis_left,376.0,240.0,mask PCA skeleton + low contact point,generated_videos/control_points_3_traffic.mp4
16,0,1,17,0.7531316834708218,4.085645843774913,person,0.8709293603897095,346.0,198.0,377.0,286.0,1801,axis_right,346.0,242.0,mask PCA skeleton + low contact point,generated_videos/control_points_3_traffic.mp4
16,0,1,17,0.7531316834708218,4.085645843774913,person,0.8709293603897095,346.0,198.0,377.0,286.0,1801,contact_low,356.0,277.0,mask PCA skeleton + low contact point,generated_videos/control_points_3_traffic.mp4
16,6,6,12,0.989010989010989,0.3702928501126559,boat,0.35091790556907654,69.0,498.0,160.0,528.0,1762,centroid,114.32463073730469,513.2525634765625,mask PCA skeleton + low contact point,generated_videos/control_points_3_traffic.mp4
16,6,6,12,0.989010989010989,0.3702928501126559,boat,0.35091790556907654,69.0,498.0,160.0,528.0,1762,axis_front,69.0,525.0,mask PCA skeleton + low contact point,generated_videos/control_points_3_traffic.mp4
16,6,6,12,0.989010989010989,0.3702928501126559,boat,0.35091790556907654,69.0,498.0,160.0,528.0,1762,axis_back,159.0,506.0,mask PCA skeleton + low contact point,generated_videos/control_points_3_traffic.mp4
16,6,6,12,0.989010989010989,0.3702928501126559,boat,0.35091790556907654,69.0,498.0,160.0,528.0,1762,axis_left,115.0,527.0,mask PCA skeleton + low contact point,generated_videos/control_points_3_traffic.mp4
16,6,6,12,0.989010989010989,0.3702928501126559,boat,0.35091790556907654,69.0,498.0,160.0,528.0,1762,axis_right,117.0,498.0,mask PCA skeleton + low contact point,generated_videos/control_points_3_traffic.mp4
16,6,6,12,0.989010989010989,0.3702928501126559,boat,0.35091790556907654,69.0,498.0,160.0,528.0,1762,contact_low,95.0,526.0,mask PCA skeleton + low contact point,generated_videos/control_points_3_traffic.mp4
16,5,8,6,0.6835443037974683,5.7338446868081725,person,0.6311196684837341,442.0,174.0,470.0,246.0,1353,centroid,452.01995849609375,209.71322631835938,mask PCA skeleton + low contact point,generated_videos/control_points_3_traffic.mp4
16,5,8,6,0.6835443037974683,5.7338446868081725,person,0.6311196684837341,442.0,174.0,470.0,246.0,1353,axis_front,454.0,245.0,mask PCA skeleton + low contact point,generated_videos/control_points_3_traffic.mp4
16,5,8,6,0.6835443037974683,5.7338446868081725,person,0.6311196684837341,442.0,174.0,470.0,246.0,1353,axis_back,442.0,174.0,mask PCA skeleton + low contact point,generated_videos/control_points_3_traffic.mp4
16,5,8,6,0.6835443037974683,5.7338446868081725,person,0.6311196684837341,442.0,174.0,470.0,246.0,1353,axis_left,469.0,234.0,mask PCA skeleton + low contact point,generated_videos/control_points_3_traffic.mp4
16,5,8,6,0.6835443037974683,5.7338446868081725,person,0.6311196684837341,442.0,174.0,470.0,246.0,1353,axis_right,442.0,245.0,mask PCA skeleton + low contact point,generated_videos/control_points_3_traffic.mp4
16,5,8,6,0.6835443037974683,5.7338446868081725,person,0.6311196684837341,442.0,174.0,470.0,246.0,1353,contact_low,449.0,241.0,mask PCA skeleton + low contact point,generated_videos/control_points_3_traffic.mp4
16,3,4,17,1.0,0.028555082049721372,car,0.7442951202392578,735.0,52.0,768.0,94.0,1297,centroid,751.4757080078125,72.34001922607422,mask PCA skeleton + low contact point,generated_videos/control_points_3_traffic.mp4
16,3,4,17,1.0,0.028555082049721372,car,0.7442951202392578,735.0,52.0,768.0,94.0,1297,axis_front,737.0,92.0,mask PCA skeleton + low contact point,generated_videos/control_points_3_traffic.mp4
16,3,4,17,1.0,0.028555082049721372,car,0.7442951202392578,735.0,52.0,768.0,94.0,1297,axis_back,767.0,52.0,mask PCA skeleton + low contact point,generated_videos/control_points_3_traffic.mp4
16,3,4,17,1.0,0.028555082049721372,car,0.7442951202392578,735.0,52.0,768.0,94.0,1297,axis_left,767.0,93.0,mask PCA skeleton + low contact point,generated_videos/control_points_3_traffic.mp4
16,3,4,17,1.0,0.028555082049721372,car,0.7442951202392578,735.0,52.0,768.0,94.0,1297,axis_right,735.0,62.0,mask PCA skeleton + low contact point,generated_videos/control_points_3_traffic.mp4
16,3,4,17,1.0,0.028555082049721372,car,0.7442951202392578,735.0,52.0,768.0,94.0,1297,contact_low,751.0,90.0,mask PCA skeleton + low contact point,generated_videos/control_points_3_traffic.mp4
17,5,0,18,1.0,0.0554801499420361,truck,0.6487816572189331,653.0,45.0,724.0,101.0,3362,centroid,686.1100463867188,71.042236328125,mask PCA skeleton + low contact point,generated_videos/control_points_3_traffic.mp4
17,5,0,18,1.0,0.0554801499420361,truck,0.6487816572189331,653.0,45.0,724.0,101.0,3362,axis_front,653.0,54.0,mask PCA skeleton + low contact point,generated_videos/control_points_3_traffic.mp4
17,5,0,18,1.0,0.0554801499420361,truck,0.6487816572189331,653.0,45.0,724.0,101.0,3362,axis_back,723.0,85.0,mask PCA skeleton + low contact point,generated_videos/control_points_3_traffic.mp4
17,5,0,18,1.0,0.0554801499420361,truck,0.6487816572189331,653.0,45.0,724.0,101.0,3362,axis_left,698.0,100.0,mask PCA skeleton + low contact point,generated_videos/control_points_3_traffic.mp4
17,5,0,18,1.0,0.0554801499420361,truck,0.6487816572189331,653.0,45.0,724.0,101.0,3362,axis_right,709.0,45.0,mask PCA skeleton + low contact point,generated_videos/control_points_3_traffic.mp4
17,5,0,18,1.0,0.0554801499420361,truck,0.6487816572189331,653.0,45.0,724.0,101.0,3362,contact_low,687.0,93.0,mask PCA skeleton + low contact point,generated_videos/control_points_3_traffic.mp4
17,1,7,8,0.4826801105870873,10.105985022892085,person,0.7985865473747253,702.0,281.0,747.0,390.0,2709,centroid,728.0350952148438,334.91400146484375,mask PCA skeleton + low contact point,generated_videos/control_points_3_traffic.mp4
17,1,7,8,0.4826801105870873,10.105985022892085,person,0.7985865473747253,702.0,281.0,747.0,390.0,2709,axis_front,731.0,389.0,mask PCA skeleton + low contact point,generated_videos/control_points_3_traffic.mp4
17,1,7,8,0.4826801105870873,10.105985022892085,person,0.7985865473747253,702.0,281.0,747.0,390.0,2709,axis_back,735.0,281.0,mask PCA skeleton + low contact point,generated_videos/control_points_3_traffic.mp4
17,1,7,8,0.4826801105870873,10.105985022892085,person,0.7985865473747253,702.0,281.0,747.0,390.0,2709,axis_left,742.0,386.0,mask PCA skeleton + low contact point,generated_videos/control_points_3_traffic.mp4
17,1,7,8,0.4826801105870873,10.105985022892085,person,0.7985865473747253,702.0,281.0,747.0,390.0,2709,axis_right,702.0,371.0,mask PCA skeleton + low contact point,generated_videos/control_points_3_traffic.mp4
17,1,7,8,0.4826801105870873,10.105985022892085,person,0.7985865473747253,702.0,281.0,747.0,390.0,2709,contact_low,736.0,379.0,mask PCA skeleton + low contact point,generated_videos/control_points_3_traffic.mp4
17,0,9,5,0.6723672367236724,15.746335471396627,person,0.816101610660553,471.0,237.0,515.0,320.0,1882,centroid,488.5727844238281,279.4665222167969,mask PCA skeleton + low contact point,generated_videos/control_points_3_traffic.mp4
17,0,9,5,0.6723672367236724,15.746335471396627,person,0.816101610660553,471.0,237.0,515.0,320.0,1882,axis_front,511.0,319.0,mask PCA skeleton + low contact point,generated_videos/control_points_3_traffic.mp4
17,0,9,5,0.6723672367236724,15.746335471396627,person,0.816101610660553,471.0,237.0,515.0,320.0,1882,axis_back,476.0,237.0,mask PCA skeleton + low contact point,generated_videos/control_points_3_traffic.mp4
17,0,9,5,0.6723672367236724,15.746335471396627,person,0.816101610660553,471.0,237.0,515.0,320.0,1882,axis_left,514.0,309.0,mask PCA skeleton + low contact point,generated_videos/control_points_3_traffic.mp4
17,0,9,5,0.6723672367236724,15.746335471396627,person,0.816101610660553,471.0,237.0,515.0,320.0,1882,axis_right,471.0,319.0,mask PCA skeleton + low contact point,generated_videos/control_points_3_traffic.mp4
17,0,9,5,0.6723672367236724,15.746335471396627,person,0.816101610660553,471.0,237.0,515.0,320.0,1882,contact_low,480.0,314.0,mask PCA skeleton + low contact point,generated_videos/control_points_3_traffic.mp4
17,3,10,1,,,person,0.7728726267814636,746.0,280.0,768.0,382.0,1782,centroid,758.54150390625,330.1924743652344,mask PCA skeleton + low contact point,generated_videos/control_points_3_traffic.mp4
17,3,10,1,,,person,0.7728726267814636,746.0,280.0,768.0,382.0,1782,axis_front,767.0,381.0,mask PCA skeleton + low contact point,generated_videos/control_points_3_traffic.mp4
17,3,10,1,,,person,0.7728726267814636,746.0,280.0,768.0,382.0,1782,axis_back,753.0,280.0,mask PCA skeleton + low contact point,generated_videos/control_points_3_traffic.mp4
17,3,10,1,,,person,0.7728726267814636,746.0,280.0,768.0,382.0,1782,axis_left,767.0,280.0,mask PCA skeleton + low contact point,generated_videos/control_points_3_traffic.mp4
17,3,10,1,,,person,0.7728726267814636,746.0,280.0,768.0,382.0,1782,axis_right,746.0,329.0,mask PCA skeleton + low contact point,generated_videos/control_points_3_traffic.mp4
17,3,10,1,,,person,0.7728726267814636,746.0,280.0,768.0,382.0,1782,contact_low,761.0,375.0,mask PCA skeleton + low contact point,generated_videos/control_points_3_traffic.mp4
17,6,6,13,0.989010989010989,0.2885094699685349,boat,0.33229711651802063,70.0,498.0,160.0,528.0,1750,centroid,114.60742950439453,513.1954345703125,mask PCA skeleton + low contact point,generated_videos/control_points_3_traffic.mp4
17,6,6,13,0.989010989010989,0.2885094699685349,boat,0.33229711651802063,70.0,498.0,160.0,528.0,1750,axis_front,70.0,525.0,mask PCA skeleton + low contact point,generated_videos/control_points_3_traffic.mp4
17,6,6,13,0.989010989010989,0.2885094699685349,boat,0.33229711651802063,70.0,498.0,160.0,528.0,1750,axis_back,159.0,506.0,mask PCA skeleton + low contact point,generated_videos/control_points_3_traffic.mp4
17,6,6,13,0.989010989010989,0.2885094699685349,boat,0.33229711651802063,70.0,498.0,160.0,528.0,1750,axis_left,115.0,527.0,mask PCA skeleton + low contact point,generated_videos/control_points_3_traffic.mp4
17,6,6,13,0.989010989010989,0.2885094699685349,boat,0.33229711651802063,70.0,498.0,160.0,528.0,1750,axis_right,117.0,498.0,mask PCA skeleton + low contact point,generated_videos/control_points_3_traffic.mp4
17,6,6,13,0.989010989010989,0.2885094699685349,boat,0.33229711651802063,70.0,498.0,160.0,528.0,1750,contact_low,95.0,526.0,mask PCA skeleton + low contact point,generated_videos/control_points_3_traffic.mp4
17,2,1,18,0.4941053183128111,10.158516976697284,person,0.7922540307044983,354.0,195.0,389.0,280.0,1714,centroid,368.5950927734375,234.65811157226562,mask PCA skeleton + low contact point,generated_videos/control_points_3_traffic.mp4
17,2,1,18,0.4941053183128111,10.158516976697284,person,0.7922540307044983,354.0,195.0,389.0,280.0,1714,axis_front,373.0,279.0,mask PCA skeleton + low contact point,generated_videos/control_points_3_traffic.mp4
17,2,1,18,0.4941053183128111,10.158516976697284,person,0.7922540307044983,354.0,195.0,389.0,280.0,1714,axis_back,360.0,195.0,mask PCA skeleton + low contact point,generated_videos/control_points_3_traffic.mp4
17,2,1,18,0.4941053183128111,10.158516976697284,person,0.7922540307044983,354.0,195.0,389.0,280.0,1714,axis_left,388.0,232.0,mask PCA skeleton + low contact point,generated_videos/control_points_3_traffic.mp4
17,2,1,18,0.4941053183128111,10.158516976697284,person,0.7922540307044983,354.0,195.0,389.0,280.0,1714,axis_right,354.0,231.0,mask PCA skeleton + low contact point,generated_videos/control_points_3_traffic.mp4
17,2,1,18,0.4941053183128111,10.158516976697284,person,0.7922540307044983,354.0,195.0,389.0,280.0,1714,contact_low,370.0,272.0,mask PCA skeleton + low contact point,generated_videos/control_points_3_traffic.mp4
17,4,4,18,1.0,0.016842582106687883,car,0.7476981282234192,735.0,52.0,768.0,94.0,1301,centroid,751.4588623046875,72.34050750732422,mask PCA skeleton + low contact point,generated_videos/control_points_3_traffic.mp4
17,4,4,18,1.0,0.016842582106687883,car,0.7476981282234192,735.0,52.0,768.0,94.0,1301,axis_front,736.0,92.0,mask PCA skeleton + low contact point,generated_videos/control_points_3_traffic.mp4
17,4,4,18,1.0,0.016842582106687883,car,0.7476981282234192,735.0,52.0,768.0,94.0,1301,axis_back,767.0,52.0,mask PCA skeleton + low contact point,generated_videos/control_points_3_traffic.mp4
17,4,4,18,1.0,0.016842582106687883,car,0.7476981282234192,735.0,52.0,768.0,94.0,1301,axis_left,767.0,93.0,mask PCA skeleton + low contact point,generated_videos/control_points_3_traffic.mp4
17,4,4,18,1.0,0.016842582106687883,car,0.7476981282234192,735.0,52.0,768.0,94.0,1301,axis_right,735.0,62.0,mask PCA skeleton + low contact point,generated_videos/control_points_3_traffic.mp4
17,4,4,18,1.0,0.016842582106687883,car,0.7476981282234192,735.0,52.0,768.0,94.0,1301,contact_low,751.0,90.0,mask PCA skeleton + low contact point,generated_videos/control_points_3_traffic.mp4
17,7,8,7,0.36926229508196723,13.925352674468511,person,0.31783434748649597,434.0,174.0,459.0,227.0,782,centroid,444.978271484375,197.69949340820312,mask PCA skeleton + low contact point,generated_videos/control_points_3_traffic.mp4
17,7,8,7,0.36926229508196723,13.925352674468511,person,0.31783434748649597,434.0,174.0,459.0,227.0,782,axis_front,451.0,226.0,mask PCA skeleton + low contact point,generated_videos/control_points_3_traffic.mp4
17,7,8,7,0.36926229508196723,13.925352674468511,person,0.31783434748649597,434.0,174.0,459.0,227.0,782,axis_back,434.0,174.0,mask PCA skeleton + low contact point,generated_videos/control_points_3_traffic.mp4
17,7,8,7,0.36926229508196723,13.925352674468511,person,0.31783434748649597,434.0,174.0,459.0,227.0,782,axis_left,454.0,194.0,mask PCA skeleton + low contact point,generated_videos/control_points_3_traffic.mp4
17,7,8,7,0.36926229508196723,13.925352674468511,person,0.31783434748649597,434.0,174.0,459.0,227.0,782,axis_right,434.0,199.0,mask PCA skeleton + low contact point,generated_videos/control_points_3_traffic.mp4
17,7,8,7,0.36926229508196723,13.925352674468511,person,0.31783434748649597,434.0,174.0,459.0,227.0,782,contact_low,447.0,220.0,mask PCA skeleton + low contact point,generated_videos/control_points_3_traffic.mp4
18,5,0,19,1.0,0.008671849932829533,truck,0.6580450534820557,653.0,45.0,724.0,101.0,3362,centroid,686.1014404296875,71.04134368896484,mask PCA skeleton + low contact point,generated_videos/control_points_3_traffic.mp4
18,5,0,19,1.0,0.008671849932829533,truck,0.6580450534820557,653.0,45.0,724.0,101.0,3362,axis_front,653.0,54.0,mask PCA skeleton + low contact point,generated_videos/control_points_3_traffic.mp4
18,5,0,19,1.0,0.008671849932829533,truck,0.6580450534820557,653.0,45.0,724.0,101.0,3362,axis_back,723.0,85.0,mask PCA skeleton + low contact point,generated_videos/control_points_3_traffic.mp4
18,5,0,19,1.0,0.008671849932829533,truck,0.6580450534820557,653.0,45.0,724.0,101.0,3362,axis_left,698.0,100.0,mask PCA skeleton + low contact point,generated_videos/control_points_3_traffic.mp4
18,5,0,19,1.0,0.008671849932829533,truck,0.6580450534820557,653.0,45.0,724.0,101.0,3362,axis_right,709.0,45.0,mask PCA skeleton + low contact point,generated_videos/control_points_3_traffic.mp4
18,5,0,19,1.0,0.008671849932829533,truck,0.6580450534820557,653.0,45.0,724.0,101.0,3362,contact_low,687.0,93.0,mask PCA skeleton + low contact point,generated_videos/control_points_3_traffic.mp4
18,0,7,9,0.8261617900172117,5.001267043484955,person,0.8091849088668823,699.0,281.0,742.0,389.0,2678,centroid,723.2449340820312,333.4761047363281,mask PCA skeleton + low contact point,generated_videos/control_points_3_traffic.mp4
18,0,7,9,0.8261617900172117,5.001267043484955,person,0.8091849088668823,699.0,281.0,742.0,389.0,2678,axis_front,740.0,388.0,mask PCA skeleton + low contact point,generated_videos/control_points_3_traffic.mp4
18,0,7,9,0.8261617900172117,5.001267043484955,person,0.8091849088668823,699.0,281.0,742.0,389.0,2678,axis_back,717.0,281.0,mask PCA skeleton + low contact point,generated_videos/control_points_3_traffic.mp4
18,0,7,9,0.8261617900172117,5.001267043484955,person,0.8091849088668823,699.0,281.0,742.0,389.0,2678,axis_left,741.0,372.0,mask PCA skeleton + low contact point,generated_videos/control_points_3_traffic.mp4
18,0,7,9,0.8261617900172117,5.001267043484955,person,0.8091849088668823,699.0,281.0,742.0,389.0,2678,axis_right,699.0,375.0,mask PCA skeleton + low contact point,generated_videos/control_points_3_traffic.mp4
18,0,7,9,0.8261617900172117,5.001267043484955,person,0.8091849088668823,699.0,281.0,742.0,389.0,2678,contact_low,735.0,377.0,mask PCA skeleton + low contact point,generated_videos/control_points_3_traffic.mp4
18,1,10,2,0.7857142857142857,3.868396065875379,person,0.8052898645401001,740.0,280.0,768.0,382.0,2128,centroid,756.0474853515625,327.2354431152344,mask PCA skeleton + low contact point,generated_videos/control_points_3_traffic.mp4
18,1,10,2,0.7857142857142857,3.868396065875379,person,0.8052898645401001,740.0,280.0,768.0,382.0,2128,axis_front,767.0,381.0,mask PCA skeleton + low contact point,generated_videos/control_points_3_traffic.mp4
18,1,10,2,0.7857142857142857,3.868396065875379,person,0.8052898645401001,740.0,280.0,768.0,382.0,2128,axis_back,747.0,280.0,mask PCA skeleton + low contact point,generated_videos/control_points_3_traffic.mp4
18,1,10,2,0.7857142857142857,3.868396065875379,person,0.8052898645401001,740.0,280.0,768.0,382.0,2128,axis_left,767.0,285.0,mask PCA skeleton + low contact point,generated_videos/control_points_3_traffic.mp4
18,1,10,2,0.7857142857142857,3.868396065875379,person,0.8052898645401001,740.0,280.0,768.0,382.0,2128,axis_right,740.0,363.0,mask PCA skeleton + low contact point,generated_videos/control_points_3_traffic.mp4
18,1,10,2,0.7857142857142857,3.868396065875379,person,0.8052898645401001,740.0,280.0,768.0,382.0,2128,contact_low,763.0,369.0,mask PCA skeleton + low contact point,generated_videos/control_points_3_traffic.mp4
18,3,1,19,0.6979362101313321,4.0147248559133155,person,0.7695679664611816,358.0,195.0,398.0,279.0,1792,centroid,372.1194152832031,236.58091735839844,mask PCA skeleton + low contact point,generated_videos/control_points_3_traffic.mp4
18,3,1,19,0.6979362101313321,4.0147248559133155,person,0.7695679664611816,358.0,195.0,398.0,279.0,1792,axis_front,381.0,278.0,mask PCA skeleton + low contact point,generated_videos/control_points_3_traffic.mp4
18,3,1,19,0.6979362101313321,4.0147248559133155,person,0.7695679664611816,358.0,195.0,398.0,279.0,1792,axis_back,364.0,195.0,mask PCA skeleton + low contact point,generated_videos/control_points_3_traffic.mp4
18,3,1,19,0.6979362101313321,4.0147248559133155,person,0.7695679664611816,358.0,195.0,398.0,279.0,1792,axis_left,397.0,222.0,mask PCA skeleton + low contact point,generated_videos/control_points_3_traffic.mp4
18,3,1,19,0.6979362101313321,4.0147248559133155,person,0.7695679664611816,358.0,195.0,398.0,279.0,1792,axis_right,358.0,229.0,mask PCA skeleton + low contact point,generated_videos/control_points_3_traffic.mp4
18,3,1,19,0.6979362101313321,4.0147248559133155,person,0.7695679664611816,358.0,195.0,398.0,279.0,1792,contact_low,374.0,273.0,mask PCA skeleton + low contact point,generated_videos/control_points_3_traffic.mp4
18,2,9,6,0.5496688741721855,8.86539141734108,person,0.802949845790863,467.0,234.0,498.0,320.0,1786,centroid,480.3409729003906,276.1752624511719,mask PCA skeleton + low contact point,generated_videos/control_points_3_traffic.mp4
18,2,9,6,0.5496688741721855,8.86539141734108,person,0.802949845790863,467.0,234.0,498.0,320.0,1786,axis_front,481.0,319.0,mask PCA skeleton + low contact point,generated_videos/control_points_3_traffic.mp4
18,2,9,6,0.5496688741721855,8.86539141734108,person,0.802949845790863,467.0,234.0,498.0,320.0,1786,axis_back,468.0,234.0,mask PCA skeleton + low contact point,generated_videos/control_points_3_traffic.mp4
18,2,9,6,0.5496688741721855,8.86539141734108,person,0.802949845790863,467.0,234.0,498.0,320.0,1786,axis_left,494.0,261.0,mask PCA skeleton + low contact point,generated_videos/control_points_3_traffic.mp4
18,2,9,6,0.5496688741721855,8.86539141734108,person,0.802949845790863,467.0,234.0,498.0,320.0,1786,axis_right,468.0,280.0,mask PCA skeleton + low contact point,generated_videos/control_points_3_traffic.mp4
18,2,9,6,0.5496688741721855,8.86539141734108,person,0.802949845790863,467.0,234.0,498.0,320.0,1786,contact_low,479.0,312.0,mask PCA skeleton + low contact point,generated_videos/control_points_3_traffic.mp4
18,6,6,14,1.0,0.01404492674968633,boat,0.3488280773162842,70.0,498.0,160.0,528.0,1754,centroid,114.6214370727539,513.1943969726562,mask PCA skeleton + low contact point,generated_videos/control_points_3_traffic.mp4
18,6,6,14,1.0,0.01404492674968633,boat,0.3488280773162842,70.0,498.0,160.0,528.0,1754,axis_front,70.0,525.0,mask PCA skeleton + low contact point,generated_videos/control_points_3_traffic.mp4
18,6,6,14,1.0,0.01404492674968633,boat,0.3488280773162842,70.0,498.0,160.0,528.0,1754,axis_back,159.0,506.0,mask PCA skeleton + low contact point,generated_videos/control_points_3_traffic.mp4
18,6,6,14,1.0,0.01404492674968633,boat,0.3488280773162842,70.0,498.0,160.0,528.0,1754,axis_left,115.0,527.0,mask PCA skeleton + low contact point,generated_videos/control_points_3_traffic.mp4
18,6,6,14,1.0,0.01404492674968633,boat,0.3488280773162842,70.0,498.0,160.0,528.0,1754,axis_right,117.0,498.0,mask PCA skeleton + low contact point,generated_videos/control_points_3_traffic.mp4
18,6,6,14,1.0,0.01404492674968633,boat,0.3488280773162842,70.0,498.0,160.0,528.0,1754,contact_low,95.0,526.0,mask PCA skeleton + low contact point,generated_videos/control_points_3_traffic.mp4
18,4,4,19,1.0,0.0310735706291353,car,0.7375105023384094,735.0,52.0,768.0,94.0,1299,centroid,751.4603271484375,72.3094711303711,mask PCA skeleton + low contact point,generated_videos/control_points_3_traffic.mp4
18,4,4,19,1.0,0.0310735706291353,car,0.7375105023384094,735.0,52.0,768.0,94.0,1299,axis_front,737.0,92.0,mask PCA skeleton + low contact point,generated_videos/control_points_3_traffic.mp4
18,4,4,19,1.0,0.0310735706291353,car,0.7375105023384094,735.0,52.0,768.0,94.0,1299,axis_back,767.0,52.0,mask PCA skeleton + low contact point,generated_videos/control_points_3_traffic.mp4
18,4,4,19,1.0,0.0310735706291353,car,0.7375105023384094,735.0,52.0,768.0,94.0,1299,axis_left,767.0,93.0,mask PCA skeleton + low contact point,generated_videos/control_points_3_traffic.mp4
18,4,4,19,1.0,0.0310735706291353,car,0.7375105023384094,735.0,52.0,768.0,94.0,1299,axis_right,735.0,62.0,mask PCA skeleton + low contact point,generated_videos/control_points_3_traffic.mp4
18,4,4,19,1.0,0.0310735706291353,car,0.7375105023384094,735.0,52.0,768.0,94.0,1299,contact_low,751.0,90.0,mask PCA skeleton + low contact point,generated_videos/control_points_3_traffic.mp4
18,7,8,8,0.6815094339622642,0.811322588489396,person,0.28674304485321045,435.0,177.0,456.0,220.0,581,centroid,444.2908630371094,197.2685089111328,mask PCA skeleton + low contact point,generated_videos/control_points_3_traffic.mp4
18,7,8,8,0.6815094339622642,0.811322588489396,person,0.28674304485321045,435.0,177.0,456.0,220.0,581,axis_front,454.0,219.0,mask PCA skeleton + low contact point,generated_videos/control_points_3_traffic.mp4
18,7,8,8,0.6815094339622642,0.811322588489396,person,0.28674304485321045,435.0,177.0,456.0,220.0,581,axis_back,435.0,177.0,mask PCA skeleton + low contact point,generated_videos/control_points_3_traffic.mp4
18,7,8,8,0.6815094339622642,0.811322588489396,person,0.28674304485321045,435.0,177.0,456.0,220.0,581,axis_left,451.0,190.0,mask PCA skeleton + low contact point,generated_videos/control_points_3_traffic.mp4
18,7,8,8,0.6815094339622642,0.811322588489396,person,0.28674304485321045,435.0,177.0,456.0,220.0,581,axis_right,435.0,202.0,mask PCA skeleton + low contact point,generated_videos/control_points_3_traffic.mp4
18,7,8,8,0.6815094339622642,0.811322588489396,person,0.28674304485321045,435.0,177.0,456.0,220.0,581,contact_low,451.0,216.0,mask PCA skeleton + low contact point,generated_videos/control_points_3_traffic.mp4
19,5,0,20,1.0,0.03138813645414609,truck,0.6601738333702087,653.0,45.0,724.0,101.0,3358,centroid,686.1292724609375,71.02680206298828,mask PCA skeleton + low contact point,generated_videos/control_points_3_traffic.mp4
19,5,0,20,1.0,0.03138813645414609,truck,0.6601738333702087,653.0,45.0,724.0,101.0,3358,axis_front,653.0,54.0,mask PCA skeleton + low contact point,generated_videos/control_points_3_traffic.mp4
19,5,0,20,1.0,0.03138813645414609,truck,0.6601738333702087,653.0,45.0,724.0,101.0,3358,axis_back,723.0,85.0,mask PCA skeleton + low contact point,generated_videos/control_points_3_traffic.mp4
19,5,0,20,1.0,0.03138813645414609,truck,0.6601738333702087,653.0,45.0,724.0,101.0,3358,axis_left,698.0,100.0,mask PCA skeleton + low contact point,generated_videos/control_points_3_traffic.mp4
19,5,0,20,1.0,0.03138813645414609,truck,0.6601738333702087,653.0,45.0,724.0,101.0,3358,axis_right,709.0,45.0,mask PCA skeleton + low contact point,generated_videos/control_points_3_traffic.mp4
19,5,0,20,1.0,0.03138813645414609,truck,0.6601738333702087,653.0,45.0,724.0,101.0,3358,contact_low,687.0,93.0,mask PCA skeleton + low contact point,generated_videos/control_points_3_traffic.mp4
19,3,7,10,0.8234421364985163,6.658347146761573,person,0.774303674697876,700.0,279.0,737.0,386.0,2550,centroid,718.1494140625,329.190185546875,mask PCA skeleton + low contact point,generated_videos/control_points_3_traffic.mp4
19,3,7,10,0.8234421364985163,6.658347146761573,person,0.774303674697876,700.0,279.0,737.0,386.0,2550,axis_front,736.0,385.0,mask PCA skeleton + low contact point,generated_videos/control_points_3_traffic.mp4
19,3,7,10,0.8234421364985163,6.658347146761573,person,0.774303674697876,700.0,279.0,737.0,386.0,2550,axis_back,710.0,279.0,mask PCA skeleton + low contact point,generated_videos/control_points_3_traffic.mp4
19,3,7,10,0.8234421364985163,6.658347146761573,person,0.774303674697876,700.0,279.0,737.0,386.0,2550,axis_left,733.0,300.0,mask PCA skeleton + low contact point,generated_videos/control_points_3_traffic.mp4
19,3,7,10,0.8234421364985163,6.658347146761573,person,0.774303674697876,700.0,279.0,737.0,386.0,2550,axis_right,700.0,374.0,mask PCA skeleton + low contact point,generated_videos/control_points_3_traffic.mp4
19,3,7,10,0.8234421364985163,6.658347146761573,person,0.774303674697876,700.0,279.0,737.0,386.0,2550,contact_low,730.0,374.0,mask PCA skeleton + low contact point,generated_videos/control_points_3_traffic.mp4
19,0,10,3,0.8182349503214494,4.294882521384751,person,0.8145484328269958,735.0,278.0,768.0,380.0,2283,centroid,752.0736083984375,325.6062316894531,mask PCA skeleton + low contact point,generated_videos/control_points_3_traffic.mp4
19,0,10,3,0.8182349503214494,4.294882521384751,person,0.8145484328269958,735.0,278.0,768.0,380.0,2283,axis_front,764.0,379.0,mask PCA skeleton + low contact point,generated_videos/control_points_3_traffic.mp4
19,0,10,3,0.8182349503214494,4.294882521384751,person,0.8145484328269958,735.0,278.0,768.0,380.0,2283,axis_back,744.0,278.0,mask PCA skeleton + low contact point,generated_videos/control_points_3_traffic.mp4
19,0,10,3,0.8182349503214494,4.294882521384751,person,0.8145484328269958,735.0,278.0,768.0,380.0,2283,axis_left,767.0,298.0,mask PCA skeleton + low contact point,generated_videos/control_points_3_traffic.mp4
19,0,10,3,0.8182349503214494,4.294882521384751,person,0.8145484328269958,735.0,278.0,768.0,380.0,2283,axis_right,735.0,379.0,mask PCA skeleton + low contact point,generated_videos/control_points_3_traffic.mp4
19,0,10,3,0.8182349503214494,4.294882521384751,person,0.8145484328269958,735.0,278.0,768.0,380.0,2283,contact_low,761.0,369.0,mask PCA skeleton + low contact point,generated_videos/control_points_3_traffic.mp4
19,1,1,20,0.9512195121951219,2.360777329177225,person,0.792712390422821,359.0,195.0,399.0,279.0,1895,centroid,374.15777587890625,235.3899688720703,mask PCA skeleton + low contact point,generated_videos/control_points_3_traffic.mp4
19,1,1,20,0.9512195121951219,2.360777329177225,person,0.792712390422821,359.0,195.0,399.0,279.0,1895,axis_front,371.0,278.0,mask PCA skeleton + low contact point,generated_videos/control_points_3_traffic.mp4
19,1,1,20,0.9512195121951219,2.360777329177225,person,0.792712390422821,359.0,195.0,399.0,279.0,1895,axis_back,366.0,195.0,mask PCA skeleton + low contact point,generated_videos/control_points_3_traffic.mp4
19,1,1,20,0.9512195121951219,2.360777329177225,person,0.792712390422821,359.0,195.0,399.0,279.0,1895,axis_left,398.0,214.0,mask PCA skeleton + low contact point,generated_videos/control_points_3_traffic.mp4
19,1,1,20,0.9512195121951219,2.360777329177225,person,0.792712390422821,359.0,195.0,399.0,279.0,1895,axis_right,359.0,225.0,mask PCA skeleton + low contact point,generated_videos/control_points_3_traffic.mp4
19,1,1,20,0.9512195121951219,2.360777329177225,person,0.792712390422821,359.0,195.0,399.0,279.0,1895,contact_low,371.0,271.0,mask PCA skeleton + low contact point,generated_videos/control_points_3_traffic.mp4
19,6,6,15,0.989010989010989,0.34054318195272504,boat,0.3548818528652191,69.0,498.0,160.0,528.0,1762,centroid,114.28660583496094,513.2565307617188,mask PCA skeleton + low contact point,generated_videos/control_points_3_traffic.mp4
19,6,6,15,0.989010989010989,0.34054318195272504,boat,0.3548818528652191,69.0,498.0,160.0,528.0,1762,axis_front,69.0,525.0,mask PCA skeleton + low contact point,generated_videos/control_points_3_traffic.mp4
19,6,6,15,0.989010989010989,0.34054318195272504,boat,0.3548818528652191,69.0,498.0,160.0,528.0,1762,axis_back,159.0,506.0,mask PCA skeleton + low contact point,generated_videos/control_points_3_traffic.mp4
19,6,6,15,0.989010989010989,0.34054318195272504,boat,0.3548818528652191,69.0,498.0,160.0,528.0,1762,axis_left,115.0,527.0,mask PCA skeleton + low contact point,generated_videos/control_points_3_traffic.mp4
19,6,6,15,0.989010989010989,0.34054318195272504,boat,0.3548818528652191,69.0,498.0,160.0,528.0,1762,axis_right,117.0,498.0,mask PCA skeleton + low contact point,generated_videos/control_points_3_traffic.mp4
19,6,6,15,0.989010989010989,0.34054318195272504,boat,0.3548818528652191,69.0,498.0,160.0,528.0,1762,contact_low,94.0,526.0,mask PCA skeleton + low contact point,generated_videos/control_points_3_traffic.mp4
19,2,9,7,0.5095104458995946,7.738165695107449,person,0.7854966521263123,461.0,233.0,486.0,320.0,1717,centroid,472.7431640625,274.7082214355469,mask PCA skeleton + low contact point,generated_videos/control_points_3_traffic.mp4
19,2,9,7,0.5095104458995946,7.738165695107449,person,0.7854966521263123,461.0,233.0,486.0,320.0,1717,axis_front,479.0,319.0,mask PCA skeleton + low contact point,generated_videos/control_points_3_traffic.mp4
19,2,9,7,0.5095104458995946,7.738165695107449,person,0.7854966521263123,461.0,233.0,486.0,320.0,1717,axis_back,462.0,233.0,mask PCA skeleton + low contact point,generated_videos/control_points_3_traffic.mp4
19,2,9,7,0.5095104458995946,7.738165695107449,person,0.7854966521263123,461.0,233.0,486.0,320.0,1717,axis_left,485.0,252.0,mask PCA skeleton + low contact point,generated_videos/control_points_3_traffic.mp4
19,2,9,7,0.5095104458995946,7.738165695107449,person,0.7854966521263123,461.0,233.0,486.0,320.0,1717,axis_right,461.0,277.0,mask PCA skeleton + low contact point,generated_videos/control_points_3_traffic.mp4
19,2,9,7,0.5095104458995946,7.738165695107449,person,0.7854966521263123,461.0,233.0,486.0,320.0,1717,contact_low,474.0,314.0,mask PCA skeleton + low contact point,generated_videos/control_points_3_traffic.mp4
19,4,4,20,1.0,0.03419057693182739,car,0.7372391819953918,735.0,52.0,768.0,94.0,1297,centroid,751.4757080078125,72.34001922607422,mask PCA skeleton + low contact point,generated_videos/control_points_3_traffic.mp4
19,4,4,20,1.0,0.03419057693182739,car,0.7372391819953918,735.0,52.0,768.0,94.0,1297,axis_front,737.0,92.0,mask PCA skeleton + low contact point,generated_videos/control_points_3_traffic.mp4
19,4,4,20,1.0,0.03419057693182739,car,0.7372391819953918,735.0,52.0,768.0,94.0,1297,axis_back,767.0,52.0,mask PCA skeleton + low contact point,generated_videos/control_points_3_traffic.mp4
19,4,4,20,1.0,0.03419057693182739,car,0.7372391819953918,735.0,52.0,768.0,94.0,1297,axis_left,767.0,93.0,mask PCA skeleton + low contact point,generated_videos/control_points_3_traffic.mp4
19,4,4,20,1.0,0.03419057693182739,car,0.7372391819953918,735.0,52.0,768.0,94.0,1297,axis_right,735.0,62.0,mask PCA skeleton + low contact point,generated_videos/control_points_3_traffic.mp4
19,4,4,20,1.0,0.03419057693182739,car,0.7372391819953918,735.0,52.0,768.0,94.0,1297,contact_low,751.0,90.0,mask PCA skeleton + low contact point,generated_videos/control_points_3_traffic.mp4
20,5,0,21,1.0,0.03923340931057826,truck,0.6544623374938965,653.0,45.0,724.0,101.0,3359,centroid,686.0925903320312,71.04078674316406,mask PCA skeleton + low contact point,generated_videos/control_points_3_traffic.mp4
20,5,0,21,1.0,0.03923340931057826,truck,0.6544623374938965,653.0,45.0,724.0,101.0,3359,axis_front,653.0,54.0,mask PCA skeleton + low contact point,generated_videos/control_points_3_traffic.mp4
20,5,0,21,1.0,0.03923340931057826,truck,0.6544623374938965,653.0,45.0,724.0,101.0,3359,axis_back,723.0,85.0,mask PCA skeleton + low contact point,generated_videos/control_points_3_traffic.mp4
20,5,0,21,1.0,0.03923340931057826,truck,0.6544623374938965,653.0,45.0,724.0,101.0,3359,axis_left,698.0,100.0,mask PCA skeleton + low contact point,generated_videos/control_points_3_traffic.mp4
20,5,0,21,1.0,0.03923340931057826,truck,0.6544623374938965,653.0,45.0,724.0,101.0,3359,axis_right,709.0,45.0,mask PCA skeleton + low contact point,generated_videos/control_points_3_traffic.mp4
20,5,0,21,1.0,0.03923340931057826,truck,0.6544623374938965,653.0,45.0,724.0,101.0,3359,contact_low,687.0,93.0,mask PCA skeleton + low contact point,generated_videos/control_points_3_traffic.mp4
20,0,7,11,0.43311627906976746,14.402603214719932,person,0.8675683736801147,688.0,272.0,724.0,376.0,2507,centroid,705.8372802734375,321.7171936035156,mask PCA skeleton + low contact point,generated_videos/control_points_3_traffic.mp4
20,0,7,11,0.43311627906976746,14.402603214719932,person,0.8675683736801147,688.0,272.0,724.0,376.0,2507,axis_front,700.0,375.0,mask PCA skeleton + low contact point,generated_videos/control_points_3_traffic.mp4
20,0,7,11,0.43311627906976746,14.402603214719932,person,0.8675683736801147,688.0,272.0,724.0,376.0,2507,axis_back,712.0,272.0,mask PCA skeleton + low contact point,generated_videos/control_points_3_traffic.mp4
20,0,7,11,0.43311627906976746,14.402603214719932,person,0.8675683736801147,688.0,272.0,724.0,376.0,2507,axis_left,723.0,309.0,mask PCA skeleton + low contact point,generated_videos/control_points_3_traffic.mp4
20,0,7,11,0.43311627906976746,14.402603214719932,person,0.8675683736801147,688.0,272.0,724.0,376.0,2507,axis_right,688.0,311.0,mask PCA skeleton + low contact point,generated_videos/control_points_3_traffic.mp4
20,0,7,11,0.43311627906976746,14.402603214719932,person,0.8675683736801147,688.0,272.0,724.0,376.0,2507,contact_low,706.0,368.0,mask PCA skeleton + low contact point,generated_videos/control_points_3_traffic.mp4
20,4,10,4,0.5003585943103036,13.266673488139366,person,0.739102303981781,728.0,272.0,758.0,369.0,2092,centroid,742.2322998046875,316.7093811035156,mask PCA skeleton + low contact point,generated_videos/control_points_3_traffic.mp4
20,4,10,4,0.5003585943103036,13.266673488139366,person,0.739102303981781,728.0,272.0,758.0,369.0,2092,axis_front,737.0,368.0,mask PCA skeleton + low contact point,generated_videos/control_points_3_traffic.mp4
20,4,10,4,0.5003585943103036,13.266673488139366,person,0.739102303981781,728.0,272.0,758.0,369.0,2092,axis_back,748.0,272.0,mask PCA skeleton + low contact point,generated_videos/control_points_3_traffic.mp4
20,4,10,4,0.5003585943103036,13.266673488139366,person,0.739102303981781,728.0,272.0,758.0,369.0,2092,axis_left,757.0,328.0,mask PCA skeleton + low contact point,generated_videos/control_points_3_traffic.mp4
20,4,10,4,0.5003585943103036,13.266673488139366,person,0.739102303981781,728.0,272.0,758.0,369.0,2092,axis_right,728.0,328.0,mask PCA skeleton + low contact point,generated_videos/control_points_3_traffic.mp4
20,4,10,4,0.5003585943103036,13.266673488139366,person,0.739102303981781,728.0,272.0,758.0,369.0,2092,contact_low,741.0,358.0,mask PCA skeleton + low contact point,generated_videos/control_points_3_traffic.mp4
20,1,1,21,0.7587732232379829,3.7731160883200356,person,0.8189027309417725,364.0,194.0,395.0,278.0,1836,centroid,377.87799072265625,234.76034545898438,mask PCA skeleton + low contact point,generated_videos/control_points_3_traffic.mp4
20,1,1,21,0.7587732232379829,3.7731160883200356,person,0.8189027309417725,364.0,194.0,395.0,278.0,1836,axis_front,374.0,277.0,mask PCA skeleton + low contact point,generated_videos/control_points_3_traffic.mp4
20,1,1,21,0.7587732232379829,3.7731160883200356,person,0.8189027309417725,364.0,194.0,395.0,278.0,1836,axis_back,371.0,194.0,mask PCA skeleton + low contact point,generated_videos/control_points_3_traffic.mp4
20,1,1,21,0.7587732232379829,3.7731160883200356,person,0.8189027309417725,364.0,194.0,395.0,278.0,1836,axis_left,394.0,219.0,mask PCA skeleton + low contact point,generated_videos/control_points_3_traffic.mp4
20,1,1,21,0.7587732232379829,3.7731160883200356,person,0.8189027309417725,364.0,194.0,395.0,278.0,1836,axis_right,364.0,233.0,mask PCA skeleton + low contact point,generated_videos/control_points_3_traffic.mp4
20,1,1,21,0.7587732232379829,3.7731160883200356,person,0.8189027309417725,364.0,194.0,395.0,278.0,1836,contact_low,372.0,270.0,mask PCA skeleton + low contact point,generated_videos/control_points_3_traffic.mp4
20,2,9,8,0.4544980443285528,14.216956610436267,person,0.8077964782714844,441.0,233.0,482.0,316.0,1788,centroid,458.5357971191406,275.2304382324219,mask PCA skeleton + low contact point,generated_videos/control_points_3_traffic.mp4
20,2,9,8,0.4544980443285528,14.216956610436267,person,0.8077964782714844,441.0,233.0,482.0,316.0,1788,axis_front,477.0,315.0,mask PCA skeleton + low contact point,generated_videos/control_points_3_traffic.mp4
20,2,9,8,0.4544980443285528,14.216956610436267,person,0.8077964782714844,441.0,233.0,482.0,316.0,1788,axis_back,450.0,233.0,mask PCA skeleton + low contact point,generated_videos/control_points_3_traffic.mp4
20,2,9,8,0.4544980443285528,14.216956610436267,person,0.8077964782714844,441.0,233.0,482.0,316.0,1788,axis_left,481.0,310.0,mask PCA skeleton + low contact point,generated_videos/control_points_3_traffic.mp4
20,2,9,8,0.4544980443285528,14.216956610436267,person,0.8077964782714844,441.0,233.0,482.0,316.0,1788,axis_right,441.0,313.0,mask PCA skeleton + low contact point,generated_videos/control_points_3_traffic.mp4
20,2,9,8,0.4544980443285528,14.216956610436267,person,0.8077964782714844,441.0,233.0,482.0,316.0,1788,contact_low,472.0,309.0,mask PCA skeleton + low contact point,generated_videos/control_points_3_traffic.mp4
20,6,6,16,1.0,0.017161019731368937,boat,0.3711402416229248,69.0,498.0,160.0,528.0,1767,centroid,114.29824829101562,513.243896484375,mask PCA skeleton + low contact point,generated_videos/control_points_3_traffic.mp4
20,6,6,16,1.0,0.017161019731368937,boat,0.3711402416229248,69.0,498.0,160.0,528.0,1767,axis_front,69.0,525.0,mask PCA skeleton + low contact point,generated_videos/control_points_3_traffic.mp4
20,6,6,16,1.0,0.017161019731368937,boat,0.3711402416229248,69.0,498.0,160.0,528.0,1767,axis_back,159.0,506.0,mask PCA skeleton + low contact point,generated_videos/control_points_3_traffic.mp4
20,6,6,16,1.0,0.017161019731368937,boat,0.3711402416229248,69.0,498.0,160.0,528.0,1767,axis_left,115.0,527.0,mask PCA skeleton + low contact point,generated_videos/control_points_3_traffic.mp4
20,6,6,16,1.0,0.017161019731368937,boat,0.3711402416229248,69.0,498.0,160.0,528.0,1767,axis_right,116.0,498.0,mask PCA skeleton + low contact point,generated_videos/control_points_3_traffic.mp4
20,6,6,16,1.0,0.017161019731368937,boat,0.3711402416229248,69.0,498.0,160.0,528.0,1767,contact_low,94.0,526.0,mask PCA skeleton + low contact point,generated_videos/control_points_3_traffic.mp4
20,3,4,21,1.0,0.031301969512618336,car,0.7420437335968018,735.0,52.0,768.0,94.0,1300,centroid,751.448486328125,72.32461547851562,mask PCA skeleton + low contact point,generated_videos/control_points_3_traffic.mp4
20,3,4,21,1.0,0.031301969512618336,car,0.7420437335968018,735.0,52.0,768.0,94.0,1300,axis_front,736.0,92.0,mask PCA skeleton + low contact point,generated_videos/control_points_3_traffic.mp4
20,3,4,21,1.0,0.031301969512618336,car,0.7420437335968018,735.0,52.0,768.0,94.0,1300,axis_back,767.0,52.0,mask PCA skeleton + low contact point,generated_videos/control_points_3_traffic.mp4
20,3,4,21,1.0,0.031301969512618336,car,0.7420437335968018,735.0,52.0,768.0,94.0,1300,axis_left,767.0,93.0,mask PCA skeleton + low contact point,generated_videos/control_points_3_traffic.mp4
20,3,4,21,1.0,0.031301969512618336,car,0.7420437335968018,735.0,52.0,768.0,94.0,1300,axis_right,735.0,62.0,mask PCA skeleton + low contact point,generated_videos/control_points_3_traffic.mp4
20,3,4,21,1.0,0.031301969512618336,car,0.7420437335968018,735.0,52.0,768.0,94.0,1300,contact_low,751.0,90.0,mask PCA skeleton + low contact point,generated_videos/control_points_3_traffic.mp4
21,5,0,22,1.0,0.03728291511099479,truck,0.6585474014282227,653.0,45.0,724.0,101.0,3358,centroid,686.1188354492188,71.01429748535156,mask PCA skeleton + low contact point,generated_videos/control_points_3_traffic.mp4
21,5,0,22,1.0,0.03728291511099479,truck,0.6585474014282227,653.0,45.0,724.0,101.0,3358,axis_front,653.0,54.0,mask PCA skeleton + low contact point,generated_videos/control_points_3_traffic.mp4
21,5,0,22,1.0,0.03728291511099479,truck,0.6585474014282227,653.0,45.0,724.0,101.0,3358,axis_back,723.0,85.0,mask PCA skeleton + low contact point,generated_videos/control_points_3_traffic.mp4
21,5,0,22,1.0,0.03728291511099479,truck,0.6585474014282227,653.0,45.0,724.0,101.0,3358,axis_left,698.0,100.0,mask PCA skeleton + low contact point,generated_videos/control_points_3_traffic.mp4
21,5,0,22,1.0,0.03728291511099479,truck,0.6585474014282227,653.0,45.0,724.0,101.0,3358,axis_right,709.0,45.0,mask PCA skeleton + low contact point,generated_videos/control_points_3_traffic.mp4
21,5,0,22,1.0,0.03728291511099479,truck,0.6585474014282227,653.0,45.0,724.0,101.0,3358,contact_low,687.0,93.0,mask PCA skeleton + low contact point,generated_videos/control_points_3_traffic.mp4
21,2,10,5,0.6786296900489397,6.887853549367671,person,0.7894194722175598,720.0,272.0,754.0,368.0,2373,centroid,736.4779052734375,320.4947204589844,mask PCA skeleton + low contact point,generated_videos/control_points_3_traffic.mp4
21,2,10,5,0.6786296900489397,6.887853549367671,person,0.7894194722175598,720.0,272.0,754.0,368.0,2373,axis_front,740.0,367.0,mask PCA skeleton + low contact point,generated_videos/control_points_3_traffic.mp4
21,2,10,5,0.6786296900489397,6.887853549367671,person,0.7894194722175598,720.0,272.0,754.0,368.0,2373,axis_back,743.0,272.0,mask PCA skeleton + low contact point,generated_videos/control_points_3_traffic.mp4
21,2,10,5,0.6786296900489397,6.887853549367671,person,0.7894194722175598,720.0,272.0,754.0,368.0,2373,axis_left,753.0,327.0,mask PCA skeleton + low contact point,generated_videos/control_points_3_traffic.mp4
21,2,10,5,0.6786296900489397,6.887853549367671,person,0.7894194722175598,720.0,272.0,754.0,368.0,2373,axis_right,720.0,327.0,mask PCA skeleton + low contact point,generated_videos/control_points_3_traffic.mp4
21,2,10,5,0.6786296900489397,6.887853549367671,person,0.7894194722175598,720.0,272.0,754.0,368.0,2373,contact_low,733.0,360.0,mask PCA skeleton + low contact point,generated_videos/control_points_3_traffic.mp4
21,0,7,12,0.7497674418604651,5.742496988402957,person,0.8563390374183655,683.0,272.0,719.0,377.0,2294,centroid,701.1499633789062,318.3997497558594,mask PCA skeleton + low contact point,generated_videos/control_points_3_traffic.mp4
21,0,7,12,0.7497674418604651,5.742496988402957,person,0.8563390374183655,683.0,272.0,719.0,377.0,2294,axis_front,702.0,376.0,mask PCA skeleton + low contact point,generated_videos/control_points_3_traffic.mp4
21,0,7,12,0.7497674418604651,5.742496988402957,person,0.8563390374183655,683.0,272.0,719.0,377.0,2294,axis_back,709.0,272.0,mask PCA skeleton + low contact point,generated_videos/control_points_3_traffic.mp4
21,0,7,12,0.7497674418604651,5.742496988402957,person,0.8563390374183655,683.0,272.0,719.0,377.0,2294,axis_left,718.0,309.0,mask PCA skeleton + low contact point,generated_videos/control_points_3_traffic.mp4
21,0,7,12,0.7497674418604651,5.742496988402957,person,0.8563390374183655,683.0,272.0,719.0,377.0,2294,axis_right,683.0,310.0,mask PCA skeleton + low contact point,generated_videos/control_points_3_traffic.mp4
21,0,7,12,0.7497674418604651,5.742496988402957,person,0.8563390374183655,683.0,272.0,719.0,377.0,2294,contact_low,703.0,367.0,mask PCA skeleton + low contact point,generated_videos/control_points_3_traffic.mp4
21,1,1,22,0.8210594315245479,2.506906751785123,person,0.8172453045845032,364.0,194.0,401.0,276.0,1909,centroid,380.03875732421875,233.4892578125,mask PCA skeleton + low contact point,generated_videos/control_points_3_traffic.mp4
21,1,1,22,0.8210594315245479,2.506906751785123,person,0.8172453045845032,364.0,194.0,401.0,276.0,1909,axis_front,374.0,275.0,mask PCA skeleton + low contact point,generated_videos/control_points_3_traffic.mp4
21,1,1,22,0.8210594315245479,2.506906751785123,person,0.8172453045845032,364.0,194.0,401.0,276.0,1909,axis_back,375.0,194.0,mask PCA skeleton + low contact point,generated_videos/control_points_3_traffic.mp4
21,1,1,22,0.8210594315245479,2.506906751785123,person,0.8172453045845032,364.0,194.0,401.0,276.0,1909,axis_left,400.0,224.0,mask PCA skeleton + low contact point,generated_videos/control_points_3_traffic.mp4
21,1,1,22,0.8210594315245479,2.506906751785123,person,0.8172453045845032,364.0,194.0,401.0,276.0,1909,axis_right,364.0,232.0,mask PCA skeleton + low contact point,generated_videos/control_points_3_traffic.mp4
21,1,1,22,0.8210594315245479,2.506906751785123,person,0.8172453045845032,364.0,194.0,401.0,276.0,1909,contact_low,375.0,268.0,mask PCA skeleton + low contact point,generated_videos/control_points_3_traffic.mp4
21,6,6,17,1.0,0.047953201960350605,boat,0.37295523285865784,69.0,498.0,160.0,528.0,1769,centroid,114.34595489501953,513.2391357421875,mask PCA skeleton + low contact point,generated_videos/control_points_3_traffic.mp4
21,6,6,17,1.0,0.047953201960350605,boat,0.37295523285865784,69.0,498.0,160.0,528.0,1769,axis_front,69.0,525.0,mask PCA skeleton + low contact point,generated_videos/control_points_3_traffic.mp4
21,6,6,17,1.0,0.047953201960350605,boat,0.37295523285865784,69.0,498.0,160.0,528.0,1769,axis_back,159.0,506.0,mask PCA skeleton + low contact point,generated_videos/control_points_3_traffic.mp4
21,6,6,17,1.0,0.047953201960350605,boat,0.37295523285865784,69.0,498.0,160.0,528.0,1769,axis_left,115.0,527.0,mask PCA skeleton + low contact point,generated_videos/control_points_3_traffic.mp4
21,6,6,17,1.0,0.047953201960350605,boat,0.37295523285865784,69.0,498.0,160.0,528.0,1769,axis_right,116.0,498.0,mask PCA skeleton + low contact point,generated_videos/control_points_3_traffic.mp4
21,6,6,17,1.0,0.047953201960350605,boat,0.37295523285865784,69.0,498.0,160.0,528.0,1769,contact_low,94.0,526.0,mask PCA skeleton + low contact point,generated_videos/control_points_3_traffic.mp4
21,3,9,9,0.5998291085160923,7.547250447426903,person,0.7822424173355103,440.0,232.0,467.0,314.0,1650,centroid,451.3563537597656,272.90301513671875,mask PCA skeleton + low contact point,generated_videos/control_points_3_traffic.mp4
21,3,9,9,0.5998291085160923,7.547250447426903,person,0.7822424173355103,440.0,232.0,467.0,314.0,1650,axis_front,440.0,313.0,mask PCA skeleton + low contact point,generated_videos/control_points_3_traffic.mp4
21,3,9,9,0.5998291085160923,7.547250447426903,person,0.7822424173355103,440.0,232.0,467.0,314.0,1650,axis_back,454.0,232.0,mask PCA skeleton + low contact point,generated_videos/control_points_3_traffic.mp4
21,3,9,9,0.5998291085160923,7.547250447426903,person,0.7822424173355103,440.0,232.0,467.0,314.0,1650,axis_left,466.0,308.0,mask PCA skeleton + low contact point,generated_videos/control_points_3_traffic.mp4
21,3,9,9,0.5998291085160923,7.547250447426903,person,0.7822424173355103,440.0,232.0,467.0,314.0,1650,axis_right,440.0,263.0,mask PCA skeleton + low contact point,generated_videos/control_points_3_traffic.mp4
21,3,9,9,0.5998291085160923,7.547250447426903,person,0.7822424173355103,440.0,232.0,467.0,314.0,1650,contact_low,447.0,308.0,mask PCA skeleton + low contact point,generated_videos/control_points_3_traffic.mp4
21,4,4,22,1.0,0.019001348898589798,car,0.734906792640686,735.0,52.0,768.0,94.0,1301,centroid,751.4588623046875,72.34050750732422,mask PCA skeleton + low contact point,generated_videos/control_points_3_traffic.mp4
21,4,4,22,1.0,0.019001348898589798,car,0.734906792640686,735.0,52.0,768.0,94.0,1301,axis_front,736.0,92.0,mask PCA skeleton + low contact point,generated_videos/control_points_3_traffic.mp4
21,4,4,22,1.0,0.019001348898589798,car,0.734906792640686,735.0,52.0,768.0,94.0,1301,axis_back,767.0,52.0,mask PCA skeleton + low contact point,generated_videos/control_points_3_traffic.mp4
21,4,4,22,1.0,0.019001348898589798,car,0.734906792640686,735.0,52.0,768.0,94.0,1301,axis_left,767.0,93.0,mask PCA skeleton + low contact point,generated_videos/control_points_3_traffic.mp4
21,4,4,22,1.0,0.019001348898589798,car,0.734906792640686,735.0,52.0,768.0,94.0,1301,axis_right,735.0,62.0,mask PCA skeleton + low contact point,generated_videos/control_points_3_traffic.mp4
21,4,4,22,1.0,0.019001348898589798,car,0.734906792640686,735.0,52.0,768.0,94.0,1301,contact_low,751.0,90.0,mask PCA skeleton + low contact point,generated_videos/control_points_3_traffic.mp4
22,5,0,23,1.0,0.04595086483289083,truck,0.6597802042961121,653.0,45.0,724.0,101.0,3361,centroid,686.1124877929688,71.05980682373047,mask PCA skeleton + low contact point,generated_videos/control_points_3_traffic.mp4
22,5,0,23,1.0,0.04595086483289083,truck,0.6597802042961121,653.0,45.0,724.0,101.0,3361,axis_front,653.0,54.0,mask PCA skeleton + low contact point,generated_videos/control_points_3_traffic.mp4
22,5,0,23,1.0,0.04595086483289083,truck,0.6597802042961121,653.0,45.0,724.0,101.0,3361,axis_back,723.0,85.0,mask PCA skeleton + low contact point,generated_videos/control_points_3_traffic.mp4
22,5,0,23,1.0,0.04595086483289083,truck,0.6597802042961121,653.0,45.0,724.0,101.0,3361,axis_left,698.0,100.0,mask PCA skeleton + low contact point,generated_videos/control_points_3_traffic.mp4
22,5,0,23,1.0,0.04595086483289083,truck,0.6597802042961121,653.0,45.0,724.0,101.0,3361,axis_right,709.0,45.0,mask PCA skeleton + low contact point,generated_videos/control_points_3_traffic.mp4
22,5,0,23,1.0,0.04595086483289083,truck,0.6597802042961121,653.0,45.0,724.0,101.0,3361,contact_low,687.0,93.0,mask PCA skeleton + low contact point,generated_videos/control_points_3_traffic.mp4
22,0,7,13,0.6774193548387096,5.976091712741047,person,0.8668210506439209,674.0,270.0,714.0,377.0,2605,centroid,695.548583984375,320.4825439453125,mask PCA skeleton + low contact point,generated_videos/control_points_3_traffic.mp4
22,0,7,13,0.6774193548387096,5.976091712741047,person,0.8668210506439209,674.0,270.0,714.0,377.0,2605,axis_front,701.0,376.0,mask PCA skeleton + low contact point,generated_videos/control_points_3_traffic.mp4
22,0,7,13,0.6774193548387096,5.976091712741047,person,0.8668210506439209,674.0,270.0,714.0,377.0,2605,axis_back,704.0,270.0,mask PCA skeleton + low contact point,generated_videos/control_points_3_traffic.mp4
22,0,7,13,0.6774193548387096,5.976091712741047,person,0.8668210506439209,674.0,270.0,714.0,377.0,2605,axis_left,713.0,310.0,mask PCA skeleton + low contact point,generated_videos/control_points_3_traffic.mp4
22,0,7,13,0.6774193548387096,5.976091712741047,person,0.8668210506439209,674.0,270.0,714.0,377.0,2605,axis_right,674.0,317.0,mask PCA skeleton + low contact point,generated_videos/control_points_3_traffic.mp4
22,0,7,13,0.6774193548387096,5.976091712741047,person,0.8668210506439209,674.0,270.0,714.0,377.0,2605,contact_low,703.0,366.0,mask PCA skeleton + low contact point,generated_videos/control_points_3_traffic.mp4
22,2,10,6,0.6911447084233261,4.970543442771756,person,0.7995419502258301,711.0,272.0,750.0,369.0,2286,centroid,732.2208862304688,317.9287109375,mask PCA skeleton + low contact point,generated_videos/control_points_3_traffic.mp4
22,2,10,6,0.6911447084233261,4.970543442771756,person,0.7995419502258301,711.0,272.0,750.0,369.0,2286,axis_front,740.0,368.0,mask PCA skeleton + low contact point,generated_videos/control_points_3_traffic.mp4
22,2,10,6,0.6911447084233261,4.970543442771756,person,0.7995419502258301,711.0,272.0,750.0,369.0,2286,axis_back,741.0,272.0,mask PCA skeleton + low contact point,generated_videos/control_points_3_traffic.mp4
22,2,10,6,0.6911447084233261,4.970543442771756,person,0.7995419502258301,711.0,272.0,750.0,369.0,2286,axis_left,749.0,329.0,mask PCA skeleton + low contact point,generated_videos/control_points_3_traffic.mp4
22,2,10,6,0.6911447084233261,4.970543442771756,person,0.7995419502258301,711.0,272.0,750.0,369.0,2286,axis_right,711.0,342.0,mask PCA skeleton + low contact point,generated_videos/control_points_3_traffic.mp4
22,2,10,6,0.6911447084233261,4.970543442771756,person,0.7995419502258301,711.0,272.0,750.0,369.0,2286,contact_low,740.0,357.0,mask PCA skeleton + low contact point,generated_videos/control_points_3_traffic.mp4
22,1,1,23,0.8178913738019169,2.6123476303301456,person,0.8347647786140442,366.0,191.0,398.0,274.0,1843,centroid,382.1899108886719,232.00704956054688,mask PCA skeleton + low contact point,generated_videos/control_points_3_traffic.mp4
22,1,1,23,0.8178913738019169,2.6123476303301456,person,0.8347647786140442,366.0,191.0,398.0,274.0,1843,axis_front,376.0,273.0,mask PCA skeleton + low contact point,generated_videos/control_points_3_traffic.mp4
22,1,1,23,0.8178913738019169,2.6123476303301456,person,0.8347647786140442,366.0,191.0,398.0,274.0,1843,axis_back,380.0,191.0,mask PCA skeleton + low contact point,generated_videos/control_points_3_traffic.mp4
22,1,1,23,0.8178913738019169,2.6123476303301456,person,0.8347647786140442,366.0,191.0,398.0,274.0,1843,axis_left,397.0,219.0,mask PCA skeleton + low contact point,generated_videos/control_points_3_traffic.mp4
22,1,1,23,0.8178913738019169,2.6123476303301456,person,0.8347647786140442,366.0,191.0,398.0,274.0,1843,axis_right,366.0,233.0,mask PCA skeleton + low contact point,generated_videos/control_points_3_traffic.mp4
22,1,1,23,0.8178913738019169,2.6123476303301456,person,0.8347647786140442,366.0,191.0,398.0,274.0,1843,contact_low,378.0,267.0,mask PCA skeleton + low contact point,generated_videos/control_points_3_traffic.mp4
22,7,6,18,1.0,0.031358122583259776,boat,0.3782366216182709,69.0,498.0,160.0,528.0,1775,centroid,114.3701400756836,513.2191772460938,mask PCA skeleton + low contact point,generated_videos/control_points_3_traffic.mp4
22,7,6,18,1.0,0.031358122583259776,boat,0.3782366216182709,69.0,498.0,160.0,528.0,1775,axis_front,69.0,526.0,mask PCA skeleton + low contact point,generated_videos/control_points_3_traffic.mp4
22,7,6,18,1.0,0.031358122583259776,boat,0.3782366216182709,69.0,498.0,160.0,528.0,1775,axis_back,159.0,506.0,mask PCA skeleton + low contact point,generated_videos/control_points_3_traffic.mp4
22,7,6,18,1.0,0.031358122583259776,boat,0.3782366216182709,69.0,498.0,160.0,528.0,1775,axis_left,115.0,527.0,mask PCA skeleton + low contact point,generated_videos/control_points_3_traffic.mp4
22,7,6,18,1.0,0.031358122583259776,boat,0.3782366216182709,69.0,498.0,160.0,528.0,1775,axis_right,116.0,498.0,mask PCA skeleton + low contact point,generated_videos/control_points_3_traffic.mp4
22,7,6,18,1.0,0.031358122583259776,boat,0.3782366216182709,69.0,498.0,160.0,528.0,1775,contact_low,94.0,526.0,mask PCA skeleton + low contact point,generated_videos/control_points_3_traffic.mp4
22,3,9,10,0.6237623762376238,6.037493842343796,person,0.7340281009674072,434.0,233.0,461.0,315.0,1583,centroid,445.43524169921875,271.7232971191406,mask PCA skeleton + low contact point,generated_videos/control_points_3_traffic.mp4
22,3,9,10,0.6237623762376238,6.037493842343796,person,0.7340281009674072,434.0,233.0,461.0,315.0,1583,axis_front,438.0,314.0,mask PCA skeleton + low contact point,generated_videos/control_points_3_traffic.mp4
22,3,9,10,0.6237623762376238,6.037493842343796,person,0.7340281009674072,434.0,233.0,461.0,315.0,1583,axis_back,451.0,233.0,mask PCA skeleton + low contact point,generated_videos/control_points_3_traffic.mp4
22,3,9,10,0.6237623762376238,6.037493842343796,person,0.7340281009674072,434.0,233.0,461.0,315.0,1583,axis_left,460.0,259.0,mask PCA skeleton + low contact point,generated_videos/control_points_3_traffic.mp4
22,3,9,10,0.6237623762376238,6.037493842343796,person,0.7340281009674072,434.0,233.0,461.0,315.0,1583,axis_right,434.0,257.0,mask PCA skeleton + low contact point,generated_videos/control_points_3_traffic.mp4
22,3,9,10,0.6237623762376238,6.037493842343796,person,0.7340281009674072,434.0,233.0,461.0,315.0,1583,contact_low,443.0,307.0,mask PCA skeleton + low contact point,generated_videos/control_points_3_traffic.mp4
22,4,4,23,1.0,0.026525880001959153,car,0.7295656204223633,735.0,52.0,768.0,94.0,1299,centroid,751.4564819335938,72.3140869140625,mask PCA skeleton + low contact point,generated_videos/control_points_3_traffic.mp4
22,4,4,23,1.0,0.026525880001959153,car,0.7295656204223633,735.0,52.0,768.0,94.0,1299,axis_front,737.0,92.0,mask PCA skeleton + low contact point,generated_videos/control_points_3_traffic.mp4
22,4,4,23,1.0,0.026525880001959153,car,0.7295656204223633,735.0,52.0,768.0,94.0,1299,axis_back,767.0,52.0,mask PCA skeleton + low contact point,generated_videos/control_points_3_traffic.mp4
22,4,4,23,1.0,0.026525880001959153,car,0.7295656204223633,735.0,52.0,768.0,94.0,1299,axis_left,767.0,93.0,mask PCA skeleton + low contact point,generated_videos/control_points_3_traffic.mp4
22,4,4,23,1.0,0.026525880001959153,car,0.7295656204223633,735.0,52.0,768.0,94.0,1299,axis_right,735.0,62.0,mask PCA skeleton + low contact point,generated_videos/control_points_3_traffic.mp4
22,4,4,23,1.0,0.026525880001959153,car,0.7295656204223633,735.0,52.0,768.0,94.0,1299,contact_low,751.0,90.0,mask PCA skeleton + low contact point,generated_videos/control_points_3_traffic.mp4
22,6,8,9,0.0,35.85497785125433,person,0.4515026807785034,402.0,173.0,422.0,252.0,1068,centroid,411.0589904785156,210.73033142089844,mask PCA skeleton + low contact point,generated_videos/control_points_3_traffic.mp4
22,6,8,9,0.0,35.85497785125433,person,0.4515026807785034,402.0,173.0,422.0,252.0,1068,axis_front,406.0,251.0,mask PCA skeleton + low contact point,generated_videos/control_points_3_traffic.mp4
22,6,8,9,0.0,35.85497785125433,person,0.4515026807785034,402.0,173.0,422.0,252.0,1068,axis_back,419.0,173.0,mask PCA skeleton + low contact point,generated_videos/control_points_3_traffic.mp4
22,6,8,9,0.0,35.85497785125433,person,0.4515026807785034,402.0,173.0,422.0,252.0,1068,axis_left,417.0,251.0,mask PCA skeleton + low contact point,generated_videos/control_points_3_traffic.mp4
22,6,8,9,0.0,35.85497785125433,person,0.4515026807785034,402.0,173.0,422.0,252.0,1068,axis_right,402.0,173.0,mask PCA skeleton + low contact point,generated_videos/control_points_3_traffic.mp4
22,6,8,9,0.0,35.85497785125433,person,0.4515026807785034,402.0,173.0,422.0,252.0,1068,contact_low,410.0,248.0,mask PCA skeleton + low contact point,generated_videos/control_points_3_traffic.mp4
23,6,0,24,1.0,0.03940552129379127,truck,0.6596930623054504,653.0,45.0,724.0,101.0,3355,centroid,686.087646484375,71.02921295166016,mask PCA skeleton + low contact point,generated_videos/control_points_3_traffic.mp4
23,6,0,24,1.0,0.03940552129379127,truck,0.6596930623054504,653.0,45.0,724.0,101.0,3355,axis_front,653.0,54.0,mask PCA skeleton + low contact point,generated_videos/control_points_3_traffic.mp4
23,6,0,24,1.0,0.03940552129379127,truck,0.6596930623054504,653.0,45.0,724.0,101.0,3355,axis_back,723.0,85.0,mask PCA skeleton + low contact point,generated_videos/control_points_3_traffic.mp4
23,6,0,24,1.0,0.03940552129379127,truck,0.6596930623054504,653.0,45.0,724.0,101.0,3355,axis_left,698.0,100.0,mask PCA skeleton + low contact point,generated_videos/control_points_3_traffic.mp4
23,6,0,24,1.0,0.03940552129379127,truck,0.6596930623054504,653.0,45.0,724.0,101.0,3355,axis_right,709.0,45.0,mask PCA skeleton + low contact point,generated_videos/control_points_3_traffic.mp4
23,6,0,24,1.0,0.03940552129379127,truck,0.6596930623054504,653.0,45.0,724.0,101.0,3355,contact_low,687.0,93.0,mask PCA skeleton + low contact point,generated_videos/control_points_3_traffic.mp4
23,0,7,14,0.607625099285147,10.111125428222183,person,0.8376370072364807,668.0,266.0,704.0,372.0,2442,centroid,686.40869140625,316.1584777832031,mask PCA skeleton + low contact point,generated_videos/control_points_3_traffic.mp4
23,0,7,14,0.607625099285147,10.111125428222183,person,0.8376370072364807,668.0,266.0,704.0,372.0,2442,axis_front,694.0,371.0,mask PCA skeleton + low contact point,generated_videos/control_points_3_traffic.mp4
23,0,7,14,0.607625099285147,10.111125428222183,person,0.8376370072364807,668.0,266.0,704.0,372.0,2442,axis_back,697.0,266.0,mask PCA skeleton + low contact point,generated_videos/control_points_3_traffic.mp4
23,0,7,14,0.607625099285147,10.111125428222183,person,0.8376370072364807,668.0,266.0,704.0,372.0,2442,axis_left,703.0,367.0,mask PCA skeleton + low contact point,generated_videos/control_points_3_traffic.mp4
23,0,7,14,0.607625099285147,10.111125428222183,person,0.8376370072364807,668.0,266.0,704.0,372.0,2442,axis_right,668.0,308.0,mask PCA skeleton + low contact point,generated_videos/control_points_3_traffic.mp4
23,0,7,14,0.607625099285147,10.111125428222183,person,0.8376370072364807,668.0,266.0,704.0,372.0,2442,contact_low,696.0,362.0,mask PCA skeleton + low contact point,generated_videos/control_points_3_traffic.mp4
23,1,10,7,0.5898520084566596,11.82062499414241,person,0.8235303163528442,704.0,264.0,741.0,365.0,2320,centroid,721.17626953125,313.71636962890625,mask PCA skeleton + low contact point,generated_videos/control_points_3_traffic.mp4
23,1,10,7,0.5898520084566596,11.82062499414241,person,0.8235303163528442,704.0,264.0,741.0,365.0,2320,axis_front,739.0,364.0,mask PCA skeleton + low contact point,generated_videos/control_points_3_traffic.mp4
23,1,10,7,0.5898520084566596,11.82062499414241,person,0.8235303163528442,704.0,264.0,741.0,365.0,2320,axis_back,711.0,264.0,mask PCA skeleton + low contact point,generated_videos/control_points_3_traffic.mp4
23,1,10,7,0.5898520084566596,11.82062499414241,person,0.8235303163528442,704.0,264.0,741.0,365.0,2320,axis_left,740.0,353.0,mask PCA skeleton + low contact point,generated_videos/control_points_3_traffic.mp4
23,1,10,7,0.5898520084566596,11.82062499414241,person,0.8235303163528442,704.0,264.0,741.0,365.0,2320,axis_right,704.0,353.0,mask PCA skeleton + low contact point,generated_videos/control_points_3_traffic.mp4
23,1,10,7,0.5898520084566596,11.82062499414241,person,0.8235303163528442,704.0,264.0,741.0,365.0,2320,contact_low,734.0,354.0,mask PCA skeleton + low contact point,generated_videos/control_points_3_traffic.mp4
23,7,6,19,1.0,0.0037243750313087987,boat,0.3743560314178467,69.0,498.0,160.0,528.0,1773,centroid,114.37055969238281,513.2154541015625,mask PCA skeleton + low contact point,generated_videos/control_points_3_traffic.mp4
23,7,6,19,1.0,0.0037243750313087987,boat,0.3743560314178467,69.0,498.0,160.0,528.0,1773,axis_front,69.0,525.0,mask PCA skeleton + low contact point,generated_videos/control_points_3_traffic.mp4
23,7,6,19,1.0,0.0037243750313087987,boat,0.3743560314178467,69.0,498.0,160.0,528.0,1773,axis_back,159.0,506.0,mask PCA skeleton + low contact point,generated_videos/control_points_3_traffic.mp4
23,7,6,19,1.0,0.0037243750313087987,boat,0.3743560314178467,69.0,498.0,160.0,528.0,1773,axis_left,115.0,527.0,mask PCA skeleton + low contact point,generated_videos/control_points_3_traffic.mp4
23,7,6,19,1.0,0.0037243750313087987,boat,0.3743560314178467,69.0,498.0,160.0,528.0,1773,axis_right,116.0,498.0,mask PCA skeleton + low contact point,generated_videos/control_points_3_traffic.mp4
23,7,6,19,1.0,0.0037243750313087987,boat,0.3743560314178467,69.0,498.0,160.0,528.0,1773,contact_low,94.0,526.0,mask PCA skeleton + low contact point,generated_videos/control_points_3_traffic.mp4
23,3,9,11,0.3757998836532868,10.634174198029163,person,0.7398701310157776,416.0,243.0,453.0,311.0,1693,centroid,434.9291076660156,273.36859130859375,mask PCA skeleton + low contact point,generated_videos/control_points_3_traffic.mp4
23,3,9,11,0.3757998836532868,10.634174198029163,person,0.7398701310157776,416.0,243.0,453.0,311.0,1693,axis_front,440.0,310.0,mask PCA skeleton + low contact point,generated_videos/control_points_3_traffic.mp4
23,3,9,11,0.3757998836532868,10.634174198029163,person,0.7398701310157776,416.0,243.0,453.0,311.0,1693,axis_back,448.0,243.0,mask PCA skeleton + low contact point,generated_videos/control_points_3_traffic.mp4
23,3,9,11,0.3757998836532868,10.634174198029163,person,0.7398701310157776,416.0,243.0,453.0,311.0,1693,axis_left,448.0,303.0,mask PCA skeleton + low contact point,generated_videos/control_points_3_traffic.mp4
23,3,9,11,0.3757998836532868,10.634174198029163,person,0.7398701310157776,416.0,243.0,453.0,311.0,1693,axis_right,416.0,293.0,mask PCA skeleton + low contact point,generated_videos/control_points_3_traffic.mp4
23,3,9,11,0.3757998836532868,10.634174198029163,person,0.7398701310157776,416.0,243.0,453.0,311.0,1693,contact_low,441.0,303.0,mask PCA skeleton + low contact point,generated_videos/control_points_3_traffic.mp4
23,2,1,24,0.8251956764815505,5.186716558490949,person,0.7812443375587463,371.0,190.0,398.0,273.0,1558,centroid,385.20794677734375,227.78883361816406,mask PCA skeleton + low contact point,generated_videos/control_points_3_traffic.mp4
23,2,1,24,0.8251956764815505,5.186716558490949,person,0.7812443375587463,371.0,190.0,398.0,273.0,1558,axis_front,388.0,272.0,mask PCA skeleton + low contact point,generated_videos/control_points_3_traffic.mp4
23,2,1,24,0.8251956764815505,5.186716558490949,person,0.7812443375587463,371.0,190.0,398.0,273.0,1558,axis_back,383.0,190.0,mask PCA skeleton + low contact point,generated_videos/control_points_3_traffic.mp4
23,2,1,24,0.8251956764815505,5.186716558490949,person,0.7812443375587463,371.0,190.0,398.0,273.0,1558,axis_left,397.0,204.0,mask PCA skeleton + low contact point,generated_videos/control_points_3_traffic.mp4
23,2,1,24,0.8251956764815505,5.186716558490949,person,0.7812443375587463,371.0,190.0,398.0,273.0,1558,axis_right,371.0,232.0,mask PCA skeleton + low contact point,generated_videos/control_points_3_traffic.mp4
23,2,1,24,0.8251956764815505,5.186716558490949,person,0.7812443375587463,371.0,190.0,398.0,273.0,1558,contact_low,388.0,265.0,mask PCA skeleton + low contact point,generated_videos/control_points_3_traffic.mp4
23,4,4,24,1.0,0.02618529846296488,car,0.7294585704803467,735.0,52.0,768.0,94.0,1299,centroid,751.4557495117188,72.34026336669922,mask PCA skeleton + low contact point,generated_videos/control_points_3_traffic.mp4
23,4,4,24,1.0,0.02618529846296488,car,0.7294585704803467,735.0,52.0,768.0,94.0,1299,axis_front,736.0,92.0,mask PCA skeleton + low contact point,generated_videos/control_points_3_traffic.mp4
23,4,4,24,1.0,0.02618529846296488,car,0.7294585704803467,735.0,52.0,768.0,94.0,1299,axis_back,767.0,52.0,mask PCA skeleton + low contact point,generated_videos/control_points_3_traffic.mp4
23,4,4,24,1.0,0.02618529846296488,car,0.7294585704803467,735.0,52.0,768.0,94.0,1299,axis_left,767.0,93.0,mask PCA skeleton + low contact point,generated_videos/control_points_3_traffic.mp4
23,4,4,24,1.0,0.02618529846296488,car,0.7294585704803467,735.0,52.0,768.0,94.0,1299,axis_right,735.0,62.0,mask PCA skeleton + low contact point,generated_videos/control_points_3_traffic.mp4
23,4,4,24,1.0,0.02618529846296488,car,0.7294585704803467,735.0,52.0,768.0,94.0,1299,contact_low,751.0,90.0,mask PCA skeleton + low contact point,generated_videos/control_points_3_traffic.mp4
23,5,8,10,0.4966887417218543,7.989213993299828,person,0.702908456325531,395.0,182.0,417.0,254.0,1084,centroid,404.9603271484375,215.89114379882812,mask PCA skeleton + low contact point,generated_videos/control_points_3_traffic.mp4
23,5,8,10,0.4966887417218543,7.989213993299828,person,0.702908456325531,395.0,182.0,417.0,254.0,1084,axis_front,400.0,253.0,mask PCA skeleton + low contact point,generated_videos/control_points_3_traffic.mp4
23,5,8,10,0.4966887417218543,7.989213993299828,person,0.702908456325531,395.0,182.0,417.0,254.0,1084,axis_back,407.0,182.0,mask PCA skeleton + low contact point,generated_videos/control_points_3_traffic.mp4
23,5,8,10,0.4966887417218543,7.989213993299828,person,0.702908456325531,395.0,182.0,417.0,254.0,1084,axis_left,416.0,249.0,mask PCA skeleton + low contact point,generated_videos/control_points_3_traffic.mp4
23,5,8,10,0.4966887417218543,7.989213993299828,person,0.702908456325531,395.0,182.0,417.0,254.0,1084,axis_right,398.0,194.0,mask PCA skeleton + low contact point,generated_videos/control_points_3_traffic.mp4
23,5,8,10,0.4966887417218543,7.989213993299828,person,0.702908456325531,395.0,182.0,417.0,254.0,1084,contact_low,401.0,246.0,mask PCA skeleton + low contact point,generated_videos/control_points_3_traffic.mp4
24,4,0,25,1.0,0.03644958658385637,truck,0.6614643335342407,653.0,45.0,724.0,101.0,3363,centroid,686.099609375,71.06363677978516,mask PCA skeleton + low contact point,generated_videos/control_points_3_traffic.mp4
24,4,0,25,1.0,0.03644958658385637,truck,0.6614643335342407,653.0,45.0,724.0,101.0,3363,axis_front,653.0,54.0,mask PCA skeleton + low contact point,generated_videos/control_points_3_traffic.mp4
24,4,0,25,1.0,0.03644958658385637,truck,0.6614643335342407,653.0,45.0,724.0,101.0,3363,axis_back,723.0,85.0,mask PCA skeleton + low contact point,generated_videos/control_points_3_traffic.mp4
24,4,0,25,1.0,0.03644958658385637,truck,0.6614643335342407,653.0,45.0,724.0,101.0,3363,axis_left,698.0,100.0,mask PCA skeleton + low contact point,generated_videos/control_points_3_traffic.mp4
24,4,0,25,1.0,0.03644958658385637,truck,0.6614643335342407,653.0,45.0,724.0,101.0,3363,axis_right,709.0,45.0,mask PCA skeleton + low contact point,generated_videos/control_points_3_traffic.mp4
24,4,0,25,1.0,0.03644958658385637,truck,0.6614643335342407,653.0,45.0,724.0,101.0,3363,contact_low,686.0,93.0,mask PCA skeleton + low contact point,generated_videos/control_points_3_traffic.mp4
24,1,10,8,0.6092636579572447,7.75658870909315,person,0.7980929613113403,700.0,261.0,731.0,359.0,2343,centroid,714.6205444335938,309.5706481933594,mask PCA skeleton + low contact point,generated_videos/control_points_3_traffic.mp4
24,1,10,8,0.6092636579572447,7.75658870909315,person,0.7980929613113403,700.0,261.0,731.0,359.0,2343,axis_front,726.0,358.0,mask PCA skeleton + low contact point,generated_videos/control_points_3_traffic.mp4
24,1,10,8,0.6092636579572447,7.75658870909315,person,0.7980929613113403,700.0,261.0,731.0,359.0,2343,axis_back,719.0,261.0,mask PCA skeleton + low contact point,generated_videos/control_points_3_traffic.mp4
24,1,10,8,0.6092636579572447,7.75658870909315,person,0.7980929613113403,700.0,261.0,731.0,359.0,2343,axis_left,730.0,353.0,mask PCA skeleton + low contact point,generated_videos/control_points_3_traffic.mp4
24,1,10,8,0.6092636579572447,7.75658870909315,person,0.7980929613113403,700.0,261.0,731.0,359.0,2343,axis_right,700.0,305.0,mask PCA skeleton + low contact point,generated_videos/control_points_3_traffic.mp4
24,1,10,8,0.6092636579572447,7.75658870909315,person,0.7980929613113403,700.0,261.0,731.0,359.0,2343,contact_low,711.0,350.0,mask PCA skeleton + low contact point,generated_videos/control_points_3_traffic.mp4
24,0,7,15,0.7349454717875771,7.044894950664974,person,0.8741077780723572,665.0,263.0,699.0,366.0,2154,centroid,681.9898071289062,310.6717834472656,mask PCA skeleton + low contact point,generated_videos/control_points_3_traffic.mp4
24,0,7,15,0.7349454717875771,7.044894950664974,person,0.8741077780723572,665.0,263.0,699.0,366.0,2154,axis_front,687.0,365.0,mask PCA skeleton + low contact point,generated_videos/control_points_3_traffic.mp4
24,0,7,15,0.7349454717875771,7.044894950664974,person,0.8741077780723572,665.0,263.0,699.0,366.0,2154,axis_back,692.0,263.0,mask PCA skeleton + low contact point,generated_videos/control_points_3_traffic.mp4
24,0,7,15,0.7349454717875771,7.044894950664974,person,0.8741077780723572,665.0,263.0,699.0,366.0,2154,axis_left,698.0,293.0,mask PCA skeleton + low contact point,generated_videos/control_points_3_traffic.mp4
24,0,7,15,0.7349454717875771,7.044894950664974,person,0.8741077780723572,665.0,263.0,699.0,366.0,2154,axis_right,665.0,306.0,mask PCA skeleton + low contact point,generated_videos/control_points_3_traffic.mp4
24,0,7,15,0.7349454717875771,7.044894950664974,person,0.8741077780723572,665.0,263.0,699.0,366.0,2154,contact_low,685.0,357.0,mask PCA skeleton + low contact point,generated_videos/control_points_3_traffic.mp4
24,7,6,20,1.0,0.04781458458079097,boat,0.37449342012405396,69.0,498.0,160.0,528.0,1771,centroid,114.32298278808594,513.22021484375,mask PCA skeleton + low contact point,generated_videos/control_points_3_traffic.mp4
24,7,6,20,1.0,0.04781458458079097,boat,0.37449342012405396,69.0,498.0,160.0,528.0,1771,axis_front,69.0,525.0,mask PCA skeleton + low contact point,generated_videos/control_points_3_traffic.mp4
24,7,6,20,1.0,0.04781458458079097,boat,0.37449342012405396,69.0,498.0,160.0,528.0,1771,axis_back,159.0,506.0,mask PCA skeleton + low contact point,generated_videos/control_points_3_traffic.mp4
24,7,6,20,1.0,0.04781458458079097,boat,0.37449342012405396,69.0,498.0,160.0,528.0,1771,axis_left,115.0,527.0,mask PCA skeleton + low contact point,generated_videos/control_points_3_traffic.mp4
24,7,6,20,1.0,0.04781458458079097,boat,0.37449342012405396,69.0,498.0,160.0,528.0,1771,axis_right,116.0,498.0,mask PCA skeleton + low contact point,generated_videos/control_points_3_traffic.mp4
24,7,6,20,1.0,0.04781458458079097,boat,0.37449342012405396,69.0,498.0,160.0,528.0,1771,contact_low,94.0,526.0,mask PCA skeleton + low contact point,generated_videos/control_points_3_traffic.mp4
24,6,9,12,0.825516693163752,4.246157641074382,person,0.549072265625,416.0,244.0,447.0,311.0,1670,centroid,430.7012023925781,273.7616882324219,mask PCA skeleton + low contact point,generated_videos/control_points_3_traffic.mp4
24,6,9,12,0.825516693163752,4.246157641074382,person,0.549072265625,416.0,244.0,447.0,311.0,1670,axis_front,445.0,310.0,mask PCA skeleton + low contact point,generated_videos/control_points_3_traffic.mp4
24,6,9,12,0.825516693163752,4.246157641074382,person,0.549072265625,416.0,244.0,447.0,311.0,1670,axis_back,416.0,244.0,mask PCA skeleton + low contact point,generated_videos/control_points_3_traffic.mp4
24,6,9,12,0.825516693163752,4.246157641074382,person,0.549072265625,416.0,244.0,447.0,311.0,1670,axis_left,446.0,246.0,mask PCA skeleton + low contact point,generated_videos/control_points_3_traffic.mp4
24,6,9,12,0.825516693163752,4.246157641074382,person,0.549072265625,416.0,244.0,447.0,311.0,1670,axis_right,416.0,304.0,mask PCA skeleton + low contact point,generated_videos/control_points_3_traffic.mp4
24,6,9,12,0.825516693163752,4.246157641074382,person,0.549072265625,416.0,244.0,447.0,311.0,1670,contact_low,440.0,304.0,mask PCA skeleton + low contact point,generated_videos/control_points_3_traffic.mp4
24,3,1,25,0.856760374832664,1.3571620309518595,person,0.6975724101066589,374.0,190.0,398.0,270.0,1336,centroid,386.2140808105469,226.87799072265625,mask PCA skeleton + low contact point,generated_videos/control_points_3_traffic.mp4
24,3,1,25,0.856760374832664,1.3571620309518595,person,0.6975724101066589,374.0,190.0,398.0,270.0,1336,axis_front,392.0,269.0,mask PCA skeleton + low contact point,generated_videos/control_points_3_traffic.mp4
24,3,1,25,0.856760374832664,1.3571620309518595,person,0.6975724101066589,374.0,190.0,398.0,270.0,1336,axis_back,383.0,190.0,mask PCA skeleton + low contact point,generated_videos/control_points_3_traffic.mp4
24,3,1,25,0.856760374832664,1.3571620309518595,person,0.6975724101066589,374.0,190.0,398.0,270.0,1336,axis_left,397.0,209.0,mask PCA skeleton + low contact point,generated_videos/control_points_3_traffic.mp4
24,3,1,25,0.856760374832664,1.3571620309518595,person,0.6975724101066589,374.0,190.0,398.0,270.0,1336,axis_right,374.0,229.0,mask PCA skeleton + low contact point,generated_videos/control_points_3_traffic.mp4
24,3,1,25,0.856760374832664,1.3571620309518595,person,0.6975724101066589,374.0,190.0,398.0,270.0,1336,contact_low,388.0,263.0,mask PCA skeleton + low contact point,generated_videos/control_points_3_traffic.mp4
24,2,4,25,1.0,0.03591040427928252,car,0.7342544794082642,735.0,52.0,768.0,94.0,1299,centroid,751.4741821289062,72.37105560302734,mask PCA skeleton + low contact point,generated_videos/control_points_3_traffic.mp4
24,2,4,25,1.0,0.03591040427928252,car,0.7342544794082642,735.0,52.0,768.0,94.0,1299,axis_front,736.0,92.0,mask PCA skeleton + low contact point,generated_videos/control_points_3_traffic.mp4
24,2,4,25,1.0,0.03591040427928252,car,0.7342544794082642,735.0,52.0,768.0,94.0,1299,axis_back,767.0,52.0,mask PCA skeleton + low contact point,generated_videos/control_points_3_traffic.mp4
24,2,4,25,1.0,0.03591040427928252,car,0.7342544794082642,735.0,52.0,768.0,94.0,1299,axis_left,767.0,93.0,mask PCA skeleton + low contact point,generated_videos/control_points_3_traffic.mp4
24,2,4,25,1.0,0.03591040427928252,car,0.7342544794082642,735.0,52.0,768.0,94.0,1299,axis_right,735.0,62.0,mask PCA skeleton + low contact point,generated_videos/control_points_3_traffic.mp4
24,2,4,25,1.0,0.03591040427928252,car,0.7342544794082642,735.0,52.0,768.0,94.0,1299,contact_low,751.0,90.0,mask PCA skeleton + low contact point,generated_videos/control_points_3_traffic.mp4
24,5,8,11,0.9183303085299456,1.0045411981197676,person,0.5503819584846497,394.0,182.0,417.0,251.0,1243,centroid,403.9742431640625,216.08287048339844,mask PCA skeleton + low contact point,generated_videos/control_points_3_traffic.mp4
24,5,8,11,0.9183303085299456,1.0045411981197676,person,0.5503819584846497,394.0,182.0,417.0,251.0,1243,axis_front,405.0,250.0,mask PCA skeleton + low contact point,generated_videos/control_points_3_traffic.mp4
24,5,8,11,0.9183303085299456,1.0045411981197676,person,0.5503819584846497,394.0,182.0,417.0,251.0,1243,axis_back,395.0,182.0,mask PCA skeleton + low contact point,generated_videos/control_points_3_traffic.mp4
24,5,8,11,0.9183303085299456,1.0045411981197676,person,0.5503819584846497,394.0,182.0,417.0,251.0,1243,axis_left,415.0,215.0,mask PCA skeleton + low contact point,generated_videos/control_points_3_traffic.mp4
24,5,8,11,0.9183303085299456,1.0045411981197676,person,0.5503819584846497,394.0,182.0,417.0,251.0,1243,axis_right,395.0,247.0,mask PCA skeleton + low contact point,generated_videos/control_points_3_traffic.mp4
24,5,8,11,0.9183303085299456,1.0045411981197676,person,0.5503819584846497,394.0,182.0,417.0,251.0,1243,contact_low,403.0,245.0,mask PCA skeleton + low contact point,generated_videos/control_points_3_traffic.mp4
25,4,0,26,1.0,0.04467711941233103,truck,0.6585473418235779,653.0,45.0,724.0,101.0,3368,centroid,686.1270751953125,71.09886932373047,mask PCA skeleton + low contact point,generated_videos/control_points_3_traffic.mp4
25,4,0,26,1.0,0.04467711941233103,truck,0.6585473418235779,653.0,45.0,724.0,101.0,3368,axis_front,653.0,54.0,mask PCA skeleton + low contact point,generated_videos/control_points_3_traffic.mp4
25,4,0,26,1.0,0.04467711941233103,truck,0.6585473418235779,653.0,45.0,724.0,101.0,3368,axis_back,723.0,85.0,mask PCA skeleton + low contact point,generated_videos/control_points_3_traffic.mp4
25,4,0,26,1.0,0.04467711941233103,truck,0.6585473418235779,653.0,45.0,724.0,101.0,3368,axis_left,698.0,100.0,mask PCA skeleton + low contact point,generated_videos/control_points_3_traffic.mp4
25,4,0,26,1.0,0.04467711941233103,truck,0.6585473418235779,653.0,45.0,724.0,101.0,3368,axis_right,709.0,45.0,mask PCA skeleton + low contact point,generated_videos/control_points_3_traffic.mp4
25,4,0,26,1.0,0.04467711941233103,truck,0.6585473418235779,653.0,45.0,724.0,101.0,3368,contact_low,686.0,93.0,mask PCA skeleton + low contact point,generated_videos/control_points_3_traffic.mp4
25,0,10,9,0.7686148919135308,7.181781370568914,person,0.7859134078025818,693.0,260.0,730.0,357.0,2305,centroid,709.523193359375,304.5115051269531,mask PCA skeleton + low contact point,generated_videos/control_points_3_traffic.mp4
25,0,10,9,0.7686148919135308,7.181781370568914,person,0.7859134078025818,693.0,260.0,730.0,357.0,2305,axis_front,704.0,356.0,mask PCA skeleton + low contact point,generated_videos/control_points_3_traffic.mp4
25,0,10,9,0.7686148919135308,7.181781370568914,person,0.7859134078025818,693.0,260.0,730.0,357.0,2305,axis_back,715.0,260.0,mask PCA skeleton + low contact point,generated_videos/control_points_3_traffic.mp4
25,0,10,9,0.7686148919135308,7.181781370568914,person,0.7859134078025818,693.0,260.0,730.0,357.0,2305,axis_left,729.0,307.0,mask PCA skeleton + low contact point,generated_videos/control_points_3_traffic.mp4
25,0,10,9,0.7686148919135308,7.181781370568914,person,0.7859134078025818,693.0,260.0,730.0,357.0,2305,axis_right,693.0,302.0,mask PCA skeleton + low contact point,generated_videos/control_points_3_traffic.mp4
25,0,10,9,0.7686148919135308,7.181781370568914,person,0.7859134078025818,693.0,260.0,730.0,357.0,2305,contact_low,708.0,348.0,mask PCA skeleton + low contact point,generated_videos/control_points_3_traffic.mp4
25,1,7,16,0.7313162658391518,4.533137958926249,person,0.7644274234771729,662.0,261.0,693.0,364.0,2110,centroid,677.5180053710938,309.9284362792969,mask PCA skeleton + low contact point,generated_videos/control_points_3_traffic.mp4
25,1,7,16,0.7313162658391518,4.533137958926249,person,0.7644274234771729,662.0,261.0,693.0,364.0,2110,axis_front,671.0,363.0,mask PCA skeleton + low contact point,generated_videos/control_points_3_traffic.mp4
25,1,7,16,0.7313162658391518,4.533137958926249,person,0.7644274234771729,662.0,261.0,693.0,364.0,2110,axis_back,687.0,261.0,mask PCA skeleton + low contact point,generated_videos/control_points_3_traffic.mp4
25,1,7,16,0.7313162658391518,4.533137958926249,person,0.7644274234771729,662.0,261.0,693.0,364.0,2110,axis_left,692.0,292.0,mask PCA skeleton + low contact point,generated_videos/control_points_3_traffic.mp4
25,1,7,16,0.7313162658391518,4.533137958926249,person,0.7644274234771729,662.0,261.0,693.0,364.0,2110,axis_right,662.0,308.0,mask PCA skeleton + low contact point,generated_videos/control_points_3_traffic.mp4
25,1,7,16,0.7313162658391518,4.533137958926249,person,0.7644274234771729,662.0,261.0,693.0,364.0,2110,contact_low,676.0,355.0,mask PCA skeleton + low contact point,generated_videos/control_points_3_traffic.mp4
25,6,6,21,1.0,0.06605776783190014,boat,0.3723302185535431,69.0,498.0,160.0,528.0,1770,centroid,114.25932312011719,513.2378540039062,mask PCA skeleton + low contact point,generated_videos/control_points_3_traffic.mp4
25,6,6,21,1.0,0.06605776783190014,boat,0.3723302185535431,69.0,498.0,160.0,528.0,1770,axis_front,69.0,525.0,mask PCA skeleton + low contact point,generated_videos/control_points_3_traffic.mp4
25,6,6,21,1.0,0.06605776783190014,boat,0.3723302185535431,69.0,498.0,160.0,528.0,1770,axis_back,159.0,506.0,mask PCA skeleton + low contact point,generated_videos/control_points_3_traffic.mp4
25,6,6,21,1.0,0.06605776783190014,boat,0.3723302185535431,69.0,498.0,160.0,528.0,1770,axis_left,115.0,527.0,mask PCA skeleton + low contact point,generated_videos/control_points_3_traffic.mp4
25,6,6,21,1.0,0.06605776783190014,boat,0.3723302185535431,69.0,498.0,160.0,528.0,1770,axis_right,116.0,498.0,mask PCA skeleton + low contact point,generated_videos/control_points_3_traffic.mp4
25,6,6,21,1.0,0.06605776783190014,boat,0.3723302185535431,69.0,498.0,160.0,528.0,1770,contact_low,94.0,526.0,mask PCA skeleton + low contact point,generated_videos/control_points_3_traffic.mp4
25,3,1,26,0.975609756097561,0.8980005620055455,person,0.7129836678504944,374.0,190.0,398.0,272.0,1385,centroid,386.8230895996094,227.53790283203125,mask PCA skeleton + low contact point,generated_videos/control_points_3_traffic.mp4
25,3,1,26,0.975609756097561,0.8980005620055455,person,0.7129836678504944,374.0,190.0,398.0,272.0,1385,axis_front,392.0,271.0,mask PCA skeleton + low contact point,generated_videos/control_points_3_traffic.mp4
25,3,1,26,0.975609756097561,0.8980005620055455,person,0.7129836678504944,374.0,190.0,398.0,272.0,1385,axis_back,384.0,190.0,mask PCA skeleton + low contact point,generated_videos/control_points_3_traffic.mp4
25,3,1,26,0.975609756097561,0.8980005620055455,person,0.7129836678504944,374.0,190.0,398.0,272.0,1385,axis_left,397.0,207.0,mask PCA skeleton + low contact point,generated_videos/control_points_3_traffic.mp4
25,3,1,26,0.975609756097561,0.8980005620055455,person,0.7129836678504944,374.0,190.0,398.0,272.0,1385,axis_right,374.0,221.0,mask PCA skeleton + low contact point,generated_videos/control_points_3_traffic.mp4
25,3,1,26,0.975609756097561,0.8980005620055455,person,0.7129836678504944,374.0,190.0,398.0,272.0,1385,contact_low,389.0,265.0,mask PCA skeleton + low contact point,generated_videos/control_points_3_traffic.mp4
25,2,4,26,1.0,0.0,car,0.7404759526252747,735.0,52.0,768.0,94.0,1299,centroid,751.4741821289062,72.37105560302734,mask PCA skeleton + low contact point,generated_videos/control_points_3_traffic.mp4
25,2,4,26,1.0,0.0,car,0.7404759526252747,735.0,52.0,768.0,94.0,1299,axis_front,736.0,92.0,mask PCA skeleton + low contact point,generated_videos/control_points_3_traffic.mp4
25,2,4,26,1.0,0.0,car,0.7404759526252747,735.0,52.0,768.0,94.0,1299,axis_back,767.0,52.0,mask PCA skeleton + low contact point,generated_videos/control_points_3_traffic.mp4
25,2,4,26,1.0,0.0,car,0.7404759526252747,735.0,52.0,768.0,94.0,1299,axis_left,767.0,93.0,mask PCA skeleton + low contact point,generated_videos/control_points_3_traffic.mp4
25,2,4,26,1.0,0.0,car,0.7404759526252747,735.0,52.0,768.0,94.0,1299,axis_right,735.0,62.0,mask PCA skeleton + low contact point,generated_videos/control_points_3_traffic.mp4
25,2,4,26,1.0,0.0,car,0.7404759526252747,735.0,52.0,768.0,94.0,1299,contact_low,751.0,90.0,mask PCA skeleton + low contact point,generated_videos/control_points_3_traffic.mp4
25,5,8,12,0.7899255867200916,1.9954002461035467,person,0.4490792453289032,392.0,182.0,414.0,252.0,1091,centroid,402.8285827636719,214.44912719726562,mask PCA skeleton + low contact point,generated_videos/control_points_3_traffic.mp4
25,5,8,12,0.7899255867200916,1.9954002461035467,person,0.4490792453289032,392.0,182.0,414.0,252.0,1091,axis_front,406.0,251.0,mask PCA skeleton + low contact point,generated_videos/control_points_3_traffic.mp4
25,5,8,12,0.7899255867200916,1.9954002461035467,person,0.4490792453289032,392.0,182.0,414.0,252.0,1091,axis_back,392.0,182.0,mask PCA skeleton + low contact point,generated_videos/control_points_3_traffic.mp4
25,5,8,12,0.7899255867200916,1.9954002461035467,person,0.4490792453289032,392.0,182.0,414.0,252.0,1091,axis_left,413.0,198.0,mask PCA skeleton + low contact point,generated_videos/control_points_3_traffic.mp4
25,5,8,12,0.7899255867200916,1.9954002461035467,person,0.4490792453289032,392.0,182.0,414.0,252.0,1091,axis_right,392.0,197.0,mask PCA skeleton + low contact point,generated_videos/control_points_3_traffic.mp4
25,5,8,12,0.7899255867200916,1.9954002461035467,person,0.4490792453289032,392.0,182.0,414.0,252.0,1091,contact_low,405.0,246.0,mask PCA skeleton + low contact point,generated_videos/control_points_3_traffic.mp4
26,4,0,27,1.0,0.028419077966186618,truck,0.6598662734031677,653.0,45.0,724.0,101.0,3369,centroid,686.1451416015625,71.12080383300781,mask PCA skeleton + low contact point,generated_videos/control_points_3_traffic.mp4
26,4,0,27,1.0,0.028419077966186618,truck,0.6598662734031677,653.0,45.0,724.0,101.0,3369,axis_front,653.0,54.0,mask PCA skeleton + low contact point,generated_videos/control_points_3_traffic.mp4
26,4,0,27,1.0,0.028419077966186618,truck,0.6598662734031677,653.0,45.0,724.0,101.0,3369,axis_back,723.0,85.0,mask PCA skeleton + low contact point,generated_videos/control_points_3_traffic.mp4
26,4,0,27,1.0,0.028419077966186618,truck,0.6598662734031677,653.0,45.0,724.0,101.0,3369,axis_left,698.0,100.0,mask PCA skeleton + low contact point,generated_videos/control_points_3_traffic.mp4
26,4,0,27,1.0,0.028419077966186618,truck,0.6598662734031677,653.0,45.0,724.0,101.0,3369,axis_right,709.0,45.0,mask PCA skeleton + low contact point,generated_videos/control_points_3_traffic.mp4
26,4,0,27,1.0,0.028419077966186618,truck,0.6598662734031677,653.0,45.0,724.0,101.0,3369,contact_low,687.0,93.0,mask PCA skeleton + low contact point,generated_videos/control_points_3_traffic.mp4
26,0,10,10,0.8172845450168512,4.710924290835577,person,0.8155543804168701,688.0,258.0,728.0,357.0,2339,centroid,704.829833984375,304.10516357421875,mask PCA skeleton + low contact point,generated_videos/control_points_3_traffic.mp4
26,0,10,10,0.8172845450168512,4.710924290835577,person,0.8155543804168701,688.0,258.0,728.0,357.0,2339,axis_front,704.0,356.0,mask PCA skeleton + low contact point,generated_videos/control_points_3_traffic.mp4
26,0,10,10,0.8172845450168512,4.710924290835577,person,0.8155543804168701,688.0,258.0,728.0,357.0,2339,axis_back,709.0,258.0,mask PCA skeleton + low contact point,generated_videos/control_points_3_traffic.mp4
26,0,10,10,0.8172845450168512,4.710924290835577,person,0.8155543804168701,688.0,258.0,728.0,357.0,2339,axis_left,727.0,305.0,mask PCA skeleton + low contact point,generated_videos/control_points_3_traffic.mp4
26,0,10,10,0.8172845450168512,4.710924290835577,person,0.8155543804168701,688.0,258.0,728.0,357.0,2339,axis_right,688.0,302.0,mask PCA skeleton + low contact point,generated_videos/control_points_3_traffic.mp4
26,0,10,10,0.8172845450168512,4.710924290835577,person,0.8155543804168701,688.0,258.0,728.0,357.0,2339,contact_low,705.0,348.0,mask PCA skeleton + low contact point,generated_videos/control_points_3_traffic.mp4
26,3,7,17,0.8407418310273771,3.471186031904707,person,0.6963396072387695,660.0,261.0,690.0,363.0,2119,centroid,674.1010131835938,309.3175964355469,mask PCA skeleton + low contact point,generated_videos/control_points_3_traffic.mp4
26,3,7,17,0.8407418310273771,3.471186031904707,person,0.6963396072387695,660.0,261.0,690.0,363.0,2119,axis_front,678.0,362.0,mask PCA skeleton + low contact point,generated_videos/control_points_3_traffic.mp4
26,3,7,17,0.8407418310273771,3.471186031904707,person,0.6963396072387695,660.0,261.0,690.0,363.0,2119,axis_back,682.0,261.0,mask PCA skeleton + low contact point,generated_videos/control_points_3_traffic.mp4
26,3,7,17,0.8407418310273771,3.471186031904707,person,0.6963396072387695,660.0,261.0,690.0,363.0,2119,axis_left,689.0,287.0,mask PCA skeleton + low contact point,generated_videos/control_points_3_traffic.mp4
26,3,7,17,0.8407418310273771,3.471186031904707,person,0.6963396072387695,660.0,261.0,690.0,363.0,2119,axis_right,660.0,293.0,mask PCA skeleton + low contact point,generated_videos/control_points_3_traffic.mp4
26,3,7,17,0.8407418310273771,3.471186031904707,person,0.6963396072387695,660.0,261.0,690.0,363.0,2119,contact_low,675.0,354.0,mask PCA skeleton + low contact point,generated_videos/control_points_3_traffic.mp4
26,5,6,22,0.989010989010989,0.3379060679906002,boat,0.34101325273513794,70.0,498.0,160.0,528.0,1758,centroid,114.59158325195312,513.1763305664062,mask PCA skeleton + low contact point,generated_videos/control_points_3_traffic.mp4
26,5,6,22,0.989010989010989,0.3379060679906002,boat,0.34101325273513794,70.0,498.0,160.0,528.0,1758,axis_front,70.0,526.0,mask PCA skeleton + low contact point,generated_videos/control_points_3_traffic.mp4
26,5,6,22,0.989010989010989,0.3379060679906002,boat,0.34101325273513794,70.0,498.0,160.0,528.0,1758,axis_back,159.0,506.0,mask PCA skeleton + low contact point,generated_videos/control_points_3_traffic.mp4
26,5,6,22,0.989010989010989,0.3379060679906002,boat,0.34101325273513794,70.0,498.0,160.0,528.0,1758,axis_left,115.0,527.0,mask PCA skeleton + low contact point,generated_videos/control_points_3_traffic.mp4
26,5,6,22,0.989010989010989,0.3379060679906002,boat,0.34101325273513794,70.0,498.0,160.0,528.0,1758,axis_right,116.0,498.0,mask PCA skeleton + low contact point,generated_videos/control_points_3_traffic.mp4
26,5,6,22,0.989010989010989,0.3379060679906002,boat,0.34101325273513794,70.0,498.0,160.0,528.0,1758,contact_low,95.0,526.0,mask PCA skeleton + low contact point,generated_videos/control_points_3_traffic.mp4
26,7,11,1,,,person,0.2874309718608856,666.0,269.0,688.0,362.0,1531,centroid,676.5989379882812,309.5192565917969,mask PCA skeleton + low contact point,generated_videos/control_points_3_traffic.mp4
26,7,11,1,,,person,0.2874309718608856,666.0,269.0,688.0,362.0,1531,axis_front,680.0,361.0,mask PCA skeleton + low contact point,generated_videos/control_points_3_traffic.mp4
26,7,11,1,,,person,0.2874309718608856,666.0,269.0,688.0,362.0,1531,axis_back,670.0,269.0,mask PCA skeleton + low contact point,generated_videos/control_points_3_traffic.mp4
26,7,11,1,,,person,0.2874309718608856,666.0,269.0,688.0,362.0,1531,axis_left,687.0,279.0,mask PCA skeleton + low contact point,generated_videos/control_points_3_traffic.mp4
26,7,11,1,,,person,0.2874309718608856,666.0,269.0,688.0,362.0,1531,axis_right,666.0,316.0,mask PCA skeleton + low contact point,generated_videos/control_points_3_traffic.mp4
26,7,11,1,,,person,0.2874309718608856,666.0,269.0,688.0,362.0,1531,contact_low,677.0,354.0,mask PCA skeleton + low contact point,generated_videos/control_points_3_traffic.mp4
26,1,1,27,0.8518518518518519,1.1914494435699807,person,0.7922998666763306,375.0,190.0,401.0,272.0,1438,centroid,387.9881896972656,227.28858947753906,mask PCA skeleton + low contact point,generated_videos/control_points_3_traffic.mp4
26,1,1,27,0.8518518518518519,1.1914494435699807,person,0.7922998666763306,375.0,190.0,401.0,272.0,1438,axis_front,392.0,271.0,mask PCA skeleton + low contact point,generated_videos/control_points_3_traffic.mp4
26,1,1,27,0.8518518518518519,1.1914494435699807,person,0.7922998666763306,375.0,190.0,401.0,272.0,1438,axis_back,383.0,190.0,mask PCA skeleton + low contact point,generated_videos/control_points_3_traffic.mp4
26,1,1,27,0.8518518518518519,1.1914494435699807,person,0.7922998666763306,375.0,190.0,401.0,272.0,1438,axis_left,400.0,220.0,mask PCA skeleton + low contact point,generated_videos/control_points_3_traffic.mp4
26,1,1,27,0.8518518518518519,1.1914494435699807,person,0.7922998666763306,375.0,190.0,401.0,272.0,1438,axis_right,375.0,224.0,mask PCA skeleton + low contact point,generated_videos/control_points_3_traffic.mp4
26,1,1,27,0.8518518518518519,1.1914494435699807,person,0.7922998666763306,375.0,190.0,401.0,272.0,1438,contact_low,389.0,264.0,mask PCA skeleton + low contact point,generated_videos/control_points_3_traffic.mp4
26,2,4,27,1.0,0.0,car,0.7372834086418152,735.0,52.0,768.0,94.0,1299,centroid,751.4741821289062,72.37105560302734,mask PCA skeleton + low contact point,generated_videos/control_points_3_traffic.mp4
26,2,4,27,1.0,0.0,car,0.7372834086418152,735.0,52.0,768.0,94.0,1299,axis_front,736.0,92.0,mask PCA skeleton + low contact point,generated_videos/control_points_3_traffic.mp4
26,2,4,27,1.0,0.0,car,0.7372834086418152,735.0,52.0,768.0,94.0,1299,axis_back,767.0,52.0,mask PCA skeleton + low contact point,generated_videos/control_points_3_traffic.mp4
26,2,4,27,1.0,0.0,car,0.7372834086418152,735.0,52.0,768.0,94.0,1299,axis_left,767.0,93.0,mask PCA skeleton + low contact point,generated_videos/control_points_3_traffic.mp4
26,2,4,27,1.0,0.0,car,0.7372834086418152,735.0,52.0,768.0,94.0,1299,axis_right,735.0,62.0,mask PCA skeleton + low contact point,generated_videos/control_points_3_traffic.mp4
26,2,4,27,1.0,0.0,car,0.7372834086418152,735.0,52.0,768.0,94.0,1299,contact_low,751.0,90.0,mask PCA skeleton + low contact point,generated_videos/control_points_3_traffic.mp4
26,6,8,13,0.7405940594059406,2.7192530687980283,person,0.31125113368034363,388.0,184.0,414.0,260.0,1076,centroid,400.73699951171875,216.18679809570312,mask PCA skeleton + low contact point,generated_videos/control_points_3_traffic.mp4
26,6,8,13,0.7405940594059406,2.7192530687980283,person,0.31125113368034363,388.0,184.0,414.0,260.0,1076,axis_front,388.0,259.0,mask PCA skeleton + low contact point,generated_videos/control_points_3_traffic.mp4
26,6,8,13,0.7405940594059406,2.7192530687980283,person,0.31125113368034363,388.0,184.0,414.0,260.0,1076,axis_back,403.0,184.0,mask PCA skeleton + low contact point,generated_videos/control_points_3_traffic.mp4
26,6,8,13,0.7405940594059406,2.7192530687980283,person,0.31125113368034363,388.0,184.0,414.0,260.0,1076,axis_left,413.0,206.0,mask PCA skeleton + low contact point,generated_videos/control_points_3_traffic.mp4
26,6,8,13,0.7405940594059406,2.7192530687980283,person,0.31125113368034363,388.0,184.0,414.0,260.0,1076,axis_right,388.0,184.0,mask PCA skeleton + low contact point,generated_videos/control_points_3_traffic.mp4
26,6,8,13,0.7405940594059406,2.7192530687980283,person,0.31125113368034363,388.0,184.0,414.0,260.0,1076,contact_low,391.0,253.0,mask PCA skeleton + low contact point,generated_videos/control_points_3_traffic.mp4
27,4,0,28,1.0,0.018667353262522064,truck,0.6665220856666565,653.0,45.0,724.0,101.0,3371,centroid,686.1548461914062,71.13675689697266,mask PCA skeleton + low contact point,generated_videos/control_points_3_traffic.mp4
27,4,0,28,1.0,0.018667353262522064,truck,0.6665220856666565,653.0,45.0,724.0,101.0,3371,axis_front,653.0,54.0,mask PCA skeleton + low contact point,generated_videos/control_points_3_traffic.mp4
27,4,0,28,1.0,0.018667353262522064,truck,0.6665220856666565,653.0,45.0,724.0,101.0,3371,axis_back,723.0,85.0,mask PCA skeleton + low contact point,generated_videos/control_points_3_traffic.mp4
27,4,0,28,1.0,0.018667353262522064,truck,0.6665220856666565,653.0,45.0,724.0,101.0,3371,axis_left,698.0,100.0,mask PCA skeleton + low contact point,generated_videos/control_points_3_traffic.mp4
27,4,0,28,1.0,0.018667353262522064,truck,0.6665220856666565,653.0,45.0,724.0,101.0,3371,axis_right,709.0,45.0,mask PCA skeleton + low contact point,generated_videos/control_points_3_traffic.mp4
27,4,0,28,1.0,0.018667353262522064,truck,0.6665220856666565,653.0,45.0,724.0,101.0,3371,contact_low,687.0,93.0,mask PCA skeleton + low contact point,generated_videos/control_points_3_traffic.mp4
27,0,7,18,0.4751873607453919,7.298743046997663,person,0.823274552822113,642.0,260.0,683.0,363.0,2443,centroid,667.467041015625,312.36102294921875,mask PCA skeleton + low contact point,generated_videos/control_points_3_traffic.mp4
27,0,7,18,0.4751873607453919,7.298743046997663,person,0.823274552822113,642.0,260.0,683.0,363.0,2443,axis_front,672.0,362.0,mask PCA skeleton + low contact point,generated_videos/control_points_3_traffic.mp4
27,0,7,18,0.4751873607453919,7.298743046997663,person,0.823274552822113,642.0,260.0,683.0,363.0,2443,axis_back,676.0,260.0,mask PCA skeleton + low contact point,generated_videos/control_points_3_traffic.mp4
27,0,7,18,0.4751873607453919,7.298743046997663,person,0.823274552822113,642.0,260.0,683.0,363.0,2443,axis_left,682.0,361.0,mask PCA skeleton + low contact point,generated_videos/control_points_3_traffic.mp4
27,0,7,18,0.4751873607453919,7.298743046997663,person,0.823274552822113,642.0,260.0,683.0,363.0,2443,axis_right,642.0,344.0,mask PCA skeleton + low contact point,generated_videos/control_points_3_traffic.mp4
27,0,7,18,0.4751873607453919,7.298743046997663,person,0.823274552822113,642.0,260.0,683.0,363.0,2443,contact_low,676.0,353.0,mask PCA skeleton + low contact point,generated_videos/control_points_3_traffic.mp4
27,1,10,11,0.8031278748850046,3.7860865829276626,person,0.8162826895713806,684.0,260.0,724.0,357.0,2349,centroid,701.2162475585938,305.2349853515625,mask PCA skeleton + low contact point,generated_videos/control_points_3_traffic.mp4
27,1,10,11,0.8031278748850046,3.7860865829276626,person,0.8162826895713806,684.0,260.0,724.0,357.0,2349,axis_front,705.0,356.0,mask PCA skeleton + low contact point,generated_videos/control_points_3_traffic.mp4
27,1,10,11,0.8031278748850046,3.7860865829276626,person,0.8162826895713806,684.0,260.0,724.0,357.0,2349,axis_back,705.0,260.0,mask PCA skeleton + low contact point,generated_videos/control_points_3_traffic.mp4
27,1,10,11,0.8031278748850046,3.7860865829276626,person,0.8162826895713806,684.0,260.0,724.0,357.0,2349,axis_left,723.0,307.0,mask PCA skeleton + low contact point,generated_videos/control_points_3_traffic.mp4
27,1,10,11,0.8031278748850046,3.7860865829276626,person,0.8162826895713806,684.0,260.0,724.0,357.0,2349,axis_right,684.0,296.0,mask PCA skeleton + low contact point,generated_videos/control_points_3_traffic.mp4
27,1,10,11,0.8031278748850046,3.7860865829276626,person,0.8162826895713806,684.0,260.0,724.0,357.0,2349,contact_low,706.0,345.0,mask PCA skeleton + low contact point,generated_videos/control_points_3_traffic.mp4
27,6,9,13,0.17279821627647715,32.37504411769496,person,0.34170782566070557,396.0,185.0,431.0,306.0,2104,centroid,413.66351318359375,246.232421875,mask PCA skeleton + low contact point,generated_videos/control_points_3_traffic.mp4
27,6,9,13,0.17279821627647715,32.37504411769496,person,0.34170782566070557,396.0,185.0,431.0,306.0,2104,axis_front,422.0,305.0,mask PCA skeleton + low contact point,generated_videos/control_points_3_traffic.mp4
27,6,9,13,0.17279821627647715,32.37504411769496,person,0.34170782566070557,396.0,185.0,431.0,306.0,2104,axis_back,396.0,185.0,mask PCA skeleton + low contact point,generated_videos/control_points_3_traffic.mp4
27,6,9,13,0.17279821627647715,32.37504411769496,person,0.34170782566070557,396.0,185.0,431.0,306.0,2104,axis_left,430.0,245.0,mask PCA skeleton + low contact point,generated_videos/control_points_3_traffic.mp4
27,6,9,13,0.17279821627647715,32.37504411769496,person,0.34170782566070557,396.0,185.0,431.0,306.0,2104,axis_right,401.0,248.0,mask PCA skeleton + low contact point,generated_videos/control_points_3_traffic.mp4
27,6,9,13,0.17279821627647715,32.37504411769496,person,0.34170782566070557,396.0,185.0,431.0,306.0,2104,contact_low,422.0,296.0,mask PCA skeleton + low contact point,generated_videos/control_points_3_traffic.mp4
27,5,8,14,0.45272525027808674,19.185384521882288,person,0.41883909702301025,392.0,186.0,420.0,302.0,1796,centroid,406.2522277832031,234.56236267089844,mask PCA skeleton + low contact point,generated_videos/control_points_3_traffic.mp4
27,5,8,14,0.45272525027808674,19.185384521882288,person,0.41883909702301025,392.0,186.0,420.0,302.0,1796,axis_front,419.0,301.0,mask PCA skeleton + low contact point,generated_videos/control_points_3_traffic.mp4
27,5,8,14,0.45272525027808674,19.185384521882288,person,0.41883909702301025,392.0,186.0,420.0,302.0,1796,axis_back,392.0,186.0,mask PCA skeleton + low contact point,generated_videos/control_points_3_traffic.mp4
27,5,8,14,0.45272525027808674,19.185384521882288,person,0.41883909702301025,392.0,186.0,420.0,302.0,1796,axis_left,415.0,210.0,mask PCA skeleton + low contact point,generated_videos/control_points_3_traffic.mp4
27,5,8,14,0.45272525027808674,19.185384521882288,person,0.41883909702301025,392.0,186.0,420.0,302.0,1796,axis_right,392.0,268.0,mask PCA skeleton + low contact point,generated_videos/control_points_3_traffic.mp4
27,5,8,14,0.45272525027808674,19.185384521882288,person,0.41883909702301025,392.0,186.0,420.0,302.0,1796,contact_low,417.0,284.0,mask PCA skeleton + low contact point,generated_videos/control_points_3_traffic.mp4
27,7,6,23,1.0,0.03805112075828042,boat,0.30581215023994446,70.0,498.0,160.0,528.0,1756,centroid,114.55352783203125,513.176513671875,mask PCA skeleton + low contact point,generated_videos/control_points_3_traffic.mp4
27,7,6,23,1.0,0.03805112075828042,boat,0.30581215023994446,70.0,498.0,160.0,528.0,1756,axis_front,70.0,526.0,mask PCA skeleton + low contact point,generated_videos/control_points_3_traffic.mp4
27,7,6,23,1.0,0.03805112075828042,boat,0.30581215023994446,70.0,498.0,160.0,528.0,1756,axis_back,159.0,506.0,mask PCA skeleton + low contact point,generated_videos/control_points_3_traffic.mp4
27,7,6,23,1.0,0.03805112075828042,boat,0.30581215023994446,70.0,498.0,160.0,528.0,1756,axis_left,115.0,527.0,mask PCA skeleton + low contact point,generated_videos/control_points_3_traffic.mp4
27,7,6,23,1.0,0.03805112075828042,boat,0.30581215023994446,70.0,498.0,160.0,528.0,1756,axis_right,116.0,498.0,mask PCA skeleton + low contact point,generated_videos/control_points_3_traffic.mp4
27,7,6,23,1.0,0.03805112075828042,boat,0.30581215023994446,70.0,498.0,160.0,528.0,1756,contact_low,95.0,526.0,mask PCA skeleton + low contact point,generated_videos/control_points_3_traffic.mp4
27,3,1,28,0.9179170344218888,2.1861021267629117,person,0.6810749769210815,375.0,188.0,402.0,270.0,1487,centroid,388.96636962890625,225.33355712890625,mask PCA skeleton + low contact point,generated_videos/control_points_3_traffic.mp4
27,3,1,28,0.9179170344218888,2.1861021267629117,person,0.6810749769210815,375.0,188.0,402.0,270.0,1487,axis_front,393.0,269.0,mask PCA skeleton + low contact point,generated_videos/control_points_3_traffic.mp4
27,3,1,28,0.9179170344218888,2.1861021267629117,person,0.6810749769210815,375.0,188.0,402.0,270.0,1487,axis_back,384.0,188.0,mask PCA skeleton + low contact point,generated_videos/control_points_3_traffic.mp4
27,3,1,28,0.9179170344218888,2.1861021267629117,person,0.6810749769210815,375.0,188.0,402.0,270.0,1487,axis_left,401.0,219.0,mask PCA skeleton + low contact point,generated_videos/control_points_3_traffic.mp4
27,3,1,28,0.9179170344218888,2.1861021267629117,person,0.6810749769210815,375.0,188.0,402.0,270.0,1487,axis_right,375.0,219.0,mask PCA skeleton + low contact point,generated_videos/control_points_3_traffic.mp4
27,3,1,28,0.9179170344218888,2.1861021267629117,person,0.6810749769210815,375.0,188.0,402.0,270.0,1487,contact_low,391.0,261.0,mask PCA skeleton + low contact point,generated_videos/control_points_3_traffic.mp4
27,2,4,28,1.0,0.0,car,0.7388732433319092,735.0,52.0,768.0,94.0,1299,centroid,751.4741821289062,72.37105560302734,mask PCA skeleton + low contact point,generated_videos/control_points_3_traffic.mp4
27,2,4,28,1.0,0.0,car,0.7388732433319092,735.0,52.0,768.0,94.0,1299,axis_front,736.0,92.0,mask PCA skeleton + low contact point,generated_videos/control_points_3_traffic.mp4
27,2,4,28,1.0,0.0,car,0.7388732433319092,735.0,52.0,768.0,94.0,1299,axis_back,767.0,52.0,mask PCA skeleton + low contact point,generated_videos/control_points_3_traffic.mp4
27,2,4,28,1.0,0.0,car,0.7388732433319092,735.0,52.0,768.0,94.0,1299,axis_left,767.0,93.0,mask PCA skeleton + low contact point,generated_videos/control_points_3_traffic.mp4
27,2,4,28,1.0,0.0,car,0.7388732433319092,735.0,52.0,768.0,94.0,1299,axis_right,735.0,62.0,mask PCA skeleton + low contact point,generated_videos/control_points_3_traffic.mp4
27,2,4,28,1.0,0.0,car,0.7388732433319092,735.0,52.0,768.0,94.0,1299,contact_low,751.0,90.0,mask PCA skeleton + low contact point,generated_videos/control_points_3_traffic.mp4
28,3,0,29,1.0,0.018315454215936534,truck,0.6645193696022034,653.0,45.0,724.0,101.0,3371,centroid,686.1714477539062,71.14447021484375,mask PCA skeleton + low contact point,generated_videos/control_points_3_traffic.mp4
28,3,0,29,1.0,0.018315454215936534,truck,0.6645193696022034,653.0,45.0,724.0,101.0,3371,axis_front,653.0,54.0,mask PCA skeleton + low contact point,generated_videos/control_points_3_traffic.mp4
28,3,0,29,1.0,0.018315454215936534,truck,0.6645193696022034,653.0,45.0,724.0,101.0,3371,axis_back,723.0,85.0,mask PCA skeleton + low contact point,generated_videos/control_points_3_traffic.mp4
28,3,0,29,1.0,0.018315454215936534,truck,0.6645193696022034,653.0,45.0,724.0,101.0,3371,axis_left,698.0,100.0,mask PCA skeleton + low contact point,generated_videos/control_points_3_traffic.mp4
28,3,0,29,1.0,0.018315454215936534,truck,0.6645193696022034,653.0,45.0,724.0,101.0,3371,axis_right,709.0,45.0,mask PCA skeleton + low contact point,generated_videos/control_points_3_traffic.mp4
28,3,0,29,1.0,0.018315454215936534,truck,0.6645193696022034,653.0,45.0,724.0,101.0,3371,contact_low,687.0,93.0,mask PCA skeleton + low contact point,generated_videos/control_points_3_traffic.mp4
28,0,7,19,0.7276039434204886,11.797427041660155,person,0.8397837281227112,639.0,256.0,677.0,357.0,2502,centroid,656.9656372070312,306.9851989746094,mask PCA skeleton + low contact point,generated_videos/control_points_3_traffic.mp4
28,0,7,19,0.7276039434204886,11.797427041660155,person,0.8397837281227112,639.0,256.0,677.0,357.0,2502,axis_front,669.0,356.0,mask PCA skeleton + low contact point,generated_videos/control_points_3_traffic.mp4
28,0,7,19,0.7276039434204886,11.797427041660155,person,0.8397837281227112,639.0,256.0,677.0,357.0,2502,axis_back,662.0,256.0,mask PCA skeleton + low contact point,generated_videos/control_points_3_traffic.mp4
28,0,7,19,0.7276039434204886,11.797427041660155,person,0.8397837281227112,639.0,256.0,677.0,357.0,2502,axis_left,676.0,355.0,mask PCA skeleton + low contact point,generated_videos/control_points_3_traffic.mp4
28,0,7,19,0.7276039434204886,11.797427041660155,person,0.8397837281227112,639.0,256.0,677.0,357.0,2502,axis_right,639.0,314.0,mask PCA skeleton + low contact point,generated_videos/control_points_3_traffic.mp4
28,0,7,19,0.7276039434204886,11.797427041660155,person,0.8397837281227112,639.0,256.0,677.0,357.0,2502,contact_low,668.0,348.0,mask PCA skeleton + low contact point,generated_videos/control_points_3_traffic.mp4
28,1,10,12,0.5294117647058824,10.36690527408984,person,0.8344327807426453,680.0,254.0,710.0,350.0,2089,centroid,692.6443481445312,299.4045104980469,mask PCA skeleton + low contact point,generated_videos/control_points_3_traffic.mp4
28,1,10,12,0.5294117647058824,10.36690527408984,person,0.8344327807426453,680.0,254.0,710.0,350.0,2089,axis_front,700.0,349.0,mask PCA skeleton + low contact point,generated_videos/control_points_3_traffic.mp4
28,1,10,12,0.5294117647058824,10.36690527408984,person,0.8344327807426453,680.0,254.0,710.0,350.0,2089,axis_back,684.0,254.0,mask PCA skeleton + low contact point,generated_videos/control_points_3_traffic.mp4
28,1,10,12,0.5294117647058824,10.36690527408984,person,0.8344327807426453,680.0,254.0,710.0,350.0,2089,axis_left,709.0,290.0,mask PCA skeleton + low contact point,generated_videos/control_points_3_traffic.mp4
28,1,10,12,0.5294117647058824,10.36690527408984,person,0.8344327807426453,680.0,254.0,710.0,350.0,2089,axis_right,680.0,319.0,mask PCA skeleton + low contact point,generated_videos/control_points_3_traffic.mp4
28,1,10,12,0.5294117647058824,10.36690527408984,person,0.8344327807426453,680.0,254.0,710.0,350.0,2089,contact_low,695.0,341.0,mask PCA skeleton + low contact point,generated_videos/control_points_3_traffic.mp4
28,4,1,29,0.7135819845179451,6.118975932723328,person,0.6240498423576355,376.0,183.0,408.0,266.0,1859,centroid,392.07208251953125,220.0613250732422,mask PCA skeleton + low contact point,generated_videos/control_points_3_traffic.mp4
28,4,1,29,0.7135819845179451,6.118975932723328,person,0.6240498423576355,376.0,183.0,408.0,266.0,1859,axis_front,400.0,265.0,mask PCA skeleton + low contact point,generated_videos/control_points_3_traffic.mp4
28,4,1,29,0.7135819845179451,6.118975932723328,person,0.6240498423576355,376.0,183.0,408.0,266.0,1859,axis_back,387.0,183.0,mask PCA skeleton + low contact point,generated_videos/control_points_3_traffic.mp4
28,4,1,29,0.7135819845179451,6.118975932723328,person,0.6240498423576355,376.0,183.0,408.0,266.0,1859,axis_left,407.0,195.0,mask PCA skeleton + low contact point,generated_videos/control_points_3_traffic.mp4
28,4,1,29,0.7135819845179451,6.118975932723328,person,0.6240498423576355,376.0,183.0,408.0,266.0,1859,axis_right,376.0,215.0,mask PCA skeleton + low contact point,generated_videos/control_points_3_traffic.mp4
28,4,1,29,0.7135819845179451,6.118975932723328,person,0.6240498423576355,376.0,183.0,408.0,266.0,1859,contact_low,394.0,259.0,mask PCA skeleton + low contact point,generated_videos/control_points_3_traffic.mp4
28,8,8,15,0.6335009261709447,13.352007716984799,person,0.25359854102134705,399.0,188.0,424.0,305.0,1808,centroid,410.4668273925781,247.23175048828125,mask PCA skeleton + low contact point,generated_videos/control_points_3_traffic.mp4
28,8,8,15,0.6335009261709447,13.352007716984799,person,0.25359854102134705,399.0,188.0,424.0,305.0,1808,axis_front,417.0,304.0,mask PCA skeleton + low contact point,generated_videos/control_points_3_traffic.mp4
28,8,8,15,0.6335009261709447,13.352007716984799,person,0.25359854102134705,399.0,188.0,424.0,305.0,1808,axis_back,399.0,188.0,mask PCA skeleton + low contact point,generated_videos/control_points_3_traffic.mp4
28,8,8,15,0.6335009261709447,13.352007716984799,person,0.25359854102134705,399.0,188.0,424.0,305.0,1808,axis_left,423.0,243.0,mask PCA skeleton + low contact point,generated_videos/control_points_3_traffic.mp4
28,8,8,15,0.6335009261709447,13.352007716984799,person,0.25359854102134705,399.0,188.0,424.0,305.0,1808,axis_right,399.0,263.0,mask PCA skeleton + low contact point,generated_videos/control_points_3_traffic.mp4
28,8,8,15,0.6335009261709447,13.352007716984799,person,0.25359854102134705,399.0,188.0,424.0,305.0,1808,contact_low,418.0,295.0,mask PCA skeleton + low contact point,generated_videos/control_points_3_traffic.mp4
28,6,6,24,1.0,0.022067990543964352,boat,0.34115543961524963,70.0,498.0,160.0,528.0,1759,centroid,114.54235076904297,513.195556640625,mask PCA skeleton + low contact point,generated_videos/control_points_3_traffic.mp4
28,6,6,24,1.0,0.022067990543964352,boat,0.34115543961524963,70.0,498.0,160.0,528.0,1759,axis_front,70.0,526.0,mask PCA skeleton + low contact point,generated_videos/control_points_3_traffic.mp4
28,6,6,24,1.0,0.022067990543964352,boat,0.34115543961524963,70.0,498.0,160.0,528.0,1759,axis_back,159.0,506.0,mask PCA skeleton + low contact point,generated_videos/control_points_3_traffic.mp4
28,6,6,24,1.0,0.022067990543964352,boat,0.34115543961524963,70.0,498.0,160.0,528.0,1759,axis_left,115.0,527.0,mask PCA skeleton + low contact point,generated_videos/control_points_3_traffic.mp4
28,6,6,24,1.0,0.022067990543964352,boat,0.34115543961524963,70.0,498.0,160.0,528.0,1759,axis_right,116.0,498.0,mask PCA skeleton + low contact point,generated_videos/control_points_3_traffic.mp4
28,6,6,24,1.0,0.022067990543964352,boat,0.34115543961524963,70.0,498.0,160.0,528.0,1759,contact_low,94.0,526.0,mask PCA skeleton + low contact point,generated_videos/control_points_3_traffic.mp4
28,5,9,14,0.7367178276269185,6.344154951473814,person,0.3831678628921509,401.0,200.0,431.0,304.0,1688,centroid,413.3998718261719,252.5710906982422,mask PCA skeleton + low contact point,generated_videos/control_points_3_traffic.mp4
28,5,9,14,0.7367178276269185,6.344154951473814,person,0.3831678628921509,401.0,200.0,431.0,304.0,1688,axis_front,419.0,303.0,mask PCA skeleton + low contact point,generated_videos/control_points_3_traffic.mp4
28,5,9,14,0.7367178276269185,6.344154951473814,person,0.3831678628921509,401.0,200.0,431.0,304.0,1688,axis_back,401.0,200.0,mask PCA skeleton + low contact point,generated_videos/control_points_3_traffic.mp4
28,5,9,14,0.7367178276269185,6.344154951473814,person,0.3831678628921509,401.0,200.0,431.0,304.0,1688,axis_left,430.0,246.0,mask PCA skeleton + low contact point,generated_videos/control_points_3_traffic.mp4
28,5,9,14,0.7367178276269185,6.344154951473814,person,0.3831678628921509,401.0,200.0,431.0,304.0,1688,axis_right,401.0,253.0,mask PCA skeleton + low contact point,generated_videos/control_points_3_traffic.mp4
28,5,9,14,0.7367178276269185,6.344154951473814,person,0.3831678628921509,401.0,200.0,431.0,304.0,1688,contact_low,418.0,295.0,mask PCA skeleton + low contact point,generated_videos/control_points_3_traffic.mp4
28,7,12,1,,,person,0.2592540681362152,402.0,230.0,431.0,304.0,1345,centroid,415.4401550292969,262.45947265625,mask PCA skeleton + low contact point,generated_videos/control_points_3_traffic.mp4
28,7,12,1,,,person,0.2592540681362152,402.0,230.0,431.0,304.0,1345,axis_front,421.0,303.0,mask PCA skeleton + low contact point,generated_videos/control_points_3_traffic.mp4
28,7,12,1,,,person,0.2592540681362152,402.0,230.0,431.0,304.0,1345,axis_back,402.0,230.0,mask PCA skeleton + low contact point,generated_videos/control_points_3_traffic.mp4
28,7,12,1,,,person,0.2592540681362152,402.0,230.0,431.0,304.0,1345,axis_left,430.0,246.0,mask PCA skeleton + low contact point,generated_videos/control_points_3_traffic.mp4
28,7,12,1,,,person,0.2592540681362152,402.0,230.0,431.0,304.0,1345,axis_right,402.0,256.0,mask PCA skeleton + low contact point,generated_videos/control_points_3_traffic.mp4
28,7,12,1,,,person,0.2592540681362152,402.0,230.0,431.0,304.0,1345,contact_low,418.0,297.0,mask PCA skeleton + low contact point,generated_videos/control_points_3_traffic.mp4
28,2,4,29,1.0,0.01617092497098686,car,0.7400955557823181,735.0,52.0,768.0,94.0,1300,centroid,751.47998046875,72.38615417480469,mask PCA skeleton + low contact point,generated_videos/control_points_3_traffic.mp4
28,2,4,29,1.0,0.01617092497098686,car,0.7400955557823181,735.0,52.0,768.0,94.0,1300,axis_front,736.0,92.0,mask PCA skeleton + low contact point,generated_videos/control_points_3_traffic.mp4
28,2,4,29,1.0,0.01617092497098686,car,0.7400955557823181,735.0,52.0,768.0,94.0,1300,axis_back,767.0,52.0,mask PCA skeleton + low contact point,generated_videos/control_points_3_traffic.mp4
28,2,4,29,1.0,0.01617092497098686,car,0.7400955557823181,735.0,52.0,768.0,94.0,1300,axis_left,767.0,93.0,mask PCA skeleton + low contact point,generated_videos/control_points_3_traffic.mp4
28,2,4,29,1.0,0.01617092497098686,car,0.7400955557823181,735.0,52.0,768.0,94.0,1300,axis_right,735.0,62.0,mask PCA skeleton + low contact point,generated_videos/control_points_3_traffic.mp4
28,2,4,29,1.0,0.01617092497098686,car,0.7400955557823181,735.0,52.0,768.0,94.0,1300,contact_low,751.0,90.0,mask PCA skeleton + low contact point,generated_videos/control_points_3_traffic.mp4
29,4,0,30,1.0,0.04329930486019432,truck,0.6599380373954773,653.0,45.0,724.0,101.0,3368,centroid,686.144287109375,71.11074829101562,mask PCA skeleton + low contact point,generated_videos/control_points_3_traffic.mp4
29,4,0,30,1.0,0.04329930486019432,truck,0.6599380373954773,653.0,45.0,724.0,101.0,3368,axis_front,653.0,54.0,mask PCA skeleton + low contact point,generated_videos/control_points_3_traffic.mp4
29,4,0,30,1.0,0.04329930486019432,truck,0.6599380373954773,653.0,45.0,724.0,101.0,3368,axis_back,723.0,85.0,mask PCA skeleton + low contact point,generated_videos/control_points_3_traffic.mp4
29,4,0,30,1.0,0.04329930486019432,truck,0.6599380373954773,653.0,45.0,724.0,101.0,3368,axis_left,698.0,100.0,mask PCA skeleton + low contact point,generated_videos/control_points_3_traffic.mp4
29,4,0,30,1.0,0.04329930486019432,truck,0.6599380373954773,653.0,45.0,724.0,101.0,3368,axis_right,709.0,45.0,mask PCA skeleton + low contact point,generated_videos/control_points_3_traffic.mp4
29,4,0,30,1.0,0.04329930486019432,truck,0.6599380373954773,653.0,45.0,724.0,101.0,3368,contact_low,687.0,93.0,mask PCA skeleton + low contact point,generated_videos/control_points_3_traffic.mp4
29,0,7,20,0.7184421534936999,5.696692778487179,person,0.8780298233032227,634.0,255.0,671.0,354.0,2526,centroid,652.5874633789062,303.3404541015625,mask PCA skeleton + low contact point,generated_videos/control_points_3_traffic.mp4
29,0,7,20,0.7184421534936999,5.696692778487179,person,0.8780298233032227,634.0,255.0,671.0,354.0,2526,axis_front,670.0,353.0,mask PCA skeleton + low contact point,generated_videos/control_points_3_traffic.mp4
29,0,7,20,0.7184421534936999,5.696692778487179,person,0.8780298233032227,634.0,255.0,671.0,354.0,2526,axis_back,647.0,255.0,mask PCA skeleton + low contact point,generated_videos/control_points_3_traffic.mp4
29,0,7,20,0.7184421534936999,5.696692778487179,person,0.8780298233032227,634.0,255.0,671.0,354.0,2526,axis_left,670.0,281.0,mask PCA skeleton + low contact point,generated_videos/control_points_3_traffic.mp4
29,0,7,20,0.7184421534936999,5.696692778487179,person,0.8780298233032227,634.0,255.0,671.0,354.0,2526,axis_right,634.0,310.0,mask PCA skeleton + low contact point,generated_videos/control_points_3_traffic.mp4
29,0,7,20,0.7184421534936999,5.696692778487179,person,0.8780298233032227,634.0,255.0,671.0,354.0,2526,contact_low,651.0,346.0,mask PCA skeleton + low contact point,generated_videos/control_points_3_traffic.mp4
29,1,10,13,0.5971978984238179,6.210177304345088,person,0.822608470916748,675.0,251.0,702.0,347.0,2013,centroid,687.4580078125,295.98858642578125,mask PCA skeleton + low contact point,generated_videos/control_points_3_traffic.mp4
29,1,10,13,0.5971978984238179,6.210177304345088,person,0.822608470916748,675.0,251.0,702.0,347.0,2013,axis_front,684.0,346.0,mask PCA skeleton + low contact point,generated_videos/control_points_3_traffic.mp4
29,1,10,13,0.5971978984238179,6.210177304345088,person,0.822608470916748,675.0,251.0,702.0,347.0,2013,axis_back,692.0,251.0,mask PCA skeleton + low contact point,generated_videos/control_points_3_traffic.mp4
29,1,10,13,0.5971978984238179,6.210177304345088,person,0.822608470916748,675.0,251.0,702.0,347.0,2013,axis_left,701.0,305.0,mask PCA skeleton + low contact point,generated_videos/control_points_3_traffic.mp4
29,1,10,13,0.5971978984238179,6.210177304345088,person,0.822608470916748,675.0,251.0,702.0,347.0,2013,axis_right,675.0,298.0,mask PCA skeleton + low contact point,generated_videos/control_points_3_traffic.mp4
29,1,10,13,0.5971978984238179,6.210177304345088,person,0.822608470916748,675.0,251.0,702.0,347.0,2013,contact_low,687.0,337.0,mask PCA skeleton + low contact point,generated_videos/control_points_3_traffic.mp4
29,5,9,15,0.7660738714090287,4.668437435109262,person,0.41500091552734375,400.0,185.0,429.0,300.0,1805,centroid,411.35235595703125,248.37562561035156,mask PCA skeleton + low contact point,generated_videos/control_points_3_traffic.mp4
29,5,9,15,0.7660738714090287,4.668437435109262,person,0.41500091552734375,400.0,185.0,429.0,300.0,1805,axis_front,416.0,299.0,mask PCA skeleton + low contact point,generated_videos/control_points_3_traffic.mp4
29,5,9,15,0.7660738714090287,4.668437435109262,person,0.41500091552734375,400.0,185.0,429.0,300.0,1805,axis_back,400.0,185.0,mask PCA skeleton + low contact point,generated_videos/control_points_3_traffic.mp4
29,5,9,15,0.7660738714090287,4.668437435109262,person,0.41500091552734375,400.0,185.0,429.0,300.0,1805,axis_left,428.0,246.0,mask PCA skeleton + low contact point,generated_videos/control_points_3_traffic.mp4
29,5,9,15,0.7660738714090287,4.668437435109262,person,0.41500091552734375,400.0,185.0,429.0,300.0,1805,axis_right,400.0,248.0,mask PCA skeleton + low contact point,generated_videos/control_points_3_traffic.mp4
29,5,9,15,0.7660738714090287,4.668437435109262,person,0.41500091552734375,400.0,185.0,429.0,300.0,1805,contact_low,414.0,291.0,mask PCA skeleton + low contact point,generated_videos/control_points_3_traffic.mp4
29,6,6,25,1.0,0.028737560480118034,boat,0.3328690230846405,70.0,498.0,160.0,528.0,1757,centroid,114.51394653320312,513.1912231445312,mask PCA skeleton + low contact point,generated_videos/control_points_3_traffic.mp4
29,6,6,25,1.0,0.028737560480118034,boat,0.3328690230846405,70.0,498.0,160.0,528.0,1757,axis_front,70.0,526.0,mask PCA skeleton + low contact point,generated_videos/control_points_3_traffic.mp4
29,6,6,25,1.0,0.028737560480118034,boat,0.3328690230846405,70.0,498.0,160.0,528.0,1757,axis_back,159.0,506.0,mask PCA skeleton + low contact point,generated_videos/control_points_3_traffic.mp4
29,6,6,25,1.0,0.028737560480118034,boat,0.3328690230846405,70.0,498.0,160.0,528.0,1757,axis_left,115.0,527.0,mask PCA skeleton + low contact point,generated_videos/control_points_3_traffic.mp4
29,6,6,25,1.0,0.028737560480118034,boat,0.3328690230846405,70.0,498.0,160.0,528.0,1757,axis_right,116.0,498.0,mask PCA skeleton + low contact point,generated_videos/control_points_3_traffic.mp4
29,6,6,25,1.0,0.028737560480118034,boat,0.3328690230846405,70.0,498.0,160.0,528.0,1757,contact_low,94.0,526.0,mask PCA skeleton + low contact point,generated_videos/control_points_3_traffic.mp4
29,3,1,30,0.8909919383105503,1.3487406867041434,person,0.6775304079055786,377.0,184.0,410.0,267.0,1631,centroid,391.4083251953125,221.23544311523438,mask PCA skeleton + low contact point,generated_videos/control_points_3_traffic.mp4
29,3,1,30,0.8909919383105503,1.3487406867041434,person,0.6775304079055786,377.0,184.0,410.0,267.0,1631,axis_front,393.0,266.0,mask PCA skeleton + low contact point,generated_videos/control_points_3_traffic.mp4
29,3,1,30,0.8909919383105503,1.3487406867041434,person,0.6775304079055786,377.0,184.0,410.0,267.0,1631,axis_back,387.0,184.0,mask PCA skeleton + low contact point,generated_videos/control_points_3_traffic.mp4
29,3,1,30,0.8909919383105503,1.3487406867041434,person,0.6775304079055786,377.0,184.0,410.0,267.0,1631,axis_left,409.0,202.0,mask PCA skeleton + low contact point,generated_videos/control_points_3_traffic.mp4
29,3,1,30,0.8909919383105503,1.3487406867041434,person,0.6775304079055786,377.0,184.0,410.0,267.0,1631,axis_right,377.0,217.0,mask PCA skeleton + low contact point,generated_videos/control_points_3_traffic.mp4
29,3,1,30,0.8909919383105503,1.3487406867041434,person,0.6775304079055786,377.0,184.0,410.0,267.0,1631,contact_low,393.0,260.0,mask PCA skeleton + low contact point,generated_videos/control_points_3_traffic.mp4
29,2,4,30,1.0,0.0,car,0.7383635640144348,735.0,52.0,768.0,94.0,1300,centroid,751.47998046875,72.38615417480469,mask PCA skeleton + low contact point,generated_videos/control_points_3_traffic.mp4
29,2,4,30,1.0,0.0,car,0.7383635640144348,735.0,52.0,768.0,94.0,1300,axis_front,736.0,92.0,mask PCA skeleton + low contact point,generated_videos/control_points_3_traffic.mp4
29,2,4,30,1.0,0.0,car,0.7383635640144348,735.0,52.0,768.0,94.0,1300,axis_back,767.0,52.0,mask PCA skeleton + low contact point,generated_videos/control_points_3_traffic.mp4
29,2,4,30,1.0,0.0,car,0.7383635640144348,735.0,52.0,768.0,94.0,1300,axis_left,767.0,93.0,mask PCA skeleton + low contact point,generated_videos/control_points_3_traffic.mp4
29,2,4,30,1.0,0.0,car,0.7383635640144348,735.0,52.0,768.0,94.0,1300,axis_right,735.0,62.0,mask PCA skeleton + low contact point,generated_videos/control_points_3_traffic.mp4
29,2,4,30,1.0,0.0,car,0.7383635640144348,735.0,52.0,768.0,94.0,1300,contact_low,751.0,90.0,mask PCA skeleton + low contact point,generated_videos/control_points_3_traffic.mp4
30,4,0,31,1.0,0.03107243471680786,truck,0.6452639102935791,653.0,45.0,724.0,101.0,3374,centroid,686.1280517578125,71.13722229003906,mask PCA skeleton + low contact point,generated_videos/control_points_3_traffic.mp4
30,4,0,31,1.0,0.03107243471680786,truck,0.6452639102935791,653.0,45.0,724.0,101.0,3374,axis_front,653.0,54.0,mask PCA skeleton + low contact point,generated_videos/control_points_3_traffic.mp4
30,4,0,31,1.0,0.03107243471680786,truck,0.6452639102935791,653.0,45.0,724.0,101.0,3374,axis_back,723.0,85.0,mask PCA skeleton + low contact point,generated_videos/control_points_3_traffic.mp4
30,4,0,31,1.0,0.03107243471680786,truck,0.6452639102935791,653.0,45.0,724.0,101.0,3374,axis_left,696.0,100.0,mask PCA skeleton + low contact point,generated_videos/control_points_3_traffic.mp4
30,4,0,31,1.0,0.03107243471680786,truck,0.6452639102935791,653.0,45.0,724.0,101.0,3374,axis_right,709.0,45.0,mask PCA skeleton + low contact point,generated_videos/control_points_3_traffic.mp4
30,4,0,31,1.0,0.03107243471680786,truck,0.6452639102935791,653.0,45.0,724.0,101.0,3374,contact_low,689.0,94.0,mask PCA skeleton + low contact point,generated_videos/control_points_3_traffic.mp4
30,0,7,21,0.729132759823297,7.199792476854235,person,0.8698069453239441,629.0,251.0,666.0,353.0,2418,centroid,647.3577270507812,298.3920593261719,mask PCA skeleton + low contact point,generated_videos/control_points_3_traffic.mp4
30,0,7,21,0.729132759823297,7.199792476854235,person,0.8698069453239441,629.0,251.0,666.0,353.0,2418,axis_front,642.0,352.0,mask PCA skeleton + low contact point,generated_videos/control_points_3_traffic.mp4
30,0,7,21,0.729132759823297,7.199792476854235,person,0.8698069453239441,629.0,251.0,666.0,353.0,2418,axis_back,653.0,251.0,mask PCA skeleton + low contact point,generated_videos/control_points_3_traffic.mp4
30,0,7,21,0.729132759823297,7.199792476854235,person,0.8698069453239441,629.0,251.0,666.0,353.0,2418,axis_left,665.0,286.0,mask PCA skeleton + low contact point,generated_videos/control_points_3_traffic.mp4
30,0,7,21,0.729132759823297,7.199792476854235,person,0.8698069453239441,629.0,251.0,666.0,353.0,2418,axis_right,629.0,287.0,mask PCA skeleton + low contact point,generated_videos/control_points_3_traffic.mp4
30,0,7,21,0.729132759823297,7.199792476854235,person,0.8698069453239441,629.0,251.0,666.0,353.0,2418,contact_low,647.0,344.0,mask PCA skeleton + low contact point,generated_videos/control_points_3_traffic.mp4
30,1,10,14,0.6595744680851063,5.559061963062496,person,0.8253191113471985,668.0,251.0,698.0,344.0,2112,centroid,682.3485107421875,298.1784973144531,mask PCA skeleton + low contact point,generated_videos/control_points_3_traffic.mp4
30,1,10,14,0.6595744680851063,5.559061963062496,person,0.8253191113471985,668.0,251.0,698.0,344.0,2112,axis_front,686.0,343.0,mask PCA skeleton + low contact point,generated_videos/control_points_3_traffic.mp4
30,1,10,14,0.6595744680851063,5.559061963062496,person,0.8253191113471985,668.0,251.0,698.0,344.0,2112,axis_back,686.0,251.0,mask PCA skeleton + low contact point,generated_videos/control_points_3_traffic.mp4
30,1,10,14,0.6595744680851063,5.559061963062496,person,0.8253191113471985,668.0,251.0,698.0,344.0,2112,axis_left,697.0,309.0,mask PCA skeleton + low contact point,generated_videos/control_points_3_traffic.mp4
30,1,10,14,0.6595744680851063,5.559061963062496,person,0.8253191113471985,668.0,251.0,698.0,344.0,2112,axis_right,668.0,304.0,mask PCA skeleton + low contact point,generated_videos/control_points_3_traffic.mp4
30,1,10,14,0.6595744680851063,5.559061963062496,person,0.8253191113471985,668.0,251.0,698.0,344.0,2112,contact_low,686.0,336.0,mask PCA skeleton + low contact point,generated_videos/control_points_3_traffic.mp4
30,5,6,26,1.0,0.08412956853520798,boat,0.3771885931491852,70.0,498.0,160.0,528.0,1747,centroid,114.56554412841797,513.124755859375,mask PCA skeleton + low contact point,generated_videos/control_points_3_traffic.mp4
30,5,6,26,1.0,0.08412956853520798,boat,0.3771885931491852,70.0,498.0,160.0,528.0,1747,axis_front,70.0,525.0,mask PCA skeleton + low contact point,generated_videos/control_points_3_traffic.mp4
30,5,6,26,1.0,0.08412956853520798,boat,0.3771885931491852,70.0,498.0,160.0,528.0,1747,axis_back,159.0,506.0,mask PCA skeleton + low contact point,generated_videos/control_points_3_traffic.mp4
30,5,6,26,1.0,0.08412956853520798,boat,0.3771885931491852,70.0,498.0,160.0,528.0,1747,axis_left,115.0,527.0,mask PCA skeleton + low contact point,generated_videos/control_points_3_traffic.mp4
30,5,6,26,1.0,0.08412956853520798,boat,0.3771885931491852,70.0,498.0,160.0,528.0,1747,axis_right,116.0,498.0,mask PCA skeleton + low contact point,generated_videos/control_points_3_traffic.mp4
30,5,6,26,1.0,0.08412956853520798,boat,0.3771885931491852,70.0,498.0,160.0,528.0,1747,contact_low,96.0,525.0,mask PCA skeleton + low contact point,generated_videos/control_points_3_traffic.mp4
30,6,9,16,0.7893393819109725,3.558614665692462,person,0.3738968074321747,398.0,200.0,429.0,296.0,1736,centroid,410.838134765625,251.8968963623047,mask PCA skeleton + low contact point,generated_videos/control_points_3_traffic.mp4
30,6,9,16,0.7893393819109725,3.558614665692462,person,0.3738968074321747,398.0,200.0,429.0,296.0,1736,axis_front,417.0,295.0,mask PCA skeleton + low contact point,generated_videos/control_points_3_traffic.mp4
30,6,9,16,0.7893393819109725,3.558614665692462,person,0.3738968074321747,398.0,200.0,429.0,296.0,1736,axis_back,398.0,200.0,mask PCA skeleton + low contact point,generated_videos/control_points_3_traffic.mp4
30,6,9,16,0.7893393819109725,3.558614665692462,person,0.3738968074321747,398.0,200.0,429.0,296.0,1736,axis_left,428.0,246.0,mask PCA skeleton + low contact point,generated_videos/control_points_3_traffic.mp4
30,6,9,16,0.7893393819109725,3.558614665692462,person,0.3738968074321747,398.0,200.0,429.0,296.0,1736,axis_right,398.0,260.0,mask PCA skeleton + low contact point,generated_videos/control_points_3_traffic.mp4
30,6,9,16,0.7893393819109725,3.558614665692462,person,0.3738968074321747,398.0,200.0,429.0,296.0,1736,contact_low,412.0,290.0,mask PCA skeleton + low contact point,generated_videos/control_points_3_traffic.mp4
30,3,1,31,0.9090909090909091,1.7682805799554704,person,0.663995623588562,378.0,184.0,408.0,267.0,1645,centroid,392.2176208496094,219.66322326660156,mask PCA skeleton + low contact point,generated_videos/control_points_3_traffic.mp4
30,3,1,31,0.9090909090909091,1.7682805799554704,person,0.663995623588562,378.0,184.0,408.0,267.0,1645,axis_front,388.0,266.0,mask PCA skeleton + low contact point,generated_videos/control_points_3_traffic.mp4
30,3,1,31,0.9090909090909091,1.7682805799554704,person,0.663995623588562,378.0,184.0,408.0,267.0,1645,axis_back,400.0,184.0,mask PCA skeleton + low contact point,generated_videos/control_points_3_traffic.mp4
30,3,1,31,0.9090909090909091,1.7682805799554704,person,0.663995623588562,378.0,184.0,408.0,267.0,1645,axis_left,407.0,214.0,mask PCA skeleton + low contact point,generated_videos/control_points_3_traffic.mp4
30,3,1,31,0.9090909090909091,1.7682805799554704,person,0.663995623588562,378.0,184.0,408.0,267.0,1645,axis_right,378.0,202.0,mask PCA skeleton + low contact point,generated_videos/control_points_3_traffic.mp4
30,3,1,31,0.9090909090909091,1.7682805799554704,person,0.663995623588562,378.0,184.0,408.0,267.0,1645,contact_low,390.0,258.0,mask PCA skeleton + low contact point,generated_videos/control_points_3_traffic.mp4
30,7,12,2,0.7583093967993435,3.978487199554997,person,0.35351258516311646,399.0,227.0,430.0,296.0,1466,centroid,412.81036376953125,259.4740905761719,mask PCA skeleton + low contact point,generated_videos/control_points_3_traffic.mp4
30,7,12,2,0.7583093967993435,3.978487199554997,person,0.35351258516311646,399.0,227.0,430.0,296.0,1466,axis_front,417.0,295.0,mask PCA skeleton + low contact point,generated_videos/control_points_3_traffic.mp4
30,7,12,2,0.7583093967993435,3.978487199554997,person,0.35351258516311646,399.0,227.0,430.0,296.0,1466,axis_back,401.0,227.0,mask PCA skeleton + low contact point,generated_videos/control_points_3_traffic.mp4
30,7,12,2,0.7583093967993435,3.978487199554997,person,0.35351258516311646,399.0,227.0,430.0,296.0,1466,axis_left,429.0,246.0,mask PCA skeleton + low contact point,generated_videos/control_points_3_traffic.mp4
30,7,12,2,0.7583093967993435,3.978487199554997,person,0.35351258516311646,399.0,227.0,430.0,296.0,1466,axis_right,399.0,261.0,mask PCA skeleton + low contact point,generated_videos/control_points_3_traffic.mp4
30,7,12,2,0.7583093967993435,3.978487199554997,person,0.35351258516311646,399.0,227.0,430.0,296.0,1466,contact_low,412.0,290.0,mask PCA skeleton + low contact point,generated_videos/control_points_3_traffic.mp4
30,2,4,31,1.0,0.04775127586283057,car,0.7396202087402344,735.0,52.0,768.0,94.0,1305,centroid,751.4705200195312,72.43295288085938,mask PCA skeleton + low contact point,generated_videos/control_points_3_traffic.mp4
30,2,4,31,1.0,0.04775127586283057,car,0.7396202087402344,735.0,52.0,768.0,94.0,1305,axis_front,740.0,93.0,mask PCA skeleton + low contact point,generated_videos/control_points_3_traffic.mp4
30,2,4,31,1.0,0.04775127586283057,car,0.7396202087402344,735.0,52.0,768.0,94.0,1305,axis_back,767.0,52.0,mask PCA skeleton + low contact point,generated_videos/control_points_3_traffic.mp4
30,2,4,31,1.0,0.04775127586283057,car,0.7396202087402344,735.0,52.0,768.0,94.0,1305,axis_left,767.0,93.0,mask PCA skeleton + low contact point,generated_videos/control_points_3_traffic.mp4
30,2,4,31,1.0,0.04775127586283057,car,0.7396202087402344,735.0,52.0,768.0,94.0,1305,axis_right,735.0,62.0,mask PCA skeleton + low contact point,generated_videos/control_points_3_traffic.mp4
30,2,4,31,1.0,0.04775127586283057,car,0.7396202087402344,735.0,52.0,768.0,94.0,1305,contact_low,751.0,90.0,mask PCA skeleton + low contact point,generated_videos/control_points_3_traffic.mp4
30,8,8,16,0.033905768383971815,31.714847962473836,person,0.2993120551109314,378.0,190.0,401.0,267.0,1295,centroid,390.0525207519531,222.9606170654297,mask PCA skeleton + low contact point,generated_videos/control_points_3_traffic.mp4
30,8,8,16,0.033905768383971815,31.714847962473836,person,0.2993120551109314,378.0,190.0,401.0,267.0,1295,axis_front,388.0,266.0,mask PCA skeleton + low contact point,generated_videos/control_points_3_traffic.mp4
30,8,8,16,0.033905768383971815,31.714847962473836,person,0.2993120551109314,378.0,190.0,401.0,267.0,1295,axis_back,400.0,190.0,mask PCA skeleton + low contact point,generated_videos/control_points_3_traffic.mp4
30,8,8,16,0.033905768383971815,31.714847962473836,person,0.2993120551109314,378.0,190.0,401.0,267.0,1295,axis_left,400.0,224.0,mask PCA skeleton + low contact point,generated_videos/control_points_3_traffic.mp4
30,8,8,16,0.033905768383971815,31.714847962473836,person,0.2993120551109314,378.0,190.0,401.0,267.0,1295,axis_right,378.0,202.0,mask PCA skeleton + low contact point,generated_videos/control_points_3_traffic.mp4
30,8,8,16,0.033905768383971815,31.714847962473836,person,0.2993120551109314,378.0,190.0,401.0,267.0,1295,contact_low,390.0,259.0,mask PCA skeleton + low contact point,generated_videos/control_points_3_traffic.mp4
31,3,0,32,1.0,0.02938181302290602,truck,0.6462060809135437,653.0,45.0,724.0,101.0,3378,centroid,686.1430053710938,71.16252136230469,mask PCA skeleton + low contact point,generated_videos/control_points_3_traffic.mp4
31,3,0,32,1.0,0.02938181302290602,truck,0.6462060809135437,653.0,45.0,724.0,101.0,3378,axis_front,653.0,54.0,mask PCA skeleton + low contact point,generated_videos/control_points_3_traffic.mp4
31,3,0,32,1.0,0.02938181302290602,truck,0.6462060809135437,653.0,45.0,724.0,101.0,3378,axis_back,723.0,85.0,mask PCA skeleton + low contact point,generated_videos/control_points_3_traffic.mp4
31,3,0,32,1.0,0.02938181302290602,truck,0.6462060809135437,653.0,45.0,724.0,101.0,3378,axis_left,696.0,100.0,mask PCA skeleton + low contact point,generated_videos/control_points_3_traffic.mp4
31,3,0,32,1.0,0.02938181302290602,truck,0.6462060809135437,653.0,45.0,724.0,101.0,3378,axis_right,709.0,45.0,mask PCA skeleton + low contact point,generated_videos/control_points_3_traffic.mp4
31,3,0,32,1.0,0.02938181302290602,truck,0.6462060809135437,653.0,45.0,724.0,101.0,3378,contact_low,689.0,94.0,mask PCA skeleton + low contact point,generated_videos/control_points_3_traffic.mp4
31,0,7,22,0.6254537689515268,7.865643494754718,person,0.8413735032081604,620.0,252.0,658.0,353.0,2293,centroid,639.5220336914062,297.7065124511719,mask PCA skeleton + low contact point,generated_videos/control_points_3_traffic.mp4
31,0,7,22,0.6254537689515268,7.865643494754718,person,0.8413735032081604,620.0,252.0,658.0,353.0,2293,axis_front,650.0,352.0,mask PCA skeleton + low contact point,generated_videos/control_points_3_traffic.mp4
31,0,7,22,0.6254537689515268,7.865643494754718,person,0.8413735032081604,620.0,252.0,658.0,353.0,2293,axis_back,634.0,252.0,mask PCA skeleton + low contact point,generated_videos/control_points_3_traffic.mp4
31,0,7,22,0.6254537689515268,7.865643494754718,person,0.8413735032081604,620.0,252.0,658.0,353.0,2293,axis_left,657.0,275.0,mask PCA skeleton + low contact point,generated_videos/control_points_3_traffic.mp4
31,0,7,22,0.6254537689515268,7.865643494754718,person,0.8413735032081604,620.0,252.0,658.0,353.0,2293,axis_right,620.0,303.0,mask PCA skeleton + low contact point,generated_videos/control_points_3_traffic.mp4
31,0,7,22,0.6254537689515268,7.865643494754718,person,0.8413735032081604,620.0,252.0,658.0,353.0,2293,contact_low,645.0,343.0,mask PCA skeleton + low contact point,generated_videos/control_points_3_traffic.mp4
31,1,10,15,0.5180666353824496,10.133374555354086,person,0.8253551125526428,652.0,252.0,692.0,344.0,2050,centroid,672.245849609375,297.3897705078125,mask PCA skeleton + low contact point,generated_videos/control_points_3_traffic.mp4
31,1,10,15,0.5180666353824496,10.133374555354086,person,0.8253551125526428,652.0,252.0,692.0,344.0,2050,axis_front,689.0,343.0,mask PCA skeleton + low contact point,generated_videos/control_points_3_traffic.mp4
31,1,10,15,0.5180666353824496,10.133374555354086,person,0.8253551125526428,652.0,252.0,692.0,344.0,2050,axis_back,662.0,252.0,mask PCA skeleton + low contact point,generated_videos/control_points_3_traffic.mp4
31,1,10,15,0.5180666353824496,10.133374555354086,person,0.8253551125526428,652.0,252.0,692.0,344.0,2050,axis_left,691.0,328.0,mask PCA skeleton + low contact point,generated_videos/control_points_3_traffic.mp4
31,1,10,15,0.5180666353824496,10.133374555354086,person,0.8253551125526428,652.0,252.0,692.0,344.0,2050,axis_right,652.0,334.0,mask PCA skeleton + low contact point,generated_videos/control_points_3_traffic.mp4
31,1,10,15,0.5180666353824496,10.133374555354086,person,0.8253551125526428,652.0,252.0,692.0,344.0,2050,contact_low,686.0,334.0,mask PCA skeleton + low contact point,generated_videos/control_points_3_traffic.mp4
31,5,6,27,1.0,0.0212091863174587,boat,0.375581830739975,70.0,498.0,160.0,528.0,1750,centroid,114.55542755126953,513.1434326171875,mask PCA skeleton + low contact point,generated_videos/control_points_3_traffic.mp4
31,5,6,27,1.0,0.0212091863174587,boat,0.375581830739975,70.0,498.0,160.0,528.0,1750,axis_front,70.0,526.0,mask PCA skeleton + low contact point,generated_videos/control_points_3_traffic.mp4
31,5,6,27,1.0,0.0212091863174587,boat,0.375581830739975,70.0,498.0,160.0,528.0,1750,axis_back,159.0,506.0,mask PCA skeleton + low contact point,generated_videos/control_points_3_traffic.mp4
31,5,6,27,1.0,0.0212091863174587,boat,0.375581830739975,70.0,498.0,160.0,528.0,1750,axis_left,115.0,527.0,mask PCA skeleton + low contact point,generated_videos/control_points_3_traffic.mp4
31,5,6,27,1.0,0.0212091863174587,boat,0.375581830739975,70.0,498.0,160.0,528.0,1750,axis_right,116.0,498.0,mask PCA skeleton + low contact point,generated_videos/control_points_3_traffic.mp4
31,5,6,27,1.0,0.0212091863174587,boat,0.375581830739975,70.0,498.0,160.0,528.0,1750,contact_low,96.0,525.0,mask PCA skeleton + low contact point,generated_videos/control_points_3_traffic.mp4
31,4,1,32,0.9540229885057471,0.7817530012765962,person,0.6227698922157288,378.0,180.0,408.0,267.0,1691,centroid,392.8338317871094,219.18214416503906,mask PCA skeleton + low contact point,generated_videos/control_points_3_traffic.mp4
31,4,1,32,0.9540229885057471,0.7817530012765962,person,0.6227698922157288,378.0,180.0,408.0,267.0,1691,axis_front,390.0,266.0,mask PCA skeleton + low contact point,generated_videos/control_points_3_traffic.mp4
31,4,1,32,0.9540229885057471,0.7817530012765962,person,0.6227698922157288,378.0,180.0,408.0,267.0,1691,axis_back,398.0,180.0,mask PCA skeleton + low contact point,generated_videos/control_points_3_traffic.mp4
31,4,1,32,0.9540229885057471,0.7817530012765962,person,0.6227698922157288,378.0,180.0,408.0,267.0,1691,axis_left,407.0,218.0,mask PCA skeleton + low contact point,generated_videos/control_points_3_traffic.mp4
31,4,1,32,0.9540229885057471,0.7817530012765962,person,0.6227698922157288,378.0,180.0,408.0,267.0,1691,axis_right,378.0,198.0,mask PCA skeleton + low contact point,generated_videos/control_points_3_traffic.mp4
31,4,1,32,0.9540229885057471,0.7817530012765962,person,0.6227698922157288,378.0,180.0,408.0,267.0,1691,contact_low,390.0,257.0,mask PCA skeleton + low contact point,generated_videos/control_points_3_traffic.mp4
31,2,4,32,1.0,0.030660918044052448,car,0.7413834929466248,735.0,52.0,768.0,94.0,1305,centroid,751.4712524414062,72.40229797363281,mask PCA skeleton + low contact point,generated_videos/control_points_3_traffic.mp4
31,2,4,32,1.0,0.030660918044052448,car,0.7413834929466248,735.0,52.0,768.0,94.0,1305,axis_front,741.0,93.0,mask PCA skeleton + low contact point,generated_videos/control_points_3_traffic.mp4
31,2,4,32,1.0,0.030660918044052448,car,0.7413834929466248,735.0,52.0,768.0,94.0,1305,axis_back,767.0,52.0,mask PCA skeleton + low contact point,generated_videos/control_points_3_traffic.mp4
31,2,4,32,1.0,0.030660918044052448,car,0.7413834929466248,735.0,52.0,768.0,94.0,1305,axis_left,767.0,93.0,mask PCA skeleton + low contact point,generated_videos/control_points_3_traffic.mp4
31,2,4,32,1.0,0.030660918044052448,car,0.7413834929466248,735.0,52.0,768.0,94.0,1305,axis_right,735.0,62.0,mask PCA skeleton + low contact point,generated_videos/control_points_3_traffic.mp4
31,2,4,32,1.0,0.030660918044052448,car,0.7413834929466248,735.0,52.0,768.0,94.0,1305,contact_low,752.0,90.0,mask PCA skeleton + low contact point,generated_videos/control_points_3_traffic.mp4
32,3,0,33,1.0,0.03687207994008244,truck,0.6397113800048828,653.0,45.0,724.0,101.0,3373,centroid,686.1283569335938,71.12866973876953,mask PCA skeleton + low contact point,generated_videos/control_points_3_traffic.mp4
32,3,0,33,1.0,0.03687207994008244,truck,0.6397113800048828,653.0,45.0,724.0,101.0,3373,axis_front,653.0,54.0,mask PCA skeleton + low contact point,generated_videos/control_points_3_traffic.mp4
32,3,0,33,1.0,0.03687207994008244,truck,0.6397113800048828,653.0,45.0,724.0,101.0,3373,axis_back,723.0,85.0,mask PCA skeleton + low contact point,generated_videos/control_points_3_traffic.mp4
32,3,0,33,1.0,0.03687207994008244,truck,0.6397113800048828,653.0,45.0,724.0,101.0,3373,axis_left,696.0,100.0,mask PCA skeleton + low contact point,generated_videos/control_points_3_traffic.mp4
32,3,0,33,1.0,0.03687207994008244,truck,0.6397113800048828,653.0,45.0,724.0,101.0,3373,axis_right,709.0,45.0,mask PCA skeleton + low contact point,generated_videos/control_points_3_traffic.mp4
32,3,0,33,1.0,0.03687207994008244,truck,0.6397113800048828,653.0,45.0,724.0,101.0,3373,contact_low,690.0,94.0,mask PCA skeleton + low contact point,generated_videos/control_points_3_traffic.mp4
32,0,7,23,0.7631874298540965,4.363439279021161,person,0.8241264224052429,615.0,249.0,654.0,352.0,2407,centroid,635.43994140625,296.1649475097656,mask PCA skeleton + low contact point,generated_videos/control_points_3_traffic.mp4
32,0,7,23,0.7631874298540965,4.363439279021161,person,0.8241264224052429,615.0,249.0,654.0,352.0,2407,axis_front,646.0,351.0,mask PCA skeleton + low contact point,generated_videos/control_points_3_traffic.mp4
32,0,7,23,0.7631874298540965,4.363439279021161,person,0.8241264224052429,615.0,249.0,654.0,352.0,2407,axis_back,629.0,249.0,mask PCA skeleton + low contact point,generated_videos/control_points_3_traffic.mp4
32,0,7,23,0.7631874298540965,4.363439279021161,person,0.8241264224052429,615.0,249.0,654.0,352.0,2407,axis_left,653.0,276.0,mask PCA skeleton + low contact point,generated_videos/control_points_3_traffic.mp4
32,0,7,23,0.7631874298540965,4.363439279021161,person,0.8241264224052429,615.0,249.0,654.0,352.0,2407,axis_right,615.0,302.0,mask PCA skeleton + low contact point,generated_videos/control_points_3_traffic.mp4
32,0,7,23,0.7631874298540965,4.363439279021161,person,0.8241264224052429,615.0,249.0,654.0,352.0,2407,contact_low,644.0,341.0,mask PCA skeleton + low contact point,generated_videos/control_points_3_traffic.mp4
32,1,10,16,0.7917737789203085,8.157291230209092,person,0.7833049297332764,652.0,246.0,687.0,340.0,2031,centroid,665.8350830078125,292.34564208984375,mask PCA skeleton + low contact point,generated_videos/control_points_3_traffic.mp4
32,1,10,16,0.7917737789203085,8.157291230209092,person,0.7833049297332764,652.0,246.0,687.0,340.0,2031,axis_front,685.0,339.0,mask PCA skeleton + low contact point,generated_videos/control_points_3_traffic.mp4
32,1,10,16,0.7917737789203085,8.157291230209092,person,0.7833049297332764,652.0,246.0,687.0,340.0,2031,axis_back,656.0,246.0,mask PCA skeleton + low contact point,generated_videos/control_points_3_traffic.mp4
32,1,10,16,0.7917737789203085,8.157291230209092,person,0.7833049297332764,652.0,246.0,687.0,340.0,2031,axis_left,686.0,332.0,mask PCA skeleton + low contact point,generated_videos/control_points_3_traffic.mp4
32,1,10,16,0.7917737789203085,8.157291230209092,person,0.7833049297332764,652.0,246.0,687.0,340.0,2031,axis_right,652.0,333.0,mask PCA skeleton + low contact point,generated_videos/control_points_3_traffic.mp4
32,1,10,16,0.7917737789203085,8.157291230209092,person,0.7833049297332764,652.0,246.0,687.0,340.0,2031,contact_low,680.0,331.0,mask PCA skeleton + low contact point,generated_videos/control_points_3_traffic.mp4
32,5,6,28,0.9666666666666667,0.4738101509058571,boat,0.350516140460968,70.0,498.0,160.0,527.0,1714,centroid,114.93290710449219,512.8570556640625,mask PCA skeleton + low contact point,generated_videos/control_points_3_traffic.mp4
32,5,6,28,0.9666666666666667,0.4738101509058571,boat,0.350516140460968,70.0,498.0,160.0,527.0,1714,axis_front,70.0,526.0,mask PCA skeleton + low contact point,generated_videos/control_points_3_traffic.mp4
32,5,6,28,0.9666666666666667,0.4738101509058571,boat,0.350516140460968,70.0,498.0,160.0,527.0,1714,axis_back,159.0,506.0,mask PCA skeleton + low contact point,generated_videos/control_points_3_traffic.mp4
32,5,6,28,0.9666666666666667,0.4738101509058571,boat,0.350516140460968,70.0,498.0,160.0,527.0,1714,axis_left,119.0,526.0,mask PCA skeleton + low contact point,generated_videos/control_points_3_traffic.mp4
32,5,6,28,0.9666666666666667,0.4738101509058571,boat,0.350516140460968,70.0,498.0,160.0,527.0,1714,axis_right,116.0,498.0,mask PCA skeleton + low contact point,generated_videos/control_points_3_traffic.mp4
32,5,6,28,0.9666666666666667,0.4738101509058571,boat,0.350516140460968,70.0,498.0,160.0,527.0,1714,contact_low,95.0,525.0,mask PCA skeleton + low contact point,generated_videos/control_points_3_traffic.mp4
32,4,1,33,0.7969348659003831,1.8736176848607973,person,0.5605050921440125,382.0,184.0,408.0,264.0,1637,centroid,393.7495422363281,220.81674194335938,mask PCA skeleton + low contact point,generated_videos/control_points_3_traffic.mp4
32,4,1,33,0.7969348659003831,1.8736176848607973,person,0.5605050921440125,382.0,184.0,408.0,264.0,1637,axis_front,389.0,263.0,mask PCA skeleton + low contact point,generated_videos/control_points_3_traffic.mp4
32,4,1,33,0.7969348659003831,1.8736176848607973,person,0.5605050921440125,382.0,184.0,408.0,264.0,1637,axis_back,399.0,184.0,mask PCA skeleton + low contact point,generated_videos/control_points_3_traffic.mp4
32,4,1,33,0.7969348659003831,1.8736176848607973,person,0.5605050921440125,382.0,184.0,408.0,264.0,1637,axis_left,407.0,224.0,mask PCA skeleton + low contact point,generated_videos/control_points_3_traffic.mp4
32,4,1,33,0.7969348659003831,1.8736176848607973,person,0.5605050921440125,382.0,184.0,408.0,264.0,1637,axis_right,382.0,192.0,mask PCA skeleton + low contact point,generated_videos/control_points_3_traffic.mp4
32,4,1,33,0.7969348659003831,1.8736176848607973,person,0.5605050921440125,382.0,184.0,408.0,264.0,1637,contact_low,392.0,256.0,mask PCA skeleton + low contact point,generated_videos/control_points_3_traffic.mp4
32,2,4,33,1.0,0.01584093524868093,car,0.7440672516822815,735.0,52.0,768.0,94.0,1304,centroid,751.4662475585938,72.38726806640625,mask PCA skeleton + low contact point,generated_videos/control_points_3_traffic.mp4
32,2,4,33,1.0,0.01584093524868093,car,0.7440672516822815,735.0,52.0,768.0,94.0,1304,axis_front,741.0,93.0,mask PCA skeleton + low contact point,generated_videos/control_points_3_traffic.mp4
32,2,4,33,1.0,0.01584093524868093,car,0.7440672516822815,735.0,52.0,768.0,94.0,1304,axis_back,767.0,52.0,mask PCA skeleton + low contact point,generated_videos/control_points_3_traffic.mp4
32,2,4,33,1.0,0.01584093524868093,car,0.7440672516822815,735.0,52.0,768.0,94.0,1304,axis_left,767.0,93.0,mask PCA skeleton + low contact point,generated_videos/control_points_3_traffic.mp4
32,2,4,33,1.0,0.01584093524868093,car,0.7440672516822815,735.0,52.0,768.0,94.0,1304,axis_right,735.0,62.0,mask PCA skeleton + low contact point,generated_videos/control_points_3_traffic.mp4
32,2,4,33,1.0,0.01584093524868093,car,0.7440672516822815,735.0,52.0,768.0,94.0,1304,contact_low,751.0,90.0,mask PCA skeleton + low contact point,generated_videos/control_points_3_traffic.mp4
33,3,0,34,1.0,0.04045104409299926,truck,0.6320603489875793,653.0,45.0,724.0,101.0,3378,centroid,686.1172485351562,71.16755676269531,mask PCA skeleton + low contact point,generated_videos/control_points_3_traffic.mp4
33,3,0,34,1.0,0.04045104409299926,truck,0.6320603489875793,653.0,45.0,724.0,101.0,3378,axis_front,653.0,54.0,mask PCA skeleton + low contact point,generated_videos/control_points_3_traffic.mp4
33,3,0,34,1.0,0.04045104409299926,truck,0.6320603489875793,653.0,45.0,724.0,101.0,3378,axis_back,723.0,85.0,mask PCA skeleton + low contact point,generated_videos/control_points_3_traffic.mp4
33,3,0,34,1.0,0.04045104409299926,truck,0.6320603489875793,653.0,45.0,724.0,101.0,3378,axis_left,695.0,100.0,mask PCA skeleton + low contact point,generated_videos/control_points_3_traffic.mp4
33,3,0,34,1.0,0.04045104409299926,truck,0.6320603489875793,653.0,45.0,724.0,101.0,3378,axis_right,709.0,45.0,mask PCA skeleton + low contact point,generated_videos/control_points_3_traffic.mp4
33,3,0,34,1.0,0.04045104409299926,truck,0.6320603489875793,653.0,45.0,724.0,101.0,3378,contact_low,689.0,94.0,mask PCA skeleton + low contact point,generated_videos/control_points_3_traffic.mp4
33,0,7,24,0.7405774741018294,6.236984394237325,person,0.8612103462219238,610.0,248.0,650.0,345.0,2212,centroid,630.6957397460938,292.1161804199219,mask PCA skeleton + low contact point,generated_videos/control_points_3_traffic.mp4
33,0,7,24,0.7405774741018294,6.236984394237325,person,0.8612103462219238,610.0,248.0,650.0,345.0,2212,axis_front,635.0,344.0,mask PCA skeleton + low contact point,generated_videos/control_points_3_traffic.mp4
33,0,7,24,0.7405774741018294,6.236984394237325,person,0.8612103462219238,610.0,248.0,650.0,345.0,2212,axis_back,640.0,248.0,mask PCA skeleton + low contact point,generated_videos/control_points_3_traffic.mp4
33,0,7,24,0.7405774741018294,6.236984394237325,person,0.8612103462219238,610.0,248.0,650.0,345.0,2212,axis_left,649.0,272.0,mask PCA skeleton + low contact point,generated_videos/control_points_3_traffic.mp4
33,0,7,24,0.7405774741018294,6.236984394237325,person,0.8612103462219238,610.0,248.0,650.0,345.0,2212,axis_right,610.0,288.0,mask PCA skeleton + low contact point,generated_videos/control_points_3_traffic.mp4
33,0,7,24,0.7405774741018294,6.236984394237325,person,0.8612103462219238,610.0,248.0,650.0,345.0,2212,contact_low,635.0,336.0,mask PCA skeleton + low contact point,generated_videos/control_points_3_traffic.mp4
33,1,10,17,0.5552699228791774,6.728851402313203,person,0.7983319759368896,646.0,244.0,676.0,336.0,2076,centroid,659.6132202148438,289.7832336425781,mask PCA skeleton + low contact point,generated_videos/control_points_3_traffic.mp4
33,1,10,17,0.5552699228791774,6.728851402313203,person,0.7983319759368896,646.0,244.0,676.0,336.0,2076,axis_front,655.0,335.0,mask PCA skeleton + low contact point,generated_videos/control_points_3_traffic.mp4
33,1,10,17,0.5552699228791774,6.728851402313203,person,0.7983319759368896,646.0,244.0,676.0,336.0,2076,axis_back,650.0,244.0,mask PCA skeleton + low contact point,generated_videos/control_points_3_traffic.mp4
33,1,10,17,0.5552699228791774,6.728851402313203,person,0.7983319759368896,646.0,244.0,676.0,336.0,2076,axis_left,675.0,327.0,mask PCA skeleton + low contact point,generated_videos/control_points_3_traffic.mp4
33,1,10,17,0.5552699228791774,6.728851402313203,person,0.7983319759368896,646.0,244.0,676.0,336.0,2076,axis_right,646.0,302.0,mask PCA skeleton + low contact point,generated_videos/control_points_3_traffic.mp4
33,1,10,17,0.5552699228791774,6.728851402313203,person,0.7983319759368896,646.0,244.0,676.0,336.0,2076,contact_low,658.0,328.0,mask PCA skeleton + low contact point,generated_videos/control_points_3_traffic.mp4
33,5,1,34,0.7254740313272877,5.037802546548398,person,0.41993212699890137,386.0,183.0,412.0,264.0,1811,centroid,397.89398193359375,223.6808319091797,mask PCA skeleton + low contact point,generated_videos/control_points_3_traffic.mp4
33,5,1,34,0.7254740313272877,5.037802546548398,person,0.41993212699890137,386.0,183.0,412.0,264.0,1811,axis_front,398.0,263.0,mask PCA skeleton + low contact point,generated_videos/control_points_3_traffic.mp4
33,5,1,34,0.7254740313272877,5.037802546548398,person,0.41993212699890137,386.0,183.0,412.0,264.0,1811,axis_back,387.0,183.0,mask PCA skeleton + low contact point,generated_videos/control_points_3_traffic.mp4
33,5,1,34,0.7254740313272877,5.037802546548398,person,0.41993212699890137,386.0,183.0,412.0,264.0,1811,axis_left,411.0,203.0,mask PCA skeleton + low contact point,generated_videos/control_points_3_traffic.mp4
33,5,1,34,0.7254740313272877,5.037802546548398,person,0.41993212699890137,386.0,183.0,412.0,264.0,1811,axis_right,386.0,255.0,mask PCA skeleton + low contact point,generated_videos/control_points_3_traffic.mp4
33,5,1,34,0.7254740313272877,5.037802546548398,person,0.41993212699890137,386.0,183.0,412.0,264.0,1811,contact_low,395.0,257.0,mask PCA skeleton + low contact point,generated_videos/control_points_3_traffic.mp4
33,6,6,29,0.9666666666666667,0.4644724898246273,boat,0.35627469420433044,70.0,498.0,160.0,528.0,1749,centroid,114.55860137939453,513.132080078125,mask PCA skeleton + low contact point,generated_videos/control_points_3_traffic.mp4
33,6,6,29,0.9666666666666667,0.4644724898246273,boat,0.35627469420433044,70.0,498.0,160.0,528.0,1749,axis_front,70.0,526.0,mask PCA skeleton + low contact point,generated_videos/control_points_3_traffic.mp4
33,6,6,29,0.9666666666666667,0.4644724898246273,boat,0.35627469420433044,70.0,498.0,160.0,528.0,1749,axis_back,159.0,506.0,mask PCA skeleton + low contact point,generated_videos/control_points_3_traffic.mp4
33,6,6,29,0.9666666666666667,0.4644724898246273,boat,0.35627469420433044,70.0,498.0,160.0,528.0,1749,axis_left,115.0,527.0,mask PCA skeleton + low contact point,generated_videos/control_points_3_traffic.mp4
33,6,6,29,0.9666666666666667,0.4644724898246273,boat,0.35627469420433044,70.0,498.0,160.0,528.0,1749,axis_right,116.0,498.0,mask PCA skeleton + low contact point,generated_videos/control_points_3_traffic.mp4
33,6,6,29,0.9666666666666667,0.4644724898246273,boat,0.35627469420433044,70.0,498.0,160.0,528.0,1749,contact_low,96.0,525.0,mask PCA skeleton + low contact point,generated_videos/control_points_3_traffic.mp4
33,7,9,17,0.378724589250905,25.02248980456277,person,0.2850324213504791,393.0,189.0,418.0,268.0,1422,centroid,403.12939453125,228.09141540527344,mask PCA skeleton + low contact point,generated_videos/control_points_3_traffic.mp4
33,7,9,17,0.378724589250905,25.02248980456277,person,0.2850324213504791,393.0,189.0,418.0,268.0,1422,axis_front,417.0,267.0,mask PCA skeleton + low contact point,generated_videos/control_points_3_traffic.mp4
33,7,9,17,0.378724589250905,25.02248980456277,person,0.2850324213504791,393.0,189.0,418.0,268.0,1422,axis_back,395.0,189.0,mask PCA skeleton + low contact point,generated_videos/control_points_3_traffic.mp4
33,7,9,17,0.378724589250905,25.02248980456277,person,0.2850324213504791,393.0,189.0,418.0,268.0,1422,axis_left,417.0,252.0,mask PCA skeleton + low contact point,generated_videos/control_points_3_traffic.mp4
33,7,9,17,0.378724589250905,25.02248980456277,person,0.2850324213504791,393.0,189.0,418.0,268.0,1422,axis_right,393.0,263.0,mask PCA skeleton + low contact point,generated_videos/control_points_3_traffic.mp4
33,7,9,17,0.378724589250905,25.02248980456277,person,0.2850324213504791,393.0,189.0,418.0,268.0,1422,contact_low,413.0,259.0,mask PCA skeleton + low contact point,generated_videos/control_points_3_traffic.mp4
33,2,4,34,1.0,0.0,car,0.7464691400527954,735.0,52.0,768.0,94.0,1304,centroid,751.4662475585938,72.38726806640625,mask PCA skeleton + low contact point,generated_videos/control_points_3_traffic.mp4
33,2,4,34,1.0,0.0,car,0.7464691400527954,735.0,52.0,768.0,94.0,1304,axis_front,741.0,93.0,mask PCA skeleton + low contact point,generated_videos/control_points_3_traffic.mp4
33,2,4,34,1.0,0.0,car,0.7464691400527954,735.0,52.0,768.0,94.0,1304,axis_back,767.0,52.0,mask PCA skeleton + low contact point,generated_videos/control_points_3_traffic.mp4
33,2,4,34,1.0,0.0,car,0.7464691400527954,735.0,52.0,768.0,94.0,1304,axis_left,767.0,93.0,mask PCA skeleton + low contact point,generated_videos/control_points_3_traffic.mp4
33,2,4,34,1.0,0.0,car,0.7464691400527954,735.0,52.0,768.0,94.0,1304,axis_right,735.0,62.0,mask PCA skeleton + low contact point,generated_videos/control_points_3_traffic.mp4
33,2,4,34,1.0,0.0,car,0.7464691400527954,735.0,52.0,768.0,94.0,1304,contact_low,751.0,90.0,mask PCA skeleton + low contact point,generated_videos/control_points_3_traffic.mp4
33,4,8,17,0.7102993404363267,9.722783974817776,person,0.44006043672561646,380.0,180.0,400.0,260.0,843,centroid,388.3309631347656,213.39146423339844,mask PCA skeleton + low contact point,generated_videos/control_points_3_traffic.mp4
33,4,8,17,0.7102993404363267,9.722783974817776,person,0.44006043672561646,380.0,180.0,400.0,260.0,843,axis_front,395.0,259.0,mask PCA skeleton + low contact point,generated_videos/control_points_3_traffic.mp4
33,4,8,17,0.7102993404363267,9.722783974817776,person,0.44006043672561646,380.0,180.0,400.0,260.0,843,axis_back,387.0,180.0,mask PCA skeleton + low contact point,generated_videos/control_points_3_traffic.mp4
33,4,8,17,0.7102993404363267,9.722783974817776,person,0.44006043672561646,380.0,180.0,400.0,260.0,843,axis_left,399.0,184.0,mask PCA skeleton + low contact point,generated_videos/control_points_3_traffic.mp4
33,4,8,17,0.7102993404363267,9.722783974817776,person,0.44006043672561646,380.0,180.0,400.0,260.0,843,axis_right,380.0,214.0,mask PCA skeleton + low contact point,generated_videos/control_points_3_traffic.mp4
33,4,8,17,0.7102993404363267,9.722783974817776,person,0.44006043672561646,380.0,180.0,400.0,260.0,843,contact_low,389.0,252.0,mask PCA skeleton + low contact point,generated_videos/control_points_3_traffic.mp4
33,8,13,1,,,person,0.2708904445171356,291.0,185.0,306.0,213.0,349,centroid,297.8710632324219,199.67335510253906,mask PCA skeleton + low contact point,generated_videos/control_points_3_traffic.mp4
33,8,13,1,,,person,0.2708904445171356,291.0,185.0,306.0,213.0,349,axis_front,303.0,212.0,mask PCA skeleton + low contact point,generated_videos/control_points_3_traffic.mp4
33,8,13,1,,,person,0.2708904445171356,291.0,185.0,306.0,213.0,349,axis_back,293.0,185.0,mask PCA skeleton + low contact point,generated_videos/control_points_3_traffic.mp4
33,8,13,1,,,person,0.2708904445171356,291.0,185.0,306.0,213.0,349,axis_left,305.0,201.0,mask PCA skeleton + low contact point,generated_videos/control_points_3_traffic.mp4
33,8,13,1,,,person,0.2708904445171356,291.0,185.0,306.0,213.0,349,axis_right,291.0,212.0,mask PCA skeleton + low contact point,generated_videos/control_points_3_traffic.mp4
33,8,13,1,,,person,0.2708904445171356,291.0,185.0,306.0,213.0,349,contact_low,297.0,211.0,mask PCA skeleton + low contact point,generated_videos/control_points_3_traffic.mp4
34,7,14,1,,,boat,0.2703087031841278,688.0,131.0,768.0,300.0,8018,centroid,736.63232421875,218.8025665283203,mask PCA skeleton + low contact point,generated_videos/control_points_3_traffic.mp4
34,7,14,1,,,boat,0.2703087031841278,688.0,131.0,768.0,300.0,8018,axis_front,767.0,299.0,mask PCA skeleton + low contact point,generated_videos/control_points_3_traffic.mp4
34,7,14,1,,,boat,0.2703087031841278,688.0,131.0,768.0,300.0,8018,axis_back,762.0,131.0,mask PCA skeleton + low contact point,generated_videos/control_points_3_traffic.mp4
34,7,14,1,,,boat,0.2703087031841278,688.0,131.0,768.0,300.0,8018,axis_left,767.0,131.0,mask PCA skeleton + low contact point,generated_videos/control_points_3_traffic.mp4
34,7,14,1,,,boat,0.2703087031841278,688.0,131.0,768.0,300.0,8018,axis_right,688.0,225.0,mask PCA skeleton + low contact point,generated_videos/control_points_3_traffic.mp4
34,7,14,1,,,boat,0.2703087031841278,688.0,131.0,768.0,300.0,8018,contact_low,757.0,278.0,mask PCA skeleton + low contact point,generated_videos/control_points_3_traffic.mp4
34,3,0,35,1.0,0.042172813977058125,truck,0.6404922604560852,653.0,45.0,724.0,101.0,3373,centroid,686.153564453125,71.14616394042969,mask PCA skeleton + low contact point,generated_videos/control_points_3_traffic.mp4
34,3,0,35,1.0,0.042172813977058125,truck,0.6404922604560852,653.0,45.0,724.0,101.0,3373,axis_front,653.0,54.0,mask PCA skeleton + low contact point,generated_videos/control_points_3_traffic.mp4
34,3,0,35,1.0,0.042172813977058125,truck,0.6404922604560852,653.0,45.0,724.0,101.0,3373,axis_back,723.0,85.0,mask PCA skeleton + low contact point,generated_videos/control_points_3_traffic.mp4
34,3,0,35,1.0,0.042172813977058125,truck,0.6404922604560852,653.0,45.0,724.0,101.0,3373,axis_left,695.0,100.0,mask PCA skeleton + low contact point,generated_videos/control_points_3_traffic.mp4
34,3,0,35,1.0,0.042172813977058125,truck,0.6404922604560852,653.0,45.0,724.0,101.0,3373,axis_right,709.0,45.0,mask PCA skeleton + low contact point,generated_videos/control_points_3_traffic.mp4
34,3,0,35,1.0,0.042172813977058125,truck,0.6404922604560852,653.0,45.0,724.0,101.0,3373,contact_low,690.0,94.0,mask PCA skeleton + low contact point,generated_videos/control_points_3_traffic.mp4
34,0,7,25,0.7806841046277666,4.05930933691943,person,0.8445947766304016,610.0,245.0,642.0,345.0,2237,centroid,626.7474365234375,291.1734313964844,mask PCA skeleton + low contact point,generated_videos/control_points_3_traffic.mp4
34,0,7,25,0.7806841046277666,4.05930933691943,person,0.8445947766304016,610.0,245.0,642.0,345.0,2237,axis_front,626.0,344.0,mask PCA skeleton + low contact point,generated_videos/control_points_3_traffic.mp4
34,0,7,25,0.7806841046277666,4.05930933691943,person,0.8445947766304016,610.0,245.0,642.0,345.0,2237,axis_back,637.0,245.0,mask PCA skeleton + low contact point,generated_videos/control_points_3_traffic.mp4
34,0,7,25,0.7806841046277666,4.05930933691943,person,0.8445947766304016,610.0,245.0,642.0,345.0,2237,axis_left,641.0,277.0,mask PCA skeleton + low contact point,generated_videos/control_points_3_traffic.mp4
34,0,7,25,0.7806841046277666,4.05930933691943,person,0.8445947766304016,610.0,245.0,642.0,345.0,2237,axis_right,610.0,281.0,mask PCA skeleton + low contact point,generated_videos/control_points_3_traffic.mp4
34,0,7,25,0.7806841046277666,4.05930933691943,person,0.8445947766304016,610.0,245.0,642.0,345.0,2237,contact_low,628.0,335.0,mask PCA skeleton + low contact point,generated_videos/control_points_3_traffic.mp4
34,1,10,18,0.6948640483383686,6.262681033686641,person,0.8128355741500854,641.0,243.0,671.0,338.0,1911,centroid,654.5489501953125,286.0989074707031,mask PCA skeleton + low contact point,generated_videos/control_points_3_traffic.mp4
34,1,10,18,0.6948640483383686,6.262681033686641,person,0.8128355741500854,641.0,243.0,671.0,338.0,1911,axis_front,653.0,337.0,mask PCA skeleton + low contact point,generated_videos/control_points_3_traffic.mp4
34,1,10,18,0.6948640483383686,6.262681033686641,person,0.8128355741500854,641.0,243.0,671.0,338.0,1911,axis_back,659.0,243.0,mask PCA skeleton + low contact point,generated_videos/control_points_3_traffic.mp4
34,1,10,18,0.6948640483383686,6.262681033686641,person,0.8128355741500854,641.0,243.0,671.0,338.0,1911,axis_left,670.0,290.0,mask PCA skeleton + low contact point,generated_videos/control_points_3_traffic.mp4
34,1,10,18,0.6948640483383686,6.262681033686641,person,0.8128355741500854,641.0,243.0,671.0,338.0,1911,axis_right,641.0,280.0,mask PCA skeleton + low contact point,generated_videos/control_points_3_traffic.mp4
34,1,10,18,0.6948640483383686,6.262681033686641,person,0.8128355741500854,641.0,243.0,671.0,338.0,1911,contact_low,654.0,329.0,mask PCA skeleton + low contact point,generated_videos/control_points_3_traffic.mp4
34,6,6,30,1.0,0.057535107792063576,boat,0.35909757018089294,70.0,498.0,160.0,528.0,1753,centroid,114.51055145263672,513.1636962890625,mask PCA skeleton + low contact point,generated_videos/control_points_3_traffic.mp4
34,6,6,30,1.0,0.057535107792063576,boat,0.35909757018089294,70.0,498.0,160.0,528.0,1753,axis_front,70.0,526.0,mask PCA skeleton + low contact point,generated_videos/control_points_3_traffic.mp4
34,6,6,30,1.0,0.057535107792063576,boat,0.35909757018089294,70.0,498.0,160.0,528.0,1753,axis_back,159.0,506.0,mask PCA skeleton + low contact point,generated_videos/control_points_3_traffic.mp4
34,6,6,30,1.0,0.057535107792063576,boat,0.35909757018089294,70.0,498.0,160.0,528.0,1753,axis_left,115.0,527.0,mask PCA skeleton + low contact point,generated_videos/control_points_3_traffic.mp4
34,6,6,30,1.0,0.057535107792063576,boat,0.35909757018089294,70.0,498.0,160.0,528.0,1753,axis_right,116.0,498.0,mask PCA skeleton + low contact point,generated_videos/control_points_3_traffic.mp4
34,6,6,30,1.0,0.057535107792063576,boat,0.35909757018089294,70.0,498.0,160.0,528.0,1753,contact_low,95.0,526.0,mask PCA skeleton + low contact point,generated_videos/control_points_3_traffic.mp4
34,5,9,18,0.7868354430379747,2.6505962669062897,person,0.5002987384796143,393.0,189.0,414.0,263.0,1352,centroid,402.8106384277344,225.46005249023438,mask PCA skeleton + low contact point,generated_videos/control_points_3_traffic.mp4
34,5,9,18,0.7868354430379747,2.6505962669062897,person,0.5002987384796143,393.0,189.0,414.0,263.0,1352,axis_front,393.0,262.0,mask PCA skeleton + low contact point,generated_videos/control_points_3_traffic.mp4
34,5,9,18,0.7868354430379747,2.6505962669062897,person,0.5002987384796143,393.0,189.0,414.0,263.0,1352,axis_back,405.0,189.0,mask PCA skeleton + low contact point,generated_videos/control_points_3_traffic.mp4
34,5,9,18,0.7868354430379747,2.6505962669062897,person,0.5002987384796143,393.0,189.0,414.0,263.0,1352,axis_left,413.0,239.0,mask PCA skeleton + low contact point,generated_videos/control_points_3_traffic.mp4
34,5,9,18,0.7868354430379747,2.6505962669062897,person,0.5002987384796143,393.0,189.0,414.0,263.0,1352,axis_right,393.0,216.0,mask PCA skeleton + low contact point,generated_videos/control_points_3_traffic.mp4
34,5,9,18,0.7868354430379747,2.6505962669062897,person,0.5002987384796143,393.0,189.0,414.0,263.0,1352,contact_low,399.0,257.0,mask PCA skeleton + low contact point,generated_videos/control_points_3_traffic.mp4
34,2,4,35,1.0,0.07447023060721579,car,0.7382022142410278,735.0,52.0,768.0,94.0,1308,centroid,751.4266357421875,72.45030212402344,mask PCA skeleton + low contact point,generated_videos/control_points_3_traffic.mp4
34,2,4,35,1.0,0.07447023060721579,car,0.7382022142410278,735.0,52.0,768.0,94.0,1308,axis_front,737.0,93.0,mask PCA skeleton + low contact point,generated_videos/control_points_3_traffic.mp4
34,2,4,35,1.0,0.07447023060721579,car,0.7382022142410278,735.0,52.0,768.0,94.0,1308,axis_back,767.0,52.0,mask PCA skeleton + low contact point,generated_videos/control_points_3_traffic.mp4
34,2,4,35,1.0,0.07447023060721579,car,0.7382022142410278,735.0,52.0,768.0,94.0,1308,axis_left,767.0,93.0,mask PCA skeleton + low contact point,generated_videos/control_points_3_traffic.mp4
34,2,4,35,1.0,0.07447023060721579,car,0.7382022142410278,735.0,52.0,768.0,94.0,1308,axis_right,735.0,62.0,mask PCA skeleton + low contact point,generated_videos/control_points_3_traffic.mp4
34,2,4,35,1.0,0.07447023060721579,car,0.7382022142410278,735.0,52.0,768.0,94.0,1308,contact_low,750.0,90.0,mask PCA skeleton + low contact point,generated_videos/control_points_3_traffic.mp4
34,4,8,18,0.7107061503416856,1.0657654199451567,person,0.6116846799850464,378.0,180.0,396.0,258.0,959,centroid,387.2804870605469,213.57142639160156,mask PCA skeleton + low contact point,generated_videos/control_points_3_traffic.mp4
34,4,8,18,0.7107061503416856,1.0657654199451567,person,0.6116846799850464,378.0,180.0,396.0,258.0,959,axis_front,387.0,257.0,mask PCA skeleton + low contact point,generated_videos/control_points_3_traffic.mp4
34,4,8,18,0.7107061503416856,1.0657654199451567,person,0.6116846799850464,378.0,180.0,396.0,258.0,959,axis_back,384.0,180.0,mask PCA skeleton + low contact point,generated_videos/control_points_3_traffic.mp4
34,4,8,18,0.7107061503416856,1.0657654199451567,person,0.6116846799850464,378.0,180.0,396.0,258.0,959,axis_left,395.0,194.0,mask PCA skeleton + low contact point,generated_videos/control_points_3_traffic.mp4
34,4,8,18,0.7107061503416856,1.0657654199451567,person,0.6116846799850464,378.0,180.0,396.0,258.0,959,axis_right,378.0,213.0,mask PCA skeleton + low contact point,generated_videos/control_points_3_traffic.mp4
34,4,8,18,0.7107061503416856,1.0657654199451567,person,0.6116846799850464,378.0,180.0,396.0,258.0,959,contact_low,387.0,249.0,mask PCA skeleton + low contact point,generated_videos/control_points_3_traffic.mp4
34,8,13,2,1.0,0.12125896773402088,person,0.26055213809013367,291.0,185.0,306.0,213.0,342,centroid,297.8596496582031,199.55262756347656,mask PCA skeleton + low contact point,generated_videos/control_points_3_traffic.mp4
34,8,13,2,1.0,0.12125896773402088,person,0.26055213809013367,291.0,185.0,306.0,213.0,342,axis_front,291.0,212.0,mask PCA skeleton + low contact point,generated_videos/control_points_3_traffic.mp4
34,8,13,2,1.0,0.12125896773402088,person,0.26055213809013367,291.0,185.0,306.0,213.0,342,axis_back,301.0,185.0,mask PCA skeleton + low contact point,generated_videos/control_points_3_traffic.mp4
34,8,13,2,1.0,0.12125896773402088,person,0.26055213809013367,291.0,185.0,306.0,213.0,342,axis_left,305.0,209.0,mask PCA skeleton + low contact point,generated_videos/control_points_3_traffic.mp4
34,8,13,2,1.0,0.12125896773402088,person,0.26055213809013367,291.0,185.0,306.0,213.0,342,axis_right,291.0,204.0,mask PCA skeleton + low contact point,generated_videos/control_points_3_traffic.mp4
34,8,13,2,1.0,0.12125896773402088,person,0.26055213809013367,291.0,185.0,306.0,213.0,342,contact_low,296.0,211.0,mask PCA skeleton + low contact point,generated_videos/control_points_3_traffic.mp4
35,5,0,36,1.0,0.02024018163066196,truck,0.6407428979873657,653.0,45.0,724.0,101.0,3378,centroid,686.1430053710938,71.16341400146484,mask PCA skeleton + low contact point,generated_videos/control_points_3_traffic.mp4
35,5,0,36,1.0,0.02024018163066196,truck,0.6407428979873657,653.0,45.0,724.0,101.0,3378,axis_front,653.0,54.0,mask PCA skeleton + low contact point,generated_videos/control_points_3_traffic.mp4
35,5,0,36,1.0,0.02024018163066196,truck,0.6407428979873657,653.0,45.0,724.0,101.0,3378,axis_back,723.0,85.0,mask PCA skeleton + low contact point,generated_videos/control_points_3_traffic.mp4
35,5,0,36,1.0,0.02024018163066196,truck,0.6407428979873657,653.0,45.0,724.0,101.0,3378,axis_left,695.0,100.0,mask PCA skeleton + low contact point,generated_videos/control_points_3_traffic.mp4
35,5,0,36,1.0,0.02024018163066196,truck,0.6407428979873657,653.0,45.0,724.0,101.0,3378,axis_right,709.0,45.0,mask PCA skeleton + low contact point,generated_videos/control_points_3_traffic.mp4
35,5,0,36,1.0,0.02024018163066196,truck,0.6407428979873657,653.0,45.0,724.0,101.0,3378,contact_low,689.0,94.0,mask PCA skeleton + low contact point,generated_videos/control_points_3_traffic.mp4
35,0,7,26,0.8060220034742328,3.6605449976402786,person,0.8760653734207153,608.0,243.0,639.0,341.0,2331,centroid,623.1239624023438,291.6932678222656,mask PCA skeleton + low contact point,generated_videos/control_points_3_traffic.mp4
35,0,7,26,0.8060220034742328,3.6605449976402786,person,0.8760653734207153,608.0,243.0,639.0,341.0,2331,axis_front,624.0,340.0,mask PCA skeleton + low contact point,generated_videos/control_points_3_traffic.mp4
35,0,7,26,0.8060220034742328,3.6605449976402786,person,0.8760653734207153,608.0,243.0,639.0,341.0,2331,axis_back,631.0,243.0,mask PCA skeleton + low contact point,generated_videos/control_points_3_traffic.mp4
35,0,7,26,0.8060220034742328,3.6605449976402786,person,0.8760653734207153,608.0,243.0,639.0,341.0,2331,axis_left,638.0,274.0,mask PCA skeleton + low contact point,generated_videos/control_points_3_traffic.mp4
35,0,7,26,0.8060220034742328,3.6605449976402786,person,0.8760653734207153,608.0,243.0,639.0,341.0,2331,axis_right,608.0,281.0,mask PCA skeleton + low contact point,generated_videos/control_points_3_traffic.mp4
35,0,7,26,0.8060220034742328,3.6605449976402786,person,0.8760653734207153,608.0,243.0,639.0,341.0,2331,contact_low,624.0,334.0,mask PCA skeleton + low contact point,generated_videos/control_points_3_traffic.mp4
35,1,10,19,0.8,4.5437695316258235,person,0.7941364645957947,636.0,243.0,669.0,338.0,2113,centroid,650.145263671875,287.2186584472656,mask PCA skeleton + low contact point,generated_videos/control_points_3_traffic.mp4
35,1,10,19,0.8,4.5437695316258235,person,0.7941364645957947,636.0,243.0,669.0,338.0,2113,axis_front,654.0,337.0,mask PCA skeleton + low contact point,generated_videos/control_points_3_traffic.mp4
35,1,10,19,0.8,4.5437695316258235,person,0.7941364645957947,636.0,243.0,669.0,338.0,2113,axis_back,656.0,243.0,mask PCA skeleton + low contact point,generated_videos/control_points_3_traffic.mp4
35,1,10,19,0.8,4.5437695316258235,person,0.7941364645957947,636.0,243.0,669.0,338.0,2113,axis_left,668.0,287.0,mask PCA skeleton + low contact point,generated_videos/control_points_3_traffic.mp4
35,1,10,19,0.8,4.5437695316258235,person,0.7941364645957947,636.0,243.0,669.0,338.0,2113,axis_right,636.0,286.0,mask PCA skeleton + low contact point,generated_videos/control_points_3_traffic.mp4
35,1,10,19,0.8,4.5437695316258235,person,0.7941364645957947,636.0,243.0,669.0,338.0,2113,contact_low,654.0,329.0,mask PCA skeleton + low contact point,generated_videos/control_points_3_traffic.mp4
35,6,6,31,1.0,0.06413652561169692,boat,0.3259703814983368,70.0,498.0,160.0,528.0,1754,centroid,114.5746841430664,513.1630859375,mask PCA skeleton + low contact point,generated_videos/control_points_3_traffic.mp4
35,6,6,31,1.0,0.06413652561169692,boat,0.3259703814983368,70.0,498.0,160.0,528.0,1754,axis_front,70.0,526.0,mask PCA skeleton + low contact point,generated_videos/control_points_3_traffic.mp4
35,6,6,31,1.0,0.06413652561169692,boat,0.3259703814983368,70.0,498.0,160.0,528.0,1754,axis_back,159.0,506.0,mask PCA skeleton + low contact point,generated_videos/control_points_3_traffic.mp4
35,6,6,31,1.0,0.06413652561169692,boat,0.3259703814983368,70.0,498.0,160.0,528.0,1754,axis_left,115.0,527.0,mask PCA skeleton + low contact point,generated_videos/control_points_3_traffic.mp4
35,6,6,31,1.0,0.06413652561169692,boat,0.3259703814983368,70.0,498.0,160.0,528.0,1754,axis_right,116.0,498.0,mask PCA skeleton + low contact point,generated_videos/control_points_3_traffic.mp4
35,6,6,31,1.0,0.06413652561169692,boat,0.3259703814983368,70.0,498.0,160.0,528.0,1754,contact_low,95.0,526.0,mask PCA skeleton + low contact point,generated_videos/control_points_3_traffic.mp4
35,4,9,19,0.8268156424581006,1.538859739930391,person,0.6454443335533142,394.0,188.0,416.0,266.0,1386,centroid,404.0865783691406,226.32034301757812,mask PCA skeleton + low contact point,generated_videos/control_points_3_traffic.mp4
35,4,9,19,0.8268156424581006,1.538859739930391,person,0.6454443335533142,394.0,188.0,416.0,266.0,1386,axis_front,400.0,265.0,mask PCA skeleton + low contact point,generated_videos/control_points_3_traffic.mp4
35,4,9,19,0.8268156424581006,1.538859739930391,person,0.6454443335533142,394.0,188.0,416.0,266.0,1386,axis_back,406.0,188.0,mask PCA skeleton + low contact point,generated_videos/control_points_3_traffic.mp4
35,4,9,19,0.8268156424581006,1.538859739930391,person,0.6454443335533142,394.0,188.0,416.0,266.0,1386,axis_left,415.0,238.0,mask PCA skeleton + low contact point,generated_videos/control_points_3_traffic.mp4
35,4,9,19,0.8268156424581006,1.538859739930391,person,0.6454443335533142,394.0,188.0,416.0,266.0,1386,axis_right,394.0,188.0,mask PCA skeleton + low contact point,generated_videos/control_points_3_traffic.mp4
35,4,9,19,0.8268156424581006,1.538859739930391,person,0.6454443335533142,394.0,188.0,416.0,266.0,1386,contact_low,403.0,259.0,mask PCA skeleton + low contact point,generated_videos/control_points_3_traffic.mp4
35,2,4,36,1.0,0.06777101055151916,car,0.7453861236572266,735.0,52.0,768.0,94.0,1303,centroid,751.4743041992188,72.40214538574219,mask PCA skeleton + low contact point,generated_videos/control_points_3_traffic.mp4
35,2,4,36,1.0,0.06777101055151916,car,0.7453861236572266,735.0,52.0,768.0,94.0,1303,axis_front,741.0,93.0,mask PCA skeleton + low contact point,generated_videos/control_points_3_traffic.mp4
35,2,4,36,1.0,0.06777101055151916,car,0.7453861236572266,735.0,52.0,768.0,94.0,1303,axis_back,767.0,52.0,mask PCA skeleton + low contact point,generated_videos/control_points_3_traffic.mp4
35,2,4,36,1.0,0.06777101055151916,car,0.7453861236572266,735.0,52.0,768.0,94.0,1303,axis_left,767.0,93.0,mask PCA skeleton + low contact point,generated_videos/control_points_3_traffic.mp4
35,2,4,36,1.0,0.06777101055151916,car,0.7453861236572266,735.0,52.0,768.0,94.0,1303,axis_right,735.0,62.0,mask PCA skeleton + low contact point,generated_videos/control_points_3_traffic.mp4
35,2,4,36,1.0,0.06777101055151916,car,0.7453861236572266,735.0,52.0,768.0,94.0,1303,contact_low,751.0,90.0,mask PCA skeleton + low contact point,generated_videos/control_points_3_traffic.mp4
35,3,8,19,0.8791773778920309,0.10070616161704549,person,0.6590412855148315,378.0,182.0,398.0,258.0,993,centroid,387.2578125,213.4733123779297,mask PCA skeleton + low contact point,generated_videos/control_points_3_traffic.mp4
35,3,8,19,0.8791773778920309,0.10070616161704549,person,0.6590412855148315,378.0,182.0,398.0,258.0,993,axis_front,387.0,257.0,mask PCA skeleton + low contact point,generated_videos/control_points_3_traffic.mp4
35,3,8,19,0.8791773778920309,0.10070616161704549,person,0.6590412855148315,378.0,182.0,398.0,258.0,993,axis_back,383.0,182.0,mask PCA skeleton + low contact point,generated_videos/control_points_3_traffic.mp4
35,3,8,19,0.8791773778920309,0.10070616161704549,person,0.6590412855148315,378.0,182.0,398.0,258.0,993,axis_left,397.0,198.0,mask PCA skeleton + low contact point,generated_videos/control_points_3_traffic.mp4
35,3,8,19,0.8791773778920309,0.10070616161704549,person,0.6590412855148315,378.0,182.0,398.0,258.0,993,axis_right,378.0,212.0,mask PCA skeleton + low contact point,generated_videos/control_points_3_traffic.mp4
35,3,8,19,0.8791773778920309,0.10070616161704549,person,0.6590412855148315,378.0,182.0,398.0,258.0,993,contact_low,386.0,248.0,mask PCA skeleton + low contact point,generated_videos/control_points_3_traffic.mp4
35,7,13,3,1.0,0.06303211366022106,person,0.25468629598617554,291.0,185.0,306.0,213.0,347,centroid,297.8357238769531,199.61094665527344,mask PCA skeleton + low contact point,generated_videos/control_points_3_traffic.mp4
35,7,13,3,1.0,0.06303211366022106,person,0.25468629598617554,291.0,185.0,306.0,213.0,347,axis_front,302.0,212.0,mask PCA skeleton + low contact point,generated_videos/control_points_3_traffic.mp4
35,7,13,3,1.0,0.06303211366022106,person,0.25468629598617554,291.0,185.0,306.0,213.0,347,axis_back,293.0,185.0,mask PCA skeleton + low contact point,generated_videos/control_points_3_traffic.mp4
35,7,13,3,1.0,0.06303211366022106,person,0.25468629598617554,291.0,185.0,306.0,213.0,347,axis_left,305.0,201.0,mask PCA skeleton + low contact point,generated_videos/control_points_3_traffic.mp4
35,7,13,3,1.0,0.06303211366022106,person,0.25468629598617554,291.0,185.0,306.0,213.0,347,axis_right,291.0,212.0,mask PCA skeleton + low contact point,generated_videos/control_points_3_traffic.mp4
35,7,13,3,1.0,0.06303211366022106,person,0.25468629598617554,291.0,185.0,306.0,213.0,347,contact_low,297.0,211.0,mask PCA skeleton + low contact point,generated_videos/control_points_3_traffic.mp4
36,4,0,37,1.0,0.032179911033998206,truck,0.6298898458480835,653.0,45.0,724.0,101.0,3380,centroid,686.1721801757812,71.17692565917969,mask PCA skeleton + low contact point,generated_videos/control_points_3_traffic.mp4
36,4,0,37,1.0,0.032179911033998206,truck,0.6298898458480835,653.0,45.0,724.0,101.0,3380,axis_front,653.0,54.0,mask PCA skeleton + low contact point,generated_videos/control_points_3_traffic.mp4
36,4,0,37,1.0,0.032179911033998206,truck,0.6298898458480835,653.0,45.0,724.0,101.0,3380,axis_back,723.0,85.0,mask PCA skeleton + low contact point,generated_videos/control_points_3_traffic.mp4
36,4,0,37,1.0,0.032179911033998206,truck,0.6298898458480835,653.0,45.0,724.0,101.0,3380,axis_left,695.0,100.0,mask PCA skeleton + low contact point,generated_videos/control_points_3_traffic.mp4
36,4,0,37,1.0,0.032179911033998206,truck,0.6298898458480835,653.0,45.0,724.0,101.0,3380,axis_right,709.0,45.0,mask PCA skeleton + low contact point,generated_videos/control_points_3_traffic.mp4
36,4,0,37,1.0,0.032179911033998206,truck,0.6298898458480835,653.0,45.0,724.0,101.0,3380,contact_low,690.0,94.0,mask PCA skeleton + low contact point,generated_videos/control_points_3_traffic.mp4
36,0,10,20,0.6167347920173119,9.46948024212956,person,0.8182265162467957,626.0,242.0,663.0,339.0,2246,centroid,640.6767578125,287.3526306152344,mask PCA skeleton + low contact point,generated_videos/control_points_3_traffic.mp4
36,0,10,20,0.6167347920173119,9.46948024212956,person,0.8182265162467957,626.0,242.0,663.0,339.0,2246,axis_front,626.0,338.0,mask PCA skeleton + low contact point,generated_videos/control_points_3_traffic.mp4
36,0,10,20,0.6167347920173119,9.46948024212956,person,0.8182265162467957,626.0,242.0,663.0,339.0,2246,axis_back,646.0,242.0,mask PCA skeleton + low contact point,generated_videos/control_points_3_traffic.mp4
36,0,10,20,0.6167347920173119,9.46948024212956,person,0.8182265162467957,626.0,242.0,663.0,339.0,2246,axis_left,662.0,289.0,mask PCA skeleton + low contact point,generated_videos/control_points_3_traffic.mp4
36,0,10,20,0.6167347920173119,9.46948024212956,person,0.8182265162467957,626.0,242.0,663.0,339.0,2246,axis_right,626.0,279.0,mask PCA skeleton + low contact point,generated_videos/control_points_3_traffic.mp4
36,0,10,20,0.6167347920173119,9.46948024212956,person,0.8182265162467957,626.0,242.0,663.0,339.0,2246,contact_low,631.0,329.0,mask PCA skeleton + low contact point,generated_videos/control_points_3_traffic.mp4
36,1,7,27,0.4885386819484241,11.416050968284843,person,0.789487361907959,596.0,242.0,630.0,336.0,2110,centroid,612.4080810546875,287.7568664550781,mask PCA skeleton + low contact point,generated_videos/control_points_3_traffic.mp4
36,1,7,27,0.4885386819484241,11.416050968284843,person,0.789487361907959,596.0,242.0,630.0,336.0,2110,axis_front,624.0,335.0,mask PCA skeleton + low contact point,generated_videos/control_points_3_traffic.mp4
36,1,7,27,0.4885386819484241,11.416050968284843,person,0.789487361907959,596.0,242.0,630.0,336.0,2110,axis_back,619.0,242.0,mask PCA skeleton + low contact point,generated_videos/control_points_3_traffic.mp4
36,1,7,27,0.4885386819484241,11.416050968284843,person,0.789487361907959,596.0,242.0,630.0,336.0,2110,axis_left,629.0,335.0,mask PCA skeleton + low contact point,generated_videos/control_points_3_traffic.mp4
36,1,7,27,0.4885386819484241,11.416050968284843,person,0.789487361907959,596.0,242.0,630.0,336.0,2110,axis_right,596.0,316.0,mask PCA skeleton + low contact point,generated_videos/control_points_3_traffic.mp4
36,1,7,27,0.4885386819484241,11.416050968284843,person,0.789487361907959,596.0,242.0,630.0,336.0,2110,contact_low,604.0,326.0,mask PCA skeleton + low contact point,generated_videos/control_points_3_traffic.mp4
36,6,6,32,1.0,0.03372911734114768,boat,0.30947569012641907,70.0,498.0,160.0,528.0,1751,centroid,114.60765075683594,513.170166015625,mask PCA skeleton + low contact point,generated_videos/control_points_3_traffic.mp4
36,6,6,32,1.0,0.03372911734114768,boat,0.30947569012641907,70.0,498.0,160.0,528.0,1751,axis_front,70.0,526.0,mask PCA skeleton + low contact point,generated_videos/control_points_3_traffic.mp4
36,6,6,32,1.0,0.03372911734114768,boat,0.30947569012641907,70.0,498.0,160.0,528.0,1751,axis_back,159.0,506.0,mask PCA skeleton + low contact point,generated_videos/control_points_3_traffic.mp4
36,6,6,32,1.0,0.03372911734114768,boat,0.30947569012641907,70.0,498.0,160.0,528.0,1751,axis_left,115.0,527.0,mask PCA skeleton + low contact point,generated_videos/control_points_3_traffic.mp4
36,6,6,32,1.0,0.03372911734114768,boat,0.30947569012641907,70.0,498.0,160.0,528.0,1751,axis_right,116.0,498.0,mask PCA skeleton + low contact point,generated_videos/control_points_3_traffic.mp4
36,6,6,32,1.0,0.03372911734114768,boat,0.30947569012641907,70.0,498.0,160.0,528.0,1751,contact_low,95.0,526.0,mask PCA skeleton + low contact point,generated_videos/control_points_3_traffic.mp4
36,5,9,20,0.7731958762886598,3.4150759291997033,person,0.6105847954750061,395.0,184.0,419.0,263.0,1315,centroid,406.0737609863281,223.54296875,mask PCA skeleton + low contact point,generated_videos/control_points_3_traffic.mp4
36,5,9,20,0.7731958762886598,3.4150759291997033,person,0.6105847954750061,395.0,184.0,419.0,263.0,1315,axis_front,412.0,262.0,mask PCA skeleton + low contact point,generated_videos/control_points_3_traffic.mp4
36,5,9,20,0.7731958762886598,3.4150759291997033,person,0.6105847954750061,395.0,184.0,419.0,263.0,1315,axis_back,398.0,184.0,mask PCA skeleton + low contact point,generated_videos/control_points_3_traffic.mp4
36,5,9,20,0.7731958762886598,3.4150759291997033,person,0.6105847954750061,395.0,184.0,419.0,263.0,1315,axis_left,415.0,214.0,mask PCA skeleton + low contact point,generated_videos/control_points_3_traffic.mp4
36,5,9,20,0.7731958762886598,3.4150759291997033,person,0.6105847954750061,395.0,184.0,419.0,263.0,1315,axis_right,396.0,223.0,mask PCA skeleton + low contact point,generated_videos/control_points_3_traffic.mp4
36,5,9,20,0.7731958762886598,3.4150759291997033,person,0.6105847954750061,395.0,184.0,419.0,263.0,1315,contact_low,410.0,258.0,mask PCA skeleton + low contact point,generated_videos/control_points_3_traffic.mp4
36,2,4,37,1.0,0.047526003991477696,car,0.746174156665802,735.0,52.0,768.0,94.0,1302,centroid,751.4646606445312,72.35560607910156,mask PCA skeleton + low contact point,generated_videos/control_points_3_traffic.mp4
36,2,4,37,1.0,0.047526003991477696,car,0.746174156665802,735.0,52.0,768.0,94.0,1302,axis_front,736.0,92.0,mask PCA skeleton + low contact point,generated_videos/control_points_3_traffic.mp4
36,2,4,37,1.0,0.047526003991477696,car,0.746174156665802,735.0,52.0,768.0,94.0,1302,axis_back,767.0,52.0,mask PCA skeleton + low contact point,generated_videos/control_points_3_traffic.mp4
36,2,4,37,1.0,0.047526003991477696,car,0.746174156665802,735.0,52.0,768.0,94.0,1302,axis_left,767.0,93.0,mask PCA skeleton + low contact point,generated_videos/control_points_3_traffic.mp4
36,2,4,37,1.0,0.047526003991477696,car,0.746174156665802,735.0,52.0,768.0,94.0,1302,axis_right,735.0,62.0,mask PCA skeleton + low contact point,generated_videos/control_points_3_traffic.mp4
36,2,4,37,1.0,0.047526003991477696,car,0.746174156665802,735.0,52.0,768.0,94.0,1302,contact_low,751.0,90.0,mask PCA skeleton + low contact point,generated_videos/control_points_3_traffic.mp4
36,3,8,20,0.7634730538922155,2.546999920352029,person,0.6520723104476929,376.0,183.0,395.0,258.0,1027,centroid,385.31451416015625,215.11976623535156,mask PCA skeleton + low contact point,generated_videos/control_points_3_traffic.mp4
36,3,8,20,0.7634730538922155,2.546999920352029,person,0.6520723104476929,376.0,183.0,395.0,258.0,1027,axis_front,387.0,257.0,mask PCA skeleton + low contact point,generated_videos/control_points_3_traffic.mp4
36,3,8,20,0.7634730538922155,2.546999920352029,person,0.6520723104476929,376.0,183.0,395.0,258.0,1027,axis_back,380.0,183.0,mask PCA skeleton + low contact point,generated_videos/control_points_3_traffic.mp4
36,3,8,20,0.7634730538922155,2.546999920352029,person,0.6520723104476929,376.0,183.0,395.0,258.0,1027,axis_left,394.0,198.0,mask PCA skeleton + low contact point,generated_videos/control_points_3_traffic.mp4
36,3,8,20,0.7634730538922155,2.546999920352029,person,0.6520723104476929,376.0,183.0,395.0,258.0,1027,axis_right,376.0,218.0,mask PCA skeleton + low contact point,generated_videos/control_points_3_traffic.mp4
36,3,8,20,0.7634730538922155,2.546999920352029,person,0.6520723104476929,376.0,183.0,395.0,258.0,1027,contact_low,386.0,249.0,mask PCA skeleton + low contact point,generated_videos/control_points_3_traffic.mp4
37,4,0,38,1.0,0.04652685006998732,truck,0.6296675205230713,653.0,45.0,724.0,101.0,3374,centroid,686.1452026367188,71.13900756835938,mask PCA skeleton + low contact point,generated_videos/control_points_3_traffic.mp4
37,4,0,38,1.0,0.04652685006998732,truck,0.6296675205230713,653.0,45.0,724.0,101.0,3374,axis_front,653.0,54.0,mask PCA skeleton + low contact point,generated_videos/control_points_3_traffic.mp4
37,4,0,38,1.0,0.04652685006998732,truck,0.6296675205230713,653.0,45.0,724.0,101.0,3374,axis_back,723.0,85.0,mask PCA skeleton + low contact point,generated_videos/control_points_3_traffic.mp4
37,4,0,38,1.0,0.04652685006998732,truck,0.6296675205230713,653.0,45.0,724.0,101.0,3374,axis_left,695.0,100.0,mask PCA skeleton + low contact point,generated_videos/control_points_3_traffic.mp4
37,4,0,38,1.0,0.04652685006998732,truck,0.6296675205230713,653.0,45.0,724.0,101.0,3374,axis_right,709.0,45.0,mask PCA skeleton + low contact point,generated_videos/control_points_3_traffic.mp4
37,4,0,38,1.0,0.04652685006998732,truck,0.6296675205230713,653.0,45.0,724.0,101.0,3374,contact_low,690.0,94.0,mask PCA skeleton + low contact point,generated_videos/control_points_3_traffic.mp4
37,2,7,28,0.8564028776978417,4.801244022569841,person,0.7480963468551636,593.0,242.0,628.0,335.0,2159,centroid,607.6072387695312,287.81982421875,mask PCA skeleton + low contact point,generated_videos/control_points_3_traffic.mp4
37,2,7,28,0.8564028776978417,4.801244022569841,person,0.7480963468551636,593.0,242.0,628.0,335.0,2159,axis_front,622.0,334.0,mask PCA skeleton + low contact point,generated_videos/control_points_3_traffic.mp4
37,2,7,28,0.8564028776978417,4.801244022569841,person,0.7480963468551636,593.0,242.0,628.0,335.0,2159,axis_back,599.0,242.0,mask PCA skeleton + low contact point,generated_videos/control_points_3_traffic.mp4
37,2,7,28,0.8564028776978417,4.801244022569841,person,0.7480963468551636,593.0,242.0,628.0,335.0,2159,axis_left,627.0,321.0,mask PCA skeleton + low contact point,generated_videos/control_points_3_traffic.mp4
37,2,7,28,0.8564028776978417,4.801244022569841,person,0.7480963468551636,593.0,242.0,628.0,335.0,2159,axis_right,593.0,326.0,mask PCA skeleton + low contact point,generated_videos/control_points_3_traffic.mp4
37,2,7,28,0.8564028776978417,4.801244022569841,person,0.7480963468551636,593.0,242.0,628.0,335.0,2159,contact_low,619.0,326.0,mask PCA skeleton + low contact point,generated_videos/control_points_3_traffic.mp4
37,0,10,21,0.6475349521707138,8.898637510373836,person,0.8056010007858276,622.0,238.0,656.0,330.0,2006,centroid,635.9581298828125,279.8080749511719,mask PCA skeleton + low contact point,generated_videos/control_points_3_traffic.mp4
37,0,10,21,0.6475349521707138,8.898637510373836,person,0.8056010007858276,622.0,238.0,656.0,330.0,2006,axis_front,645.0,329.0,mask PCA skeleton + low contact point,generated_videos/control_points_3_traffic.mp4
37,0,10,21,0.6475349521707138,8.898637510373836,person,0.8056010007858276,622.0,238.0,656.0,330.0,2006,axis_back,628.0,238.0,mask PCA skeleton + low contact point,generated_videos/control_points_3_traffic.mp4
37,0,10,21,0.6475349521707138,8.898637510373836,person,0.8056010007858276,622.0,238.0,656.0,330.0,2006,axis_left,655.0,278.0,mask PCA skeleton + low contact point,generated_videos/control_points_3_traffic.mp4
37,0,10,21,0.6475349521707138,8.898637510373836,person,0.8056010007858276,622.0,238.0,656.0,330.0,2006,axis_right,622.0,297.0,mask PCA skeleton + low contact point,generated_videos/control_points_3_traffic.mp4
37,0,10,21,0.6475349521707138,8.898637510373836,person,0.8056010007858276,622.0,238.0,656.0,330.0,2006,contact_low,640.0,320.0,mask PCA skeleton + low contact point,generated_videos/control_points_3_traffic.mp4
37,7,6,33,1.0,0.03178141997075652,boat,0.2970823645591736,70.0,498.0,160.0,528.0,1749,centroid,114.63522338867188,513.1543579101562,mask PCA skeleton + low contact point,generated_videos/control_points_3_traffic.mp4
37,7,6,33,1.0,0.03178141997075652,boat,0.2970823645591736,70.0,498.0,160.0,528.0,1749,axis_front,70.0,526.0,mask PCA skeleton + low contact point,generated_videos/control_points_3_traffic.mp4
37,7,6,33,1.0,0.03178141997075652,boat,0.2970823645591736,70.0,498.0,160.0,528.0,1749,axis_back,159.0,506.0,mask PCA skeleton + low contact point,generated_videos/control_points_3_traffic.mp4
37,7,6,33,1.0,0.03178141997075652,boat,0.2970823645591736,70.0,498.0,160.0,528.0,1749,axis_left,115.0,527.0,mask PCA skeleton + low contact point,generated_videos/control_points_3_traffic.mp4
37,7,6,33,1.0,0.03178141997075652,boat,0.2970823645591736,70.0,498.0,160.0,528.0,1749,axis_right,116.0,498.0,mask PCA skeleton + low contact point,generated_videos/control_points_3_traffic.mp4
37,7,6,33,1.0,0.03178141997075652,boat,0.2970823645591736,70.0,498.0,160.0,528.0,1749,contact_low,96.0,525.0,mask PCA skeleton + low contact point,generated_videos/control_points_3_traffic.mp4
37,5,1,35,0.432013201320132,9.3081349351158,person,0.6245304346084595,395.0,185.0,424.0,262.0,1318,centroid,407.0766296386719,225.2041015625,mask PCA skeleton + low contact point,generated_videos/control_points_3_traffic.mp4
37,5,1,35,0.432013201320132,9.3081349351158,person,0.6245304346084595,395.0,185.0,424.0,262.0,1318,axis_front,412.0,261.0,mask PCA skeleton + low contact point,generated_videos/control_points_3_traffic.mp4
37,5,1,35,0.432013201320132,9.3081349351158,person,0.6245304346084595,395.0,185.0,424.0,262.0,1318,axis_back,399.0,185.0,mask PCA skeleton + low contact point,generated_videos/control_points_3_traffic.mp4
37,5,1,35,0.432013201320132,9.3081349351158,person,0.6245304346084595,395.0,185.0,424.0,262.0,1318,axis_left,423.0,249.0,mask PCA skeleton + low contact point,generated_videos/control_points_3_traffic.mp4
37,5,1,35,0.432013201320132,9.3081349351158,person,0.6245304346084595,395.0,185.0,424.0,262.0,1318,axis_right,400.0,257.0,mask PCA skeleton + low contact point,generated_videos/control_points_3_traffic.mp4
37,5,1,35,0.432013201320132,9.3081349351158,person,0.6245304346084595,395.0,185.0,424.0,262.0,1318,contact_low,409.0,258.0,mask PCA skeleton + low contact point,generated_videos/control_points_3_traffic.mp4
37,1,4,38,1.0,0.01853578813193956,car,0.7551453113555908,735.0,52.0,768.0,94.0,1303,centroid,751.4743041992188,72.37145233154297,mask PCA skeleton + low contact point,generated_videos/control_points_3_traffic.mp4
37,1,4,38,1.0,0.01853578813193956,car,0.7551453113555908,735.0,52.0,768.0,94.0,1303,axis_front,736.0,92.0,mask PCA skeleton + low contact point,generated_videos/control_points_3_traffic.mp4
37,1,4,38,1.0,0.01853578813193956,car,0.7551453113555908,735.0,52.0,768.0,94.0,1303,axis_back,767.0,52.0,mask PCA skeleton + low contact point,generated_videos/control_points_3_traffic.mp4
37,1,4,38,1.0,0.01853578813193956,car,0.7551453113555908,735.0,52.0,768.0,94.0,1303,axis_left,767.0,93.0,mask PCA skeleton + low contact point,generated_videos/control_points_3_traffic.mp4
37,1,4,38,1.0,0.01853578813193956,car,0.7551453113555908,735.0,52.0,768.0,94.0,1303,axis_right,735.0,62.0,mask PCA skeleton + low contact point,generated_videos/control_points_3_traffic.mp4
37,1,4,38,1.0,0.01853578813193956,car,0.7551453113555908,735.0,52.0,768.0,94.0,1303,contact_low,752.0,90.0,mask PCA skeleton + low contact point,generated_videos/control_points_3_traffic.mp4
37,6,9,21,0.8639240506329114,1.3809578005139047,person,0.30520904064178467,395.0,184.0,416.0,262.0,1235,centroid,405.8915100097656,222.17408752441406,mask PCA skeleton + low contact point,generated_videos/control_points_3_traffic.mp4
37,6,9,21,0.8639240506329114,1.3809578005139047,person,0.30520904064178467,395.0,184.0,416.0,262.0,1235,axis_front,412.0,261.0,mask PCA skeleton + low contact point,generated_videos/control_points_3_traffic.mp4
37,6,9,21,0.8639240506329114,1.3809578005139047,person,0.30520904064178467,395.0,184.0,416.0,262.0,1235,axis_back,399.0,184.0,mask PCA skeleton + low contact point,generated_videos/control_points_3_traffic.mp4
37,6,9,21,0.8639240506329114,1.3809578005139047,person,0.30520904064178467,395.0,184.0,416.0,262.0,1235,axis_left,415.0,215.0,mask PCA skeleton + low contact point,generated_videos/control_points_3_traffic.mp4
37,6,9,21,0.8639240506329114,1.3809578005139047,person,0.30520904064178467,395.0,184.0,416.0,262.0,1235,axis_right,395.0,214.0,mask PCA skeleton + low contact point,generated_videos/control_points_3_traffic.mp4
37,6,9,21,0.8639240506329114,1.3809578005139047,person,0.30520904064178467,395.0,184.0,416.0,262.0,1235,contact_low,408.0,257.0,mask PCA skeleton + low contact point,generated_videos/control_points_3_traffic.mp4
37,3,8,21,0.9379586390927285,0.4255654158358566,person,0.6763017773628235,375.0,184.0,395.0,258.0,1019,centroid,384.88909912109375,215.1079559326172,mask PCA skeleton + low contact point,generated_videos/control_points_3_traffic.mp4
37,3,8,21,0.9379586390927285,0.4255654158358566,person,0.6763017773628235,375.0,184.0,395.0,258.0,1019,axis_front,388.0,257.0,mask PCA skeleton + low contact point,generated_videos/control_points_3_traffic.mp4
37,3,8,21,0.9379586390927285,0.4255654158358566,person,0.6763017773628235,375.0,184.0,395.0,258.0,1019,axis_back,378.0,184.0,mask PCA skeleton + low contact point,generated_videos/control_points_3_traffic.mp4
37,3,8,21,0.9379586390927285,0.4255654158358566,person,0.6763017773628235,375.0,184.0,395.0,258.0,1019,axis_left,394.0,198.0,mask PCA skeleton + low contact point,generated_videos/control_points_3_traffic.mp4
37,3,8,21,0.9379586390927285,0.4255654158358566,person,0.6763017773628235,375.0,184.0,395.0,258.0,1019,axis_right,375.0,211.0,mask PCA skeleton + low contact point,generated_videos/control_points_3_traffic.mp4
37,3,8,21,0.9379586390927285,0.4255654158358566,person,0.6763017773628235,375.0,184.0,395.0,258.0,1019,contact_low,386.0,250.0,mask PCA skeleton + low contact point,generated_videos/control_points_3_traffic.mp4
38,5,0,39,1.0,0.03988495809153334,truck,0.6287326812744141,653.0,45.0,724.0,101.0,3378,centroid,686.1397094726562,71.17850494384766,mask PCA skeleton + low contact point,generated_videos/control_points_3_traffic.mp4
38,5,0,39,1.0,0.03988495809153334,truck,0.6287326812744141,653.0,45.0,724.0,101.0,3378,axis_front,653.0,54.0,mask PCA skeleton + low contact point,generated_videos/control_points_3_traffic.mp4
38,5,0,39,1.0,0.03988495809153334,truck,0.6287326812744141,653.0,45.0,724.0,101.0,3378,axis_back,723.0,85.0,mask PCA skeleton + low contact point,generated_videos/control_points_3_traffic.mp4
38,5,0,39,1.0,0.03988495809153334,truck,0.6287326812744141,653.0,45.0,724.0,101.0,3378,axis_left,696.0,100.0,mask PCA skeleton + low contact point,generated_videos/control_points_3_traffic.mp4
38,5,0,39,1.0,0.03988495809153334,truck,0.6287326812744141,653.0,45.0,724.0,101.0,3378,axis_right,709.0,45.0,mask PCA skeleton + low contact point,generated_videos/control_points_3_traffic.mp4
38,5,0,39,1.0,0.03988495809153334,truck,0.6287326812744141,653.0,45.0,724.0,101.0,3378,contact_low,689.0,94.0,mask PCA skeleton + low contact point,generated_videos/control_points_3_traffic.mp4
38,0,7,29,0.6511627906976745,6.648305590339556,person,0.8011190295219421,588.0,237.0,621.0,332.0,2071,centroid,602.6277465820312,283.4147644042969,mask PCA skeleton + low contact point,generated_videos/control_points_3_traffic.mp4
38,0,7,29,0.6511627906976745,6.648305590339556,person,0.8011190295219421,588.0,237.0,621.0,332.0,2071,axis_front,602.0,331.0,mask PCA skeleton + low contact point,generated_videos/control_points_3_traffic.mp4
38,0,7,29,0.6511627906976745,6.648305590339556,person,0.8011190295219421,588.0,237.0,621.0,332.0,2071,axis_back,594.0,237.0,mask PCA skeleton + low contact point,generated_videos/control_points_3_traffic.mp4
38,0,7,29,0.6511627906976745,6.648305590339556,person,0.8011190295219421,588.0,237.0,621.0,332.0,2071,axis_left,620.0,318.0,mask PCA skeleton + low contact point,generated_videos/control_points_3_traffic.mp4
38,0,7,29,0.6511627906976745,6.648305590339556,person,0.8011190295219421,588.0,237.0,621.0,332.0,2071,axis_right,588.0,287.0,mask PCA skeleton + low contact point,generated_videos/control_points_3_traffic.mp4
38,0,7,29,0.6511627906976745,6.648305590339556,person,0.8011190295219421,588.0,237.0,621.0,332.0,2071,contact_low,600.0,323.0,mask PCA skeleton + low contact point,generated_videos/control_points_3_traffic.mp4
38,1,10,22,0.5832878208629164,5.662897403644985,person,0.7908772230148315,616.0,238.0,646.0,327.0,1922,centroid,630.3439331054688,279.0671081542969,mask PCA skeleton + low contact point,generated_videos/control_points_3_traffic.mp4
38,1,10,22,0.5832878208629164,5.662897403644985,person,0.7908772230148315,616.0,238.0,646.0,327.0,1922,axis_front,629.0,326.0,mask PCA skeleton + low contact point,generated_videos/control_points_3_traffic.mp4
38,1,10,22,0.5832878208629164,5.662897403644985,person,0.7908772230148315,616.0,238.0,646.0,327.0,1922,axis_back,639.0,238.0,mask PCA skeleton + low contact point,generated_videos/control_points_3_traffic.mp4
38,1,10,22,0.5832878208629164,5.662897403644985,person,0.7908772230148315,616.0,238.0,646.0,327.0,1922,axis_left,645.0,277.0,mask PCA skeleton + low contact point,generated_videos/control_points_3_traffic.mp4
38,1,10,22,0.5832878208629164,5.662897403644985,person,0.7908772230148315,616.0,238.0,646.0,327.0,1922,axis_right,616.0,273.0,mask PCA skeleton + low contact point,generated_videos/control_points_3_traffic.mp4
38,1,10,22,0.5832878208629164,5.662897403644985,person,0.7908772230148315,616.0,238.0,646.0,327.0,1922,contact_low,631.0,317.0,mask PCA skeleton + low contact point,generated_videos/control_points_3_traffic.mp4
38,7,6,34,1.0,0.0,boat,0.28392359614372253,70.0,498.0,160.0,528.0,1749,centroid,114.63522338867188,513.1543579101562,mask PCA skeleton + low contact point,generated_videos/control_points_3_traffic.mp4
38,7,6,34,1.0,0.0,boat,0.28392359614372253,70.0,498.0,160.0,528.0,1749,axis_front,70.0,526.0,mask PCA skeleton + low contact point,generated_videos/control_points_3_traffic.mp4
38,7,6,34,1.0,0.0,boat,0.28392359614372253,70.0,498.0,160.0,528.0,1749,axis_back,159.0,506.0,mask PCA skeleton + low contact point,generated_videos/control_points_3_traffic.mp4
38,7,6,34,1.0,0.0,boat,0.28392359614372253,70.0,498.0,160.0,528.0,1749,axis_left,115.0,527.0,mask PCA skeleton + low contact point,generated_videos/control_points_3_traffic.mp4
38,7,6,34,1.0,0.0,boat,0.28392359614372253,70.0,498.0,160.0,528.0,1749,axis_right,116.0,498.0,mask PCA skeleton + low contact point,generated_videos/control_points_3_traffic.mp4
38,7,6,34,1.0,0.0,boat,0.28392359614372253,70.0,498.0,160.0,528.0,1749,contact_low,96.0,525.0,mask PCA skeleton + low contact point,generated_videos/control_points_3_traffic.mp4
38,4,1,36,0.9421940928270042,1.2204369425979489,person,0.6775224208831787,395.0,184.0,425.0,263.0,1356,centroid,407.86505126953125,226.1356964111328,mask PCA skeleton + low contact point,generated_videos/control_points_3_traffic.mp4
38,4,1,36,0.9421940928270042,1.2204369425979489,person,0.6775224208831787,395.0,184.0,425.0,263.0,1356,axis_front,418.0,262.0,mask PCA skeleton + low contact point,generated_videos/control_points_3_traffic.mp4
38,4,1,36,0.9421940928270042,1.2204369425979489,person,0.6775224208831787,395.0,184.0,425.0,263.0,1356,axis_back,400.0,184.0,mask PCA skeleton + low contact point,generated_videos/control_points_3_traffic.mp4
38,4,1,36,0.9421940928270042,1.2204369425979489,person,0.6775224208831787,395.0,184.0,425.0,263.0,1356,axis_left,424.0,255.0,mask PCA skeleton + low contact point,generated_videos/control_points_3_traffic.mp4
38,4,1,36,0.9421940928270042,1.2204369425979489,person,0.6775224208831787,395.0,184.0,425.0,263.0,1356,axis_right,400.0,259.0,mask PCA skeleton + low contact point,generated_videos/control_points_3_traffic.mp4
38,4,1,36,0.9421940928270042,1.2204369425979489,person,0.6775224208831787,395.0,184.0,425.0,263.0,1356,contact_low,413.0,259.0,mask PCA skeleton + low contact point,generated_videos/control_points_3_traffic.mp4
38,2,4,39,1.0,0.01853578813193956,car,0.7507981061935425,735.0,52.0,768.0,94.0,1302,centroid,751.4646606445312,72.35560607910156,mask PCA skeleton + low contact point,generated_videos/control_points_3_traffic.mp4
38,2,4,39,1.0,0.01853578813193956,car,0.7507981061935425,735.0,52.0,768.0,94.0,1302,axis_front,736.0,92.0,mask PCA skeleton + low contact point,generated_videos/control_points_3_traffic.mp4
38,2,4,39,1.0,0.01853578813193956,car,0.7507981061935425,735.0,52.0,768.0,94.0,1302,axis_back,767.0,52.0,mask PCA skeleton + low contact point,generated_videos/control_points_3_traffic.mp4
38,2,4,39,1.0,0.01853578813193956,car,0.7507981061935425,735.0,52.0,768.0,94.0,1302,axis_left,767.0,93.0,mask PCA skeleton + low contact point,generated_videos/control_points_3_traffic.mp4
38,2,4,39,1.0,0.01853578813193956,car,0.7507981061935425,735.0,52.0,768.0,94.0,1302,axis_right,735.0,62.0,mask PCA skeleton + low contact point,generated_videos/control_points_3_traffic.mp4
38,2,4,39,1.0,0.01853578813193956,car,0.7507981061935425,735.0,52.0,768.0,94.0,1302,contact_low,751.0,90.0,mask PCA skeleton + low contact point,generated_videos/control_points_3_traffic.mp4
38,6,9,22,0.9545454545454546,1.2696297379126493,person,0.3123891055583954,395.0,184.0,417.0,262.0,1260,centroid,406.6103210449219,223.22064208984375,mask PCA skeleton + low contact point,generated_videos/control_points_3_traffic.mp4
38,6,9,22,0.9545454545454546,1.2696297379126493,person,0.3123891055583954,395.0,184.0,417.0,262.0,1260,axis_front,416.0,261.0,mask PCA skeleton + low contact point,generated_videos/control_points_3_traffic.mp4
38,6,9,22,0.9545454545454546,1.2696297379126493,person,0.3123891055583954,395.0,184.0,417.0,262.0,1260,axis_back,399.0,184.0,mask PCA skeleton + low contact point,generated_videos/control_points_3_traffic.mp4
38,6,9,22,0.9545454545454546,1.2696297379126493,person,0.3123891055583954,395.0,184.0,417.0,262.0,1260,axis_left,415.0,198.0,mask PCA skeleton + low contact point,generated_videos/control_points_3_traffic.mp4
38,6,9,22,0.9545454545454546,1.2696297379126493,person,0.3123891055583954,395.0,184.0,417.0,262.0,1260,axis_right,395.0,206.0,mask PCA skeleton + low contact point,generated_videos/control_points_3_traffic.mp4
38,6,9,22,0.9545454545454546,1.2696297379126493,person,0.3123891055583954,395.0,184.0,417.0,262.0,1260,contact_low,409.0,257.0,mask PCA skeleton + low contact point,generated_videos/control_points_3_traffic.mp4
38,3,8,22,0.9153605015673981,0.34874669266256736,person,0.7287386059761047,374.0,182.0,395.0,257.0,1121,centroid,384.7689514160156,214.78054809570312,mask PCA skeleton + low contact point,generated_videos/control_points_3_traffic.mp4
38,3,8,22,0.9153605015673981,0.34874669266256736,person,0.7287386059761047,374.0,182.0,395.0,257.0,1121,axis_front,389.0,256.0,mask PCA skeleton + low contact point,generated_videos/control_points_3_traffic.mp4
38,3,8,22,0.9153605015673981,0.34874669266256736,person,0.7287386059761047,374.0,182.0,395.0,257.0,1121,axis_back,380.0,182.0,mask PCA skeleton + low contact point,generated_videos/control_points_3_traffic.mp4
38,3,8,22,0.9153605015673981,0.34874669266256736,person,0.7287386059761047,374.0,182.0,395.0,257.0,1121,axis_left,394.0,197.0,mask PCA skeleton + low contact point,generated_videos/control_points_3_traffic.mp4
38,3,8,22,0.9153605015673981,0.34874669266256736,person,0.7287386059761047,374.0,182.0,395.0,257.0,1121,axis_right,374.0,209.0,mask PCA skeleton + low contact point,generated_videos/control_points_3_traffic.mp4
38,3,8,22,0.9153605015673981,0.34874669266256736,person,0.7287386059761047,374.0,182.0,395.0,257.0,1121,contact_low,386.0,250.0,mask PCA skeleton + low contact point,generated_videos/control_points_3_traffic.mp4
39,5,0,40,1.0,0.08032391211054554,truck,0.6145068407058716,653.0,45.0,724.0,101.0,3366,centroid,686.1773681640625,71.1075439453125,mask PCA skeleton + low contact point,generated_videos/control_points_3_traffic.mp4
39,5,0,40,1.0,0.08032391211054554,truck,0.6145068407058716,653.0,45.0,724.0,101.0,3366,axis_front,653.0,54.0,mask PCA skeleton + low contact point,generated_videos/control_points_3_traffic.mp4
39,5,0,40,1.0,0.08032391211054554,truck,0.6145068407058716,653.0,45.0,724.0,101.0,3366,axis_back,723.0,85.0,mask PCA skeleton + low contact point,generated_videos/control_points_3_traffic.mp4
39,5,0,40,1.0,0.08032391211054554,truck,0.6145068407058716,653.0,45.0,724.0,101.0,3366,axis_left,696.0,100.0,mask PCA skeleton + low contact point,generated_videos/control_points_3_traffic.mp4
39,5,0,40,1.0,0.08032391211054554,truck,0.6145068407058716,653.0,45.0,724.0,101.0,3366,axis_right,709.0,45.0,mask PCA skeleton + low contact point,generated_videos/control_points_3_traffic.mp4
39,5,0,40,1.0,0.08032391211054554,truck,0.6145068407058716,653.0,45.0,724.0,101.0,3366,contact_low,688.0,93.0,mask PCA skeleton + low contact point,generated_videos/control_points_3_traffic.mp4
39,1,10,23,0.4991465496220434,8.478802997796466,person,0.7947306632995605,602.0,233.0,639.0,327.0,2042,centroid,621.8736572265625,278.68658447265625,mask PCA skeleton + low contact point,generated_videos/control_points_3_traffic.mp4
39,1,10,23,0.4991465496220434,8.478802997796466,person,0.7947306632995605,602.0,233.0,639.0,327.0,2042,axis_front,629.0,326.0,mask PCA skeleton + low contact point,generated_videos/control_points_3_traffic.mp4
39,1,10,23,0.4991465496220434,8.478802997796466,person,0.7947306632995605,602.0,233.0,639.0,327.0,2042,axis_back,628.0,233.0,mask PCA skeleton + low contact point,generated_videos/control_points_3_traffic.mp4
39,1,10,23,0.4991465496220434,8.478802997796466,person,0.7947306632995605,602.0,233.0,639.0,327.0,2042,axis_left,638.0,290.0,mask PCA skeleton + low contact point,generated_videos/control_points_3_traffic.mp4
39,1,10,23,0.4991465496220434,8.478802997796466,person,0.7947306632995605,602.0,233.0,639.0,327.0,2042,axis_right,602.0,306.0,mask PCA skeleton + low contact point,generated_videos/control_points_3_traffic.mp4
39,1,10,23,0.4991465496220434,8.478802997796466,person,0.7947306632995605,602.0,233.0,639.0,327.0,2042,contact_low,630.0,316.0,mask PCA skeleton + low contact point,generated_videos/control_points_3_traffic.mp4
39,0,7,30,0.4489655172413793,11.553978454515486,person,0.8572116494178772,576.0,234.0,609.0,330.0,2027,centroid,592.2047119140625,278.42919921875,mask PCA skeleton + low contact point,generated_videos/control_points_3_traffic.mp4
39,0,7,30,0.4489655172413793,11.553978454515486,person,0.8572116494178772,576.0,234.0,609.0,330.0,2027,axis_front,603.0,329.0,mask PCA skeleton + low contact point,generated_videos/control_points_3_traffic.mp4
39,0,7,30,0.4489655172413793,11.553978454515486,person,0.8572116494178772,576.0,234.0,609.0,330.0,2027,axis_back,586.0,234.0,mask PCA skeleton + low contact point,generated_videos/control_points_3_traffic.mp4
39,0,7,30,0.4489655172413793,11.553978454515486,person,0.8572116494178772,576.0,234.0,609.0,330.0,2027,axis_left,608.0,258.0,mask PCA skeleton + low contact point,generated_videos/control_points_3_traffic.mp4
39,0,7,30,0.4489655172413793,11.553978454515486,person,0.8572116494178772,576.0,234.0,609.0,330.0,2027,axis_right,576.0,286.0,mask PCA skeleton + low contact point,generated_videos/control_points_3_traffic.mp4
39,0,7,30,0.4489655172413793,11.553978454515486,person,0.8572116494178772,576.0,234.0,609.0,330.0,2027,contact_low,596.0,323.0,mask PCA skeleton + low contact point,generated_videos/control_points_3_traffic.mp4
39,9,6,35,1.0,0.02065448195278265,boat,0.307705819606781,70.0,498.0,160.0,528.0,1752,centroid,114.623291015625,513.1712036132812,mask PCA skeleton + low contact point,generated_videos/control_points_3_traffic.mp4
39,9,6,35,1.0,0.02065448195278265,boat,0.307705819606781,70.0,498.0,160.0,528.0,1752,axis_front,70.0,526.0,mask PCA skeleton + low contact point,generated_videos/control_points_3_traffic.mp4
39,9,6,35,1.0,0.02065448195278265,boat,0.307705819606781,70.0,498.0,160.0,528.0,1752,axis_back,159.0,506.0,mask PCA skeleton + low contact point,generated_videos/control_points_3_traffic.mp4
39,9,6,35,1.0,0.02065448195278265,boat,0.307705819606781,70.0,498.0,160.0,528.0,1752,axis_left,115.0,527.0,mask PCA skeleton + low contact point,generated_videos/control_points_3_traffic.mp4
39,9,6,35,1.0,0.02065448195278265,boat,0.307705819606781,70.0,498.0,160.0,528.0,1752,axis_right,116.0,498.0,mask PCA skeleton + low contact point,generated_videos/control_points_3_traffic.mp4
39,9,6,35,1.0,0.02065448195278265,boat,0.307705819606781,70.0,498.0,160.0,528.0,1752,contact_low,95.0,526.0,mask PCA skeleton + low contact point,generated_videos/control_points_3_traffic.mp4
39,2,8,23,0.7418011452368558,3.270388331703835,person,0.7550419569015503,376.0,180.0,399.0,257.0,1303,centroid,387.03070068359375,217.1427459716797,mask PCA skeleton + low contact point,generated_videos/control_points_3_traffic.mp4
39,2,8,23,0.7418011452368558,3.270388331703835,person,0.7550419569015503,376.0,180.0,399.0,257.0,1303,axis_front,389.0,256.0,mask PCA skeleton + low contact point,generated_videos/control_points_3_traffic.mp4
39,2,8,23,0.7418011452368558,3.270388331703835,person,0.7550419569015503,376.0,180.0,399.0,257.0,1303,axis_back,380.0,180.0,mask PCA skeleton + low contact point,generated_videos/control_points_3_traffic.mp4
39,2,8,23,0.7418011452368558,3.270388331703835,person,0.7550419569015503,376.0,180.0,399.0,257.0,1303,axis_left,398.0,208.0,mask PCA skeleton + low contact point,generated_videos/control_points_3_traffic.mp4
39,2,8,23,0.7418011452368558,3.270388331703835,person,0.7550419569015503,376.0,180.0,399.0,257.0,1303,axis_right,376.0,212.0,mask PCA skeleton + low contact point,generated_videos/control_points_3_traffic.mp4
39,2,8,23,0.7418011452368558,3.270388331703835,person,0.7550419569015503,376.0,180.0,399.0,257.0,1303,contact_low,387.0,250.0,mask PCA skeleton + low contact point,generated_videos/control_points_3_traffic.mp4
39,3,4,40,1.0,0.0,car,0.7512162923812866,735.0,52.0,768.0,94.0,1302,centroid,751.4646606445312,72.35560607910156,mask PCA skeleton + low contact point,generated_videos/control_points_3_traffic.mp4
39,3,4,40,1.0,0.0,car,0.7512162923812866,735.0,52.0,768.0,94.0,1302,axis_front,736.0,92.0,mask PCA skeleton + low contact point,generated_videos/control_points_3_traffic.mp4
39,3,4,40,1.0,0.0,car,0.7512162923812866,735.0,52.0,768.0,94.0,1302,axis_back,767.0,52.0,mask PCA skeleton + low contact point,generated_videos/control_points_3_traffic.mp4
39,3,4,40,1.0,0.0,car,0.7512162923812866,735.0,52.0,768.0,94.0,1302,axis_left,767.0,93.0,mask PCA skeleton + low contact point,generated_videos/control_points_3_traffic.mp4
39,3,4,40,1.0,0.0,car,0.7512162923812866,735.0,52.0,768.0,94.0,1302,axis_right,735.0,62.0,mask PCA skeleton + low contact point,generated_videos/control_points_3_traffic.mp4
39,3,4,40,1.0,0.0,car,0.7512162923812866,735.0,52.0,768.0,94.0,1302,contact_low,751.0,90.0,mask PCA skeleton + low contact point,generated_videos/control_points_3_traffic.mp4
39,6,12,3,0.0,44.415618329260504,person,0.5552389025688171,438.0,188.0,458.0,273.0,1172,centroid,446.6493225097656,230.70477294921875,mask PCA skeleton + low contact point,generated_videos/control_points_3_traffic.mp4
39,6,12,3,0.0,44.415618329260504,person,0.5552389025688171,438.0,188.0,458.0,273.0,1172,axis_front,438.0,272.0,mask PCA skeleton + low contact point,generated_videos/control_points_3_traffic.mp4
39,6,12,3,0.0,44.415618329260504,person,0.5552389025688171,438.0,188.0,458.0,273.0,1172,axis_back,451.0,188.0,mask PCA skeleton + low contact point,generated_videos/control_points_3_traffic.mp4
39,6,12,3,0.0,44.415618329260504,person,0.5552389025688171,438.0,188.0,458.0,273.0,1172,axis_left,457.0,230.0,mask PCA skeleton + low contact point,generated_videos/control_points_3_traffic.mp4
39,6,12,3,0.0,44.415618329260504,person,0.5552389025688171,438.0,188.0,458.0,273.0,1172,axis_right,438.0,188.0,mask PCA skeleton + low contact point,generated_videos/control_points_3_traffic.mp4
39,6,12,3,0.0,44.415618329260504,person,0.5552389025688171,438.0,188.0,458.0,273.0,1172,contact_low,443.0,267.0,mask PCA skeleton + low contact point,generated_videos/control_points_3_traffic.mp4
39,7,15,1,,,person,0.45740169286727905,755.0,286.0,768.0,401.0,1150,centroid,762.1043701171875,351.7834777832031,mask PCA skeleton + low contact point,generated_videos/control_points_3_traffic.mp4
39,7,15,1,,,person,0.45740169286727905,755.0,286.0,768.0,401.0,1150,axis_front,756.0,400.0,mask PCA skeleton + low contact point,generated_videos/control_points_3_traffic.mp4
39,7,15,1,,,person,0.45740169286727905,755.0,286.0,768.0,401.0,1150,axis_back,767.0,286.0,mask PCA skeleton + low contact point,generated_videos/control_points_3_traffic.mp4
39,7,15,1,,,person,0.45740169286727905,755.0,286.0,768.0,401.0,1150,axis_left,767.0,400.0,mask PCA skeleton + low contact point,generated_videos/control_points_3_traffic.mp4
39,7,15,1,,,person,0.45740169286727905,755.0,286.0,768.0,401.0,1150,axis_right,755.0,352.0,mask PCA skeleton + low contact point,generated_videos/control_points_3_traffic.mp4
39,7,15,1,,,person,0.45740169286727905,755.0,286.0,768.0,401.0,1150,contact_low,761.0,396.0,mask PCA skeleton + low contact point,generated_videos/control_points_3_traffic.mp4
39,4,1,37,0.770042194092827,2.111220108675432,person,0.6392006278038025,399.0,189.0,424.0,262.0,1124,centroid,408.867431640625,227.9937744140625,mask PCA skeleton + low contact point,generated_videos/control_points_3_traffic.mp4
39,4,1,37,0.770042194092827,2.111220108675432,person,0.6392006278038025,399.0,189.0,424.0,262.0,1124,axis_front,411.0,261.0,mask PCA skeleton + low contact point,generated_videos/control_points_3_traffic.mp4
39,4,1,37,0.770042194092827,2.111220108675432,person,0.6392006278038025,399.0,189.0,424.0,262.0,1124,axis_back,404.0,189.0,mask PCA skeleton + low contact point,generated_videos/control_points_3_traffic.mp4
39,4,1,37,0.770042194092827,2.111220108675432,person,0.6392006278038025,399.0,189.0,424.0,262.0,1124,axis_left,423.0,250.0,mask PCA skeleton + low contact point,generated_videos/control_points_3_traffic.mp4
39,4,1,37,0.770042194092827,2.111220108675432,person,0.6392006278038025,399.0,189.0,424.0,262.0,1124,axis_right,400.0,259.0,mask PCA skeleton + low contact point,generated_videos/control_points_3_traffic.mp4
39,4,1,37,0.770042194092827,2.111220108675432,person,0.6392006278038025,399.0,189.0,424.0,262.0,1124,contact_low,408.0,258.0,mask PCA skeleton + low contact point,generated_videos/control_points_3_traffic.mp4
39,8,9,23,0.8076923076923077,0.8529320249314449,person,0.3145149052143097,399.0,185.0,417.0,262.0,1035,centroid,407.0251159667969,222.47535705566406,mask PCA skeleton + low contact point,generated_videos/control_points_3_traffic.mp4
39,8,9,23,0.8076923076923077,0.8529320249314449,person,0.3145149052143097,399.0,185.0,417.0,262.0,1035,axis_front,410.0,261.0,mask PCA skeleton + low contact point,generated_videos/control_points_3_traffic.mp4
39,8,9,23,0.8076923076923077,0.8529320249314449,person,0.3145149052143097,399.0,185.0,417.0,262.0,1035,axis_back,402.0,185.0,mask PCA skeleton + low contact point,generated_videos/control_points_3_traffic.mp4
39,8,9,23,0.8076923076923077,0.8529320249314449,person,0.3145149052143097,399.0,185.0,417.0,262.0,1035,axis_left,416.0,226.0,mask PCA skeleton + low contact point,generated_videos/control_points_3_traffic.mp4
39,8,9,23,0.8076923076923077,0.8529320249314449,person,0.3145149052143097,399.0,185.0,417.0,262.0,1035,axis_right,399.0,224.0,mask PCA skeleton + low contact point,generated_videos/control_points_3_traffic.mp4
39,8,9,23,0.8076923076923077,0.8529320249314449,person,0.3145149052143097,399.0,185.0,417.0,262.0,1035,contact_low,406.0,257.0,mask PCA skeleton + low contact point,generated_videos/control_points_3_traffic.mp4
40,5,0,41,1.0,0.01851942472019196,truck,0.619153618812561,653.0,45.0,724.0,101.0,3369,centroid,686.1591186523438,71.10448455810547,mask PCA skeleton + low contact point,generated_videos/control_points_3_traffic.mp4
40,5,0,41,1.0,0.01851942472019196,truck,0.619153618812561,653.0,45.0,724.0,101.0,3369,axis_front,653.0,54.0,mask PCA skeleton + low contact point,generated_videos/control_points_3_traffic.mp4
40,5,0,41,1.0,0.01851942472019196,truck,0.619153618812561,653.0,45.0,724.0,101.0,3369,axis_back,723.0,85.0,mask PCA skeleton + low contact point,generated_videos/control_points_3_traffic.mp4
40,5,0,41,1.0,0.01851942472019196,truck,0.619153618812561,653.0,45.0,724.0,101.0,3369,axis_left,696.0,100.0,mask PCA skeleton + low contact point,generated_videos/control_points_3_traffic.mp4
40,5,0,41,1.0,0.01851942472019196,truck,0.619153618812561,653.0,45.0,724.0,101.0,3369,axis_right,709.0,45.0,mask PCA skeleton + low contact point,generated_videos/control_points_3_traffic.mp4
40,5,0,41,1.0,0.01851942472019196,truck,0.619153618812561,653.0,45.0,724.0,101.0,3369,contact_low,688.0,93.0,mask PCA skeleton + low contact point,generated_videos/control_points_3_traffic.mp4
40,1,7,31,0.7,4.881562558493187,person,0.8087888360023499,569.0,234.0,604.0,330.0,2097,centroid,587.5989379882812,280.0467224121094,mask PCA skeleton + low contact point,generated_videos/control_points_3_traffic.mp4
40,1,7,31,0.7,4.881562558493187,person,0.8087888360023499,569.0,234.0,604.0,330.0,2097,axis_front,602.0,329.0,mask PCA skeleton + low contact point,generated_videos/control_points_3_traffic.mp4
40,1,7,31,0.7,4.881562558493187,person,0.8087888360023499,569.0,234.0,604.0,330.0,2097,axis_back,581.0,234.0,mask PCA skeleton + low contact point,generated_videos/control_points_3_traffic.mp4
40,1,7,31,0.7,4.881562558493187,person,0.8087888360023499,569.0,234.0,604.0,330.0,2097,axis_left,603.0,262.0,mask PCA skeleton + low contact point,generated_videos/control_points_3_traffic.mp4
40,1,7,31,0.7,4.881562558493187,person,0.8087888360023499,569.0,234.0,604.0,330.0,2097,axis_right,570.0,315.0,mask PCA skeleton + low contact point,generated_videos/control_points_3_traffic.mp4
40,1,7,31,0.7,4.881562558493187,person,0.8087888360023499,569.0,234.0,604.0,330.0,2097,contact_low,597.0,321.0,mask PCA skeleton + low contact point,generated_videos/control_points_3_traffic.mp4
40,0,10,24,0.855664174813111,4.111405637525442,person,0.8170663714408875,603.0,233.0,635.0,326.0,2025,centroid,618.08642578125,277.08642578125,mask PCA skeleton + low contact point,generated_videos/control_points_3_traffic.mp4
40,0,10,24,0.855664174813111,4.111405637525442,person,0.8170663714408875,603.0,233.0,635.0,326.0,2025,axis_front,633.0,325.0,mask PCA skeleton + low contact point,generated_videos/control_points_3_traffic.mp4
40,0,10,24,0.855664174813111,4.111405637525442,person,0.8170663714408875,603.0,233.0,635.0,326.0,2025,axis_back,610.0,233.0,mask PCA skeleton + low contact point,generated_videos/control_points_3_traffic.mp4
40,0,10,24,0.855664174813111,4.111405637525442,person,0.8170663714408875,603.0,233.0,635.0,326.0,2025,axis_left,633.0,285.0,mask PCA skeleton + low contact point,generated_videos/control_points_3_traffic.mp4
40,0,10,24,0.855664174813111,4.111405637525442,person,0.8170663714408875,603.0,233.0,635.0,326.0,2025,axis_right,603.0,310.0,mask PCA skeleton + low contact point,generated_videos/control_points_3_traffic.mp4
40,0,10,24,0.855664174813111,4.111405637525442,person,0.8170663714408875,603.0,233.0,635.0,326.0,2025,contact_low,629.0,316.0,mask PCA skeleton + low contact point,generated_videos/control_points_3_traffic.mp4
40,8,6,36,1.0,0.01566974600466424,boat,0.31057244539260864,70.0,498.0,160.0,528.0,1751,centroid,114.60765075683594,513.170166015625,mask PCA skeleton + low contact point,generated_videos/control_points_3_traffic.mp4
40,8,6,36,1.0,0.01566974600466424,boat,0.31057244539260864,70.0,498.0,160.0,528.0,1751,axis_front,70.0,526.0,mask PCA skeleton + low contact point,generated_videos/control_points_3_traffic.mp4
40,8,6,36,1.0,0.01566974600466424,boat,0.31057244539260864,70.0,498.0,160.0,528.0,1751,axis_back,159.0,506.0,mask PCA skeleton + low contact point,generated_videos/control_points_3_traffic.mp4
40,8,6,36,1.0,0.01566974600466424,boat,0.31057244539260864,70.0,498.0,160.0,528.0,1751,axis_left,115.0,527.0,mask PCA skeleton + low contact point,generated_videos/control_points_3_traffic.mp4
40,8,6,36,1.0,0.01566974600466424,boat,0.31057244539260864,70.0,498.0,160.0,528.0,1751,axis_right,116.0,498.0,mask PCA skeleton + low contact point,generated_videos/control_points_3_traffic.mp4
40,8,6,36,1.0,0.01566974600466424,boat,0.31057244539260864,70.0,498.0,160.0,528.0,1751,contact_low,95.0,526.0,mask PCA skeleton + low contact point,generated_videos/control_points_3_traffic.mp4
40,4,15,2,0.37716919739696314,12.074227270524965,person,0.686010479927063,736.0,281.0,768.0,393.0,1548,centroid,756.8333129882812,340.9205322265625,mask PCA skeleton + low contact point,generated_videos/control_points_3_traffic.mp4
40,4,15,2,0.37716919739696314,12.074227270524965,person,0.686010479927063,736.0,281.0,768.0,393.0,1548,axis_front,743.0,392.0,mask PCA skeleton + low contact point,generated_videos/control_points_3_traffic.mp4
40,4,15,2,0.37716919739696314,12.074227270524965,person,0.686010479927063,736.0,281.0,768.0,393.0,1548,axis_back,767.0,281.0,mask PCA skeleton + low contact point,generated_videos/control_points_3_traffic.mp4
40,4,15,2,0.37716919739696314,12.074227270524965,person,0.686010479927063,736.0,281.0,768.0,393.0,1548,axis_left,767.0,355.0,mask PCA skeleton + low contact point,generated_videos/control_points_3_traffic.mp4
40,4,15,2,0.37716919739696314,12.074227270524965,person,0.686010479927063,736.0,281.0,768.0,393.0,1548,axis_right,736.0,380.0,mask PCA skeleton + low contact point,generated_videos/control_points_3_traffic.mp4
40,4,15,2,0.37716919739696314,12.074227270524965,person,0.686010479927063,736.0,281.0,768.0,393.0,1548,contact_low,746.0,387.0,mask PCA skeleton + low contact point,generated_videos/control_points_3_traffic.mp4
40,3,8,24,0.9192546583850931,1.108538656216613,person,0.7544108033180237,377.0,182.0,399.0,256.0,1319,centroid,388.13873291015625,217.17588806152344,mask PCA skeleton + low contact point,generated_videos/control_points_3_traffic.mp4
40,3,8,24,0.9192546583850931,1.108538656216613,person,0.7544108033180237,377.0,182.0,399.0,256.0,1319,axis_front,391.0,255.0,mask PCA skeleton + low contact point,generated_videos/control_points_3_traffic.mp4
40,3,8,24,0.9192546583850931,1.108538656216613,person,0.7544108033180237,377.0,182.0,399.0,256.0,1319,axis_back,380.0,182.0,mask PCA skeleton + low contact point,generated_videos/control_points_3_traffic.mp4
40,3,8,24,0.9192546583850931,1.108538656216613,person,0.7544108033180237,377.0,182.0,399.0,256.0,1319,axis_left,398.0,201.0,mask PCA skeleton + low contact point,generated_videos/control_points_3_traffic.mp4
40,3,8,24,0.9192546583850931,1.108538656216613,person,0.7544108033180237,377.0,182.0,399.0,256.0,1319,axis_right,377.0,211.0,mask PCA skeleton + low contact point,generated_videos/control_points_3_traffic.mp4
40,3,8,24,0.9192546583850931,1.108538656216613,person,0.7544108033180237,377.0,182.0,399.0,256.0,1319,contact_low,388.0,250.0,mask PCA skeleton + low contact point,generated_videos/control_points_3_traffic.mp4
40,6,12,4,0.8491508491508492,3.191754806393633,person,0.5612139701843262,438.0,182.0,460.0,273.0,1307,centroid,447.8538513183594,227.74903869628906,mask PCA skeleton + low contact point,generated_videos/control_points_3_traffic.mp4
40,6,12,4,0.8491508491508492,3.191754806393633,person,0.5612139701843262,438.0,182.0,460.0,273.0,1307,axis_front,440.0,272.0,mask PCA skeleton + low contact point,generated_videos/control_points_3_traffic.mp4
40,6,12,4,0.8491508491508492,3.191754806393633,person,0.5612139701843262,438.0,182.0,460.0,273.0,1307,axis_back,449.0,182.0,mask PCA skeleton + low contact point,generated_videos/control_points_3_traffic.mp4
40,6,12,4,0.8491508491508492,3.191754806393633,person,0.5612139701843262,438.0,182.0,460.0,273.0,1307,axis_left,459.0,229.0,mask PCA skeleton + low contact point,generated_videos/control_points_3_traffic.mp4
40,6,12,4,0.8491508491508492,3.191754806393633,person,0.5612139701843262,438.0,182.0,460.0,273.0,1307,axis_right,438.0,182.0,mask PCA skeleton + low contact point,generated_videos/control_points_3_traffic.mp4
40,6,12,4,0.8491508491508492,3.191754806393633,person,0.5612139701843262,438.0,182.0,460.0,273.0,1307,contact_low,443.0,266.0,mask PCA skeleton + low contact point,generated_videos/control_points_3_traffic.mp4
40,2,4,41,1.0,0.0,car,0.7546406388282776,735.0,52.0,768.0,94.0,1302,centroid,751.4646606445312,72.35560607910156,mask PCA skeleton + low contact point,generated_videos/control_points_3_traffic.mp4
40,2,4,41,1.0,0.0,car,0.7546406388282776,735.0,52.0,768.0,94.0,1302,axis_front,736.0,92.0,mask PCA skeleton + low contact point,generated_videos/control_points_3_traffic.mp4
40,2,4,41,1.0,0.0,car,0.7546406388282776,735.0,52.0,768.0,94.0,1302,axis_back,767.0,52.0,mask PCA skeleton + low contact point,generated_videos/control_points_3_traffic.mp4
40,2,4,41,1.0,0.0,car,0.7546406388282776,735.0,52.0,768.0,94.0,1302,axis_left,767.0,93.0,mask PCA skeleton + low contact point,generated_videos/control_points_3_traffic.mp4
40,2,4,41,1.0,0.0,car,0.7546406388282776,735.0,52.0,768.0,94.0,1302,axis_right,735.0,62.0,mask PCA skeleton + low contact point,generated_videos/control_points_3_traffic.mp4
40,2,4,41,1.0,0.0,car,0.7546406388282776,735.0,52.0,768.0,94.0,1302,contact_low,751.0,90.0,mask PCA skeleton + low contact point,generated_videos/control_points_3_traffic.mp4
40,7,9,24,0.8571428571428571,4.196092140562801,person,0.49406760931015015,399.0,188.0,419.0,263.0,1013,centroid,408.2073059082031,226.50148010253906,mask PCA skeleton + low contact point,generated_videos/control_points_3_traffic.mp4
40,7,9,24,0.8571428571428571,4.196092140562801,person,0.49406760931015015,399.0,188.0,419.0,263.0,1013,axis_front,410.0,262.0,mask PCA skeleton + low contact point,generated_videos/control_points_3_traffic.mp4
40,7,9,24,0.8571428571428571,4.196092140562801,person,0.49406760931015015,399.0,188.0,419.0,263.0,1013,axis_back,404.0,188.0,mask PCA skeleton + low contact point,generated_videos/control_points_3_traffic.mp4
40,7,9,24,0.8571428571428571,4.196092140562801,person,0.49406760931015015,399.0,188.0,419.0,263.0,1013,axis_left,418.0,245.0,mask PCA skeleton + low contact point,generated_videos/control_points_3_traffic.mp4
40,7,9,24,0.8571428571428571,4.196092140562801,person,0.49406760931015015,399.0,188.0,419.0,263.0,1013,axis_right,399.0,260.0,mask PCA skeleton + low contact point,generated_videos/control_points_3_traffic.mp4
40,7,9,24,0.8571428571428571,4.196092140562801,person,0.49406760931015015,399.0,188.0,419.0,263.0,1013,contact_low,406.0,259.0,mask PCA skeleton + low contact point,generated_videos/control_points_3_traffic.mp4
41,6,0,42,1.0,0.033663455359086956,truck,0.6163546442985535,653.0,45.0,724.0,101.0,3370,centroid,686.1507568359375,71.13709259033203,mask PCA skeleton + low contact point,generated_videos/control_points_3_traffic.mp4
41,6,0,42,1.0,0.033663455359086956,truck,0.6163546442985535,653.0,45.0,724.0,101.0,3370,axis_front,653.0,54.0,mask PCA skeleton + low contact point,generated_videos/control_points_3_traffic.mp4
41,6,0,42,1.0,0.033663455359086956,truck,0.6163546442985535,653.0,45.0,724.0,101.0,3370,axis_back,723.0,85.0,mask PCA skeleton + low contact point,generated_videos/control_points_3_traffic.mp4
41,6,0,42,1.0,0.033663455359086956,truck,0.6163546442985535,653.0,45.0,724.0,101.0,3370,axis_left,695.0,100.0,mask PCA skeleton + low contact point,generated_videos/control_points_3_traffic.mp4
41,6,0,42,1.0,0.033663455359086956,truck,0.6163546442985535,653.0,45.0,724.0,101.0,3370,axis_right,709.0,45.0,mask PCA skeleton + low contact point,generated_videos/control_points_3_traffic.mp4
41,6,0,42,1.0,0.033663455359086956,truck,0.6163546442985535,653.0,45.0,724.0,101.0,3370,contact_low,688.0,93.0,mask PCA skeleton + low contact point,generated_videos/control_points_3_traffic.mp4
41,0,7,32,0.8599348534201955,4.696614098159557,person,0.8260865211486816,566.0,233.0,602.0,330.0,2081,centroid,582.9495239257812,279.38250732421875,mask PCA skeleton + low contact point,generated_videos/control_points_3_traffic.mp4
41,0,7,32,0.8599348534201955,4.696614098159557,person,0.8260865211486816,566.0,233.0,602.0,330.0,2081,axis_front,593.0,329.0,mask PCA skeleton + low contact point,generated_videos/control_points_3_traffic.mp4
41,0,7,32,0.8599348534201955,4.696614098159557,person,0.8260865211486816,566.0,233.0,602.0,330.0,2081,axis_back,579.0,233.0,mask PCA skeleton + low contact point,generated_videos/control_points_3_traffic.mp4
41,0,7,32,0.8599348534201955,4.696614098159557,person,0.8260865211486816,566.0,233.0,602.0,330.0,2081,axis_left,601.0,322.0,mask PCA skeleton + low contact point,generated_videos/control_points_3_traffic.mp4
41,0,7,32,0.8599348534201955,4.696614098159557,person,0.8260865211486816,566.0,233.0,602.0,330.0,2081,axis_right,566.0,280.0,mask PCA skeleton + low contact point,generated_videos/control_points_3_traffic.mp4
41,0,7,32,0.8599348534201955,4.696614098159557,person,0.8260865211486816,566.0,233.0,602.0,330.0,2081,contact_low,593.0,319.0,mask PCA skeleton + low contact point,generated_videos/control_points_3_traffic.mp4
41,1,10,25,0.6847826086956522,6.352189364838032,person,0.8142607808113098,597.0,231.0,630.0,324.0,2019,centroid,612.2466430664062,274.5869140625,mask PCA skeleton + low contact point,generated_videos/control_points_3_traffic.mp4
41,1,10,25,0.6847826086956522,6.352189364838032,person,0.8142607808113098,597.0,231.0,630.0,324.0,2019,axis_front,627.0,323.0,mask PCA skeleton + low contact point,generated_videos/control_points_3_traffic.mp4
41,1,10,25,0.6847826086956522,6.352189364838032,person,0.8142607808113098,597.0,231.0,630.0,324.0,2019,axis_back,603.0,231.0,mask PCA skeleton + low contact point,generated_videos/control_points_3_traffic.mp4
41,1,10,25,0.6847826086956522,6.352189364838032,person,0.8142607808113098,597.0,231.0,630.0,324.0,2019,axis_left,629.0,315.0,mask PCA skeleton + low contact point,generated_videos/control_points_3_traffic.mp4
41,1,10,25,0.6847826086956522,6.352189364838032,person,0.8142607808113098,597.0,231.0,630.0,324.0,2019,axis_right,597.0,273.0,mask PCA skeleton + low contact point,generated_videos/control_points_3_traffic.mp4
41,1,10,25,0.6847826086956522,6.352189364838032,person,0.8142607808113098,597.0,231.0,630.0,324.0,2019,contact_low,624.0,312.0,mask PCA skeleton + low contact point,generated_videos/control_points_3_traffic.mp4
41,3,15,3,0.8935721812434141,8.11974328928637,person,0.7560663819313049,734.0,282.0,768.0,388.0,1974,centroid,754.6610717773438,333.0967712402344,mask PCA skeleton + low contact point,generated_videos/control_points_3_traffic.mp4
41,3,15,3,0.8935721812434141,8.11974328928637,person,0.7560663819313049,734.0,282.0,768.0,388.0,1974,axis_front,737.0,387.0,mask PCA skeleton + low contact point,generated_videos/control_points_3_traffic.mp4
41,3,15,3,0.8935721812434141,8.11974328928637,person,0.7560663819313049,734.0,282.0,768.0,388.0,1974,axis_back,767.0,282.0,mask PCA skeleton + low contact point,generated_videos/control_points_3_traffic.mp4
41,3,15,3,0.8935721812434141,8.11974328928637,person,0.7560663819313049,734.0,282.0,768.0,388.0,1974,axis_left,767.0,371.0,mask PCA skeleton + low contact point,generated_videos/control_points_3_traffic.mp4
41,3,15,3,0.8935721812434141,8.11974328928637,person,0.7560663819313049,734.0,282.0,768.0,388.0,1974,axis_right,734.0,375.0,mask PCA skeleton + low contact point,generated_videos/control_points_3_traffic.mp4
41,3,15,3,0.8935721812434141,8.11974328928637,person,0.7560663819313049,734.0,282.0,768.0,388.0,1974,contact_low,740.0,380.0,mask PCA skeleton + low contact point,generated_videos/control_points_3_traffic.mp4
41,8,6,37,1.0,0.012356356622204292,boat,0.32991912961006165,70.0,498.0,160.0,528.0,1753,centroid,114.60752868652344,513.1825561523438,mask PCA skeleton + low contact point,generated_videos/control_points_3_traffic.mp4
41,8,6,37,1.0,0.012356356622204292,boat,0.32991912961006165,70.0,498.0,160.0,528.0,1753,axis_front,70.0,526.0,mask PCA skeleton + low contact point,generated_videos/control_points_3_traffic.mp4
41,8,6,37,1.0,0.012356356622204292,boat,0.32991912961006165,70.0,498.0,160.0,528.0,1753,axis_back,159.0,506.0,mask PCA skeleton + low contact point,generated_videos/control_points_3_traffic.mp4
41,8,6,37,1.0,0.012356356622204292,boat,0.32991912961006165,70.0,498.0,160.0,528.0,1753,axis_left,115.0,527.0,mask PCA skeleton + low contact point,generated_videos/control_points_3_traffic.mp4
41,8,6,37,1.0,0.012356356622204292,boat,0.32991912961006165,70.0,498.0,160.0,528.0,1753,axis_right,116.0,498.0,mask PCA skeleton + low contact point,generated_videos/control_points_3_traffic.mp4
41,8,6,37,1.0,0.012356356622204292,boat,0.32991912961006165,70.0,498.0,160.0,528.0,1753,contact_low,95.0,526.0,mask PCA skeleton + low contact point,generated_videos/control_points_3_traffic.mp4
41,2,8,25,0.8187565858798735,1.0695011631356903,person,0.7729519009590149,378.0,182.0,402.0,258.0,1334,centroid,389.05023193359375,217.73538208007812,mask PCA skeleton + low contact point,generated_videos/control_points_3_traffic.mp4
41,2,8,25,0.8187565858798735,1.0695011631356903,person,0.7729519009590149,378.0,182.0,402.0,258.0,1334,axis_front,389.0,257.0,mask PCA skeleton + low contact point,generated_videos/control_points_3_traffic.mp4
41,2,8,25,0.8187565858798735,1.0695011631356903,person,0.7729519009590149,378.0,182.0,402.0,258.0,1334,axis_back,382.0,182.0,mask PCA skeleton + low contact point,generated_videos/control_points_3_traffic.mp4
41,2,8,25,0.8187565858798735,1.0695011631356903,person,0.7729519009590149,378.0,182.0,402.0,258.0,1334,axis_left,401.0,207.0,mask PCA skeleton + low contact point,generated_videos/control_points_3_traffic.mp4
41,2,8,25,0.8187565858798735,1.0695011631356903,person,0.7729519009590149,378.0,182.0,402.0,258.0,1334,axis_right,378.0,214.0,mask PCA skeleton + low contact point,generated_videos/control_points_3_traffic.mp4
41,2,8,25,0.8187565858798735,1.0695011631356903,person,0.7729519009590149,378.0,182.0,402.0,258.0,1334,contact_low,388.0,251.0,mask PCA skeleton + low contact point,generated_videos/control_points_3_traffic.mp4
41,4,4,42,1.0,0.0,car,0.7483553886413574,735.0,52.0,768.0,94.0,1302,centroid,751.4646606445312,72.35560607910156,mask PCA skeleton + low contact point,generated_videos/control_points_3_traffic.mp4
41,4,4,42,1.0,0.0,car,0.7483553886413574,735.0,52.0,768.0,94.0,1302,axis_front,736.0,92.0,mask PCA skeleton + low contact point,generated_videos/control_points_3_traffic.mp4
41,4,4,42,1.0,0.0,car,0.7483553886413574,735.0,52.0,768.0,94.0,1302,axis_back,767.0,52.0,mask PCA skeleton + low contact point,generated_videos/control_points_3_traffic.mp4
41,4,4,42,1.0,0.0,car,0.7483553886413574,735.0,52.0,768.0,94.0,1302,axis_left,767.0,93.0,mask PCA skeleton + low contact point,generated_videos/control_points_3_traffic.mp4
41,4,4,42,1.0,0.0,car,0.7483553886413574,735.0,52.0,768.0,94.0,1302,axis_right,735.0,62.0,mask PCA skeleton + low contact point,generated_videos/control_points_3_traffic.mp4
41,4,4,42,1.0,0.0,car,0.7483553886413574,735.0,52.0,768.0,94.0,1302,contact_low,751.0,90.0,mask PCA skeleton + low contact point,generated_videos/control_points_3_traffic.mp4
41,5,12,5,0.6350974930362117,2.869157510083986,person,0.686551034450531,442.0,192.0,462.0,268.0,1208,centroid,450.72186279296875,227.66722106933594,mask PCA skeleton + low contact point,generated_videos/control_points_3_traffic.mp4
41,5,12,5,0.6350974930362117,2.869157510083986,person,0.686551034450531,442.0,192.0,462.0,268.0,1208,axis_front,454.0,267.0,mask PCA skeleton + low contact point,generated_videos/control_points_3_traffic.mp4
41,5,12,5,0.6350974930362117,2.869157510083986,person,0.686551034450531,442.0,192.0,462.0,268.0,1208,axis_back,442.0,192.0,mask PCA skeleton + low contact point,generated_videos/control_points_3_traffic.mp4
41,5,12,5,0.6350974930362117,2.869157510083986,person,0.686551034450531,442.0,192.0,462.0,268.0,1208,axis_left,461.0,214.0,mask PCA skeleton + low contact point,generated_videos/control_points_3_traffic.mp4
41,5,12,5,0.6350974930362117,2.869157510083986,person,0.686551034450531,442.0,192.0,462.0,268.0,1208,axis_right,442.0,236.0,mask PCA skeleton + low contact point,generated_videos/control_points_3_traffic.mp4
41,5,12,5,0.6350974930362117,2.869157510083986,person,0.686551034450531,442.0,192.0,462.0,268.0,1208,contact_low,451.0,261.0,mask PCA skeleton + low contact point,generated_videos/control_points_3_traffic.mp4
41,7,1,38,0.9120249869859448,1.4201530594956742,person,0.44610145688056946,400.0,185.0,424.0,262.0,958,centroid,410.1993713378906,227.50103759765625,mask PCA skeleton + low contact point,generated_videos/control_points_3_traffic.mp4
41,7,1,38,0.9120249869859448,1.4201530594956742,person,0.44610145688056946,400.0,185.0,424.0,262.0,958,axis_front,423.0,261.0,mask PCA skeleton + low contact point,generated_videos/control_points_3_traffic.mp4
41,7,1,38,0.9120249869859448,1.4201530594956742,person,0.44610145688056946,400.0,185.0,424.0,262.0,958,axis_back,406.0,185.0,mask PCA skeleton + low contact point,generated_videos/control_points_3_traffic.mp4
41,7,1,38,0.9120249869859448,1.4201530594956742,person,0.44610145688056946,400.0,185.0,424.0,262.0,958,axis_left,423.0,246.0,mask PCA skeleton + low contact point,generated_videos/control_points_3_traffic.mp4
41,7,1,38,0.9120249869859448,1.4201530594956742,person,0.44610145688056946,400.0,185.0,424.0,262.0,958,axis_right,400.0,259.0,mask PCA skeleton + low contact point,generated_videos/control_points_3_traffic.mp4
41,7,1,38,0.9120249869859448,1.4201530594956742,person,0.44610145688056946,400.0,185.0,424.0,262.0,958,contact_low,408.0,258.0,mask PCA skeleton + low contact point,generated_videos/control_points_3_traffic.mp4
41,9,9,25,0.762402088772846,2.5064755136458126,person,0.29569846391677856,402.0,186.0,418.0,261.0,827,centroid,409.3192138671875,224.25514221191406,mask PCA skeleton + low contact point,generated_videos/control_points_3_traffic.mp4
41,9,9,25,0.762402088772846,2.5064755136458126,person,0.29569846391677856,402.0,186.0,418.0,261.0,827,axis_front,411.0,260.0,mask PCA skeleton + low contact point,generated_videos/control_points_3_traffic.mp4
41,9,9,25,0.762402088772846,2.5064755136458126,person,0.29569846391677856,402.0,186.0,418.0,261.0,827,axis_back,405.0,186.0,mask PCA skeleton + low contact point,generated_videos/control_points_3_traffic.mp4
41,9,9,25,0.762402088772846,2.5064755136458126,person,0.29569846391677856,402.0,186.0,418.0,261.0,827,axis_left,417.0,240.0,mask PCA skeleton + low contact point,generated_videos/control_points_3_traffic.mp4
41,9,9,25,0.762402088772846,2.5064755136458126,person,0.29569846391677856,402.0,186.0,418.0,261.0,827,axis_right,402.0,260.0,mask PCA skeleton + low contact point,generated_videos/control_points_3_traffic.mp4
41,9,9,25,0.762402088772846,2.5064755136458126,person,0.29569846391677856,402.0,186.0,418.0,261.0,827,contact_low,407.0,257.0,mask PCA skeleton + low contact point,generated_videos/control_points_3_traffic.mp4
42,6,0,43,1.0,0.05878677176593561,truck,0.6116074919700623,653.0,45.0,724.0,101.0,3374,centroid,686.2042236328125,71.16152954101562,mask PCA skeleton + low contact point,generated_videos/control_points_3_traffic.mp4
42,6,0,43,1.0,0.05878677176593561,truck,0.6116074919700623,653.0,45.0,724.0,101.0,3374,axis_front,653.0,54.0,mask PCA skeleton + low contact point,generated_videos/control_points_3_traffic.mp4
42,6,0,43,1.0,0.05878677176593561,truck,0.6116074919700623,653.0,45.0,724.0,101.0,3374,axis_back,723.0,85.0,mask PCA skeleton + low contact point,generated_videos/control_points_3_traffic.mp4
42,6,0,43,1.0,0.05878677176593561,truck,0.6116074919700623,653.0,45.0,724.0,101.0,3374,axis_left,695.0,100.0,mask PCA skeleton + low contact point,generated_videos/control_points_3_traffic.mp4
42,6,0,43,1.0,0.05878677176593561,truck,0.6116074919700623,653.0,45.0,724.0,101.0,3374,axis_right,709.0,45.0,mask PCA skeleton + low contact point,generated_videos/control_points_3_traffic.mp4
42,6,0,43,1.0,0.05878677176593561,truck,0.6116074919700623,653.0,45.0,724.0,101.0,3374,contact_low,690.0,94.0,mask PCA skeleton + low contact point,generated_videos/control_points_3_traffic.mp4
42,2,15,4,0.8619947381009327,3.60609669919216,person,0.7926842570304871,731.0,282.0,768.0,395.0,2732,centroid,751.740478515625,335.2119445800781,mask PCA skeleton + low contact point,generated_videos/control_points_3_traffic.mp4
42,2,15,4,0.8619947381009327,3.60609669919216,person,0.7926842570304871,731.0,282.0,768.0,395.0,2732,axis_front,764.0,394.0,mask PCA skeleton + low contact point,generated_videos/control_points_3_traffic.mp4
42,2,15,4,0.8619947381009327,3.60609669919216,person,0.7926842570304871,731.0,282.0,768.0,395.0,2732,axis_back,758.0,282.0,mask PCA skeleton + low contact point,generated_videos/control_points_3_traffic.mp4
42,2,15,4,0.8619947381009327,3.60609669919216,person,0.7926842570304871,731.0,282.0,768.0,395.0,2732,axis_left,767.0,394.0,mask PCA skeleton + low contact point,generated_videos/control_points_3_traffic.mp4
42,2,15,4,0.8619947381009327,3.60609669919216,person,0.7926842570304871,731.0,282.0,768.0,395.0,2732,axis_right,731.0,380.0,mask PCA skeleton + low contact point,generated_videos/control_points_3_traffic.mp4
42,2,15,4,0.8619947381009327,3.60609669919216,person,0.7926842570304871,731.0,282.0,768.0,395.0,2732,contact_low,742.0,382.0,mask PCA skeleton + low contact point,generated_videos/control_points_3_traffic.mp4
42,0,10,26,0.6549502050380785,5.832283911400764,person,0.8231872320175171,594.0,228.0,623.0,317.0,2046,centroid,607.01416015625,272.0107421875,mask PCA skeleton + low contact point,generated_videos/control_points_3_traffic.mp4
42,0,10,26,0.6549502050380785,5.832283911400764,person,0.8231872320175171,594.0,228.0,623.0,317.0,2046,axis_front,619.0,316.0,mask PCA skeleton + low contact point,generated_videos/control_points_3_traffic.mp4
42,0,10,26,0.6549502050380785,5.832283911400764,person,0.8231872320175171,594.0,228.0,623.0,317.0,2046,axis_back,599.0,228.0,mask PCA skeleton + low contact point,generated_videos/control_points_3_traffic.mp4
42,0,10,26,0.6549502050380785,5.832283911400764,person,0.8231872320175171,594.0,228.0,623.0,317.0,2046,axis_left,622.0,314.0,mask PCA skeleton + low contact point,generated_videos/control_points_3_traffic.mp4
42,0,10,26,0.6549502050380785,5.832283911400764,person,0.8231872320175171,594.0,228.0,623.0,317.0,2046,axis_right,594.0,286.0,mask PCA skeleton + low contact point,generated_videos/control_points_3_traffic.mp4
42,0,10,26,0.6549502050380785,5.832283911400764,person,0.8231872320175171,594.0,228.0,623.0,317.0,2046,contact_low,607.0,311.0,mask PCA skeleton + low contact point,generated_videos/control_points_3_traffic.mp4
42,1,7,33,0.6159695817490495,6.97887292343595,person,0.808951735496521,562.0,230.0,593.0,323.0,2032,centroid,577.2913208007812,275.2972412109375,mask PCA skeleton + low contact point,generated_videos/control_points_3_traffic.mp4
42,1,7,33,0.6159695817490495,6.97887292343595,person,0.808951735496521,562.0,230.0,593.0,323.0,2032,axis_front,585.0,322.0,mask PCA skeleton + low contact point,generated_videos/control_points_3_traffic.mp4
42,1,7,33,0.6159695817490495,6.97887292343595,person,0.808951735496521,562.0,230.0,593.0,323.0,2032,axis_back,585.0,230.0,mask PCA skeleton + low contact point,generated_videos/control_points_3_traffic.mp4
42,1,7,33,0.6159695817490495,6.97887292343595,person,0.808951735496521,562.0,230.0,593.0,323.0,2032,axis_left,592.0,321.0,mask PCA skeleton + low contact point,generated_videos/control_points_3_traffic.mp4
42,1,7,33,0.6159695817490495,6.97887292343595,person,0.808951735496521,562.0,230.0,593.0,323.0,2032,axis_right,562.0,269.0,mask PCA skeleton + low contact point,generated_videos/control_points_3_traffic.mp4
42,1,7,33,0.6159695817490495,6.97887292343595,person,0.808951735496521,562.0,230.0,593.0,323.0,2032,contact_low,584.0,317.0,mask PCA skeleton + low contact point,generated_videos/control_points_3_traffic.mp4
42,8,6,38,1.0,0.033694966582255625,boat,0.3108019530773163,70.0,498.0,160.0,528.0,1756,centroid,114.57460021972656,513.1754150390625,mask PCA skeleton + low contact point,generated_videos/control_points_3_traffic.mp4
42,8,6,38,1.0,0.033694966582255625,boat,0.3108019530773163,70.0,498.0,160.0,528.0,1756,axis_front,70.0,526.0,mask PCA skeleton + low contact point,generated_videos/control_points_3_traffic.mp4
42,8,6,38,1.0,0.033694966582255625,boat,0.3108019530773163,70.0,498.0,160.0,528.0,1756,axis_back,159.0,506.0,mask PCA skeleton + low contact point,generated_videos/control_points_3_traffic.mp4
42,8,6,38,1.0,0.033694966582255625,boat,0.3108019530773163,70.0,498.0,160.0,528.0,1756,axis_left,115.0,527.0,mask PCA skeleton + low contact point,generated_videos/control_points_3_traffic.mp4
42,8,6,38,1.0,0.033694966582255625,boat,0.3108019530773163,70.0,498.0,160.0,528.0,1756,axis_right,116.0,498.0,mask PCA skeleton + low contact point,generated_videos/control_points_3_traffic.mp4
42,8,6,38,1.0,0.033694966582255625,boat,0.3108019530773163,70.0,498.0,160.0,528.0,1756,contact_low,95.0,526.0,mask PCA skeleton + low contact point,generated_videos/control_points_3_traffic.mp4
42,5,12,6,0.728744939271255,3.1579139669861402,person,0.6714898943901062,442.0,185.0,466.0,264.0,1464,centroid,451.8838806152344,224.7308807373047,mask PCA skeleton + low contact point,generated_videos/control_points_3_traffic.mp4
42,5,12,6,0.728744939271255,3.1579139669861402,person,0.6714898943901062,442.0,185.0,466.0,264.0,1464,axis_front,458.0,263.0,mask PCA skeleton + low contact point,generated_videos/control_points_3_traffic.mp4
42,5,12,6,0.728744939271255,3.1579139669861402,person,0.6714898943901062,442.0,185.0,466.0,264.0,1464,axis_back,442.0,185.0,mask PCA skeleton + low contact point,generated_videos/control_points_3_traffic.mp4
42,5,12,6,0.728744939271255,3.1579139669861402,person,0.6714898943901062,442.0,185.0,466.0,264.0,1464,axis_left,465.0,218.0,mask PCA skeleton + low contact point,generated_videos/control_points_3_traffic.mp4
42,5,12,6,0.728744939271255,3.1579139669861402,person,0.6714898943901062,442.0,185.0,466.0,264.0,1464,axis_right,442.0,243.0,mask PCA skeleton + low contact point,generated_videos/control_points_3_traffic.mp4
42,5,12,6,0.728744939271255,3.1579139669861402,person,0.6714898943901062,442.0,185.0,466.0,264.0,1464,contact_low,455.0,259.0,mask PCA skeleton + low contact point,generated_videos/control_points_3_traffic.mp4
42,4,8,26,0.8950749464668094,0.929015271143059,person,0.7504087686538696,380.0,180.0,402.0,258.0,1307,centroid,389.7819519042969,217.1629638671875,mask PCA skeleton + low contact point,generated_videos/control_points_3_traffic.mp4
42,4,8,26,0.8950749464668094,0.929015271143059,person,0.7504087686538696,380.0,180.0,402.0,258.0,1307,axis_front,388.0,257.0,mask PCA skeleton + low contact point,generated_videos/control_points_3_traffic.mp4
42,4,8,26,0.8950749464668094,0.929015271143059,person,0.7504087686538696,380.0,180.0,402.0,258.0,1307,axis_back,383.0,180.0,mask PCA skeleton + low contact point,generated_videos/control_points_3_traffic.mp4
42,4,8,26,0.8950749464668094,0.929015271143059,person,0.7504087686538696,380.0,180.0,402.0,258.0,1307,axis_left,401.0,204.0,mask PCA skeleton + low contact point,generated_videos/control_points_3_traffic.mp4
42,4,8,26,0.8950749464668094,0.929015271143059,person,0.7504087686538696,380.0,180.0,402.0,258.0,1307,axis_right,380.0,219.0,mask PCA skeleton + low contact point,generated_videos/control_points_3_traffic.mp4
42,4,8,26,0.8950749464668094,0.929015271143059,person,0.7504087686538696,380.0,180.0,402.0,258.0,1307,contact_low,388.0,251.0,mask PCA skeleton + low contact point,generated_videos/control_points_3_traffic.mp4
42,3,4,43,1.0,0.017763008475225512,car,0.7564217448234558,735.0,52.0,768.0,94.0,1303,centroid,751.4566650390625,72.37145233154297,mask PCA skeleton + low contact point,generated_videos/control_points_3_traffic.mp4
42,3,4,43,1.0,0.017763008475225512,car,0.7564217448234558,735.0,52.0,768.0,94.0,1303,axis_front,741.0,93.0,mask PCA skeleton + low contact point,generated_videos/control_points_3_traffic.mp4
42,3,4,43,1.0,0.017763008475225512,car,0.7564217448234558,735.0,52.0,768.0,94.0,1303,axis_back,767.0,52.0,mask PCA skeleton + low contact point,generated_videos/control_points_3_traffic.mp4
42,3,4,43,1.0,0.017763008475225512,car,0.7564217448234558,735.0,52.0,768.0,94.0,1303,axis_left,767.0,93.0,mask PCA skeleton + low contact point,generated_videos/control_points_3_traffic.mp4
42,3,4,43,1.0,0.017763008475225512,car,0.7564217448234558,735.0,52.0,768.0,94.0,1303,axis_right,735.0,62.0,mask PCA skeleton + low contact point,generated_videos/control_points_3_traffic.mp4
42,3,4,43,1.0,0.017763008475225512,car,0.7564217448234558,735.0,52.0,768.0,94.0,1303,contact_low,751.0,90.0,mask PCA skeleton + low contact point,generated_videos/control_points_3_traffic.mp4
42,7,9,26,0.8490566037735849,5.156210008186507,person,0.31514623761177063,401.0,186.0,417.0,258.0,771,centroid,409.1673278808594,219.10116577148438,mask PCA skeleton + low contact point,generated_videos/control_points_3_traffic.mp4
42,7,9,26,0.8490566037735849,5.156210008186507,person,0.31514623761177063,401.0,186.0,417.0,258.0,771,axis_front,413.0,257.0,mask PCA skeleton + low contact point,generated_videos/control_points_3_traffic.mp4
42,7,9,26,0.8490566037735849,5.156210008186507,person,0.31514623761177063,401.0,186.0,417.0,258.0,771,axis_back,405.0,186.0,mask PCA skeleton + low contact point,generated_videos/control_points_3_traffic.mp4
42,7,9,26,0.8490566037735849,5.156210008186507,person,0.31514623761177063,401.0,186.0,417.0,258.0,771,axis_left,415.0,188.0,mask PCA skeleton + low contact point,generated_videos/control_points_3_traffic.mp4
42,7,9,26,0.8490566037735849,5.156210008186507,person,0.31514623761177063,401.0,186.0,417.0,258.0,771,axis_right,401.0,217.0,mask PCA skeleton + low contact point,generated_videos/control_points_3_traffic.mp4
42,7,9,26,0.8490566037735849,5.156210008186507,person,0.31514623761177063,401.0,186.0,417.0,258.0,771,contact_low,409.0,254.0,mask PCA skeleton + low contact point,generated_videos/control_points_3_traffic.mp4
43,6,0,44,1.0,0.04283314335482777,truck,0.6053158640861511,653.0,45.0,724.0,101.0,3377,centroid,686.1824340820312,71.19840240478516,mask PCA skeleton + low contact point,generated_videos/control_points_3_traffic.mp4
43,6,0,44,1.0,0.04283314335482777,truck,0.6053158640861511,653.0,45.0,724.0,101.0,3377,axis_front,653.0,54.0,mask PCA skeleton + low contact point,generated_videos/control_points_3_traffic.mp4
43,6,0,44,1.0,0.04283314335482777,truck,0.6053158640861511,653.0,45.0,724.0,101.0,3377,axis_back,723.0,85.0,mask PCA skeleton + low contact point,generated_videos/control_points_3_traffic.mp4
43,6,0,44,1.0,0.04283314335482777,truck,0.6053158640861511,653.0,45.0,724.0,101.0,3377,axis_left,695.0,100.0,mask PCA skeleton + low contact point,generated_videos/control_points_3_traffic.mp4
43,6,0,44,1.0,0.04283314335482777,truck,0.6053158640861511,653.0,45.0,724.0,101.0,3377,axis_right,709.0,45.0,mask PCA skeleton + low contact point,generated_videos/control_points_3_traffic.mp4
43,6,0,44,1.0,0.04283314335482777,truck,0.6053158640861511,653.0,45.0,724.0,101.0,3377,contact_low,690.0,94.0,mask PCA skeleton + low contact point,generated_videos/control_points_3_traffic.mp4
43,1,15,5,0.5880177514792899,11.74164887723785,person,0.8433753848075867,722.0,275.0,761.0,388.0,2872,centroid,742.0093994140625,328.641357421875,mask PCA skeleton + low contact point,generated_videos/control_points_3_traffic.mp4
43,1,15,5,0.5880177514792899,11.74164887723785,person,0.8433753848075867,722.0,275.0,761.0,388.0,2872,axis_front,742.0,387.0,mask PCA skeleton + low contact point,generated_videos/control_points_3_traffic.mp4
43,1,15,5,0.5880177514792899,11.74164887723785,person,0.8433753848075867,722.0,275.0,761.0,388.0,2872,axis_back,735.0,275.0,mask PCA skeleton + low contact point,generated_videos/control_points_3_traffic.mp4
43,1,15,5,0.5880177514792899,11.74164887723785,person,0.8433753848075867,722.0,275.0,761.0,388.0,2872,axis_left,760.0,310.0,mask PCA skeleton + low contact point,generated_videos/control_points_3_traffic.mp4
43,1,15,5,0.5880177514792899,11.74164887723785,person,0.8433753848075867,722.0,275.0,761.0,388.0,2872,axis_right,722.0,337.0,mask PCA skeleton + low contact point,generated_videos/control_points_3_traffic.mp4
43,1,15,5,0.5880177514792899,11.74164887723785,person,0.8433753848075867,722.0,275.0,761.0,388.0,2872,contact_low,742.0,379.0,mask PCA skeleton + low contact point,generated_videos/control_points_3_traffic.mp4
43,2,7,34,0.5550318824507902,9.275631185975952,person,0.820476770401001,555.0,227.0,584.0,321.0,2131,centroid,568.018310546875,275.0779113769531,mask PCA skeleton + low contact point,generated_videos/control_points_3_traffic.mp4
43,2,7,34,0.5550318824507902,9.275631185975952,person,0.820476770401001,555.0,227.0,584.0,321.0,2131,axis_front,570.0,320.0,mask PCA skeleton + low contact point,generated_videos/control_points_3_traffic.mp4
43,2,7,34,0.5550318824507902,9.275631185975952,person,0.820476770401001,555.0,227.0,584.0,321.0,2131,axis_back,574.0,227.0,mask PCA skeleton + low contact point,generated_videos/control_points_3_traffic.mp4
43,2,7,34,0.5550318824507902,9.275631185975952,person,0.820476770401001,555.0,227.0,584.0,321.0,2131,axis_left,583.0,253.0,mask PCA skeleton + low contact point,generated_videos/control_points_3_traffic.mp4
43,2,7,34,0.5550318824507902,9.275631185975952,person,0.820476770401001,555.0,227.0,584.0,321.0,2131,axis_right,555.0,274.0,mask PCA skeleton + low contact point,generated_videos/control_points_3_traffic.mp4
43,2,7,34,0.5550318824507902,9.275631185975952,person,0.820476770401001,555.0,227.0,584.0,321.0,2131,contact_low,569.0,314.0,mask PCA skeleton + low contact point,generated_videos/control_points_3_traffic.mp4
43,0,10,27,0.6636076856897046,8.446650972875187,person,0.8940823674201965,585.0,225.0,620.0,317.0,2038,centroid,600.2639770507812,266.9332580566406,mask PCA skeleton + low contact point,generated_videos/control_points_3_traffic.mp4
43,0,10,27,0.6636076856897046,8.446650972875187,person,0.8940823674201965,585.0,225.0,620.0,317.0,2038,axis_front,597.0,316.0,mask PCA skeleton + low contact point,generated_videos/control_points_3_traffic.mp4
43,0,10,27,0.6636076856897046,8.446650972875187,person,0.8940823674201965,585.0,225.0,620.0,317.0,2038,axis_back,607.0,225.0,mask PCA skeleton + low contact point,generated_videos/control_points_3_traffic.mp4
43,0,10,27,0.6636076856897046,8.446650972875187,person,0.8940823674201965,585.0,225.0,620.0,317.0,2038,axis_left,619.0,271.0,mask PCA skeleton + low contact point,generated_videos/control_points_3_traffic.mp4
43,0,10,27,0.6636076856897046,8.446650972875187,person,0.8940823674201965,585.0,225.0,620.0,317.0,2038,axis_right,585.0,251.0,mask PCA skeleton + low contact point,generated_videos/control_points_3_traffic.mp4
43,0,10,27,0.6636076856897046,8.446650972875187,person,0.8940823674201965,585.0,225.0,620.0,317.0,2038,contact_low,601.0,309.0,mask PCA skeleton + low contact point,generated_videos/control_points_3_traffic.mp4
43,7,6,39,1.0,0.012343054086437157,boat,0.3051149547100067,70.0,498.0,160.0,528.0,1754,centroid,114.5746841430664,513.1630859375,mask PCA skeleton + low contact point,generated_videos/control_points_3_traffic.mp4
43,7,6,39,1.0,0.012343054086437157,boat,0.3051149547100067,70.0,498.0,160.0,528.0,1754,axis_front,70.0,526.0,mask PCA skeleton + low contact point,generated_videos/control_points_3_traffic.mp4
43,7,6,39,1.0,0.012343054086437157,boat,0.3051149547100067,70.0,498.0,160.0,528.0,1754,axis_back,159.0,506.0,mask PCA skeleton + low contact point,generated_videos/control_points_3_traffic.mp4
43,7,6,39,1.0,0.012343054086437157,boat,0.3051149547100067,70.0,498.0,160.0,528.0,1754,axis_left,115.0,527.0,mask PCA skeleton + low contact point,generated_videos/control_points_3_traffic.mp4
43,7,6,39,1.0,0.012343054086437157,boat,0.3051149547100067,70.0,498.0,160.0,528.0,1754,axis_right,116.0,498.0,mask PCA skeleton + low contact point,generated_videos/control_points_3_traffic.mp4
43,7,6,39,1.0,0.012343054086437157,boat,0.3051149547100067,70.0,498.0,160.0,528.0,1754,contact_low,95.0,526.0,mask PCA skeleton + low contact point,generated_videos/control_points_3_traffic.mp4
43,4,12,7,0.8571428571428571,2.868555762453445,person,0.7504957914352417,442.0,185.0,470.0,264.0,1599,centroid,454.3114318847656,223.20262145996094,mask PCA skeleton + low contact point,generated_videos/control_points_3_traffic.mp4
43,4,12,7,0.8571428571428571,2.868555762453445,person,0.7504957914352417,442.0,185.0,470.0,264.0,1599,axis_front,454.0,263.0,mask PCA skeleton + low contact point,generated_videos/control_points_3_traffic.mp4
43,4,12,7,0.8571428571428571,2.868555762453445,person,0.7504957914352417,442.0,185.0,470.0,264.0,1599,axis_back,442.0,185.0,mask PCA skeleton + low contact point,generated_videos/control_points_3_traffic.mp4
43,4,12,7,0.8571428571428571,2.868555762453445,person,0.7504957914352417,442.0,185.0,470.0,264.0,1599,axis_left,469.0,210.0,mask PCA skeleton + low contact point,generated_videos/control_points_3_traffic.mp4
43,4,12,7,0.8571428571428571,2.868555762453445,person,0.7504957914352417,442.0,185.0,470.0,264.0,1599,axis_right,442.0,215.0,mask PCA skeleton + low contact point,generated_videos/control_points_3_traffic.mp4
43,4,12,7,0.8571428571428571,2.868555762453445,person,0.7504957914352417,442.0,185.0,470.0,264.0,1599,contact_low,451.0,255.0,mask PCA skeleton + low contact point,generated_videos/control_points_3_traffic.mp4
43,5,8,27,0.9309153713298791,0.606890447547,person,0.6884601712226868,381.0,179.0,402.0,257.0,1318,centroid,390.3884582519531,217.14187622070312,mask PCA skeleton + low contact point,generated_videos/control_points_3_traffic.mp4
43,5,8,27,0.9309153713298791,0.606890447547,person,0.6884601712226868,381.0,179.0,402.0,257.0,1318,axis_front,391.0,256.0,mask PCA skeleton + low contact point,generated_videos/control_points_3_traffic.mp4
43,5,8,27,0.9309153713298791,0.606890447547,person,0.6884601712226868,381.0,179.0,402.0,257.0,1318,axis_back,386.0,179.0,mask PCA skeleton + low contact point,generated_videos/control_points_3_traffic.mp4
43,5,8,27,0.9309153713298791,0.606890447547,person,0.6884601712226868,381.0,179.0,402.0,257.0,1318,axis_left,401.0,207.0,mask PCA skeleton + low contact point,generated_videos/control_points_3_traffic.mp4
43,5,8,27,0.9309153713298791,0.606890447547,person,0.6884601712226868,381.0,179.0,402.0,257.0,1318,axis_right,381.0,220.0,mask PCA skeleton + low contact point,generated_videos/control_points_3_traffic.mp4
43,5,8,27,0.9309153713298791,0.606890447547,person,0.6884601712226868,381.0,179.0,402.0,257.0,1318,contact_low,389.0,251.0,mask PCA skeleton + low contact point,generated_videos/control_points_3_traffic.mp4
43,3,4,44,1.0,0.0,car,0.7556827068328857,735.0,52.0,768.0,94.0,1303,centroid,751.4566650390625,72.37145233154297,mask PCA skeleton + low contact point,generated_videos/control_points_3_traffic.mp4
43,3,4,44,1.0,0.0,car,0.7556827068328857,735.0,52.0,768.0,94.0,1303,axis_front,741.0,93.0,mask PCA skeleton + low contact point,generated_videos/control_points_3_traffic.mp4
43,3,4,44,1.0,0.0,car,0.7556827068328857,735.0,52.0,768.0,94.0,1303,axis_back,767.0,52.0,mask PCA skeleton + low contact point,generated_videos/control_points_3_traffic.mp4
43,3,4,44,1.0,0.0,car,0.7556827068328857,735.0,52.0,768.0,94.0,1303,axis_left,767.0,93.0,mask PCA skeleton + low contact point,generated_videos/control_points_3_traffic.mp4
43,3,4,44,1.0,0.0,car,0.7556827068328857,735.0,52.0,768.0,94.0,1303,axis_right,735.0,62.0,mask PCA skeleton + low contact point,generated_videos/control_points_3_traffic.mp4
43,3,4,44,1.0,0.0,car,0.7556827068328857,735.0,52.0,768.0,94.0,1303,contact_low,751.0,90.0,mask PCA skeleton + low contact point,generated_videos/control_points_3_traffic.mp4
43,8,9,27,0.4864864864864865,18.278521136369935,person,0.287298321723938,401.0,184.0,417.0,222.0,444,centroid,408.0292663574219,200.8581085205078,mask PCA skeleton + low contact point,generated_videos/control_points_3_traffic.mp4
43,8,9,27,0.4864864864864865,18.278521136369935,person,0.287298321723938,401.0,184.0,417.0,222.0,444,axis_front,408.0,221.0,mask PCA skeleton + low contact point,generated_videos/control_points_3_traffic.mp4
43,8,9,27,0.4864864864864865,18.278521136369935,person,0.287298321723938,401.0,184.0,417.0,222.0,444,axis_back,415.0,184.0,mask PCA skeleton + low contact point,generated_videos/control_points_3_traffic.mp4
43,8,9,27,0.4864864864864865,18.278521136369935,person,0.287298321723938,401.0,184.0,417.0,222.0,444,axis_left,416.0,195.0,mask PCA skeleton + low contact point,generated_videos/control_points_3_traffic.mp4
43,8,9,27,0.4864864864864865,18.278521136369935,person,0.287298321723938,401.0,184.0,417.0,222.0,444,axis_right,401.0,195.0,mask PCA skeleton + low contact point,generated_videos/control_points_3_traffic.mp4
43,8,9,27,0.4864864864864865,18.278521136369935,person,0.287298321723938,401.0,184.0,417.0,222.0,444,contact_low,410.0,218.0,mask PCA skeleton + low contact point,generated_videos/control_points_3_traffic.mp4
44,6,0,45,1.0,0.009886861956189187,truck,0.607638955116272,653.0,45.0,724.0,101.0,3378,centroid,686.192138671875,71.19656372070312,mask PCA skeleton + low contact point,generated_videos/control_points_3_traffic.mp4
44,6,0,45,1.0,0.009886861956189187,truck,0.607638955116272,653.0,45.0,724.0,101.0,3378,axis_front,653.0,54.0,mask PCA skeleton + low contact point,generated_videos/control_points_3_traffic.mp4
44,6,0,45,1.0,0.009886861956189187,truck,0.607638955116272,653.0,45.0,724.0,101.0,3378,axis_back,723.0,85.0,mask PCA skeleton + low contact point,generated_videos/control_points_3_traffic.mp4
44,6,0,45,1.0,0.009886861956189187,truck,0.607638955116272,653.0,45.0,724.0,101.0,3378,axis_left,695.0,100.0,mask PCA skeleton + low contact point,generated_videos/control_points_3_traffic.mp4
44,6,0,45,1.0,0.009886861956189187,truck,0.607638955116272,653.0,45.0,724.0,101.0,3378,axis_right,709.0,45.0,mask PCA skeleton + low contact point,generated_videos/control_points_3_traffic.mp4
44,6,0,45,1.0,0.009886861956189187,truck,0.607638955116272,653.0,45.0,724.0,101.0,3378,contact_low,690.0,94.0,mask PCA skeleton + low contact point,generated_videos/control_points_3_traffic.mp4
44,1,15,6,0.6481448288223696,7.672957060885122,person,0.8511288166046143,712.0,274.0,754.0,388.0,2676,centroid,735.438720703125,324.6789855957031,mask PCA skeleton + low contact point,generated_videos/control_points_3_traffic.mp4
44,1,15,6,0.6481448288223696,7.672957060885122,person,0.8511288166046143,712.0,274.0,754.0,388.0,2676,axis_front,735.0,387.0,mask PCA skeleton + low contact point,generated_videos/control_points_3_traffic.mp4
44,1,15,6,0.6481448288223696,7.672957060885122,person,0.8511288166046143,712.0,274.0,754.0,388.0,2676,axis_back,742.0,274.0,mask PCA skeleton + low contact point,generated_videos/control_points_3_traffic.mp4
44,1,15,6,0.6481448288223696,7.672957060885122,person,0.8511288166046143,712.0,274.0,754.0,388.0,2676,axis_left,753.0,329.0,mask PCA skeleton + low contact point,generated_videos/control_points_3_traffic.mp4
44,1,15,6,0.6481448288223696,7.672957060885122,person,0.8511288166046143,712.0,274.0,754.0,388.0,2676,axis_right,712.0,321.0,mask PCA skeleton + low contact point,generated_videos/control_points_3_traffic.mp4
44,1,15,6,0.6481448288223696,7.672957060885122,person,0.8511288166046143,712.0,274.0,754.0,388.0,2676,contact_low,737.0,377.0,mask PCA skeleton + low contact point,generated_videos/control_points_3_traffic.mp4
44,0,7,35,0.6051535658511192,5.020535032043447,person,0.8554475903511047,543.0,227.0,580.0,320.0,2228,centroid,563.02197265625,274.58526611328125,mask PCA skeleton + low contact point,generated_videos/control_points_3_traffic.mp4
44,0,7,35,0.6051535658511192,5.020535032043447,person,0.8554475903511047,543.0,227.0,580.0,320.0,2228,axis_front,569.0,319.0,mask PCA skeleton + low contact point,generated_videos/control_points_3_traffic.mp4
44,0,7,35,0.6051535658511192,5.020535032043447,person,0.8554475903511047,543.0,227.0,580.0,320.0,2228,axis_back,569.0,227.0,mask PCA skeleton + low contact point,generated_videos/control_points_3_traffic.mp4
44,0,7,35,0.6051535658511192,5.020535032043447,person,0.8554475903511047,543.0,227.0,580.0,320.0,2228,axis_left,579.0,315.0,mask PCA skeleton + low contact point,generated_videos/control_points_3_traffic.mp4
44,0,7,35,0.6051535658511192,5.020535032043447,person,0.8554475903511047,543.0,227.0,580.0,320.0,2228,axis_right,543.0,302.0,mask PCA skeleton + low contact point,generated_videos/control_points_3_traffic.mp4
44,0,7,35,0.6051535658511192,5.020535032043447,person,0.8554475903511047,543.0,227.0,580.0,320.0,2228,contact_low,570.0,312.0,mask PCA skeleton + low contact point,generated_videos/control_points_3_traffic.mp4
44,2,10,28,0.8213087248322147,3.110693360658565,person,0.8501378893852234,581.0,227.0,618.0,316.0,1983,centroid,597.3948364257812,268.1351623535156,mask PCA skeleton + low contact point,generated_videos/control_points_3_traffic.mp4
44,2,10,28,0.8213087248322147,3.110693360658565,person,0.8501378893852234,581.0,227.0,618.0,316.0,1983,axis_front,600.0,315.0,mask PCA skeleton + low contact point,generated_videos/control_points_3_traffic.mp4
44,2,10,28,0.8213087248322147,3.110693360658565,person,0.8501378893852234,581.0,227.0,618.0,316.0,1983,axis_back,603.0,227.0,mask PCA skeleton + low contact point,generated_videos/control_points_3_traffic.mp4
44,2,10,28,0.8213087248322147,3.110693360658565,person,0.8501378893852234,581.0,227.0,618.0,316.0,1983,axis_left,617.0,269.0,mask PCA skeleton + low contact point,generated_videos/control_points_3_traffic.mp4
44,2,10,28,0.8213087248322147,3.110693360658565,person,0.8501378893852234,581.0,227.0,618.0,316.0,1983,axis_right,581.0,255.0,mask PCA skeleton + low contact point,generated_videos/control_points_3_traffic.mp4
44,2,10,28,0.8213087248322147,3.110693360658565,person,0.8501378893852234,581.0,227.0,618.0,316.0,1983,contact_low,601.0,307.0,mask PCA skeleton + low contact point,generated_videos/control_points_3_traffic.mp4
44,7,6,40,1.0,0.019923040102484676,boat,0.2965468764305115,70.0,498.0,160.0,528.0,1751,centroid,114.59280395507812,513.15478515625,mask PCA skeleton + low contact point,generated_videos/control_points_3_traffic.mp4
44,7,6,40,1.0,0.019923040102484676,boat,0.2965468764305115,70.0,498.0,160.0,528.0,1751,axis_front,70.0,526.0,mask PCA skeleton + low contact point,generated_videos/control_points_3_traffic.mp4
44,7,6,40,1.0,0.019923040102484676,boat,0.2965468764305115,70.0,498.0,160.0,528.0,1751,axis_back,159.0,506.0,mask PCA skeleton + low contact point,generated_videos/control_points_3_traffic.mp4
44,7,6,40,1.0,0.019923040102484676,boat,0.2965468764305115,70.0,498.0,160.0,528.0,1751,axis_left,115.0,527.0,mask PCA skeleton + low contact point,generated_videos/control_points_3_traffic.mp4
44,7,6,40,1.0,0.019923040102484676,boat,0.2965468764305115,70.0,498.0,160.0,528.0,1751,axis_right,116.0,498.0,mask PCA skeleton + low contact point,generated_videos/control_points_3_traffic.mp4
44,7,6,40,1.0,0.019923040102484676,boat,0.2965468764305115,70.0,498.0,160.0,528.0,1751,contact_low,96.0,525.0,mask PCA skeleton + low contact point,generated_videos/control_points_3_traffic.mp4
44,3,12,8,0.9222972972972973,1.8369700543283156,person,0.7625703811645508,442.0,185.0,472.0,263.0,1598,centroid,455.5206604003906,221.8197784423828,mask PCA skeleton + low contact point,generated_videos/control_points_3_traffic.mp4
44,3,12,8,0.9222972972972973,1.8369700543283156,person,0.7625703811645508,442.0,185.0,472.0,263.0,1598,axis_front,454.0,262.0,mask PCA skeleton + low contact point,generated_videos/control_points_3_traffic.mp4
44,3,12,8,0.9222972972972973,1.8369700543283156,person,0.7625703811645508,442.0,185.0,472.0,263.0,1598,axis_back,446.0,185.0,mask PCA skeleton + low contact point,generated_videos/control_points_3_traffic.mp4
44,3,12,8,0.9222972972972973,1.8369700543283156,person,0.7625703811645508,442.0,185.0,472.0,263.0,1598,axis_left,471.0,208.0,mask PCA skeleton + low contact point,generated_videos/control_points_3_traffic.mp4
44,3,12,8,0.9222972972972973,1.8369700543283156,person,0.7625703811645508,442.0,185.0,472.0,263.0,1598,axis_right,442.0,214.0,mask PCA skeleton + low contact point,generated_videos/control_points_3_traffic.mp4
44,3,12,8,0.9222972972972973,1.8369700543283156,person,0.7625703811645508,442.0,185.0,472.0,263.0,1598,contact_low,451.0,254.0,mask PCA skeleton + low contact point,generated_videos/control_points_3_traffic.mp4
44,5,8,28,0.63984375,1.6058143818115596,person,0.7130147218704224,380.0,178.0,412.0,258.0,1538,centroid,391.4616394042969,215.94732666015625,mask PCA skeleton + low contact point,generated_videos/control_points_3_traffic.mp4
44,5,8,28,0.63984375,1.6058143818115596,person,0.7130147218704224,380.0,178.0,412.0,258.0,1538,axis_front,381.0,257.0,mask PCA skeleton + low contact point,generated_videos/control_points_3_traffic.mp4
44,5,8,28,0.63984375,1.6058143818115596,person,0.7130147218704224,380.0,178.0,412.0,258.0,1538,axis_back,395.0,178.0,mask PCA skeleton + low contact point,generated_videos/control_points_3_traffic.mp4
44,5,8,28,0.63984375,1.6058143818115596,person,0.7130147218704224,380.0,178.0,412.0,258.0,1538,axis_left,411.0,207.0,mask PCA skeleton + low contact point,generated_videos/control_points_3_traffic.mp4
44,5,8,28,0.63984375,1.6058143818115596,person,0.7130147218704224,380.0,178.0,412.0,258.0,1538,axis_right,380.0,194.0,mask PCA skeleton + low contact point,generated_videos/control_points_3_traffic.mp4
44,5,8,28,0.63984375,1.6058143818115596,person,0.7130147218704224,380.0,178.0,412.0,258.0,1538,contact_low,387.0,251.0,mask PCA skeleton + low contact point,generated_videos/control_points_3_traffic.mp4
44,4,4,45,1.0,0.017651573292368994,car,0.7513943910598755,735.0,52.0,768.0,94.0,1303,centroid,751.4743041992188,72.37145233154297,mask PCA skeleton + low contact point,generated_videos/control_points_3_traffic.mp4
44,4,4,45,1.0,0.017651573292368994,car,0.7513943910598755,735.0,52.0,768.0,94.0,1303,axis_front,736.0,92.0,mask PCA skeleton + low contact point,generated_videos/control_points_3_traffic.mp4
44,4,4,45,1.0,0.017651573292368994,car,0.7513943910598755,735.0,52.0,768.0,94.0,1303,axis_back,767.0,52.0,mask PCA skeleton + low contact point,generated_videos/control_points_3_traffic.mp4
44,4,4,45,1.0,0.017651573292368994,car,0.7513943910598755,735.0,52.0,768.0,94.0,1303,axis_left,767.0,93.0,mask PCA skeleton + low contact point,generated_videos/control_points_3_traffic.mp4
44,4,4,45,1.0,0.017651573292368994,car,0.7513943910598755,735.0,52.0,768.0,94.0,1303,axis_right,735.0,62.0,mask PCA skeleton + low contact point,generated_videos/control_points_3_traffic.mp4
44,4,4,45,1.0,0.017651573292368994,car,0.7513943910598755,735.0,52.0,768.0,94.0,1303,contact_low,752.0,90.0,mask PCA skeleton + low contact point,generated_videos/control_points_3_traffic.mp4
45,6,0,46,1.0,0.030651843825482868,truck,0.6163083910942078,653.0,45.0,724.0,101.0,3381,centroid,686.16357421875,71.1854476928711,mask PCA skeleton + low contact point,generated_videos/control_points_3_traffic.mp4
45,6,0,46,1.0,0.030651843825482868,truck,0.6163083910942078,653.0,45.0,724.0,101.0,3381,axis_front,653.0,54.0,mask PCA skeleton + low contact point,generated_videos/control_points_3_traffic.mp4
45,6,0,46,1.0,0.030651843825482868,truck,0.6163083910942078,653.0,45.0,724.0,101.0,3381,axis_back,723.0,85.0,mask PCA skeleton + low contact point,generated_videos/control_points_3_traffic.mp4
45,6,0,46,1.0,0.030651843825482868,truck,0.6163083910942078,653.0,45.0,724.0,101.0,3381,axis_left,695.0,100.0,mask PCA skeleton + low contact point,generated_videos/control_points_3_traffic.mp4
45,6,0,46,1.0,0.030651843825482868,truck,0.6163083910942078,653.0,45.0,724.0,101.0,3381,axis_right,709.0,45.0,mask PCA skeleton + low contact point,generated_videos/control_points_3_traffic.mp4
45,6,0,46,1.0,0.030651843825482868,truck,0.6163083910942078,653.0,45.0,724.0,101.0,3381,contact_low,689.0,94.0,mask PCA skeleton + low contact point,generated_videos/control_points_3_traffic.mp4
45,0,15,7,0.7688311688311689,5.823012916650691,person,0.8585340976715088,707.0,273.0,749.0,386.0,2835,centroid,729.7428588867188,325.8892517089844,mask PCA skeleton + low contact point,generated_videos/control_points_3_traffic.mp4
45,0,15,7,0.7688311688311689,5.823012916650691,person,0.8585340976715088,707.0,273.0,749.0,386.0,2835,axis_front,734.0,385.0,mask PCA skeleton + low contact point,generated_videos/control_points_3_traffic.mp4
45,0,15,7,0.7688311688311689,5.823012916650691,person,0.8585340976715088,707.0,273.0,749.0,386.0,2835,axis_back,735.0,273.0,mask PCA skeleton + low contact point,generated_videos/control_points_3_traffic.mp4
45,0,15,7,0.7688311688311689,5.823012916650691,person,0.8585340976715088,707.0,273.0,749.0,386.0,2835,axis_left,748.0,319.0,mask PCA skeleton + low contact point,generated_videos/control_points_3_traffic.mp4
45,0,15,7,0.7688311688311689,5.823012916650691,person,0.8585340976715088,707.0,273.0,749.0,386.0,2835,axis_right,707.0,320.0,mask PCA skeleton + low contact point,generated_videos/control_points_3_traffic.mp4
45,0,15,7,0.7688311688311689,5.823012916650691,person,0.8585340976715088,707.0,273.0,749.0,386.0,2835,contact_low,738.0,373.0,mask PCA skeleton + low contact point,generated_videos/control_points_3_traffic.mp4
45,3,7,36,0.8661522086216072,4.947870007160454,person,0.7932717204093933,540.0,227.0,578.0,321.0,2114,centroid,558.3964233398438,272.8287658691406,mask PCA skeleton + low contact point,generated_videos/control_points_3_traffic.mp4
45,3,7,36,0.8661522086216072,4.947870007160454,person,0.7932717204093933,540.0,227.0,578.0,321.0,2114,axis_front,574.0,320.0,mask PCA skeleton + low contact point,generated_videos/control_points_3_traffic.mp4
45,3,7,36,0.8661522086216072,4.947870007160454,person,0.7932717204093933,540.0,227.0,578.0,321.0,2114,axis_back,551.0,227.0,mask PCA skeleton + low contact point,generated_videos/control_points_3_traffic.mp4
45,3,7,36,0.8661522086216072,4.947870007160454,person,0.7932717204093933,540.0,227.0,578.0,321.0,2114,axis_left,577.0,308.0,mask PCA skeleton + low contact point,generated_videos/control_points_3_traffic.mp4
45,3,7,36,0.8661522086216072,4.947870007160454,person,0.7932717204093933,540.0,227.0,578.0,321.0,2114,axis_right,540.0,313.0,mask PCA skeleton + low contact point,generated_videos/control_points_3_traffic.mp4
45,3,7,36,0.8661522086216072,4.947870007160454,person,0.7932717204093933,540.0,227.0,578.0,321.0,2114,contact_low,571.0,311.0,mask PCA skeleton + low contact point,generated_videos/control_points_3_traffic.mp4
45,1,10,29,0.8326912493120529,3.424302866466038,person,0.8217007517814636,578.0,225.0,615.0,316.0,2029,centroid,594.3598022460938,266.5495300292969,mask PCA skeleton + low contact point,generated_videos/control_points_3_traffic.mp4
45,1,10,29,0.8326912493120529,3.424302866466038,person,0.8217007517814636,578.0,225.0,615.0,316.0,2029,axis_front,603.0,315.0,mask PCA skeleton + low contact point,generated_videos/control_points_3_traffic.mp4
45,1,10,29,0.8326912493120529,3.424302866466038,person,0.8217007517814636,578.0,225.0,615.0,316.0,2029,axis_back,587.0,225.0,mask PCA skeleton + low contact point,generated_videos/control_points_3_traffic.mp4
45,1,10,29,0.8326912493120529,3.424302866466038,person,0.8217007517814636,578.0,225.0,615.0,316.0,2029,axis_left,614.0,263.0,mask PCA skeleton + low contact point,generated_videos/control_points_3_traffic.mp4
45,1,10,29,0.8326912493120529,3.424302866466038,person,0.8217007517814636,578.0,225.0,615.0,316.0,2029,axis_right,578.0,269.0,mask PCA skeleton + low contact point,generated_videos/control_points_3_traffic.mp4
45,1,10,29,0.8326912493120529,3.424302866466038,person,0.8217007517814636,578.0,225.0,615.0,316.0,2029,contact_low,600.0,306.0,mask PCA skeleton + low contact point,generated_videos/control_points_3_traffic.mp4
45,7,6,41,1.0,0.021268004390053604,boat,0.2926892042160034,70.0,498.0,160.0,528.0,1753,centroid,114.57159423828125,513.1563110351562,mask PCA skeleton + low contact point,generated_videos/control_points_3_traffic.mp4
45,7,6,41,1.0,0.021268004390053604,boat,0.2926892042160034,70.0,498.0,160.0,528.0,1753,axis_front,70.0,526.0,mask PCA skeleton + low contact point,generated_videos/control_points_3_traffic.mp4
45,7,6,41,1.0,0.021268004390053604,boat,0.2926892042160034,70.0,498.0,160.0,528.0,1753,axis_back,159.0,506.0,mask PCA skeleton + low contact point,generated_videos/control_points_3_traffic.mp4
45,7,6,41,1.0,0.021268004390053604,boat,0.2926892042160034,70.0,498.0,160.0,528.0,1753,axis_left,115.0,527.0,mask PCA skeleton + low contact point,generated_videos/control_points_3_traffic.mp4
45,7,6,41,1.0,0.021268004390053604,boat,0.2926892042160034,70.0,498.0,160.0,528.0,1753,axis_right,116.0,498.0,mask PCA skeleton + low contact point,generated_videos/control_points_3_traffic.mp4
45,7,6,41,1.0,0.021268004390053604,boat,0.2926892042160034,70.0,498.0,160.0,528.0,1753,contact_low,96.0,525.0,mask PCA skeleton + low contact point,generated_videos/control_points_3_traffic.mp4
45,2,12,9,0.8308477237048666,3.450370669558129,person,0.800141453742981,443.0,183.0,474.0,258.0,1527,centroid,457.4007873535156,218.92665100097656,mask PCA skeleton + low contact point,generated_videos/control_points_3_traffic.mp4
45,2,12,9,0.8308477237048666,3.450370669558129,person,0.800141453742981,443.0,183.0,474.0,258.0,1527,axis_front,455.0,257.0,mask PCA skeleton + low contact point,generated_videos/control_points_3_traffic.mp4
45,2,12,9,0.8308477237048666,3.450370669558129,person,0.800141453742981,443.0,183.0,474.0,258.0,1527,axis_back,450.0,183.0,mask PCA skeleton + low contact point,generated_videos/control_points_3_traffic.mp4
45,2,12,9,0.8308477237048666,3.450370669558129,person,0.800141453742981,443.0,183.0,474.0,258.0,1527,axis_left,473.0,204.0,mask PCA skeleton + low contact point,generated_videos/control_points_3_traffic.mp4
45,2,12,9,0.8308477237048666,3.450370669558129,person,0.800141453742981,443.0,183.0,474.0,258.0,1527,axis_right,443.0,218.0,mask PCA skeleton + low contact point,generated_videos/control_points_3_traffic.mp4
45,2,12,9,0.8308477237048666,3.450370669558129,person,0.800141453742981,443.0,183.0,474.0,258.0,1527,contact_low,459.0,251.0,mask PCA skeleton + low contact point,generated_videos/control_points_3_traffic.mp4
45,5,8,29,0.6703125,3.1167367650492865,person,0.708918035030365,380.0,179.0,402.0,257.0,1370,centroid,389.4715270996094,218.34597778320312,mask PCA skeleton + low contact point,generated_videos/control_points_3_traffic.mp4
45,5,8,29,0.6703125,3.1167367650492865,person,0.708918035030365,380.0,179.0,402.0,257.0,1370,axis_front,380.0,256.0,mask PCA skeleton + low contact point,generated_videos/control_points_3_traffic.mp4
45,5,8,29,0.6703125,3.1167367650492865,person,0.708918035030365,380.0,179.0,402.0,257.0,1370,axis_back,394.0,179.0,mask PCA skeleton + low contact point,generated_videos/control_points_3_traffic.mp4
45,5,8,29,0.6703125,3.1167367650492865,person,0.708918035030365,380.0,179.0,402.0,257.0,1370,axis_left,401.0,214.0,mask PCA skeleton + low contact point,generated_videos/control_points_3_traffic.mp4
45,5,8,29,0.6703125,3.1167367650492865,person,0.708918035030365,380.0,179.0,402.0,257.0,1370,axis_right,380.0,192.0,mask PCA skeleton + low contact point,generated_videos/control_points_3_traffic.mp4
45,5,8,29,0.6703125,3.1167367650492865,person,0.708918035030365,380.0,179.0,402.0,257.0,1370,contact_low,387.0,251.0,mask PCA skeleton + low contact point,generated_videos/control_points_3_traffic.mp4
45,4,4,46,1.0,0.03456907335308511,car,0.7473084330558777,735.0,52.0,768.0,94.0,1301,centroid,751.4588623046875,72.34050750732422,mask PCA skeleton + low contact point,generated_videos/control_points_3_traffic.mp4
45,4,4,46,1.0,0.03456907335308511,car,0.7473084330558777,735.0,52.0,768.0,94.0,1301,axis_front,736.0,92.0,mask PCA skeleton + low contact point,generated_videos/control_points_3_traffic.mp4
45,4,4,46,1.0,0.03456907335308511,car,0.7473084330558777,735.0,52.0,768.0,94.0,1301,axis_back,767.0,52.0,mask PCA skeleton + low contact point,generated_videos/control_points_3_traffic.mp4
45,4,4,46,1.0,0.03456907335308511,car,0.7473084330558777,735.0,52.0,768.0,94.0,1301,axis_left,767.0,93.0,mask PCA skeleton + low contact point,generated_videos/control_points_3_traffic.mp4
45,4,4,46,1.0,0.03456907335308511,car,0.7473084330558777,735.0,52.0,768.0,94.0,1301,axis_right,735.0,62.0,mask PCA skeleton + low contact point,generated_videos/control_points_3_traffic.mp4
45,4,4,46,1.0,0.03456907335308511,car,0.7473084330558777,735.0,52.0,768.0,94.0,1301,contact_low,751.0,90.0,mask PCA skeleton + low contact point,generated_videos/control_points_3_traffic.mp4
45,8,16,1,,,person,0.2526402473449707,30.0,112.0,50.0,141.0,292,centroid,39.76712417602539,123.27739715576172,mask PCA skeleton + low contact point,generated_videos/control_points_3_traffic.mp4
45,8,16,1,,,person,0.2526402473449707,30.0,112.0,50.0,141.0,292,axis_front,39.0,140.0,mask PCA skeleton + low contact point,generated_videos/control_points_3_traffic.mp4
45,8,16,1,,,person,0.2526402473449707,30.0,112.0,50.0,141.0,292,axis_back,49.0,112.0,mask PCA skeleton + low contact point,generated_videos/control_points_3_traffic.mp4
45,8,16,1,,,person,0.2526402473449707,30.0,112.0,50.0,141.0,292,axis_left,49.0,115.0,mask PCA skeleton + low contact point,generated_videos/control_points_3_traffic.mp4
45,8,16,1,,,person,0.2526402473449707,30.0,112.0,50.0,141.0,292,axis_right,30.0,120.0,mask PCA skeleton + low contact point,generated_videos/control_points_3_traffic.mp4
45,8,16,1,,,person,0.2526402473449707,30.0,112.0,50.0,141.0,292,contact_low,40.0,138.0,mask PCA skeleton + low contact point,generated_videos/control_points_3_traffic.mp4
46,6,0,47,1.0,0.040714984321798896,truck,0.6232481002807617,653.0,45.0,724.0,101.0,3380,centroid,686.1591796875,71.14497375488281,mask PCA skeleton + low contact point,generated_videos/control_points_3_traffic.mp4
46,6,0,47,1.0,0.040714984321798896,truck,0.6232481002807617,653.0,45.0,724.0,101.0,3380,axis_front,653.0,54.0,mask PCA skeleton + low contact point,generated_videos/control_points_3_traffic.mp4
46,6,0,47,1.0,0.040714984321798896,truck,0.6232481002807617,653.0,45.0,724.0,101.0,3380,axis_back,723.0,85.0,mask PCA skeleton + low contact point,generated_videos/control_points_3_traffic.mp4
46,6,0,47,1.0,0.040714984321798896,truck,0.6232481002807617,653.0,45.0,724.0,101.0,3380,axis_left,696.0,100.0,mask PCA skeleton + low contact point,generated_videos/control_points_3_traffic.mp4
46,6,0,47,1.0,0.040714984321798896,truck,0.6232481002807617,653.0,45.0,724.0,101.0,3380,axis_right,709.0,45.0,mask PCA skeleton + low contact point,generated_videos/control_points_3_traffic.mp4
46,6,0,47,1.0,0.040714984321798896,truck,0.6232481002807617,653.0,45.0,724.0,101.0,3380,contact_low,688.0,93.0,mask PCA skeleton + low contact point,generated_videos/control_points_3_traffic.mp4
46,2,15,8,0.7689902519771933,5.205378323750902,person,0.8106381297111511,702.0,270.0,744.0,386.0,2909,centroid,724.5479736328125,326.2193298339844,mask PCA skeleton + low contact point,generated_videos/control_points_3_traffic.mp4
46,2,15,8,0.7689902519771933,5.205378323750902,person,0.8106381297111511,702.0,270.0,744.0,386.0,2909,axis_front,742.0,385.0,mask PCA skeleton + low contact point,generated_videos/control_points_3_traffic.mp4
46,2,15,8,0.7689902519771933,5.205378323750902,person,0.8106381297111511,702.0,270.0,744.0,386.0,2909,axis_back,719.0,270.0,mask PCA skeleton + low contact point,generated_videos/control_points_3_traffic.mp4
46,2,15,8,0.7689902519771933,5.205378323750902,person,0.8106381297111511,702.0,270.0,744.0,386.0,2909,axis_left,743.0,381.0,mask PCA skeleton + low contact point,generated_videos/control_points_3_traffic.mp4
46,2,15,8,0.7689902519771933,5.205378323750902,person,0.8106381297111511,702.0,270.0,744.0,386.0,2909,axis_right,702.0,370.0,mask PCA skeleton + low contact point,generated_videos/control_points_3_traffic.mp4
46,2,15,8,0.7689902519771933,5.205378323750902,person,0.8106381297111511,702.0,270.0,744.0,386.0,2909,contact_low,736.0,374.0,mask PCA skeleton + low contact point,generated_videos/control_points_3_traffic.mp4
46,0,7,37,0.712,7.264094567501074,person,0.8548343777656555,536.0,225.0,572.0,316.0,2210,centroid,551.472412109375,270.63214111328125,mask PCA skeleton + low contact point,generated_videos/control_points_3_traffic.mp4
46,0,7,37,0.712,7.264094567501074,person,0.8548343777656555,536.0,225.0,572.0,316.0,2210,axis_front,568.0,315.0,mask PCA skeleton + low contact point,generated_videos/control_points_3_traffic.mp4
46,0,7,37,0.712,7.264094567501074,person,0.8548343777656555,536.0,225.0,572.0,316.0,2210,axis_back,546.0,225.0,mask PCA skeleton + low contact point,generated_videos/control_points_3_traffic.mp4
46,0,7,37,0.712,7.264094567501074,person,0.8548343777656555,536.0,225.0,572.0,316.0,2210,axis_left,571.0,303.0,mask PCA skeleton + low contact point,generated_videos/control_points_3_traffic.mp4
46,0,7,37,0.712,7.264094567501074,person,0.8548343777656555,536.0,225.0,572.0,316.0,2210,axis_right,536.0,305.0,mask PCA skeleton + low contact point,generated_videos/control_points_3_traffic.mp4
46,0,7,37,0.712,7.264094567501074,person,0.8548343777656555,536.0,225.0,572.0,316.0,2210,contact_low,561.0,307.0,mask PCA skeleton + low contact point,generated_videos/control_points_3_traffic.mp4
46,1,10,30,0.7153206332170646,5.383386018509336,person,0.8170121908187866,575.0,222.0,609.0,311.0,1943,centroid,591.0076904296875,262.33709716796875,mask PCA skeleton + low contact point,generated_videos/control_points_3_traffic.mp4
46,1,10,30,0.7153206332170646,5.383386018509336,person,0.8170121908187866,575.0,222.0,609.0,311.0,1943,axis_front,594.0,310.0,mask PCA skeleton + low contact point,generated_videos/control_points_3_traffic.mp4
46,1,10,30,0.7153206332170646,5.383386018509336,person,0.8170121908187866,575.0,222.0,609.0,311.0,1943,axis_back,598.0,222.0,mask PCA skeleton + low contact point,generated_videos/control_points_3_traffic.mp4
46,1,10,30,0.7153206332170646,5.383386018509336,person,0.8170121908187866,575.0,222.0,609.0,311.0,1943,axis_left,608.0,267.0,mask PCA skeleton + low contact point,generated_videos/control_points_3_traffic.mp4
46,1,10,30,0.7153206332170646,5.383386018509336,person,0.8170121908187866,575.0,222.0,609.0,311.0,1943,axis_right,575.0,254.0,mask PCA skeleton + low contact point,generated_videos/control_points_3_traffic.mp4
46,1,10,30,0.7153206332170646,5.383386018509336,person,0.8170121908187866,575.0,222.0,609.0,311.0,1943,contact_low,595.0,302.0,mask PCA skeleton + low contact point,generated_videos/control_points_3_traffic.mp4
46,8,6,42,0.989010989010989,0.3714340545584702,boat,0.2925202548503876,69.0,498.0,160.0,528.0,1763,centroid,114.20760345458984,513.2302856445312,mask PCA skeleton + low contact point,generated_videos/control_points_3_traffic.mp4
46,8,6,42,0.989010989010989,0.3714340545584702,boat,0.2925202548503876,69.0,498.0,160.0,528.0,1763,axis_front,69.0,525.0,mask PCA skeleton + low contact point,generated_videos/control_points_3_traffic.mp4
46,8,6,42,0.989010989010989,0.3714340545584702,boat,0.2925202548503876,69.0,498.0,160.0,528.0,1763,axis_back,159.0,506.0,mask PCA skeleton + low contact point,generated_videos/control_points_3_traffic.mp4
46,8,6,42,0.989010989010989,0.3714340545584702,boat,0.2925202548503876,69.0,498.0,160.0,528.0,1763,axis_left,115.0,527.0,mask PCA skeleton + low contact point,generated_videos/control_points_3_traffic.mp4
46,8,6,42,0.989010989010989,0.3714340545584702,boat,0.2925202548503876,69.0,498.0,160.0,528.0,1763,axis_right,116.0,498.0,mask PCA skeleton + low contact point,generated_videos/control_points_3_traffic.mp4
46,8,6,42,0.989010989010989,0.3714340545584702,boat,0.2925202548503876,69.0,498.0,160.0,528.0,1763,contact_low,95.0,525.0,mask PCA skeleton + low contact point,generated_videos/control_points_3_traffic.mp4
46,3,12,10,0.9102564102564102,2.8943211845976053,person,0.8058555126190186,443.0,180.0,474.0,254.0,1534,centroid,457.7855224609375,216.05801391601562,mask PCA skeleton + low contact point,generated_videos/control_points_3_traffic.mp4
46,3,12,10,0.9102564102564102,2.8943211845976053,person,0.8058555126190186,443.0,180.0,474.0,254.0,1534,axis_front,469.0,253.0,mask PCA skeleton + low contact point,generated_videos/control_points_3_traffic.mp4
46,3,12,10,0.9102564102564102,2.8943211845976053,person,0.8058555126190186,443.0,180.0,474.0,254.0,1534,axis_back,449.0,180.0,mask PCA skeleton + low contact point,generated_videos/control_points_3_traffic.mp4
46,3,12,10,0.9102564102564102,2.8943211845976053,person,0.8058555126190186,443.0,180.0,474.0,254.0,1534,axis_left,473.0,201.0,mask PCA skeleton + low contact point,generated_videos/control_points_3_traffic.mp4
46,3,12,10,0.9102564102564102,2.8943211845976053,person,0.8058555126190186,443.0,180.0,474.0,254.0,1534,axis_right,443.0,215.0,mask PCA skeleton + low contact point,generated_videos/control_points_3_traffic.mp4
46,3,12,10,0.9102564102564102,2.8943211845976053,person,0.8058555126190186,443.0,180.0,474.0,254.0,1534,contact_low,461.0,249.0,mask PCA skeleton + low contact point,generated_videos/control_points_3_traffic.mp4
46,5,8,30,0.9166666666666666,0.6797942012719097,person,0.7249226570129395,378.0,179.0,402.0,257.0,1442,centroid,388.80303955078125,218.469482421875,mask PCA skeleton + low contact point,generated_videos/control_points_3_traffic.mp4
46,5,8,30,0.9166666666666666,0.6797942012719097,person,0.7249226570129395,378.0,179.0,402.0,257.0,1442,axis_front,387.0,256.0,mask PCA skeleton + low contact point,generated_videos/control_points_3_traffic.mp4
46,5,8,30,0.9166666666666666,0.6797942012719097,person,0.7249226570129395,378.0,179.0,402.0,257.0,1442,axis_back,384.0,179.0,mask PCA skeleton + low contact point,generated_videos/control_points_3_traffic.mp4
46,5,8,30,0.9166666666666666,0.6797942012719097,person,0.7249226570129395,378.0,179.0,402.0,257.0,1442,axis_left,401.0,207.0,mask PCA skeleton + low contact point,generated_videos/control_points_3_traffic.mp4
46,5,8,30,0.9166666666666666,0.6797942012719097,person,0.7249226570129395,378.0,179.0,402.0,257.0,1442,axis_right,378.0,248.0,mask PCA skeleton + low contact point,generated_videos/control_points_3_traffic.mp4
46,5,8,30,0.9166666666666666,0.6797942012719097,person,0.7249226570129395,378.0,179.0,402.0,257.0,1442,contact_low,387.0,251.0,mask PCA skeleton + low contact point,generated_videos/control_points_3_traffic.mp4
46,4,4,47,1.0,0.016172207908897226,car,0.7445486783981323,735.0,52.0,768.0,94.0,1302,centroid,751.4646606445312,72.35560607910156,mask PCA skeleton + low contact point,generated_videos/control_points_3_traffic.mp4
46,4,4,47,1.0,0.016172207908897226,car,0.7445486783981323,735.0,52.0,768.0,94.0,1302,axis_front,736.0,92.0,mask PCA skeleton + low contact point,generated_videos/control_points_3_traffic.mp4
46,4,4,47,1.0,0.016172207908897226,car,0.7445486783981323,735.0,52.0,768.0,94.0,1302,axis_back,767.0,52.0,mask PCA skeleton + low contact point,generated_videos/control_points_3_traffic.mp4
46,4,4,47,1.0,0.016172207908897226,car,0.7445486783981323,735.0,52.0,768.0,94.0,1302,axis_left,767.0,93.0,mask PCA skeleton + low contact point,generated_videos/control_points_3_traffic.mp4
46,4,4,47,1.0,0.016172207908897226,car,0.7445486783981323,735.0,52.0,768.0,94.0,1302,axis_right,735.0,62.0,mask PCA skeleton + low contact point,generated_videos/control_points_3_traffic.mp4
46,4,4,47,1.0,0.016172207908897226,car,0.7445486783981323,735.0,52.0,768.0,94.0,1302,contact_low,751.0,90.0,mask PCA skeleton + low contact point,generated_videos/control_points_3_traffic.mp4
46,7,9,28,0.5527272727272727,2.5839895565225177,person,0.3003848195075989,398.0,184.0,423.0,228.0,573,centroid,408.91796875,203.2844696044922,mask PCA skeleton + low contact point,generated_videos/control_points_3_traffic.mp4
46,7,9,28,0.5527272727272727,2.5839895565225177,person,0.3003848195075989,398.0,184.0,423.0,228.0,573,axis_front,408.0,227.0,mask PCA skeleton + low contact point,generated_videos/control_points_3_traffic.mp4
46,7,9,28,0.5527272727272727,2.5839895565225177,person,0.3003848195075989,398.0,184.0,423.0,228.0,573,axis_back,419.0,184.0,mask PCA skeleton + low contact point,generated_videos/control_points_3_traffic.mp4
46,7,9,28,0.5527272727272727,2.5839895565225177,person,0.3003848195075989,398.0,184.0,423.0,228.0,573,axis_left,422.0,199.0,mask PCA skeleton + low contact point,generated_videos/control_points_3_traffic.mp4
46,7,9,28,0.5527272727272727,2.5839895565225177,person,0.3003848195075989,398.0,184.0,423.0,228.0,573,axis_right,398.0,194.0,mask PCA skeleton + low contact point,generated_videos/control_points_3_traffic.mp4
46,7,9,28,0.5527272727272727,2.5839895565225177,person,0.3003848195075989,398.0,184.0,423.0,228.0,573,contact_low,411.0,224.0,mask PCA skeleton + low contact point,generated_videos/control_points_3_traffic.mp4
46,9,1,39,0.4193029490616622,22.840929522766764,person,0.2868784964084625,405.0,184.0,422.0,231.0,499,centroid,411.1843566894531,204.68136596679688,mask PCA skeleton + low contact point,generated_videos/control_points_3_traffic.mp4
46,9,1,39,0.4193029490616622,22.840929522766764,person,0.2868784964084625,405.0,184.0,422.0,231.0,499,axis_front,410.0,230.0,mask PCA skeleton + low contact point,generated_videos/control_points_3_traffic.mp4
46,9,1,39,0.4193029490616622,22.840929522766764,person,0.2868784964084625,405.0,184.0,422.0,231.0,499,axis_back,419.0,184.0,mask PCA skeleton + low contact point,generated_videos/control_points_3_traffic.mp4
46,9,1,39,0.4193029490616622,22.840929522766764,person,0.2868784964084625,405.0,184.0,422.0,231.0,499,axis_left,421.0,200.0,mask PCA skeleton + low contact point,generated_videos/control_points_3_traffic.mp4
46,9,1,39,0.4193029490616622,22.840929522766764,person,0.2868784964084625,405.0,184.0,422.0,231.0,499,axis_right,405.0,191.0,mask PCA skeleton + low contact point,generated_videos/control_points_3_traffic.mp4
46,9,1,39,0.4193029490616622,22.840929522766764,person,0.2868784964084625,405.0,184.0,422.0,231.0,499,contact_low,412.0,227.0,mask PCA skeleton + low contact point,generated_videos/control_points_3_traffic.mp4
47,6,0,48,1.0,0.03960213542093957,truck,0.6199626326560974,653.0,45.0,724.0,101.0,3370,centroid,686.15966796875,71.1845703125,mask PCA skeleton + low contact point,generated_videos/control_points_3_traffic.mp4
47,6,0,48,1.0,0.03960213542093957,truck,0.6199626326560974,653.0,45.0,724.0,101.0,3370,axis_front,653.0,54.0,mask PCA skeleton + low contact point,generated_videos/control_points_3_traffic.mp4
47,6,0,48,1.0,0.03960213542093957,truck,0.6199626326560974,653.0,45.0,724.0,101.0,3370,axis_back,723.0,85.0,mask PCA skeleton + low contact point,generated_videos/control_points_3_traffic.mp4
47,6,0,48,1.0,0.03960213542093957,truck,0.6199626326560974,653.0,45.0,724.0,101.0,3370,axis_left,696.0,100.0,mask PCA skeleton + low contact point,generated_videos/control_points_3_traffic.mp4
47,6,0,48,1.0,0.03960213542093957,truck,0.6199626326560974,653.0,45.0,724.0,101.0,3370,axis_right,709.0,45.0,mask PCA skeleton + low contact point,generated_videos/control_points_3_traffic.mp4
47,6,0,48,1.0,0.03960213542093957,truck,0.6199626326560974,653.0,45.0,724.0,101.0,3370,contact_low,688.0,93.0,mask PCA skeleton + low contact point,generated_videos/control_points_3_traffic.mp4
47,2,15,9,0.5606346807706838,15.65459598747643,person,0.8173185586929321,700.0,263.0,730.0,376.0,2337,centroid,713.2674560546875,315.364990234375,mask PCA skeleton + low contact point,generated_videos/control_points_3_traffic.mp4
47,2,15,9,0.5606346807706838,15.65459598747643,person,0.8173185586929321,700.0,263.0,730.0,376.0,2337,axis_front,718.0,375.0,mask PCA skeleton + low contact point,generated_videos/control_points_3_traffic.mp4
47,2,15,9,0.5606346807706838,15.65459598747643,person,0.8173185586929321,700.0,263.0,730.0,376.0,2337,axis_back,718.0,263.0,mask PCA skeleton + low contact point,generated_videos/control_points_3_traffic.mp4
47,2,15,9,0.5606346807706838,15.65459598747643,person,0.8173185586929321,700.0,263.0,730.0,376.0,2337,axis_left,729.0,307.0,mask PCA skeleton + low contact point,generated_videos/control_points_3_traffic.mp4
47,2,15,9,0.5606346807706838,15.65459598747643,person,0.8173185586929321,700.0,263.0,730.0,376.0,2337,axis_right,700.0,293.0,mask PCA skeleton + low contact point,generated_videos/control_points_3_traffic.mp4
47,2,15,9,0.5606346807706838,15.65459598747643,person,0.8173185586929321,700.0,263.0,730.0,376.0,2337,contact_low,717.0,366.0,mask PCA skeleton + low contact point,generated_videos/control_points_3_traffic.mp4
47,0,7,38,0.42953321364452424,13.13804824263178,person,0.8258804082870483,524.0,221.0,558.0,312.0,1953,centroid,540.9303588867188,262.7915954589844,mask PCA skeleton + low contact point,generated_videos/control_points_3_traffic.mp4
47,0,7,38,0.42953321364452424,13.13804824263178,person,0.8258804082870483,524.0,221.0,558.0,312.0,1953,axis_front,538.0,311.0,mask PCA skeleton + low contact point,generated_videos/control_points_3_traffic.mp4
47,0,7,38,0.42953321364452424,13.13804824263178,person,0.8258804082870483,524.0,221.0,558.0,312.0,1953,axis_back,547.0,221.0,mask PCA skeleton + low contact point,generated_videos/control_points_3_traffic.mp4
47,0,7,38,0.42953321364452424,13.13804824263178,person,0.8258804082870483,524.0,221.0,558.0,312.0,1953,axis_left,557.0,255.0,mask PCA skeleton + low contact point,generated_videos/control_points_3_traffic.mp4
47,0,7,38,0.42953321364452424,13.13804824263178,person,0.8258804082870483,524.0,221.0,558.0,312.0,1953,axis_right,524.0,256.0,mask PCA skeleton + low contact point,generated_videos/control_points_3_traffic.mp4
47,0,7,38,0.42953321364452424,13.13804824263178,person,0.8258804082870483,524.0,221.0,558.0,312.0,1953,contact_low,542.0,304.0,mask PCA skeleton + low contact point,generated_videos/control_points_3_traffic.mp4
47,1,10,31,0.5706198697990377,6.95414215924717,person,0.8209435343742371,570.0,219.0,599.0,306.0,1910,centroid,584.0549926757812,262.4764404296875,mask PCA skeleton + low contact point,generated_videos/control_points_3_traffic.mp4
47,1,10,31,0.5706198697990377,6.95414215924717,person,0.8209435343742371,570.0,219.0,599.0,306.0,1910,axis_front,573.0,305.0,mask PCA skeleton + low contact point,generated_videos/control_points_3_traffic.mp4
47,1,10,31,0.5706198697990377,6.95414215924717,person,0.8209435343742371,570.0,219.0,599.0,306.0,1910,axis_back,590.0,219.0,mask PCA skeleton + low contact point,generated_videos/control_points_3_traffic.mp4
47,1,10,31,0.5706198697990377,6.95414215924717,person,0.8209435343742371,570.0,219.0,599.0,306.0,1910,axis_left,598.0,272.0,mask PCA skeleton + low contact point,generated_videos/control_points_3_traffic.mp4
47,1,10,31,0.5706198697990377,6.95414215924717,person,0.8209435343742371,570.0,219.0,599.0,306.0,1910,axis_right,570.0,269.0,mask PCA skeleton + low contact point,generated_videos/control_points_3_traffic.mp4
47,1,10,31,0.5706198697990377,6.95414215924717,person,0.8209435343742371,570.0,219.0,599.0,306.0,1910,contact_low,581.0,300.0,mask PCA skeleton + low contact point,generated_videos/control_points_3_traffic.mp4
47,7,6,43,1.0,0.05514972418508559,boat,0.28052303194999695,69.0,498.0,160.0,528.0,1762,centroid,114.25765991210938,513.2071533203125,mask PCA skeleton + low contact point,generated_videos/control_points_3_traffic.mp4
47,7,6,43,1.0,0.05514972418508559,boat,0.28052303194999695,69.0,498.0,160.0,528.0,1762,axis_front,69.0,525.0,mask PCA skeleton + low contact point,generated_videos/control_points_3_traffic.mp4
47,7,6,43,1.0,0.05514972418508559,boat,0.28052303194999695,69.0,498.0,160.0,528.0,1762,axis_back,159.0,506.0,mask PCA skeleton + low contact point,generated_videos/control_points_3_traffic.mp4
47,7,6,43,1.0,0.05514972418508559,boat,0.28052303194999695,69.0,498.0,160.0,528.0,1762,axis_left,115.0,527.0,mask PCA skeleton + low contact point,generated_videos/control_points_3_traffic.mp4
47,7,6,43,1.0,0.05514972418508559,boat,0.28052303194999695,69.0,498.0,160.0,528.0,1762,axis_right,116.0,498.0,mask PCA skeleton + low contact point,generated_videos/control_points_3_traffic.mp4
47,7,6,43,1.0,0.05514972418508559,boat,0.28052303194999695,69.0,498.0,160.0,528.0,1762,contact_low,96.0,525.0,mask PCA skeleton + low contact point,generated_videos/control_points_3_traffic.mp4
47,3,8,31,0.8902077151335311,1.6262482436048715,person,0.7719738483428955,376.0,182.0,402.0,257.0,1516,centroid,387.3060607910156,219.10487365722656,mask PCA skeleton + low contact point,generated_videos/control_points_3_traffic.mp4
47,3,8,31,0.8902077151335311,1.6262482436048715,person,0.7719738483428955,376.0,182.0,402.0,257.0,1516,axis_front,388.0,256.0,mask PCA skeleton + low contact point,generated_videos/control_points_3_traffic.mp4
47,3,8,31,0.8902077151335311,1.6262482436048715,person,0.7719738483428955,376.0,182.0,402.0,257.0,1516,axis_back,381.0,182.0,mask PCA skeleton + low contact point,generated_videos/control_points_3_traffic.mp4
47,3,8,31,0.8902077151335311,1.6262482436048715,person,0.7719738483428955,376.0,182.0,402.0,257.0,1516,axis_left,401.0,204.0,mask PCA skeleton + low contact point,generated_videos/control_points_3_traffic.mp4
47,3,8,31,0.8902077151335311,1.6262482436048715,person,0.7719738483428955,376.0,182.0,402.0,257.0,1516,axis_right,376.0,217.0,mask PCA skeleton + low contact point,generated_videos/control_points_3_traffic.mp4
47,3,8,31,0.8902077151335311,1.6262482436048715,person,0.7719738483428955,376.0,182.0,402.0,257.0,1516,contact_low,386.0,251.0,mask PCA skeleton + low contact point,generated_videos/control_points_3_traffic.mp4
47,4,12,11,0.8520710059171598,2.927951569752619,person,0.7417313456535339,442.0,180.0,471.0,252.0,1413,centroid,455.83935546875,213.8704833984375,mask PCA skeleton + low contact point,generated_videos/control_points_3_traffic.mp4
47,4,12,11,0.8520710059171598,2.927951569752619,person,0.7417313456535339,442.0,180.0,471.0,252.0,1413,axis_front,469.0,251.0,mask PCA skeleton + low contact point,generated_videos/control_points_3_traffic.mp4
47,4,12,11,0.8520710059171598,2.927951569752619,person,0.7417313456535339,442.0,180.0,471.0,252.0,1413,axis_back,447.0,180.0,mask PCA skeleton + low contact point,generated_videos/control_points_3_traffic.mp4
47,4,12,11,0.8520710059171598,2.927951569752619,person,0.7417313456535339,442.0,180.0,471.0,252.0,1413,axis_left,470.0,202.0,mask PCA skeleton + low contact point,generated_videos/control_points_3_traffic.mp4
47,4,12,11,0.8520710059171598,2.927951569752619,person,0.7417313456535339,442.0,180.0,471.0,252.0,1413,axis_right,443.0,218.0,mask PCA skeleton + low contact point,generated_videos/control_points_3_traffic.mp4
47,4,12,11,0.8520710059171598,2.927951569752619,person,0.7417313456535339,442.0,180.0,471.0,252.0,1413,contact_low,464.0,245.0,mask PCA skeleton + low contact point,generated_videos/control_points_3_traffic.mp4
47,5,4,48,1.0,0.0,car,0.7306748628616333,735.0,52.0,768.0,94.0,1302,centroid,751.4646606445312,72.35560607910156,mask PCA skeleton + low contact point,generated_videos/control_points_3_traffic.mp4
47,5,4,48,1.0,0.0,car,0.7306748628616333,735.0,52.0,768.0,94.0,1302,axis_front,736.0,92.0,mask PCA skeleton + low contact point,generated_videos/control_points_3_traffic.mp4
47,5,4,48,1.0,0.0,car,0.7306748628616333,735.0,52.0,768.0,94.0,1302,axis_back,767.0,52.0,mask PCA skeleton + low contact point,generated_videos/control_points_3_traffic.mp4
47,5,4,48,1.0,0.0,car,0.7306748628616333,735.0,52.0,768.0,94.0,1302,axis_left,767.0,93.0,mask PCA skeleton + low contact point,generated_videos/control_points_3_traffic.mp4
47,5,4,48,1.0,0.0,car,0.7306748628616333,735.0,52.0,768.0,94.0,1302,axis_right,735.0,62.0,mask PCA skeleton + low contact point,generated_videos/control_points_3_traffic.mp4
47,5,4,48,1.0,0.0,car,0.7306748628616333,735.0,52.0,768.0,94.0,1302,contact_low,751.0,90.0,mask PCA skeleton + low contact point,generated_videos/control_points_3_traffic.mp4
48,6,0,49,0.9824561403508771,0.38726490115187523,truck,0.6240193843841553,653.0,44.0,724.0,101.0,3413,centroid,686.18896484375,70.79841613769531,mask PCA skeleton + low contact point,generated_videos/control_points_3_traffic.mp4
48,6,0,49,0.9824561403508771,0.38726490115187523,truck,0.6240193843841553,653.0,44.0,724.0,101.0,3413,axis_front,653.0,54.0,mask PCA skeleton + low contact point,generated_videos/control_points_3_traffic.mp4
48,6,0,49,0.9824561403508771,0.38726490115187523,truck,0.6240193843841553,653.0,44.0,724.0,101.0,3413,axis_back,723.0,85.0,mask PCA skeleton + low contact point,generated_videos/control_points_3_traffic.mp4
48,6,0,49,0.9824561403508771,0.38726490115187523,truck,0.6240193843841553,653.0,44.0,724.0,101.0,3413,axis_left,696.0,100.0,mask PCA skeleton + low contact point,generated_videos/control_points_3_traffic.mp4
48,6,0,49,0.9824561403508771,0.38726490115187523,truck,0.6240193843841553,653.0,44.0,724.0,101.0,3413,axis_right,706.0,44.0,mask PCA skeleton + low contact point,generated_videos/control_points_3_traffic.mp4
48,6,0,49,0.9824561403508771,0.38726490115187523,truck,0.6240193843841553,653.0,44.0,724.0,101.0,3413,contact_low,688.0,93.0,mask PCA skeleton + low contact point,generated_videos/control_points_3_traffic.mp4
48,2,15,10,0.6706586826347305,5.65827275984166,person,0.8113116025924683,695.0,261.0,724.0,375.0,2480,centroid,707.6270141601562,315.8141174316406,mask PCA skeleton + low contact point,generated_videos/control_points_3_traffic.mp4
48,2,15,10,0.6706586826347305,5.65827275984166,person,0.8113116025924683,695.0,261.0,724.0,375.0,2480,axis_front,701.0,374.0,mask PCA skeleton + low contact point,generated_videos/control_points_3_traffic.mp4
48,2,15,10,0.6706586826347305,5.65827275984166,person,0.8113116025924683,695.0,261.0,724.0,375.0,2480,axis_back,715.0,261.0,mask PCA skeleton + low contact point,generated_videos/control_points_3_traffic.mp4
48,2,15,10,0.6706586826347305,5.65827275984166,person,0.8113116025924683,695.0,261.0,724.0,375.0,2480,axis_left,723.0,305.0,mask PCA skeleton + low contact point,generated_videos/control_points_3_traffic.mp4
48,2,15,10,0.6706586826347305,5.65827275984166,person,0.8113116025924683,695.0,261.0,724.0,375.0,2480,axis_right,695.0,308.0,mask PCA skeleton + low contact point,generated_videos/control_points_3_traffic.mp4
48,2,15,10,0.6706586826347305,5.65827275984166,person,0.8113116025924683,695.0,261.0,724.0,375.0,2480,contact_low,706.0,367.0,mask PCA skeleton + low contact point,generated_videos/control_points_3_traffic.mp4
48,0,7,39,0.7233333333333334,4.380409446101581,person,0.864997386932373,516.0,221.0,555.0,314.0,2019,centroid,536.5735473632812,263.24566650390625,mask PCA skeleton + low contact point,generated_videos/control_points_3_traffic.mp4
48,0,7,39,0.7233333333333334,4.380409446101581,person,0.864997386932373,516.0,221.0,555.0,314.0,2019,axis_front,545.0,313.0,mask PCA skeleton + low contact point,generated_videos/control_points_3_traffic.mp4
48,0,7,39,0.7233333333333334,4.380409446101581,person,0.864997386932373,516.0,221.0,555.0,314.0,2019,axis_back,532.0,221.0,mask PCA skeleton + low contact point,generated_videos/control_points_3_traffic.mp4
48,0,7,39,0.7233333333333334,4.380409446101581,person,0.864997386932373,516.0,221.0,555.0,314.0,2019,axis_left,554.0,248.0,mask PCA skeleton + low contact point,generated_videos/control_points_3_traffic.mp4
48,0,7,39,0.7233333333333334,4.380409446101581,person,0.864997386932373,516.0,221.0,555.0,314.0,2019,axis_right,516.0,268.0,mask PCA skeleton + low contact point,generated_videos/control_points_3_traffic.mp4
48,0,7,39,0.7233333333333334,4.380409446101581,person,0.864997386932373,516.0,221.0,555.0,314.0,2019,contact_low,540.0,306.0,mask PCA skeleton + low contact point,generated_videos/control_points_3_traffic.mp4
48,1,10,32,0.7165157664689353,3.5568621819940685,person,0.8195438981056213,562.0,220.0,597.0,305.0,1850,centroid,580.5097045898438,262.1891784667969,mask PCA skeleton + low contact point,generated_videos/control_points_3_traffic.mp4
48,1,10,32,0.7165157664689353,3.5568621819940685,person,0.8195438981056213,562.0,220.0,597.0,305.0,1850,axis_front,587.0,304.0,mask PCA skeleton + low contact point,generated_videos/control_points_3_traffic.mp4
48,1,10,32,0.7165157664689353,3.5568621819940685,person,0.8195438981056213,562.0,220.0,597.0,305.0,1850,axis_back,587.0,220.0,mask PCA skeleton + low contact point,generated_videos/control_points_3_traffic.mp4
48,1,10,32,0.7165157664689353,3.5568621819940685,person,0.8195438981056213,562.0,220.0,597.0,305.0,1850,axis_left,596.0,271.0,mask PCA skeleton + low contact point,generated_videos/control_points_3_traffic.mp4
48,1,10,32,0.7165157664689353,3.5568621819940685,person,0.8195438981056213,562.0,220.0,597.0,305.0,1850,axis_right,562.0,290.0,mask PCA skeleton + low contact point,generated_videos/control_points_3_traffic.mp4
48,1,10,32,0.7165157664689353,3.5568621819940685,person,0.8195438981056213,562.0,220.0,597.0,305.0,1850,contact_low,586.0,297.0,mask PCA skeleton + low contact point,generated_videos/control_points_3_traffic.mp4
48,7,6,44,1.0,0.02305715833118275,boat,0.3052026331424713,69.0,498.0,160.0,528.0,1769,centroid,114.2707748413086,513.2261352539062,mask PCA skeleton + low contact point,generated_videos/control_points_3_traffic.mp4
48,7,6,44,1.0,0.02305715833118275,boat,0.3052026331424713,69.0,498.0,160.0,528.0,1769,axis_front,69.0,525.0,mask PCA skeleton + low contact point,generated_videos/control_points_3_traffic.mp4
48,7,6,44,1.0,0.02305715833118275,boat,0.3052026331424713,69.0,498.0,160.0,528.0,1769,axis_back,159.0,506.0,mask PCA skeleton + low contact point,generated_videos/control_points_3_traffic.mp4
48,7,6,44,1.0,0.02305715833118275,boat,0.3052026331424713,69.0,498.0,160.0,528.0,1769,axis_left,115.0,527.0,mask PCA skeleton + low contact point,generated_videos/control_points_3_traffic.mp4
48,7,6,44,1.0,0.02305715833118275,boat,0.3052026331424713,69.0,498.0,160.0,528.0,1769,axis_right,116.0,498.0,mask PCA skeleton + low contact point,generated_videos/control_points_3_traffic.mp4
48,7,6,44,1.0,0.02305715833118275,boat,0.3052026331424713,69.0,498.0,160.0,528.0,1769,contact_low,95.0,526.0,mask PCA skeleton + low contact point,generated_videos/control_points_3_traffic.mp4
48,3,8,32,0.9259259259259259,0.4468111660702381,person,0.771635890007019,375.0,182.0,401.0,257.0,1535,centroid,386.862548828125,219.05081176757812,mask PCA skeleton + low contact point,generated_videos/control_points_3_traffic.mp4
48,3,8,32,0.9259259259259259,0.4468111660702381,person,0.771635890007019,375.0,182.0,401.0,257.0,1535,axis_front,388.0,256.0,mask PCA skeleton + low contact point,generated_videos/control_points_3_traffic.mp4
48,3,8,32,0.9259259259259259,0.4468111660702381,person,0.771635890007019,375.0,182.0,401.0,257.0,1535,axis_back,380.0,182.0,mask PCA skeleton + low contact point,generated_videos/control_points_3_traffic.mp4
48,3,8,32,0.9259259259259259,0.4468111660702381,person,0.771635890007019,375.0,182.0,401.0,257.0,1535,axis_left,400.0,203.0,mask PCA skeleton + low contact point,generated_videos/control_points_3_traffic.mp4
48,3,8,32,0.9259259259259259,0.4468111660702381,person,0.771635890007019,375.0,182.0,401.0,257.0,1535,axis_right,375.0,218.0,mask PCA skeleton + low contact point,generated_videos/control_points_3_traffic.mp4
48,3,8,32,0.9259259259259259,0.4468111660702381,person,0.771635890007019,375.0,182.0,401.0,257.0,1535,contact_low,386.0,251.0,mask PCA skeleton + low contact point,generated_videos/control_points_3_traffic.mp4
48,5,12,12,0.9085923217550275,2.3411913480784565,person,0.7314169406890869,441.0,179.0,470.0,251.0,1526,centroid,453.9371032714844,215.23526000976562,mask PCA skeleton + low contact point,generated_videos/control_points_3_traffic.mp4
48,5,12,12,0.9085923217550275,2.3411913480784565,person,0.7314169406890869,441.0,179.0,470.0,251.0,1526,axis_front,469.0,250.0,mask PCA skeleton + low contact point,generated_videos/control_points_3_traffic.mp4
48,5,12,12,0.9085923217550275,2.3411913480784565,person,0.7314169406890869,441.0,179.0,470.0,251.0,1526,axis_back,443.0,179.0,mask PCA skeleton + low contact point,generated_videos/control_points_3_traffic.mp4
48,5,12,12,0.9085923217550275,2.3411913480784565,person,0.7314169406890869,441.0,179.0,470.0,251.0,1526,axis_left,466.0,197.0,mask PCA skeleton + low contact point,generated_videos/control_points_3_traffic.mp4
48,5,12,12,0.9085923217550275,2.3411913480784565,person,0.7314169406890869,441.0,179.0,470.0,251.0,1526,axis_right,443.0,241.0,mask PCA skeleton + low contact point,generated_videos/control_points_3_traffic.mp4
48,5,12,12,0.9085923217550275,2.3411913480784565,person,0.7314169406890869,441.0,179.0,470.0,251.0,1526,contact_low,463.0,244.0,mask PCA skeleton + low contact point,generated_videos/control_points_3_traffic.mp4
48,4,4,49,1.0,0.0,car,0.7349798083305359,735.0,52.0,768.0,94.0,1302,centroid,751.4646606445312,72.35560607910156,mask PCA skeleton + low contact point,generated_videos/control_points_3_traffic.mp4
48,4,4,49,1.0,0.0,car,0.7349798083305359,735.0,52.0,768.0,94.0,1302,axis_front,736.0,92.0,mask PCA skeleton + low contact point,generated_videos/control_points_3_traffic.mp4
48,4,4,49,1.0,0.0,car,0.7349798083305359,735.0,52.0,768.0,94.0,1302,axis_back,767.0,52.0,mask PCA skeleton + low contact point,generated_videos/control_points_3_traffic.mp4
48,4,4,49,1.0,0.0,car,0.7349798083305359,735.0,52.0,768.0,94.0,1302,axis_left,767.0,93.0,mask PCA skeleton + low contact point,generated_videos/control_points_3_traffic.mp4
48,4,4,49,1.0,0.0,car,0.7349798083305359,735.0,52.0,768.0,94.0,1302,axis_right,735.0,62.0,mask PCA skeleton + low contact point,generated_videos/control_points_3_traffic.mp4
48,4,4,49,1.0,0.0,car,0.7349798083305359,735.0,52.0,768.0,94.0,1302,contact_low,751.0,90.0,mask PCA skeleton + low contact point,generated_videos/control_points_3_traffic.mp4
49,6,0,50,0.9824561403508771,0.2919401858655337,truck,0.6220200061798096,653.0,45.0,724.0,101.0,3366,centroid,686.1939697265625,71.09031677246094,mask PCA skeleton + low contact point,generated_videos/control_points_3_traffic.mp4
49,6,0,50,0.9824561403508771,0.2919401858655337,truck,0.6220200061798096,653.0,45.0,724.0,101.0,3366,axis_front,653.0,54.0,mask PCA skeleton + low contact point,generated_videos/control_points_3_traffic.mp4
49,6,0,50,0.9824561403508771,0.2919401858655337,truck,0.6220200061798096,653.0,45.0,724.0,101.0,3366,axis_back,723.0,85.0,mask PCA skeleton + low contact point,generated_videos/control_points_3_traffic.mp4
49,6,0,50,0.9824561403508771,0.2919401858655337,truck,0.6220200061798096,653.0,45.0,724.0,101.0,3366,axis_left,696.0,100.0,mask PCA skeleton + low contact point,generated_videos/control_points_3_traffic.mp4
49,6,0,50,0.9824561403508771,0.2919401858655337,truck,0.6220200061798096,653.0,45.0,724.0,101.0,3366,axis_right,709.0,45.0,mask PCA skeleton + low contact point,generated_videos/control_points_3_traffic.mp4
49,6,0,50,0.9824561403508771,0.2919401858655337,truck,0.6220200061798096,653.0,45.0,724.0,101.0,3366,contact_low,689.0,93.0,mask PCA skeleton + low contact point,generated_videos/control_points_3_traffic.mp4
49,2,15,11,0.52989449003517,5.347762910993915,person,0.787092387676239,680.0,258.0,719.0,374.0,2766,centroid,702.3720092773438,316.80584716796875,mask PCA skeleton + low contact point,generated_videos/control_points_3_traffic.mp4
49,2,15,11,0.52989449003517,5.347762910993915,person,0.787092387676239,680.0,258.0,719.0,374.0,2766,axis_front,706.0,373.0,mask PCA skeleton + low contact point,generated_videos/control_points_3_traffic.mp4
49,2,15,11,0.52989449003517,5.347762910993915,person,0.787092387676239,680.0,258.0,719.0,374.0,2766,axis_back,707.0,258.0,mask PCA skeleton + low contact point,generated_videos/control_points_3_traffic.mp4
49,2,15,11,0.52989449003517,5.347762910993915,person,0.787092387676239,680.0,258.0,719.0,374.0,2766,axis_left,716.0,363.0,mask PCA skeleton + low contact point,generated_videos/control_points_3_traffic.mp4
49,2,15,11,0.52989449003517,5.347762910993915,person,0.787092387676239,680.0,258.0,719.0,374.0,2766,axis_right,680.0,360.0,mask PCA skeleton + low contact point,generated_videos/control_points_3_traffic.mp4
49,2,15,11,0.52989449003517,5.347762910993915,person,0.787092387676239,680.0,258.0,719.0,374.0,2766,contact_low,707.0,364.0,mask PCA skeleton + low contact point,generated_videos/control_points_3_traffic.mp4
49,0,7,40,0.813953488372093,4.108956671806753,person,0.8439299464225769,512.0,221.0,551.0,314.0,2107,centroid,532.6041870117188,264.30755615234375,mask PCA skeleton + low contact point,generated_videos/control_points_3_traffic.mp4
49,0,7,40,0.813953488372093,4.108956671806753,person,0.8439299464225769,512.0,221.0,551.0,314.0,2107,axis_front,544.0,313.0,mask PCA skeleton + low contact point,generated_videos/control_points_3_traffic.mp4
49,0,7,40,0.813953488372093,4.108956671806753,person,0.8439299464225769,512.0,221.0,551.0,314.0,2107,axis_back,528.0,221.0,mask PCA skeleton + low contact point,generated_videos/control_points_3_traffic.mp4
49,0,7,40,0.813953488372093,4.108956671806753,person,0.8439299464225769,512.0,221.0,551.0,314.0,2107,axis_left,550.0,250.0,mask PCA skeleton + low contact point,generated_videos/control_points_3_traffic.mp4
49,0,7,40,0.813953488372093,4.108956671806753,person,0.8439299464225769,512.0,221.0,551.0,314.0,2107,axis_right,512.0,268.0,mask PCA skeleton + low contact point,generated_videos/control_points_3_traffic.mp4
49,0,7,40,0.813953488372093,4.108956671806753,person,0.8439299464225769,512.0,221.0,551.0,314.0,2107,contact_low,541.0,304.0,mask PCA skeleton + low contact point,generated_videos/control_points_3_traffic.mp4
49,1,10,33,0.7917525773195876,3.736613372923761,person,0.8268831372261047,557.0,220.0,594.0,304.0,1848,centroid,576.9464111328125,261.06439208984375,mask PCA skeleton + low contact point,generated_videos/control_points_3_traffic.mp4
49,1,10,33,0.7917525773195876,3.736613372923761,person,0.8268831372261047,557.0,220.0,594.0,304.0,1848,axis_front,587.0,303.0,mask PCA skeleton + low contact point,generated_videos/control_points_3_traffic.mp4
49,1,10,33,0.7917525773195876,3.736613372923761,person,0.8268831372261047,557.0,220.0,594.0,304.0,1848,axis_back,583.0,220.0,mask PCA skeleton + low contact point,generated_videos/control_points_3_traffic.mp4
49,1,10,33,0.7917525773195876,3.736613372923761,person,0.8268831372261047,557.0,220.0,594.0,304.0,1848,axis_left,593.0,299.0,mask PCA skeleton + low contact point,generated_videos/control_points_3_traffic.mp4
49,1,10,33,0.7917525773195876,3.736613372923761,person,0.8268831372261047,557.0,220.0,594.0,304.0,1848,axis_right,557.0,287.0,mask PCA skeleton + low contact point,generated_videos/control_points_3_traffic.mp4
49,1,10,33,0.7917525773195876,3.736613372923761,person,0.8268831372261047,557.0,220.0,594.0,304.0,1848,contact_low,587.0,296.0,mask PCA skeleton + low contact point,generated_videos/control_points_3_traffic.mp4
49,7,6,45,1.0,0.037505010718537686,boat,0.3248429298400879,69.0,498.0,160.0,528.0,1770,centroid,114.2480239868164,513.2559204101562,mask PCA skeleton + low contact point,generated_videos/control_points_3_traffic.mp4
49,7,6,45,1.0,0.037505010718537686,boat,0.3248429298400879,69.0,498.0,160.0,528.0,1770,axis_front,69.0,525.0,mask PCA skeleton + low contact point,generated_videos/control_points_3_traffic.mp4
49,7,6,45,1.0,0.037505010718537686,boat,0.3248429298400879,69.0,498.0,160.0,528.0,1770,axis_back,159.0,506.0,mask PCA skeleton + low contact point,generated_videos/control_points_3_traffic.mp4
49,7,6,45,1.0,0.037505010718537686,boat,0.3248429298400879,69.0,498.0,160.0,528.0,1770,axis_left,115.0,527.0,mask PCA skeleton + low contact point,generated_videos/control_points_3_traffic.mp4
49,7,6,45,1.0,0.037505010718537686,boat,0.3248429298400879,69.0,498.0,160.0,528.0,1770,axis_right,116.0,498.0,mask PCA skeleton + low contact point,generated_videos/control_points_3_traffic.mp4
49,7,6,45,1.0,0.037505010718537686,boat,0.3248429298400879,69.0,498.0,160.0,528.0,1770,contact_low,95.0,526.0,mask PCA skeleton + low contact point,generated_videos/control_points_3_traffic.mp4
49,3,8,33,0.9141882008776206,0.5490089265926904,person,0.7649877667427063,374.0,182.0,400.0,258.0,1545,centroid,386.4938659667969,219.45761108398438,mask PCA skeleton + low contact point,generated_videos/control_points_3_traffic.mp4
49,3,8,33,0.9141882008776206,0.5490089265926904,person,0.7649877667427063,374.0,182.0,400.0,258.0,1545,axis_front,387.0,257.0,mask PCA skeleton + low contact point,generated_videos/control_points_3_traffic.mp4
49,3,8,33,0.9141882008776206,0.5490089265926904,person,0.7649877667427063,374.0,182.0,400.0,258.0,1545,axis_back,380.0,182.0,mask PCA skeleton + low contact point,generated_videos/control_points_3_traffic.mp4
49,3,8,33,0.9141882008776206,0.5490089265926904,person,0.7649877667427063,374.0,182.0,400.0,258.0,1545,axis_left,399.0,203.0,mask PCA skeleton + low contact point,generated_videos/control_points_3_traffic.mp4
49,3,8,33,0.9141882008776206,0.5490089265926904,person,0.7649877667427063,374.0,182.0,400.0,258.0,1545,axis_right,374.0,214.0,mask PCA skeleton + low contact point,generated_videos/control_points_3_traffic.mp4
49,3,8,33,0.9141882008776206,0.5490089265926904,person,0.7649877667427063,374.0,182.0,400.0,258.0,1545,contact_low,386.0,251.0,mask PCA skeleton + low contact point,generated_videos/control_points_3_traffic.mp4
49,5,12,13,0.7296954314720813,3.450625898794754,person,0.680317759513855,437.0,179.0,466.0,248.0,1332,centroid,451.6396484375,212.66065979003906,mask PCA skeleton + low contact point,generated_videos/control_points_3_traffic.mp4
49,5,12,13,0.7296954314720813,3.450625898794754,person,0.680317759513855,437.0,179.0,466.0,248.0,1332,axis_front,464.0,247.0,mask PCA skeleton + low contact point,generated_videos/control_points_3_traffic.mp4
49,5,12,13,0.7296954314720813,3.450625898794754,person,0.680317759513855,437.0,179.0,466.0,248.0,1332,axis_back,441.0,179.0,mask PCA skeleton + low contact point,generated_videos/control_points_3_traffic.mp4
49,5,12,13,0.7296954314720813,3.450625898794754,person,0.680317759513855,437.0,179.0,466.0,248.0,1332,axis_left,464.0,196.0,mask PCA skeleton + low contact point,generated_videos/control_points_3_traffic.mp4
49,5,12,13,0.7296954314720813,3.450625898794754,person,0.680317759513855,437.0,179.0,466.0,248.0,1332,axis_right,437.0,202.0,mask PCA skeleton + low contact point,generated_videos/control_points_3_traffic.mp4
49,5,12,13,0.7296954314720813,3.450625898794754,person,0.680317759513855,437.0,179.0,466.0,248.0,1332,contact_low,458.0,242.0,mask PCA skeleton + low contact point,generated_videos/control_points_3_traffic.mp4
49,4,4,50,1.0,0.0,car,0.7376601099967957,735.0,52.0,768.0,94.0,1302,centroid,751.4646606445312,72.35560607910156,mask PCA skeleton + low contact point,generated_videos/control_points_3_traffic.mp4
49,4,4,50,1.0,0.0,car,0.7376601099967957,735.0,52.0,768.0,94.0,1302,axis_front,736.0,92.0,mask PCA skeleton + low contact point,generated_videos/control_points_3_traffic.mp4
49,4,4,50,1.0,0.0,car,0.7376601099967957,735.0,52.0,768.0,94.0,1302,axis_back,767.0,52.0,mask PCA skeleton + low contact point,generated_videos/control_points_3_traffic.mp4
49,4,4,50,1.0,0.0,car,0.7376601099967957,735.0,52.0,768.0,94.0,1302,axis_left,767.0,93.0,mask PCA skeleton + low contact point,generated_videos/control_points_3_traffic.mp4
49,4,4,50,1.0,0.0,car,0.7376601099967957,735.0,52.0,768.0,94.0,1302,axis_right,735.0,62.0,mask PCA skeleton + low contact point,generated_videos/control_points_3_traffic.mp4
49,4,4,50,1.0,0.0,car,0.7376601099967957,735.0,52.0,768.0,94.0,1302,contact_low,751.0,90.0,mask PCA skeleton + low contact point,generated_videos/control_points_3_traffic.mp4
50,5,0,51,1.0,0.06087412901890879,truck,0.6190237998962402,653.0,45.0,724.0,101.0,3375,centroid,686.187255859375,71.15081787109375,mask PCA skeleton + low contact point,generated_videos/control_points_3_traffic.mp4
50,5,0,51,1.0,0.06087412901890879,truck,0.6190237998962402,653.0,45.0,724.0,101.0,3375,axis_front,653.0,54.0,mask PCA skeleton + low contact point,generated_videos/control_points_3_traffic.mp4
50,5,0,51,1.0,0.06087412901890879,truck,0.6190237998962402,653.0,45.0,724.0,101.0,3375,axis_back,723.0,85.0,mask PCA skeleton + low contact point,generated_videos/control_points_3_traffic.mp4
50,5,0,51,1.0,0.06087412901890879,truck,0.6190237998962402,653.0,45.0,724.0,101.0,3375,axis_left,696.0,100.0,mask PCA skeleton + low contact point,generated_videos/control_points_3_traffic.mp4
50,5,0,51,1.0,0.06087412901890879,truck,0.6190237998962402,653.0,45.0,724.0,101.0,3375,axis_right,709.0,45.0,mask PCA skeleton + low contact point,generated_videos/control_points_3_traffic.mp4
50,5,0,51,1.0,0.06087412901890879,truck,0.6190237998962402,653.0,45.0,724.0,101.0,3375,contact_low,688.0,93.0,mask PCA skeleton + low contact point,generated_videos/control_points_3_traffic.mp4
50,3,15,12,0.7194906261054121,10.175433225770142,person,0.7999682426452637,670.0,258.0,716.0,371.0,2695,centroid,692.4155883789062,314.70611572265625,mask PCA skeleton + low contact point,generated_videos/control_points_3_traffic.mp4
50,3,15,12,0.7194906261054121,10.175433225770142,person,0.7999682426452637,670.0,258.0,716.0,371.0,2695,axis_front,712.0,370.0,mask PCA skeleton + low contact point,generated_videos/control_points_3_traffic.mp4
50,3,15,12,0.7194906261054121,10.175433225770142,person,0.7999682426452637,670.0,258.0,716.0,371.0,2695,axis_back,684.0,258.0,mask PCA skeleton + low contact point,generated_videos/control_points_3_traffic.mp4
50,3,15,12,0.7194906261054121,10.175433225770142,person,0.7999682426452637,670.0,258.0,716.0,371.0,2695,axis_left,715.0,360.0,mask PCA skeleton + low contact point,generated_videos/control_points_3_traffic.mp4
50,3,15,12,0.7194906261054121,10.175433225770142,person,0.7999682426452637,670.0,258.0,716.0,371.0,2695,axis_right,670.0,358.0,mask PCA skeleton + low contact point,generated_videos/control_points_3_traffic.mp4
50,3,15,12,0.7194906261054121,10.175433225770142,person,0.7999682426452637,670.0,258.0,716.0,371.0,2695,contact_low,708.0,361.0,mask PCA skeleton + low contact point,generated_videos/control_points_3_traffic.mp4
50,1,7,41,0.6394749179559306,9.624082091018934,person,0.8302143812179565,506.0,218.0,543.0,309.0,2006,centroid,524.535400390625,259.06182861328125,mask PCA skeleton + low contact point,generated_videos/control_points_3_traffic.mp4
50,1,7,41,0.6394749179559306,9.624082091018934,person,0.8302143812179565,506.0,218.0,543.0,309.0,2006,axis_front,537.0,308.0,mask PCA skeleton + low contact point,generated_videos/control_points_3_traffic.mp4
50,1,7,41,0.6394749179559306,9.624082091018934,person,0.8302143812179565,506.0,218.0,543.0,309.0,2006,axis_back,520.0,218.0,mask PCA skeleton + low contact point,generated_videos/control_points_3_traffic.mp4
50,1,7,41,0.6394749179559306,9.624082091018934,person,0.8302143812179565,506.0,218.0,543.0,309.0,2006,axis_left,542.0,242.0,mask PCA skeleton + low contact point,generated_videos/control_points_3_traffic.mp4
50,1,7,41,0.6394749179559306,9.624082091018934,person,0.8302143812179565,506.0,218.0,543.0,309.0,2006,axis_right,506.0,267.0,mask PCA skeleton + low contact point,generated_videos/control_points_3_traffic.mp4
50,1,7,41,0.6394749179559306,9.624082091018934,person,0.8302143812179565,506.0,218.0,543.0,309.0,2006,contact_low,531.0,299.0,mask PCA skeleton + low contact point,generated_videos/control_points_3_traffic.mp4
50,0,10,34,0.6925675675675675,9.885214390389407,person,0.8304889798164368,554.0,214.0,587.0,302.0,1808,centroid,567.4889526367188,258.18804931640625,mask PCA skeleton + low contact point,generated_videos/control_points_3_traffic.mp4
50,0,10,34,0.6925675675675675,9.885214390389407,person,0.8304889798164368,554.0,214.0,587.0,302.0,1808,axis_front,584.0,301.0,mask PCA skeleton + low contact point,generated_videos/control_points_3_traffic.mp4
50,0,10,34,0.6925675675675675,9.885214390389407,person,0.8304889798164368,554.0,214.0,587.0,302.0,1808,axis_back,561.0,214.0,mask PCA skeleton + low contact point,generated_videos/control_points_3_traffic.mp4
50,0,10,34,0.6925675675675675,9.885214390389407,person,0.8304889798164368,554.0,214.0,587.0,302.0,1808,axis_left,586.0,293.0,mask PCA skeleton + low contact point,generated_videos/control_points_3_traffic.mp4
50,0,10,34,0.6925675675675675,9.885214390389407,person,0.8304889798164368,554.0,214.0,587.0,302.0,1808,axis_right,554.0,273.0,mask PCA skeleton + low contact point,generated_videos/control_points_3_traffic.mp4
50,0,10,34,0.6925675675675675,9.885214390389407,person,0.8304889798164368,554.0,214.0,587.0,302.0,1808,contact_low,579.0,294.0,mask PCA skeleton + low contact point,generated_videos/control_points_3_traffic.mp4
50,7,6,46,1.0,0.03571613127343424,boat,0.2975770831108093,69.0,498.0,160.0,528.0,1773,centroid,114.27749633789062,513.2357788085938,mask PCA skeleton + low contact point,generated_videos/control_points_3_traffic.mp4
50,7,6,46,1.0,0.03571613127343424,boat,0.2975770831108093,69.0,498.0,160.0,528.0,1773,axis_front,69.0,525.0,mask PCA skeleton + low contact point,generated_videos/control_points_3_traffic.mp4
50,7,6,46,1.0,0.03571613127343424,boat,0.2975770831108093,69.0,498.0,160.0,528.0,1773,axis_back,159.0,506.0,mask PCA skeleton + low contact point,generated_videos/control_points_3_traffic.mp4
50,7,6,46,1.0,0.03571613127343424,boat,0.2975770831108093,69.0,498.0,160.0,528.0,1773,axis_left,115.0,527.0,mask PCA skeleton + low contact point,generated_videos/control_points_3_traffic.mp4
50,7,6,46,1.0,0.03571613127343424,boat,0.2975770831108093,69.0,498.0,160.0,528.0,1773,axis_right,116.0,498.0,mask PCA skeleton + low contact point,generated_videos/control_points_3_traffic.mp4
50,7,6,46,1.0,0.03571613127343424,boat,0.2975770831108093,69.0,498.0,160.0,528.0,1773,contact_low,95.0,526.0,mask PCA skeleton + low contact point,generated_videos/control_points_3_traffic.mp4
50,2,8,34,0.9868421052631579,0.46088348990706246,person,0.801080584526062,374.0,182.0,400.0,257.0,1485,centroid,386.0740661621094,219.267333984375,mask PCA skeleton + low contact point,generated_videos/control_points_3_traffic.mp4
50,2,8,34,0.9868421052631579,0.46088348990706246,person,0.801080584526062,374.0,182.0,400.0,257.0,1485,axis_front,388.0,256.0,mask PCA skeleton + low contact point,generated_videos/control_points_3_traffic.mp4
50,2,8,34,0.9868421052631579,0.46088348990706246,person,0.801080584526062,374.0,182.0,400.0,257.0,1485,axis_back,380.0,182.0,mask PCA skeleton + low contact point,generated_videos/control_points_3_traffic.mp4
50,2,8,34,0.9868421052631579,0.46088348990706246,person,0.801080584526062,374.0,182.0,400.0,257.0,1485,axis_left,399.0,207.0,mask PCA skeleton + low contact point,generated_videos/control_points_3_traffic.mp4
50,2,8,34,0.9868421052631579,0.46088348990706246,person,0.801080584526062,374.0,182.0,400.0,257.0,1485,axis_right,374.0,217.0,mask PCA skeleton + low contact point,generated_videos/control_points_3_traffic.mp4
50,2,8,34,0.9868421052631579,0.46088348990706246,person,0.801080584526062,374.0,182.0,400.0,257.0,1485,contact_low,386.0,251.0,mask PCA skeleton + low contact point,generated_videos/control_points_3_traffic.mp4
50,4,4,51,1.0,0.01853578813193956,car,0.738387405872345,735.0,52.0,768.0,94.0,1303,centroid,751.4743041992188,72.37145233154297,mask PCA skeleton + low contact point,generated_videos/control_points_3_traffic.mp4
50,4,4,51,1.0,0.01853578813193956,car,0.738387405872345,735.0,52.0,768.0,94.0,1303,axis_front,736.0,92.0,mask PCA skeleton + low contact point,generated_videos/control_points_3_traffic.mp4
50,4,4,51,1.0,0.01853578813193956,car,0.738387405872345,735.0,52.0,768.0,94.0,1303,axis_back,767.0,52.0,mask PCA skeleton + low contact point,generated_videos/control_points_3_traffic.mp4
50,4,4,51,1.0,0.01853578813193956,car,0.738387405872345,735.0,52.0,768.0,94.0,1303,axis_left,767.0,93.0,mask PCA skeleton + low contact point,generated_videos/control_points_3_traffic.mp4
50,4,4,51,1.0,0.01853578813193956,car,0.738387405872345,735.0,52.0,768.0,94.0,1303,axis_right,735.0,62.0,mask PCA skeleton + low contact point,generated_videos/control_points_3_traffic.mp4
50,4,4,51,1.0,0.01853578813193956,car,0.738387405872345,735.0,52.0,768.0,94.0,1303,contact_low,752.0,90.0,mask PCA skeleton + low contact point,generated_videos/control_points_3_traffic.mp4
50,6,12,14,0.7052631578947368,6.057309725178298,person,0.5938020944595337,435.0,177.0,460.0,246.0,1040,centroid,446.5086669921875,209.44134521484375,mask PCA skeleton + low contact point,generated_videos/control_points_3_traffic.mp4
50,6,12,14,0.7052631578947368,6.057309725178298,person,0.5938020944595337,435.0,177.0,460.0,246.0,1040,axis_front,459.0,245.0,mask PCA skeleton + low contact point,generated_videos/control_points_3_traffic.mp4
50,6,12,14,0.7052631578947368,6.057309725178298,person,0.5938020944595337,435.0,177.0,460.0,246.0,1040,axis_back,435.0,177.0,mask PCA skeleton + low contact point,generated_videos/control_points_3_traffic.mp4
50,6,12,14,0.7052631578947368,6.057309725178298,person,0.5938020944595337,435.0,177.0,460.0,246.0,1040,axis_left,455.0,192.0,mask PCA skeleton + low contact point,generated_videos/control_points_3_traffic.mp4
50,6,12,14,0.7052631578947368,6.057309725178298,person,0.5938020944595337,435.0,177.0,460.0,246.0,1040,axis_right,435.0,202.0,mask PCA skeleton + low contact point,generated_videos/control_points_3_traffic.mp4
50,6,12,14,0.7052631578947368,6.057309725178298,person,0.5938020944595337,435.0,177.0,460.0,246.0,1040,contact_low,453.0,242.0,mask PCA skeleton + low contact point,generated_videos/control_points_3_traffic.mp4
51,5,0,52,1.0,0.0725341277513664,truck,0.6282480359077454,653.0,45.0,724.0,101.0,3380,centroid,686.25830078125,71.13609313964844,mask PCA skeleton + low contact point,generated_videos/control_points_3_traffic.mp4
51,5,0,52,1.0,0.0725341277513664,truck,0.6282480359077454,653.0,45.0,724.0,101.0,3380,axis_front,653.0,54.0,mask PCA skeleton + low contact point,generated_videos/control_points_3_traffic.mp4
51,5,0,52,1.0,0.0725341277513664,truck,0.6282480359077454,653.0,45.0,724.0,101.0,3380,axis_back,723.0,85.0,mask PCA skeleton + low contact point,generated_videos/control_points_3_traffic.mp4
51,5,0,52,1.0,0.0725341277513664,truck,0.6282480359077454,653.0,45.0,724.0,101.0,3380,axis_left,696.0,100.0,mask PCA skeleton + low contact point,generated_videos/control_points_3_traffic.mp4
51,5,0,52,1.0,0.0725341277513664,truck,0.6282480359077454,653.0,45.0,724.0,101.0,3380,axis_right,709.0,45.0,mask PCA skeleton + low contact point,generated_videos/control_points_3_traffic.mp4
51,5,0,52,1.0,0.0725341277513664,truck,0.6282480359077454,653.0,45.0,724.0,101.0,3380,contact_low,688.0,93.0,mask PCA skeleton + low contact point,generated_videos/control_points_3_traffic.mp4
51,0,15,13,0.8321744033076489,7.621707973107241,person,0.8255662322044373,670.0,255.0,711.0,366.0,2787,centroid,686.248291015625,310.22784423828125,mask PCA skeleton + low contact point,generated_videos/control_points_3_traffic.mp4
51,0,15,13,0.8321744033076489,7.621707973107241,person,0.8255662322044373,670.0,255.0,711.0,366.0,2787,axis_front,706.0,365.0,mask PCA skeleton + low contact point,generated_videos/control_points_3_traffic.mp4
51,0,15,13,0.8321744033076489,7.621707973107241,person,0.8255662322044373,670.0,255.0,711.0,366.0,2787,axis_back,677.0,255.0,mask PCA skeleton + low contact point,generated_videos/control_points_3_traffic.mp4
51,0,15,13,0.8321744033076489,7.621707973107241,person,0.8255662322044373,670.0,255.0,711.0,366.0,2787,axis_left,710.0,356.0,mask PCA skeleton + low contact point,generated_videos/control_points_3_traffic.mp4
51,0,15,13,0.8321744033076489,7.621707973107241,person,0.8255662322044373,670.0,255.0,711.0,366.0,2787,axis_right,670.0,358.0,mask PCA skeleton + low contact point,generated_videos/control_points_3_traffic.mp4
51,0,15,13,0.8321744033076489,7.621707973107241,person,0.8255662322044373,670.0,255.0,711.0,366.0,2787,contact_low,701.0,356.0,mask PCA skeleton + low contact point,generated_videos/control_points_3_traffic.mp4
51,3,7,42,0.8131677736066993,4.668094005312707,person,0.7710844874382019,506.0,215.0,538.0,306.0,1857,centroid,521.0737915039062,255.92999267578125,mask PCA skeleton + low contact point,generated_videos/control_points_3_traffic.mp4
51,3,7,42,0.8131677736066993,4.668094005312707,person,0.7710844874382019,506.0,215.0,538.0,306.0,1857,axis_front,520.0,305.0,mask PCA skeleton + low contact point,generated_videos/control_points_3_traffic.mp4
51,3,7,42,0.8131677736066993,4.668094005312707,person,0.7710844874382019,506.0,215.0,538.0,306.0,1857,axis_back,527.0,215.0,mask PCA skeleton + low contact point,generated_videos/control_points_3_traffic.mp4
51,3,7,42,0.8131677736066993,4.668094005312707,person,0.7710844874382019,506.0,215.0,538.0,306.0,1857,axis_left,537.0,249.0,mask PCA skeleton + low contact point,generated_videos/control_points_3_traffic.mp4
51,3,7,42,0.8131677736066993,4.668094005312707,person,0.7710844874382019,506.0,215.0,538.0,306.0,1857,axis_right,506.0,244.0,mask PCA skeleton + low contact point,generated_videos/control_points_3_traffic.mp4
51,3,7,42,0.8131677736066993,4.668094005312707,person,0.7710844874382019,506.0,215.0,538.0,306.0,1857,contact_low,522.0,296.0,mask PCA skeleton + low contact point,generated_videos/control_points_3_traffic.mp4
51,1,10,35,0.6116504854368932,5.790669308209177,person,0.7920118570327759,550.0,212.0,578.0,298.0,1779,centroid,562.7262573242188,254.89431762695312,mask PCA skeleton + low contact point,generated_videos/control_points_3_traffic.mp4
51,1,10,35,0.6116504854368932,5.790669308209177,person,0.7920118570327759,550.0,212.0,578.0,298.0,1779,axis_front,562.0,297.0,mask PCA skeleton + low contact point,generated_videos/control_points_3_traffic.mp4
51,1,10,35,0.6116504854368932,5.790669308209177,person,0.7920118570327759,550.0,212.0,578.0,298.0,1779,axis_back,555.0,212.0,mask PCA skeleton + low contact point,generated_videos/control_points_3_traffic.mp4
51,1,10,35,0.6116504854368932,5.790669308209177,person,0.7920118570327759,550.0,212.0,578.0,298.0,1779,axis_left,577.0,288.0,mask PCA skeleton + low contact point,generated_videos/control_points_3_traffic.mp4
51,1,10,35,0.6116504854368932,5.790669308209177,person,0.7920118570327759,550.0,212.0,578.0,298.0,1779,axis_right,550.0,269.0,mask PCA skeleton + low contact point,generated_videos/control_points_3_traffic.mp4
51,1,10,35,0.6116504854368932,5.790669308209177,person,0.7920118570327759,550.0,212.0,578.0,298.0,1779,contact_low,563.0,291.0,mask PCA skeleton + low contact point,generated_videos/control_points_3_traffic.mp4
51,6,6,47,1.0,0.02891230105573226,boat,0.2726895809173584,69.0,498.0,160.0,528.0,1768,centroid,114.29694366455078,513.21435546875,mask PCA skeleton + low contact point,generated_videos/control_points_3_traffic.mp4
51,6,6,47,1.0,0.02891230105573226,boat,0.2726895809173584,69.0,498.0,160.0,528.0,1768,axis_front,69.0,525.0,mask PCA skeleton + low contact point,generated_videos/control_points_3_traffic.mp4
51,6,6,47,1.0,0.02891230105573226,boat,0.2726895809173584,69.0,498.0,160.0,528.0,1768,axis_back,159.0,506.0,mask PCA skeleton + low contact point,generated_videos/control_points_3_traffic.mp4
51,6,6,47,1.0,0.02891230105573226,boat,0.2726895809173584,69.0,498.0,160.0,528.0,1768,axis_left,115.0,527.0,mask PCA skeleton + low contact point,generated_videos/control_points_3_traffic.mp4
51,6,6,47,1.0,0.02891230105573226,boat,0.2726895809173584,69.0,498.0,160.0,528.0,1768,axis_right,116.0,498.0,mask PCA skeleton + low contact point,generated_videos/control_points_3_traffic.mp4
51,6,6,47,1.0,0.02891230105573226,boat,0.2726895809173584,69.0,498.0,160.0,528.0,1768,contact_low,95.0,525.0,mask PCA skeleton + low contact point,generated_videos/control_points_3_traffic.mp4
51,2,8,35,1.0,0.5244251811801047,person,0.7919572591781616,374.0,182.0,400.0,257.0,1490,centroid,386.2751770019531,219.75167846679688,mask PCA skeleton + low contact point,generated_videos/control_points_3_traffic.mp4
51,2,8,35,1.0,0.5244251811801047,person,0.7919572591781616,374.0,182.0,400.0,257.0,1490,axis_front,388.0,256.0,mask PCA skeleton + low contact point,generated_videos/control_points_3_traffic.mp4
51,2,8,35,1.0,0.5244251811801047,person,0.7919572591781616,374.0,182.0,400.0,257.0,1490,axis_back,380.0,182.0,mask PCA skeleton + low contact point,generated_videos/control_points_3_traffic.mp4
51,2,8,35,1.0,0.5244251811801047,person,0.7919572591781616,374.0,182.0,400.0,257.0,1490,axis_left,399.0,208.0,mask PCA skeleton + low contact point,generated_videos/control_points_3_traffic.mp4
51,2,8,35,1.0,0.5244251811801047,person,0.7919572591781616,374.0,182.0,400.0,257.0,1490,axis_right,374.0,217.0,mask PCA skeleton + low contact point,generated_videos/control_points_3_traffic.mp4
51,2,8,35,1.0,0.5244251811801047,person,0.7919572591781616,374.0,182.0,400.0,257.0,1490,contact_low,387.0,251.0,mask PCA skeleton + low contact point,generated_videos/control_points_3_traffic.mp4
51,4,4,52,1.0,0.015773122158025447,car,0.7402331829071045,735.0,52.0,768.0,94.0,1300,centroid,751.47998046875,72.38615417480469,mask PCA skeleton + low contact point,generated_videos/control_points_3_traffic.mp4
51,4,4,52,1.0,0.015773122158025447,car,0.7402331829071045,735.0,52.0,768.0,94.0,1300,axis_front,736.0,92.0,mask PCA skeleton + low contact point,generated_videos/control_points_3_traffic.mp4
51,4,4,52,1.0,0.015773122158025447,car,0.7402331829071045,735.0,52.0,768.0,94.0,1300,axis_back,767.0,52.0,mask PCA skeleton + low contact point,generated_videos/control_points_3_traffic.mp4
51,4,4,52,1.0,0.015773122158025447,car,0.7402331829071045,735.0,52.0,768.0,94.0,1300,axis_left,767.0,93.0,mask PCA skeleton + low contact point,generated_videos/control_points_3_traffic.mp4
51,4,4,52,1.0,0.015773122158025447,car,0.7402331829071045,735.0,52.0,768.0,94.0,1300,axis_right,735.0,62.0,mask PCA skeleton + low contact point,generated_videos/control_points_3_traffic.mp4
51,4,4,52,1.0,0.015773122158025447,car,0.7402331829071045,735.0,52.0,768.0,94.0,1300,contact_low,751.0,90.0,mask PCA skeleton + low contact point,generated_videos/control_points_3_traffic.mp4
52,5,0,53,1.0,0.0707854340732533,truck,0.6313037872314453,653.0,45.0,724.0,101.0,3377,centroid,686.1883544921875,71.12525939941406,mask PCA skeleton + low contact point,generated_videos/control_points_3_traffic.mp4
52,5,0,53,1.0,0.0707854340732533,truck,0.6313037872314453,653.0,45.0,724.0,101.0,3377,axis_front,653.0,54.0,mask PCA skeleton + low contact point,generated_videos/control_points_3_traffic.mp4
52,5,0,53,1.0,0.0707854340732533,truck,0.6313037872314453,653.0,45.0,724.0,101.0,3377,axis_back,723.0,85.0,mask PCA skeleton + low contact point,generated_videos/control_points_3_traffic.mp4
52,5,0,53,1.0,0.0707854340732533,truck,0.6313037872314453,653.0,45.0,724.0,101.0,3377,axis_left,696.0,100.0,mask PCA skeleton + low contact point,generated_videos/control_points_3_traffic.mp4
52,5,0,53,1.0,0.0707854340732533,truck,0.6313037872314453,653.0,45.0,724.0,101.0,3377,axis_right,709.0,45.0,mask PCA skeleton + low contact point,generated_videos/control_points_3_traffic.mp4
52,5,0,53,1.0,0.0707854340732533,truck,0.6313037872314453,653.0,45.0,724.0,101.0,3377,contact_low,688.0,93.0,mask PCA skeleton + low contact point,generated_videos/control_points_3_traffic.mp4
52,0,15,14,0.6037952846463485,6.069117701873258,person,0.8618127703666687,664.0,254.0,700.0,360.0,2714,centroid,681.4664916992188,306.49041748046875,mask PCA skeleton + low contact point,generated_videos/control_points_3_traffic.mp4
52,0,15,14,0.6037952846463485,6.069117701873258,person,0.8618127703666687,664.0,254.0,700.0,360.0,2714,axis_front,680.0,359.0,mask PCA skeleton + low contact point,generated_videos/control_points_3_traffic.mp4
52,0,15,14,0.6037952846463485,6.069117701873258,person,0.8618127703666687,664.0,254.0,700.0,360.0,2714,axis_back,674.0,254.0,mask PCA skeleton + low contact point,generated_videos/control_points_3_traffic.mp4
52,0,15,14,0.6037952846463485,6.069117701873258,person,0.8618127703666687,664.0,254.0,700.0,360.0,2714,axis_left,698.0,288.0,mask PCA skeleton + low contact point,generated_videos/control_points_3_traffic.mp4
52,0,15,14,0.6037952846463485,6.069117701873258,person,0.8618127703666687,664.0,254.0,700.0,360.0,2714,axis_right,664.0,314.0,mask PCA skeleton + low contact point,generated_videos/control_points_3_traffic.mp4
52,0,15,14,0.6037952846463485,6.069117701873258,person,0.8618127703666687,664.0,254.0,700.0,360.0,2714,contact_low,680.0,352.0,mask PCA skeleton + low contact point,generated_videos/control_points_3_traffic.mp4
52,2,7,43,0.7987179487179488,2.8009899135460135,person,0.8104581236839294,504.0,214.0,534.0,304.0,1797,centroid,518.2738037109375,256.0050048828125,mask PCA skeleton + low contact point,generated_videos/control_points_3_traffic.mp4
52,2,7,43,0.7987179487179488,2.8009899135460135,person,0.8104581236839294,504.0,214.0,534.0,304.0,1797,axis_front,519.0,303.0,mask PCA skeleton + low contact point,generated_videos/control_points_3_traffic.mp4
52,2,7,43,0.7987179487179488,2.8009899135460135,person,0.8104581236839294,504.0,214.0,534.0,304.0,1797,axis_back,524.0,214.0,mask PCA skeleton + low contact point,generated_videos/control_points_3_traffic.mp4
52,2,7,43,0.7987179487179488,2.8009899135460135,person,0.8104581236839294,504.0,214.0,534.0,304.0,1797,axis_left,533.0,244.0,mask PCA skeleton + low contact point,generated_videos/control_points_3_traffic.mp4
52,2,7,43,0.7987179487179488,2.8009899135460135,person,0.8104581236839294,504.0,214.0,534.0,304.0,1797,axis_right,504.0,236.0,mask PCA skeleton + low contact point,generated_videos/control_points_3_traffic.mp4
52,2,7,43,0.7987179487179488,2.8009899135460135,person,0.8104581236839294,504.0,214.0,534.0,304.0,1797,contact_low,517.0,297.0,mask PCA skeleton + low contact point,generated_videos/control_points_3_traffic.mp4
52,6,6,48,1.0,0.02027539403722542,boat,0.29389283061027527,69.0,498.0,160.0,528.0,1768,centroid,114.31561279296875,513.2222900390625,mask PCA skeleton + low contact point,generated_videos/control_points_3_traffic.mp4
52,6,6,48,1.0,0.02027539403722542,boat,0.29389283061027527,69.0,498.0,160.0,528.0,1768,axis_front,69.0,525.0,mask PCA skeleton + low contact point,generated_videos/control_points_3_traffic.mp4
52,6,6,48,1.0,0.02027539403722542,boat,0.29389283061027527,69.0,498.0,160.0,528.0,1768,axis_back,159.0,506.0,mask PCA skeleton + low contact point,generated_videos/control_points_3_traffic.mp4
52,6,6,48,1.0,0.02027539403722542,boat,0.29389283061027527,69.0,498.0,160.0,528.0,1768,axis_left,115.0,527.0,mask PCA skeleton + low contact point,generated_videos/control_points_3_traffic.mp4
52,6,6,48,1.0,0.02027539403722542,boat,0.29389283061027527,69.0,498.0,160.0,528.0,1768,axis_right,116.0,498.0,mask PCA skeleton + low contact point,generated_videos/control_points_3_traffic.mp4
52,6,6,48,1.0,0.02027539403722542,boat,0.29389283061027527,69.0,498.0,160.0,528.0,1768,contact_low,95.0,525.0,mask PCA skeleton + low contact point,generated_videos/control_points_3_traffic.mp4
52,1,10,36,0.663386494740414,5.387764915229185,person,0.823503315448761,544.0,213.0,573.0,299.0,1708,centroid,558.1826782226562,251.9988250732422,mask PCA skeleton + low contact point,generated_videos/control_points_3_traffic.mp4
52,1,10,36,0.663386494740414,5.387764915229185,person,0.823503315448761,544.0,213.0,573.0,299.0,1708,axis_front,563.0,298.0,mask PCA skeleton + low contact point,generated_videos/control_points_3_traffic.mp4
52,1,10,36,0.663386494740414,5.387764915229185,person,0.823503315448761,544.0,213.0,573.0,299.0,1708,axis_back,550.0,213.0,mask PCA skeleton + low contact point,generated_videos/control_points_3_traffic.mp4
52,1,10,36,0.663386494740414,5.387764915229185,person,0.823503315448761,544.0,213.0,573.0,299.0,1708,axis_left,572.0,243.0,mask PCA skeleton + low contact point,generated_videos/control_points_3_traffic.mp4
52,1,10,36,0.663386494740414,5.387764915229185,person,0.823503315448761,544.0,213.0,573.0,299.0,1708,axis_right,544.0,268.0,mask PCA skeleton + low contact point,generated_videos/control_points_3_traffic.mp4
52,1,10,36,0.663386494740414,5.387764915229185,person,0.823503315448761,544.0,213.0,573.0,299.0,1708,contact_low,560.0,291.0,mask PCA skeleton + low contact point,generated_videos/control_points_3_traffic.mp4
52,3,8,36,0.9502923976608187,0.7312727936481046,person,0.7629971504211426,374.0,182.0,401.0,258.0,1499,centroid,386.4069519042969,220.47097778320312,mask PCA skeleton + low contact point,generated_videos/control_points_3_traffic.mp4
52,3,8,36,0.9502923976608187,0.7312727936481046,person,0.7629971504211426,374.0,182.0,401.0,258.0,1499,axis_front,387.0,257.0,mask PCA skeleton + low contact point,generated_videos/control_points_3_traffic.mp4
52,3,8,36,0.9502923976608187,0.7312727936481046,person,0.7629971504211426,374.0,182.0,401.0,258.0,1499,axis_back,380.0,182.0,mask PCA skeleton + low contact point,generated_videos/control_points_3_traffic.mp4
52,3,8,36,0.9502923976608187,0.7312727936481046,person,0.7629971504211426,374.0,182.0,401.0,258.0,1499,axis_left,400.0,213.0,mask PCA skeleton + low contact point,generated_videos/control_points_3_traffic.mp4
52,3,8,36,0.9502923976608187,0.7312727936481046,person,0.7629971504211426,374.0,182.0,401.0,258.0,1499,axis_right,374.0,215.0,mask PCA skeleton + low contact point,generated_videos/control_points_3_traffic.mp4
52,3,8,36,0.9502923976608187,0.7312727936481046,person,0.7629971504211426,374.0,182.0,401.0,258.0,1499,contact_low,386.0,252.0,mask PCA skeleton + low contact point,generated_videos/control_points_3_traffic.mp4
52,4,4,53,1.0,0.03417808435727284,car,0.7398087382316589,735.0,52.0,768.0,94.0,1302,centroid,751.4646606445312,72.35560607910156,mask PCA skeleton + low contact point,generated_videos/control_points_3_traffic.mp4
52,4,4,53,1.0,0.03417808435727284,car,0.7398087382316589,735.0,52.0,768.0,94.0,1302,axis_front,736.0,92.0,mask PCA skeleton + low contact point,generated_videos/control_points_3_traffic.mp4
52,4,4,53,1.0,0.03417808435727284,car,0.7398087382316589,735.0,52.0,768.0,94.0,1302,axis_back,767.0,52.0,mask PCA skeleton + low contact point,generated_videos/control_points_3_traffic.mp4
52,4,4,53,1.0,0.03417808435727284,car,0.7398087382316589,735.0,52.0,768.0,94.0,1302,axis_left,767.0,93.0,mask PCA skeleton + low contact point,generated_videos/control_points_3_traffic.mp4
52,4,4,53,1.0,0.03417808435727284,car,0.7398087382316589,735.0,52.0,768.0,94.0,1302,axis_right,735.0,62.0,mask PCA skeleton + low contact point,generated_videos/control_points_3_traffic.mp4
52,4,4,53,1.0,0.03417808435727284,car,0.7398087382316589,735.0,52.0,768.0,94.0,1302,contact_low,751.0,90.0,mask PCA skeleton + low contact point,generated_videos/control_points_3_traffic.mp4
53,5,0,54,1.0,0.0,truck,0.6297451257705688,653.0,45.0,724.0,101.0,3377,centroid,686.1883544921875,71.12525939941406,mask PCA skeleton + low contact point,generated_videos/control_points_3_traffic.mp4
53,5,0,54,1.0,0.0,truck,0.6297451257705688,653.0,45.0,724.0,101.0,3377,axis_front,653.0,54.0,mask PCA skeleton + low contact point,generated_videos/control_points_3_traffic.mp4
53,5,0,54,1.0,0.0,truck,0.6297451257705688,653.0,45.0,724.0,101.0,3377,axis_back,723.0,85.0,mask PCA skeleton + low contact point,generated_videos/control_points_3_traffic.mp4
53,5,0,54,1.0,0.0,truck,0.6297451257705688,653.0,45.0,724.0,101.0,3377,axis_left,696.0,100.0,mask PCA skeleton + low contact point,generated_videos/control_points_3_traffic.mp4
53,5,0,54,1.0,0.0,truck,0.6297451257705688,653.0,45.0,724.0,101.0,3377,axis_right,709.0,45.0,mask PCA skeleton + low contact point,generated_videos/control_points_3_traffic.mp4
53,5,0,54,1.0,0.0,truck,0.6297451257705688,653.0,45.0,724.0,101.0,3377,contact_low,688.0,93.0,mask PCA skeleton + low contact point,generated_videos/control_points_3_traffic.mp4
53,0,15,15,0.6781287485005998,8.089637494511779,person,0.8637822270393372,654.0,251.0,696.0,360.0,2539,centroid,675.6541748046875,300.8637390136719,mask PCA skeleton + low contact point,generated_videos/control_points_3_traffic.mp4
53,0,15,15,0.6781287485005998,8.089637494511779,person,0.8637822270393372,654.0,251.0,696.0,360.0,2539,axis_front,681.0,359.0,mask PCA skeleton + low contact point,generated_videos/control_points_3_traffic.mp4
53,0,15,15,0.6781287485005998,8.089637494511779,person,0.8637822270393372,654.0,251.0,696.0,360.0,2539,axis_back,670.0,251.0,mask PCA skeleton + low contact point,generated_videos/control_points_3_traffic.mp4
53,0,15,15,0.6781287485005998,8.089637494511779,person,0.8637822270393372,654.0,251.0,696.0,360.0,2539,axis_left,695.0,299.0,mask PCA skeleton + low contact point,generated_videos/control_points_3_traffic.mp4
53,0,15,15,0.6781287485005998,8.089637494511779,person,0.8637822270393372,654.0,251.0,696.0,360.0,2539,axis_right,654.0,309.0,mask PCA skeleton + low contact point,generated_videos/control_points_3_traffic.mp4
53,0,15,15,0.6781287485005998,8.089637494511779,person,0.8637822270393372,654.0,251.0,696.0,360.0,2539,contact_low,678.0,351.0,mask PCA skeleton + low contact point,generated_videos/control_points_3_traffic.mp4
53,2,7,44,0.7105263157894737,5.8252352755202725,person,0.8411215543746948,496.0,214.0,531.0,304.0,2176,centroid,513.269775390625,258.98712158203125,mask PCA skeleton + low contact point,generated_videos/control_points_3_traffic.mp4
53,2,7,44,0.7105263157894737,5.8252352755202725,person,0.8411215543746948,496.0,214.0,531.0,304.0,2176,axis_front,520.0,303.0,mask PCA skeleton + low contact point,generated_videos/control_points_3_traffic.mp4
53,2,7,44,0.7105263157894737,5.8252352755202725,person,0.8411215543746948,496.0,214.0,531.0,304.0,2176,axis_back,519.0,214.0,mask PCA skeleton + low contact point,generated_videos/control_points_3_traffic.mp4
53,2,7,44,0.7105263157894737,5.8252352755202725,person,0.8411215543746948,496.0,214.0,531.0,304.0,2176,axis_left,530.0,244.0,mask PCA skeleton + low contact point,generated_videos/control_points_3_traffic.mp4
53,2,7,44,0.7105263157894737,5.8252352755202725,person,0.8411215543746948,496.0,214.0,531.0,304.0,2176,axis_right,496.0,269.0,mask PCA skeleton + low contact point,generated_videos/control_points_3_traffic.mp4
53,2,7,44,0.7105263157894737,5.8252352755202725,person,0.8411215543746948,496.0,214.0,531.0,304.0,2176,contact_low,518.0,296.0,mask PCA skeleton + low contact point,generated_videos/control_points_3_traffic.mp4
53,1,10,37,0.8062330623306233,3.648817628167012,person,0.8421010375022888,539.0,212.0,572.0,298.0,1836,centroid,554.5506591796875,252.3485870361328,mask PCA skeleton + low contact point,generated_videos/control_points_3_traffic.mp4
53,1,10,37,0.8062330623306233,3.648817628167012,person,0.8421010375022888,539.0,212.0,572.0,298.0,1836,axis_front,563.0,297.0,mask PCA skeleton + low contact point,generated_videos/control_points_3_traffic.mp4
53,1,10,37,0.8062330623306233,3.648817628167012,person,0.8421010375022888,539.0,212.0,572.0,298.0,1836,axis_back,548.0,212.0,mask PCA skeleton + low contact point,generated_videos/control_points_3_traffic.mp4
53,1,10,37,0.8062330623306233,3.648817628167012,person,0.8421010375022888,539.0,212.0,572.0,298.0,1836,axis_left,571.0,249.0,mask PCA skeleton + low contact point,generated_videos/control_points_3_traffic.mp4
53,1,10,37,0.8062330623306233,3.648817628167012,person,0.8421010375022888,539.0,212.0,572.0,298.0,1836,axis_right,539.0,260.0,mask PCA skeleton + low contact point,generated_videos/control_points_3_traffic.mp4
53,1,10,37,0.8062330623306233,3.648817628167012,person,0.8421010375022888,539.0,212.0,572.0,298.0,1836,contact_low,559.0,290.0,mask PCA skeleton + low contact point,generated_videos/control_points_3_traffic.mp4
53,6,6,49,0.989010989010989,0.277122796726158,boat,0.2876579165458679,70.0,498.0,160.0,528.0,1755,centroid,114.59088134765625,513.1903076171875,mask PCA skeleton + low contact point,generated_videos/control_points_3_traffic.mp4
53,6,6,49,0.989010989010989,0.277122796726158,boat,0.2876579165458679,70.0,498.0,160.0,528.0,1755,axis_front,70.0,526.0,mask PCA skeleton + low contact point,generated_videos/control_points_3_traffic.mp4
53,6,6,49,0.989010989010989,0.277122796726158,boat,0.2876579165458679,70.0,498.0,160.0,528.0,1755,axis_back,159.0,506.0,mask PCA skeleton + low contact point,generated_videos/control_points_3_traffic.mp4
53,6,6,49,0.989010989010989,0.277122796726158,boat,0.2876579165458679,70.0,498.0,160.0,528.0,1755,axis_left,115.0,527.0,mask PCA skeleton + low contact point,generated_videos/control_points_3_traffic.mp4
53,6,6,49,0.989010989010989,0.277122796726158,boat,0.2876579165458679,70.0,498.0,160.0,528.0,1755,axis_right,116.0,498.0,mask PCA skeleton + low contact point,generated_videos/control_points_3_traffic.mp4
53,6,6,49,0.989010989010989,0.277122796726158,boat,0.2876579165458679,70.0,498.0,160.0,528.0,1755,contact_low,95.0,526.0,mask PCA skeleton + low contact point,generated_videos/control_points_3_traffic.mp4
53,3,8,37,0.9015594541910331,0.5063125883400782,person,0.7428350448608398,374.0,183.0,399.0,257.0,1418,centroid,386.1530456542969,220.90902709960938,mask PCA skeleton + low contact point,generated_videos/control_points_3_traffic.mp4
53,3,8,37,0.9015594541910331,0.5063125883400782,person,0.7428350448608398,374.0,183.0,399.0,257.0,1418,axis_front,388.0,256.0,mask PCA skeleton + low contact point,generated_videos/control_points_3_traffic.mp4
53,3,8,37,0.9015594541910331,0.5063125883400782,person,0.7428350448608398,374.0,183.0,399.0,257.0,1418,axis_back,381.0,183.0,mask PCA skeleton + low contact point,generated_videos/control_points_3_traffic.mp4
53,3,8,37,0.9015594541910331,0.5063125883400782,person,0.7428350448608398,374.0,183.0,399.0,257.0,1418,axis_left,398.0,216.0,mask PCA skeleton + low contact point,generated_videos/control_points_3_traffic.mp4
53,3,8,37,0.9015594541910331,0.5063125883400782,person,0.7428350448608398,374.0,183.0,399.0,257.0,1418,axis_right,374.0,215.0,mask PCA skeleton + low contact point,generated_videos/control_points_3_traffic.mp4
53,3,8,37,0.9015594541910331,0.5063125883400782,person,0.7428350448608398,374.0,183.0,399.0,257.0,1418,contact_low,387.0,251.0,mask PCA skeleton + low contact point,generated_videos/control_points_3_traffic.mp4
53,4,4,54,1.0,0.016912668826556166,car,0.7401475310325623,735.0,52.0,768.0,94.0,1301,centroid,751.4727172851562,72.3704833984375,mask PCA skeleton + low contact point,generated_videos/control_points_3_traffic.mp4
53,4,4,54,1.0,0.016912668826556166,car,0.7401475310325623,735.0,52.0,768.0,94.0,1301,axis_front,736.0,92.0,mask PCA skeleton + low contact point,generated_videos/control_points_3_traffic.mp4
53,4,4,54,1.0,0.016912668826556166,car,0.7401475310325623,735.0,52.0,768.0,94.0,1301,axis_back,767.0,52.0,mask PCA skeleton + low contact point,generated_videos/control_points_3_traffic.mp4
53,4,4,54,1.0,0.016912668826556166,car,0.7401475310325623,735.0,52.0,768.0,94.0,1301,axis_left,767.0,93.0,mask PCA skeleton + low contact point,generated_videos/control_points_3_traffic.mp4
53,4,4,54,1.0,0.016912668826556166,car,0.7401475310325623,735.0,52.0,768.0,94.0,1301,axis_right,735.0,62.0,mask PCA skeleton + low contact point,generated_videos/control_points_3_traffic.mp4
53,4,4,54,1.0,0.016912668826556166,car,0.7401475310325623,735.0,52.0,768.0,94.0,1301,contact_low,751.0,90.0,mask PCA skeleton + low contact point,generated_videos/control_points_3_traffic.mp4
53,7,16,2,1.0,0.11014713655068357,person,0.27653372287750244,30.0,112.0,50.0,141.0,294,centroid,39.70408248901367,123.18707275390625,mask PCA skeleton + low contact point,generated_videos/control_points_3_traffic.mp4
53,7,16,2,1.0,0.11014713655068357,person,0.27653372287750244,30.0,112.0,50.0,141.0,294,axis_front,39.0,140.0,mask PCA skeleton + low contact point,generated_videos/control_points_3_traffic.mp4
53,7,16,2,1.0,0.11014713655068357,person,0.27653372287750244,30.0,112.0,50.0,141.0,294,axis_back,49.0,112.0,mask PCA skeleton + low contact point,generated_videos/control_points_3_traffic.mp4
53,7,16,2,1.0,0.11014713655068357,person,0.27653372287750244,30.0,112.0,50.0,141.0,294,axis_left,49.0,115.0,mask PCA skeleton + low contact point,generated_videos/control_points_3_traffic.mp4
53,7,16,2,1.0,0.11014713655068357,person,0.27653372287750244,30.0,112.0,50.0,141.0,294,axis_right,30.0,118.0,mask PCA skeleton + low contact point,generated_videos/control_points_3_traffic.mp4
53,7,16,2,1.0,0.11014713655068357,person,0.27653372287750244,30.0,112.0,50.0,141.0,294,contact_low,40.0,138.0,mask PCA skeleton + low contact point,generated_videos/control_points_3_traffic.mp4
54,5,0,55,1.0,0.0025126684554778577,truck,0.6231456995010376,653.0,45.0,724.0,101.0,3377,centroid,686.1865844726562,71.12703704833984,mask PCA skeleton + low contact point,generated_videos/control_points_3_traffic.mp4
54,5,0,55,1.0,0.0025126684554778577,truck,0.6231456995010376,653.0,45.0,724.0,101.0,3377,axis_front,653.0,54.0,mask PCA skeleton + low contact point,generated_videos/control_points_3_traffic.mp4
54,5,0,55,1.0,0.0025126684554778577,truck,0.6231456995010376,653.0,45.0,724.0,101.0,3377,axis_back,723.0,85.0,mask PCA skeleton + low contact point,generated_videos/control_points_3_traffic.mp4
54,5,0,55,1.0,0.0025126684554778577,truck,0.6231456995010376,653.0,45.0,724.0,101.0,3377,axis_left,696.0,100.0,mask PCA skeleton + low contact point,generated_videos/control_points_3_traffic.mp4
54,5,0,55,1.0,0.0025126684554778577,truck,0.6231456995010376,653.0,45.0,724.0,101.0,3377,axis_right,709.0,45.0,mask PCA skeleton + low contact point,generated_videos/control_points_3_traffic.mp4
54,5,0,55,1.0,0.0025126684554778577,truck,0.6231456995010376,653.0,45.0,724.0,101.0,3377,contact_low,688.0,93.0,mask PCA skeleton + low contact point,generated_videos/control_points_3_traffic.mp4
54,0,15,16,0.5769230769230769,10.409475597191262,person,0.8657884001731873,644.0,251.0,684.0,360.0,2681,centroid,665.6124877929688,303.6061096191406,mask PCA skeleton + low contact point,generated_videos/control_points_3_traffic.mp4
54,0,15,16,0.5769230769230769,10.409475597191262,person,0.8657884001731873,644.0,251.0,684.0,360.0,2681,axis_front,680.0,359.0,mask PCA skeleton + low contact point,generated_videos/control_points_3_traffic.mp4
54,0,15,16,0.5769230769230769,10.409475597191262,person,0.8657884001731873,644.0,251.0,684.0,360.0,2681,axis_back,659.0,251.0,mask PCA skeleton + low contact point,generated_videos/control_points_3_traffic.mp4
54,0,15,16,0.5769230769230769,10.409475597191262,person,0.8657884001731873,644.0,251.0,684.0,360.0,2681,axis_left,683.0,284.0,mask PCA skeleton + low contact point,generated_videos/control_points_3_traffic.mp4
54,0,15,16,0.5769230769230769,10.409475597191262,person,0.8657884001731873,644.0,251.0,684.0,360.0,2681,axis_right,644.0,344.0,mask PCA skeleton + low contact point,generated_videos/control_points_3_traffic.mp4
54,0,15,16,0.5769230769230769,10.409475597191262,person,0.8657884001731873,644.0,251.0,684.0,360.0,2681,contact_low,676.0,349.0,mask PCA skeleton + low contact point,generated_videos/control_points_3_traffic.mp4
54,2,7,45,0.7043527416619559,6.954585691517983,person,0.8161795139312744,492.0,213.0,524.0,303.0,1966,centroid,507.4394836425781,255.19583129882812,mask PCA skeleton + low contact point,generated_videos/control_points_3_traffic.mp4
54,2,7,45,0.7043527416619559,6.954585691517983,person,0.8161795139312744,492.0,213.0,524.0,303.0,1966,axis_front,520.0,302.0,mask PCA skeleton + low contact point,generated_videos/control_points_3_traffic.mp4
54,2,7,45,0.7043527416619559,6.954585691517983,person,0.8161795139312744,492.0,213.0,524.0,303.0,1966,axis_back,498.0,213.0,mask PCA skeleton + low contact point,generated_videos/control_points_3_traffic.mp4
54,2,7,45,0.7043527416619559,6.954585691517983,person,0.8161795139312744,492.0,213.0,524.0,303.0,1966,axis_left,523.0,238.0,mask PCA skeleton + low contact point,generated_videos/control_points_3_traffic.mp4
54,2,7,45,0.7043527416619559,6.954585691517983,person,0.8161795139312744,492.0,213.0,524.0,303.0,1966,axis_right,492.0,297.0,mask PCA skeleton + low contact point,generated_videos/control_points_3_traffic.mp4
54,2,7,45,0.7043527416619559,6.954585691517983,person,0.8161795139312744,492.0,213.0,524.0,303.0,1966,contact_low,516.0,294.0,mask PCA skeleton + low contact point,generated_videos/control_points_3_traffic.mp4
54,1,10,38,0.6619156214367161,6.323676160661347,person,0.838021457195282,532.0,210.0,566.0,298.0,1881,centroid,548.3211059570312,251.26156616210938,mask PCA skeleton + low contact point,generated_videos/control_points_3_traffic.mp4
54,1,10,38,0.6619156214367161,6.323676160661347,person,0.838021457195282,532.0,210.0,566.0,298.0,1881,axis_front,559.0,297.0,mask PCA skeleton + low contact point,generated_videos/control_points_3_traffic.mp4
54,1,10,38,0.6619156214367161,6.323676160661347,person,0.838021457195282,532.0,210.0,566.0,298.0,1881,axis_back,540.0,210.0,mask PCA skeleton + low contact point,generated_videos/control_points_3_traffic.mp4
54,1,10,38,0.6619156214367161,6.323676160661347,person,0.838021457195282,532.0,210.0,566.0,298.0,1881,axis_left,565.0,249.0,mask PCA skeleton + low contact point,generated_videos/control_points_3_traffic.mp4
54,1,10,38,0.6619156214367161,6.323676160661347,person,0.838021457195282,532.0,210.0,566.0,298.0,1881,axis_right,532.0,255.0,mask PCA skeleton + low contact point,generated_videos/control_points_3_traffic.mp4
54,1,10,38,0.6619156214367161,6.323676160661347,person,0.838021457195282,532.0,210.0,566.0,298.0,1881,contact_low,556.0,287.0,mask PCA skeleton + low contact point,generated_videos/control_points_3_traffic.mp4
54,6,6,50,0.989010989010989,0.2647817894293688,boat,0.2853371798992157,69.0,498.0,160.0,528.0,1766,centroid,114.32899475097656,513.2293090820312,mask PCA skeleton + low contact point,generated_videos/control_points_3_traffic.mp4
54,6,6,50,0.989010989010989,0.2647817894293688,boat,0.2853371798992157,69.0,498.0,160.0,528.0,1766,axis_front,69.0,525.0,mask PCA skeleton + low contact point,generated_videos/control_points_3_traffic.mp4
54,6,6,50,0.989010989010989,0.2647817894293688,boat,0.2853371798992157,69.0,498.0,160.0,528.0,1766,axis_back,159.0,506.0,mask PCA skeleton + low contact point,generated_videos/control_points_3_traffic.mp4
54,6,6,50,0.989010989010989,0.2647817894293688,boat,0.2853371798992157,69.0,498.0,160.0,528.0,1766,axis_left,115.0,527.0,mask PCA skeleton + low contact point,generated_videos/control_points_3_traffic.mp4
54,6,6,50,0.989010989010989,0.2647817894293688,boat,0.2853371798992157,69.0,498.0,160.0,528.0,1766,axis_right,116.0,498.0,mask PCA skeleton + low contact point,generated_videos/control_points_3_traffic.mp4
54,6,6,50,0.989010989010989,0.2647817894293688,boat,0.2853371798992157,69.0,498.0,160.0,528.0,1766,contact_low,95.0,525.0,mask PCA skeleton + low contact point,generated_videos/control_points_3_traffic.mp4
54,3,4,55,1.0,0.016912668826556166,car,0.735954999923706,735.0,52.0,768.0,94.0,1302,centroid,751.4646606445312,72.35560607910156,mask PCA skeleton + low contact point,generated_videos/control_points_3_traffic.mp4
54,3,4,55,1.0,0.016912668826556166,car,0.735954999923706,735.0,52.0,768.0,94.0,1302,axis_front,736.0,92.0,mask PCA skeleton + low contact point,generated_videos/control_points_3_traffic.mp4
54,3,4,55,1.0,0.016912668826556166,car,0.735954999923706,735.0,52.0,768.0,94.0,1302,axis_back,767.0,52.0,mask PCA skeleton + low contact point,generated_videos/control_points_3_traffic.mp4
54,3,4,55,1.0,0.016912668826556166,car,0.735954999923706,735.0,52.0,768.0,94.0,1302,axis_left,767.0,93.0,mask PCA skeleton + low contact point,generated_videos/control_points_3_traffic.mp4
54,3,4,55,1.0,0.016912668826556166,car,0.735954999923706,735.0,52.0,768.0,94.0,1302,axis_right,735.0,62.0,mask PCA skeleton + low contact point,generated_videos/control_points_3_traffic.mp4
54,3,4,55,1.0,0.016912668826556166,car,0.735954999923706,735.0,52.0,768.0,94.0,1302,contact_low,751.0,90.0,mask PCA skeleton + low contact point,generated_videos/control_points_3_traffic.mp4
54,4,8,38,0.9340540540540541,0.3739966165347182,person,0.7296088933944702,375.0,184.0,399.0,256.0,1291,centroid,386.3841857910156,220.61502075195312,mask PCA skeleton + low contact point,generated_videos/control_points_3_traffic.mp4
54,4,8,38,0.9340540540540541,0.3739966165347182,person,0.7296088933944702,375.0,184.0,399.0,256.0,1291,axis_front,388.0,255.0,mask PCA skeleton + low contact point,generated_videos/control_points_3_traffic.mp4
54,4,8,38,0.9340540540540541,0.3739966165347182,person,0.7296088933944702,375.0,184.0,399.0,256.0,1291,axis_back,381.0,184.0,mask PCA skeleton + low contact point,generated_videos/control_points_3_traffic.mp4
54,4,8,38,0.9340540540540541,0.3739966165347182,person,0.7296088933944702,375.0,184.0,399.0,256.0,1291,axis_left,398.0,236.0,mask PCA skeleton + low contact point,generated_videos/control_points_3_traffic.mp4
54,4,8,38,0.9340540540540541,0.3739966165347182,person,0.7296088933944702,375.0,184.0,399.0,256.0,1291,axis_right,375.0,219.0,mask PCA skeleton + low contact point,generated_videos/control_points_3_traffic.mp4
54,4,8,38,0.9340540540540541,0.3739966165347182,person,0.7296088933944702,375.0,184.0,399.0,256.0,1291,contact_low,387.0,251.0,mask PCA skeleton + low contact point,generated_videos/control_points_3_traffic.mp4
54,7,1,40,0.4080694586312564,13.36985137704875,person,0.2558616101741791,404.0,174.0,426.0,263.0,1141,centroid,414.5030822753906,217.63278198242188,mask PCA skeleton + low contact point,generated_videos/control_points_3_traffic.mp4
54,7,1,40,0.4080694586312564,13.36985137704875,person,0.2558616101741791,404.0,174.0,426.0,263.0,1141,axis_front,410.0,262.0,mask PCA skeleton + low contact point,generated_videos/control_points_3_traffic.mp4
54,7,1,40,0.4080694586312564,13.36985137704875,person,0.2558616101741791,404.0,174.0,426.0,263.0,1141,axis_back,422.0,174.0,mask PCA skeleton + low contact point,generated_videos/control_points_3_traffic.mp4
54,7,1,40,0.4080694586312564,13.36985137704875,person,0.2558616101741791,404.0,174.0,426.0,263.0,1141,axis_left,425.0,260.0,mask PCA skeleton + low contact point,generated_videos/control_points_3_traffic.mp4
54,7,1,40,0.4080694586312564,13.36985137704875,person,0.2558616101741791,404.0,174.0,426.0,263.0,1141,axis_right,404.0,216.0,mask PCA skeleton + low contact point,generated_videos/control_points_3_traffic.mp4
54,7,1,40,0.4080694586312564,13.36985137704875,person,0.2558616101741791,404.0,174.0,426.0,263.0,1141,contact_low,416.0,258.0,mask PCA skeleton + low contact point,generated_videos/control_points_3_traffic.mp4
55,5,0,56,1.0,0.0025126684554778577,truck,0.6176992654800415,653.0,45.0,724.0,101.0,3377,centroid,686.1883544921875,71.12525939941406,mask PCA skeleton + low contact point,generated_videos/control_points_3_traffic.mp4
55,5,0,56,1.0,0.0025126684554778577,truck,0.6176992654800415,653.0,45.0,724.0,101.0,3377,axis_front,653.0,54.0,mask PCA skeleton + low contact point,generated_videos/control_points_3_traffic.mp4
55,5,0,56,1.0,0.0025126684554778577,truck,0.6176992654800415,653.0,45.0,724.0,101.0,3377,axis_back,723.0,85.0,mask PCA skeleton + low contact point,generated_videos/control_points_3_traffic.mp4
55,5,0,56,1.0,0.0025126684554778577,truck,0.6176992654800415,653.0,45.0,724.0,101.0,3377,axis_left,696.0,100.0,mask PCA skeleton + low contact point,generated_videos/control_points_3_traffic.mp4
55,5,0,56,1.0,0.0025126684554778577,truck,0.6176992654800415,653.0,45.0,724.0,101.0,3377,axis_right,709.0,45.0,mask PCA skeleton + low contact point,generated_videos/control_points_3_traffic.mp4
55,5,0,56,1.0,0.0025126684554778577,truck,0.6176992654800415,653.0,45.0,724.0,101.0,3377,contact_low,688.0,93.0,mask PCA skeleton + low contact point,generated_videos/control_points_3_traffic.mp4
55,0,15,17,0.8458933107535986,4.660311396353714,person,0.8492154479026794,641.0,250.0,681.0,359.0,2504,centroid,661.0283813476562,302.76678466796875,mask PCA skeleton + low contact point,generated_videos/control_points_3_traffic.mp4
55,0,15,17,0.8458933107535986,4.660311396353714,person,0.8492154479026794,641.0,250.0,681.0,359.0,2504,axis_front,677.0,358.0,mask PCA skeleton + low contact point,generated_videos/control_points_3_traffic.mp4
55,0,15,17,0.8458933107535986,4.660311396353714,person,0.8492154479026794,641.0,250.0,681.0,359.0,2504,axis_back,656.0,250.0,mask PCA skeleton + low contact point,generated_videos/control_points_3_traffic.mp4
55,0,15,17,0.8458933107535986,4.660311396353714,person,0.8492154479026794,641.0,250.0,681.0,359.0,2504,axis_left,680.0,350.0,mask PCA skeleton + low contact point,generated_videos/control_points_3_traffic.mp4
55,0,15,17,0.8458933107535986,4.660311396353714,person,0.8492154479026794,641.0,250.0,681.0,359.0,2504,axis_right,641.0,345.0,mask PCA skeleton + low contact point,generated_videos/control_points_3_traffic.mp4
55,0,15,17,0.8458933107535986,4.660311396353714,person,0.8492154479026794,641.0,250.0,681.0,359.0,2504,contact_low,674.0,348.0,mask PCA skeleton + low contact point,generated_videos/control_points_3_traffic.mp4
55,1,7,46,0.6780626780626781,5.759787819009211,person,0.8425790071487427,485.0,212.0,520.0,298.0,2085,centroid,502.0465087890625,253.1731414794922,mask PCA skeleton + low contact point,generated_videos/control_points_3_traffic.mp4
55,1,7,46,0.6780626780626781,5.759787819009211,person,0.8425790071487427,485.0,212.0,520.0,298.0,2085,axis_front,517.0,297.0,mask PCA skeleton + low contact point,generated_videos/control_points_3_traffic.mp4
55,1,7,46,0.6780626780626781,5.759787819009211,person,0.8425790071487427,485.0,212.0,520.0,298.0,2085,axis_back,495.0,212.0,mask PCA skeleton + low contact point,generated_videos/control_points_3_traffic.mp4
55,1,7,46,0.6780626780626781,5.759787819009211,person,0.8425790071487427,485.0,212.0,520.0,298.0,2085,axis_left,518.0,232.0,mask PCA skeleton + low contact point,generated_videos/control_points_3_traffic.mp4
55,1,7,46,0.6780626780626781,5.759787819009211,person,0.8425790071487427,485.0,212.0,520.0,298.0,2085,axis_right,485.0,259.0,mask PCA skeleton + low contact point,generated_videos/control_points_3_traffic.mp4
55,1,7,46,0.6780626780626781,5.759787819009211,person,0.8425790071487427,485.0,212.0,520.0,298.0,2085,contact_low,498.0,290.0,mask PCA skeleton + low contact point,generated_videos/control_points_3_traffic.mp4
55,7,6,51,1.0,0.045057953277688606,boat,0.29082950949668884,69.0,498.0,160.0,528.0,1767,centroid,114.28409576416016,513.233154296875,mask PCA skeleton + low contact point,generated_videos/control_points_3_traffic.mp4
55,7,6,51,1.0,0.045057953277688606,boat,0.29082950949668884,69.0,498.0,160.0,528.0,1767,axis_front,69.0,525.0,mask PCA skeleton + low contact point,generated_videos/control_points_3_traffic.mp4
55,7,6,51,1.0,0.045057953277688606,boat,0.29082950949668884,69.0,498.0,160.0,528.0,1767,axis_back,159.0,506.0,mask PCA skeleton + low contact point,generated_videos/control_points_3_traffic.mp4
55,7,6,51,1.0,0.045057953277688606,boat,0.29082950949668884,69.0,498.0,160.0,528.0,1767,axis_left,115.0,527.0,mask PCA skeleton + low contact point,generated_videos/control_points_3_traffic.mp4
55,7,6,51,1.0,0.045057953277688606,boat,0.29082950949668884,69.0,498.0,160.0,528.0,1767,axis_right,116.0,498.0,mask PCA skeleton + low contact point,generated_videos/control_points_3_traffic.mp4
55,7,6,51,1.0,0.045057953277688606,boat,0.29082950949668884,69.0,498.0,160.0,528.0,1767,contact_low,95.0,526.0,mask PCA skeleton + low contact point,generated_videos/control_points_3_traffic.mp4
55,2,10,39,0.8016741790083709,4.679880689656765,person,0.8189525008201599,531.0,209.0,562.0,293.0,1701,centroid,544.7842407226562,248.1969451904297,mask PCA skeleton + low contact point,generated_videos/control_points_3_traffic.mp4
55,2,10,39,0.8016741790083709,4.679880689656765,person,0.8189525008201599,531.0,209.0,562.0,293.0,1701,axis_front,554.0,292.0,mask PCA skeleton + low contact point,generated_videos/control_points_3_traffic.mp4
55,2,10,39,0.8016741790083709,4.679880689656765,person,0.8189525008201599,531.0,209.0,562.0,293.0,1701,axis_back,537.0,209.0,mask PCA skeleton + low contact point,generated_videos/control_points_3_traffic.mp4
55,2,10,39,0.8016741790083709,4.679880689656765,person,0.8189525008201599,531.0,209.0,562.0,293.0,1701,axis_left,561.0,248.0,mask PCA skeleton + low contact point,generated_videos/control_points_3_traffic.mp4
55,2,10,39,0.8016741790083709,4.679880689656765,person,0.8189525008201599,531.0,209.0,562.0,293.0,1701,axis_right,531.0,257.0,mask PCA skeleton + low contact point,generated_videos/control_points_3_traffic.mp4
55,2,10,39,0.8016741790083709,4.679880689656765,person,0.8189525008201599,531.0,209.0,562.0,293.0,1701,contact_low,549.0,284.0,mask PCA skeleton + low contact point,generated_videos/control_points_3_traffic.mp4
55,3,4,56,1.0,0.0,car,0.7227849960327148,735.0,52.0,768.0,94.0,1302,centroid,751.4646606445312,72.35560607910156,mask PCA skeleton + low contact point,generated_videos/control_points_3_traffic.mp4
55,3,4,56,1.0,0.0,car,0.7227849960327148,735.0,52.0,768.0,94.0,1302,axis_front,736.0,92.0,mask PCA skeleton + low contact point,generated_videos/control_points_3_traffic.mp4
55,3,4,56,1.0,0.0,car,0.7227849960327148,735.0,52.0,768.0,94.0,1302,axis_back,767.0,52.0,mask PCA skeleton + low contact point,generated_videos/control_points_3_traffic.mp4
55,3,4,56,1.0,0.0,car,0.7227849960327148,735.0,52.0,768.0,94.0,1302,axis_left,767.0,93.0,mask PCA skeleton + low contact point,generated_videos/control_points_3_traffic.mp4
55,3,4,56,1.0,0.0,car,0.7227849960327148,735.0,52.0,768.0,94.0,1302,axis_right,735.0,62.0,mask PCA skeleton + low contact point,generated_videos/control_points_3_traffic.mp4
55,3,4,56,1.0,0.0,car,0.7227849960327148,735.0,52.0,768.0,94.0,1302,contact_low,751.0,90.0,mask PCA skeleton + low contact point,generated_videos/control_points_3_traffic.mp4
55,4,8,39,0.9583333333333334,0.4142259096917859,person,0.7015108466148376,376.0,184.0,399.0,256.0,1278,centroid,386.79498291015625,220.5618133544922,mask PCA skeleton + low contact point,generated_videos/control_points_3_traffic.mp4
55,4,8,39,0.9583333333333334,0.4142259096917859,person,0.7015108466148376,376.0,184.0,399.0,256.0,1278,axis_front,388.0,255.0,mask PCA skeleton + low contact point,generated_videos/control_points_3_traffic.mp4
55,4,8,39,0.9583333333333334,0.4142259096917859,person,0.7015108466148376,376.0,184.0,399.0,256.0,1278,axis_back,382.0,184.0,mask PCA skeleton + low contact point,generated_videos/control_points_3_traffic.mp4
55,4,8,39,0.9583333333333334,0.4142259096917859,person,0.7015108466148376,376.0,184.0,399.0,256.0,1278,axis_left,398.0,236.0,mask PCA skeleton + low contact point,generated_videos/control_points_3_traffic.mp4
55,4,8,39,0.9583333333333334,0.4142259096917859,person,0.7015108466148376,376.0,184.0,399.0,256.0,1278,axis_right,376.0,220.0,mask PCA skeleton + low contact point,generated_videos/control_points_3_traffic.mp4
55,4,8,39,0.9583333333333334,0.4142259096917859,person,0.7015108466148376,376.0,184.0,399.0,256.0,1278,contact_low,387.0,251.0,mask PCA skeleton + low contact point,generated_videos/control_points_3_traffic.mp4
55,6,1,41,0.7692307692307693,16.332808492577584,person,0.32225358486175537,404.0,172.0,426.0,244.0,902,centroid,413.0498962402344,201.36474609375,mask PCA skeleton + low contact point,generated_videos/control_points_3_traffic.mp4
55,6,1,41,0.7692307692307693,16.332808492577584,person,0.32225358486175537,404.0,172.0,426.0,244.0,902,axis_front,411.0,243.0,mask PCA skeleton + low contact point,generated_videos/control_points_3_traffic.mp4
55,6,1,41,0.7692307692307693,16.332808492577584,person,0.32225358486175537,404.0,172.0,426.0,244.0,902,axis_back,423.0,172.0,mask PCA skeleton + low contact point,generated_videos/control_points_3_traffic.mp4
55,6,1,41,0.7692307692307693,16.332808492577584,person,0.32225358486175537,404.0,172.0,426.0,244.0,902,axis_left,425.0,199.0,mask PCA skeleton + low contact point,generated_videos/control_points_3_traffic.mp4
55,6,1,41,0.7692307692307693,16.332808492577584,person,0.32225358486175537,404.0,172.0,426.0,244.0,902,axis_right,404.0,172.0,mask PCA skeleton + low contact point,generated_videos/control_points_3_traffic.mp4
55,6,1,41,0.7692307692307693,16.332808492577584,person,0.32225358486175537,404.0,172.0,426.0,244.0,902,contact_low,411.0,236.0,mask PCA skeleton + low contact point,generated_videos/control_points_3_traffic.mp4
55,8,16,3,1.0,0.07236354497787001,person,0.28934192657470703,30.0,112.0,50.0,141.0,292,centroid,39.76712417602539,123.22260284423828,mask PCA skeleton + low contact point,generated_videos/control_points_3_traffic.mp4
55,8,16,3,1.0,0.07236354497787001,person,0.28934192657470703,30.0,112.0,50.0,141.0,292,axis_front,39.0,140.0,mask PCA skeleton + low contact point,generated_videos/control_points_3_traffic.mp4
55,8,16,3,1.0,0.07236354497787001,person,0.28934192657470703,30.0,112.0,50.0,141.0,292,axis_back,49.0,112.0,mask PCA skeleton + low contact point,generated_videos/control_points_3_traffic.mp4
55,8,16,3,1.0,0.07236354497787001,person,0.28934192657470703,30.0,112.0,50.0,141.0,292,axis_left,49.0,115.0,mask PCA skeleton + low contact point,generated_videos/control_points_3_traffic.mp4
55,8,16,3,1.0,0.07236354497787001,person,0.28934192657470703,30.0,112.0,50.0,141.0,292,axis_right,30.0,119.0,mask PCA skeleton + low contact point,generated_videos/control_points_3_traffic.mp4
55,8,16,3,1.0,0.07236354497787001,person,0.28934192657470703,30.0,112.0,50.0,141.0,292,contact_low,40.0,138.0,mask PCA skeleton + low contact point,generated_videos/control_points_3_traffic.mp4
56,5,0,57,1.0,0.019996018260354374,truck,0.6245024800300598,653.0,45.0,724.0,101.0,3379,centroid,686.2033081054688,71.13850402832031,mask PCA skeleton + low contact point,generated_videos/control_points_3_traffic.mp4
56,5,0,57,1.0,0.019996018260354374,truck,0.6245024800300598,653.0,45.0,724.0,101.0,3379,axis_front,653.0,54.0,mask PCA skeleton + low contact point,generated_videos/control_points_3_traffic.mp4
56,5,0,57,1.0,0.019996018260354374,truck,0.6245024800300598,653.0,45.0,724.0,101.0,3379,axis_back,723.0,85.0,mask PCA skeleton + low contact point,generated_videos/control_points_3_traffic.mp4
56,5,0,57,1.0,0.019996018260354374,truck,0.6245024800300598,653.0,45.0,724.0,101.0,3379,axis_left,696.0,100.0,mask PCA skeleton + low contact point,generated_videos/control_points_3_traffic.mp4
56,5,0,57,1.0,0.019996018260354374,truck,0.6245024800300598,653.0,45.0,724.0,101.0,3379,axis_right,709.0,45.0,mask PCA skeleton + low contact point,generated_videos/control_points_3_traffic.mp4
56,5,0,57,1.0,0.019996018260354374,truck,0.6245024800300598,653.0,45.0,724.0,101.0,3379,contact_low,688.0,93.0,mask PCA skeleton + low contact point,generated_videos/control_points_3_traffic.mp4
56,1,15,18,0.6897321428571429,7.6348942847810815,person,0.8089925646781921,642.0,246.0,672.0,353.0,2274,centroid,655.3865356445312,297.6226806640625,mask PCA skeleton + low contact point,generated_videos/control_points_3_traffic.mp4
56,1,15,18,0.6897321428571429,7.6348942847810815,person,0.8089925646781921,642.0,246.0,672.0,353.0,2274,axis_front,664.0,352.0,mask PCA skeleton + low contact point,generated_videos/control_points_3_traffic.mp4
56,1,15,18,0.6897321428571429,7.6348942847810815,person,0.8089925646781921,642.0,246.0,672.0,353.0,2274,axis_back,662.0,246.0,mask PCA skeleton + low contact point,generated_videos/control_points_3_traffic.mp4
56,1,15,18,0.6897321428571429,7.6348942847810815,person,0.8089925646781921,642.0,246.0,672.0,353.0,2274,axis_left,670.0,352.0,mask PCA skeleton + low contact point,generated_videos/control_points_3_traffic.mp4
56,1,15,18,0.6897321428571429,7.6348942847810815,person,0.8089925646781921,642.0,246.0,672.0,353.0,2274,axis_right,642.0,274.0,mask PCA skeleton + low contact point,generated_videos/control_points_3_traffic.mp4
56,1,15,18,0.6897321428571429,7.6348942847810815,person,0.8089925646781921,642.0,246.0,672.0,353.0,2274,contact_low,664.0,344.0,mask PCA skeleton + low contact point,generated_videos/control_points_3_traffic.mp4
56,0,7,47,0.825,3.6072668946550115,person,0.8432979583740234,480.0,212.0,518.0,298.0,2167,centroid,498.659423828125,251.93215942382812,mask PCA skeleton + low contact point,generated_videos/control_points_3_traffic.mp4
56,0,7,47,0.825,3.6072668946550115,person,0.8432979583740234,480.0,212.0,518.0,298.0,2167,axis_front,497.0,297.0,mask PCA skeleton + low contact point,generated_videos/control_points_3_traffic.mp4
56,0,7,47,0.825,3.6072668946550115,person,0.8432979583740234,480.0,212.0,518.0,298.0,2167,axis_back,491.0,212.0,mask PCA skeleton + low contact point,generated_videos/control_points_3_traffic.mp4
56,0,7,47,0.825,3.6072668946550115,person,0.8432979583740234,480.0,212.0,518.0,298.0,2167,axis_left,517.0,237.0,mask PCA skeleton + low contact point,generated_videos/control_points_3_traffic.mp4
56,0,7,47,0.825,3.6072668946550115,person,0.8432979583740234,480.0,212.0,518.0,298.0,2167,axis_right,480.0,256.0,mask PCA skeleton + low contact point,generated_videos/control_points_3_traffic.mp4
56,0,7,47,0.825,3.6072668946550115,person,0.8432979583740234,480.0,212.0,518.0,298.0,2167,contact_low,496.0,289.0,mask PCA skeleton + low contact point,generated_videos/control_points_3_traffic.mp4
56,9,6,52,1.0,0.033289057543539155,boat,0.26621687412261963,69.0,498.0,160.0,528.0,1767,centroid,114.2569351196289,513.2139282226562,mask PCA skeleton + low contact point,generated_videos/control_points_3_traffic.mp4
56,9,6,52,1.0,0.033289057543539155,boat,0.26621687412261963,69.0,498.0,160.0,528.0,1767,axis_front,69.0,525.0,mask PCA skeleton + low contact point,generated_videos/control_points_3_traffic.mp4
56,9,6,52,1.0,0.033289057543539155,boat,0.26621687412261963,69.0,498.0,160.0,528.0,1767,axis_back,159.0,506.0,mask PCA skeleton + low contact point,generated_videos/control_points_3_traffic.mp4
56,9,6,52,1.0,0.033289057543539155,boat,0.26621687412261963,69.0,498.0,160.0,528.0,1767,axis_left,115.0,527.0,mask PCA skeleton + low contact point,generated_videos/control_points_3_traffic.mp4
56,9,6,52,1.0,0.033289057543539155,boat,0.26621687412261963,69.0,498.0,160.0,528.0,1767,axis_right,116.0,498.0,mask PCA skeleton + low contact point,generated_videos/control_points_3_traffic.mp4
56,9,6,52,1.0,0.033289057543539155,boat,0.26621687412261963,69.0,498.0,160.0,528.0,1767,contact_low,95.0,526.0,mask PCA skeleton + low contact point,generated_videos/control_points_3_traffic.mp4
56,2,10,40,0.6905263157894737,4.287739557195956,person,0.8081792593002319,528.0,209.0,555.0,291.0,1632,centroid,540.5802612304688,247.3535614013672,mask PCA skeleton + low contact point,generated_videos/control_points_3_traffic.mp4
56,2,10,40,0.6905263157894737,4.287739557195956,person,0.8081792593002319,528.0,209.0,555.0,291.0,1632,axis_front,540.0,290.0,mask PCA skeleton + low contact point,generated_videos/control_points_3_traffic.mp4
56,2,10,40,0.6905263157894737,4.287739557195956,person,0.8081792593002319,528.0,209.0,555.0,291.0,1632,axis_back,545.0,209.0,mask PCA skeleton + low contact point,generated_videos/control_points_3_traffic.mp4
56,2,10,40,0.6905263157894737,4.287739557195956,person,0.8081792593002319,528.0,209.0,555.0,291.0,1632,axis_left,554.0,256.0,mask PCA skeleton + low contact point,generated_videos/control_points_3_traffic.mp4
56,2,10,40,0.6905263157894737,4.287739557195956,person,0.8081792593002319,528.0,209.0,555.0,291.0,1632,axis_right,528.0,237.0,mask PCA skeleton + low contact point,generated_videos/control_points_3_traffic.mp4
56,2,10,40,0.6905263157894737,4.287739557195956,person,0.8081792593002319,528.0,209.0,555.0,291.0,1632,contact_low,542.0,283.0,mask PCA skeleton + low contact point,generated_videos/control_points_3_traffic.mp4
56,6,12,15,0.0,36.35115453928519,person,0.4788588881492615,400.0,171.0,428.0,264.0,1384,centroid,410.9718322753906,217.0924835205078,mask PCA skeleton + low contact point,generated_videos/control_points_3_traffic.mp4
56,6,12,15,0.0,36.35115453928519,person,0.4788588881492615,400.0,171.0,428.0,264.0,1384,axis_front,417.0,263.0,mask PCA skeleton + low contact point,generated_videos/control_points_3_traffic.mp4
56,6,12,15,0.0,36.35115453928519,person,0.4788588881492615,400.0,171.0,428.0,264.0,1384,axis_back,404.0,171.0,mask PCA skeleton + low contact point,generated_videos/control_points_3_traffic.mp4
56,6,12,15,0.0,36.35115453928519,person,0.4788588881492615,400.0,171.0,428.0,264.0,1384,axis_left,427.0,248.0,mask PCA skeleton + low contact point,generated_videos/control_points_3_traffic.mp4
56,6,12,15,0.0,36.35115453928519,person,0.4788588881492615,400.0,171.0,428.0,264.0,1384,axis_right,400.0,214.0,mask PCA skeleton + low contact point,generated_videos/control_points_3_traffic.mp4
56,6,12,15,0.0,36.35115453928519,person,0.4788588881492615,400.0,171.0,428.0,264.0,1384,contact_low,417.0,259.0,mask PCA skeleton + low contact point,generated_videos/control_points_3_traffic.mp4
56,3,4,57,1.0,0.016172207908897226,car,0.7243375182151794,735.0,52.0,768.0,94.0,1301,centroid,751.4588623046875,72.34050750732422,mask PCA skeleton + low contact point,generated_videos/control_points_3_traffic.mp4
56,3,4,57,1.0,0.016172207908897226,car,0.7243375182151794,735.0,52.0,768.0,94.0,1301,axis_front,736.0,92.0,mask PCA skeleton + low contact point,generated_videos/control_points_3_traffic.mp4
56,3,4,57,1.0,0.016172207908897226,car,0.7243375182151794,735.0,52.0,768.0,94.0,1301,axis_back,767.0,52.0,mask PCA skeleton + low contact point,generated_videos/control_points_3_traffic.mp4
56,3,4,57,1.0,0.016172207908897226,car,0.7243375182151794,735.0,52.0,768.0,94.0,1301,axis_left,767.0,93.0,mask PCA skeleton + low contact point,generated_videos/control_points_3_traffic.mp4
56,3,4,57,1.0,0.016172207908897226,car,0.7243375182151794,735.0,52.0,768.0,94.0,1301,axis_right,735.0,62.0,mask PCA skeleton + low contact point,generated_videos/control_points_3_traffic.mp4
56,3,4,57,1.0,0.016172207908897226,car,0.7243375182151794,735.0,52.0,768.0,94.0,1301,contact_low,751.0,90.0,mask PCA skeleton + low contact point,generated_videos/control_points_3_traffic.mp4
56,4,8,40,0.858603066439523,1.8900287469531833,person,0.6675589084625244,377.0,180.0,398.0,257.0,1225,centroid,386.7812194824219,218.6718292236328,mask PCA skeleton + low contact point,generated_videos/control_points_3_traffic.mp4
56,4,8,40,0.858603066439523,1.8900287469531833,person,0.6675589084625244,377.0,180.0,398.0,257.0,1225,axis_front,388.0,256.0,mask PCA skeleton + low contact point,generated_videos/control_points_3_traffic.mp4
56,4,8,40,0.858603066439523,1.8900287469531833,person,0.6675589084625244,377.0,180.0,398.0,257.0,1225,axis_back,383.0,180.0,mask PCA skeleton + low contact point,generated_videos/control_points_3_traffic.mp4
56,4,8,40,0.858603066439523,1.8900287469531833,person,0.6675589084625244,377.0,180.0,398.0,257.0,1225,axis_left,397.0,246.0,mask PCA skeleton + low contact point,generated_videos/control_points_3_traffic.mp4
56,4,8,40,0.858603066439523,1.8900287469531833,person,0.6675589084625244,377.0,180.0,398.0,257.0,1225,axis_right,377.0,219.0,mask PCA skeleton + low contact point,generated_videos/control_points_3_traffic.mp4
56,4,8,40,0.858603066439523,1.8900287469531833,person,0.6675589084625244,377.0,180.0,398.0,257.0,1225,contact_low,386.0,252.0,mask PCA skeleton + low contact point,generated_videos/control_points_3_traffic.mp4
56,7,1,42,0.5926544240400667,5.6522875429725765,person,0.4309143126010895,401.0,173.0,419.0,244.0,908,centroid,408.502197265625,204.7213592529297,mask PCA skeleton + low contact point,generated_videos/control_points_3_traffic.mp4
56,7,1,42,0.5926544240400667,5.6522875429725765,person,0.4309143126010895,401.0,173.0,419.0,244.0,908,axis_front,410.0,243.0,mask PCA skeleton + low contact point,generated_videos/control_points_3_traffic.mp4
56,7,1,42,0.5926544240400667,5.6522875429725765,person,0.4309143126010895,401.0,173.0,419.0,244.0,908,axis_back,415.0,173.0,mask PCA skeleton + low contact point,generated_videos/control_points_3_traffic.mp4
56,7,1,42,0.5926544240400667,5.6522875429725765,person,0.4309143126010895,401.0,173.0,419.0,244.0,908,axis_left,418.0,191.0,mask PCA skeleton + low contact point,generated_videos/control_points_3_traffic.mp4
56,7,1,42,0.5926544240400667,5.6522875429725765,person,0.4309143126010895,401.0,173.0,419.0,244.0,908,axis_right,401.0,188.0,mask PCA skeleton + low contact point,generated_videos/control_points_3_traffic.mp4
56,7,1,42,0.5926544240400667,5.6522875429725765,person,0.4309143126010895,401.0,173.0,419.0,244.0,908,contact_low,411.0,237.0,mask PCA skeleton + low contact point,generated_videos/control_points_3_traffic.mp4
56,8,16,4,1.0,0.17142902815794803,person,0.27180880308151245,30.0,112.0,50.0,141.0,288,centroid,39.64583206176758,123.34375,mask PCA skeleton + low contact point,generated_videos/control_points_3_traffic.mp4
56,8,16,4,1.0,0.17142902815794803,person,0.27180880308151245,30.0,112.0,50.0,141.0,288,axis_front,41.0,140.0,mask PCA skeleton + low contact point,generated_videos/control_points_3_traffic.mp4
56,8,16,4,1.0,0.17142902815794803,person,0.27180880308151245,30.0,112.0,50.0,141.0,288,axis_back,39.0,112.0,mask PCA skeleton + low contact point,generated_videos/control_points_3_traffic.mp4
56,8,16,4,1.0,0.17142902815794803,person,0.27180880308151245,30.0,112.0,50.0,141.0,288,axis_left,49.0,112.0,mask PCA skeleton + low contact point,generated_videos/control_points_3_traffic.mp4
56,8,16,4,1.0,0.17142902815794803,person,0.27180880308151245,30.0,112.0,50.0,141.0,288,axis_right,30.0,122.0,mask PCA skeleton + low contact point,generated_videos/control_points_3_traffic.mp4
56,8,16,4,1.0,0.17142902815794803,person,0.27180880308151245,30.0,112.0,50.0,141.0,288,contact_low,40.0,138.0,mask PCA skeleton + low contact point,generated_videos/control_points_3_traffic.mp4
57,4,0,58,1.0,0.02495860928440426,truck,0.6135785579681396,653.0,45.0,724.0,101.0,3380,centroid,686.1792602539062,71.145263671875,mask PCA skeleton + low contact point,generated_videos/control_points_3_traffic.mp4
57,4,0,58,1.0,0.02495860928440426,truck,0.6135785579681396,653.0,45.0,724.0,101.0,3380,axis_front,653.0,54.0,mask PCA skeleton + low contact point,generated_videos/control_points_3_traffic.mp4
57,4,0,58,1.0,0.02495860928440426,truck,0.6135785579681396,653.0,45.0,724.0,101.0,3380,axis_back,723.0,85.0,mask PCA skeleton + low contact point,generated_videos/control_points_3_traffic.mp4
57,4,0,58,1.0,0.02495860928440426,truck,0.6135785579681396,653.0,45.0,724.0,101.0,3380,axis_left,696.0,100.0,mask PCA skeleton + low contact point,generated_videos/control_points_3_traffic.mp4
57,4,0,58,1.0,0.02495860928440426,truck,0.6135785579681396,653.0,45.0,724.0,101.0,3380,axis_right,709.0,45.0,mask PCA skeleton + low contact point,generated_videos/control_points_3_traffic.mp4
57,4,0,58,1.0,0.02495860928440426,truck,0.6135785579681396,653.0,45.0,724.0,101.0,3380,contact_low,690.0,94.0,mask PCA skeleton + low contact point,generated_videos/control_points_3_traffic.mp4
57,2,15,19,0.5509546243491198,9.364559797283635,person,0.8073596954345703,635.0,242.0,664.0,347.0,2332,centroid,646.9536743164062,293.55059814453125,mask PCA skeleton + low contact point,generated_videos/control_points_3_traffic.mp4
57,2,15,19,0.5509546243491198,9.364559797283635,person,0.8073596954345703,635.0,242.0,664.0,347.0,2332,axis_front,642.0,346.0,mask PCA skeleton + low contact point,generated_videos/control_points_3_traffic.mp4
57,2,15,19,0.5509546243491198,9.364559797283635,person,0.8073596954345703,635.0,242.0,664.0,347.0,2332,axis_back,653.0,242.0,mask PCA skeleton + low contact point,generated_videos/control_points_3_traffic.mp4
57,2,15,19,0.5509546243491198,9.364559797283635,person,0.8073596954345703,635.0,242.0,664.0,347.0,2332,axis_left,663.0,275.0,mask PCA skeleton + low contact point,generated_videos/control_points_3_traffic.mp4
57,2,15,19,0.5509546243491198,9.364559797283635,person,0.8073596954345703,635.0,242.0,664.0,347.0,2332,axis_right,635.0,267.0,mask PCA skeleton + low contact point,generated_videos/control_points_3_traffic.mp4
57,2,15,19,0.5509546243491198,9.364559797283635,person,0.8073596954345703,635.0,242.0,664.0,347.0,2332,contact_low,644.0,339.0,mask PCA skeleton + low contact point,generated_videos/control_points_3_traffic.mp4
57,0,7,48,0.69575876440304,7.1377790945337996,person,0.8535569906234741,472.0,209.0,513.0,298.0,2084,centroid,492.9678649902344,247.624755859375,mask PCA skeleton + low contact point,generated_videos/control_points_3_traffic.mp4
57,0,7,48,0.69575876440304,7.1377790945337996,person,0.8535569906234741,472.0,209.0,513.0,298.0,2084,axis_front,497.0,297.0,mask PCA skeleton + low contact point,generated_videos/control_points_3_traffic.mp4
57,0,7,48,0.69575876440304,7.1377790945337996,person,0.8535569906234741,472.0,209.0,513.0,298.0,2084,axis_back,485.0,209.0,mask PCA skeleton + low contact point,generated_videos/control_points_3_traffic.mp4
57,0,7,48,0.69575876440304,7.1377790945337996,person,0.8535569906234741,472.0,209.0,513.0,298.0,2084,axis_left,512.0,236.0,mask PCA skeleton + low contact point,generated_videos/control_points_3_traffic.mp4
57,0,7,48,0.69575876440304,7.1377790945337996,person,0.8535569906234741,472.0,209.0,513.0,298.0,2084,axis_right,472.0,253.0,mask PCA skeleton + low contact point,generated_videos/control_points_3_traffic.mp4
57,0,7,48,0.69575876440304,7.1377790945337996,person,0.8535569906234741,472.0,209.0,513.0,298.0,2084,contact_low,495.0,288.0,mask PCA skeleton + low contact point,generated_videos/control_points_3_traffic.mp4
57,5,8,41,0.6065266316579144,8.325907363576867,person,0.5534102916717529,377.0,172.0,408.0,258.0,1789,centroid,391.3348388671875,211.70150756835938,mask PCA skeleton + low contact point,generated_videos/control_points_3_traffic.mp4
57,5,8,41,0.6065266316579144,8.325907363576867,person,0.5534102916717529,377.0,172.0,408.0,258.0,1789,axis_front,381.0,257.0,mask PCA skeleton + low contact point,generated_videos/control_points_3_traffic.mp4
57,5,8,41,0.6065266316579144,8.325907363576867,person,0.5534102916717529,377.0,172.0,408.0,258.0,1789,axis_back,403.0,172.0,mask PCA skeleton + low contact point,generated_videos/control_points_3_traffic.mp4
57,5,8,41,0.6065266316579144,8.325907363576867,person,0.5534102916717529,377.0,172.0,408.0,258.0,1789,axis_left,407.0,194.0,mask PCA skeleton + low contact point,generated_videos/control_points_3_traffic.mp4
57,5,8,41,0.6065266316579144,8.325907363576867,person,0.5534102916717529,377.0,172.0,408.0,258.0,1789,axis_right,377.0,198.0,mask PCA skeleton + low contact point,generated_videos/control_points_3_traffic.mp4
57,5,8,41,0.6065266316579144,8.325907363576867,person,0.5534102916717529,377.0,172.0,408.0,258.0,1789,contact_low,386.0,251.0,mask PCA skeleton + low contact point,generated_videos/control_points_3_traffic.mp4
57,8,6,53,1.0,0.048417128996731215,boat,0.2636980712413788,69.0,498.0,160.0,528.0,1764,centroid,114.3044204711914,513.2233276367188,mask PCA skeleton + low contact point,generated_videos/control_points_3_traffic.mp4
57,8,6,53,1.0,0.048417128996731215,boat,0.2636980712413788,69.0,498.0,160.0,528.0,1764,axis_front,69.0,525.0,mask PCA skeleton + low contact point,generated_videos/control_points_3_traffic.mp4
57,8,6,53,1.0,0.048417128996731215,boat,0.2636980712413788,69.0,498.0,160.0,528.0,1764,axis_back,159.0,506.0,mask PCA skeleton + low contact point,generated_videos/control_points_3_traffic.mp4
57,8,6,53,1.0,0.048417128996731215,boat,0.2636980712413788,69.0,498.0,160.0,528.0,1764,axis_left,115.0,527.0,mask PCA skeleton + low contact point,generated_videos/control_points_3_traffic.mp4
57,8,6,53,1.0,0.048417128996731215,boat,0.2636980712413788,69.0,498.0,160.0,528.0,1764,axis_right,117.0,498.0,mask PCA skeleton + low contact point,generated_videos/control_points_3_traffic.mp4
57,8,6,53,1.0,0.048417128996731215,boat,0.2636980712413788,69.0,498.0,160.0,528.0,1764,contact_low,95.0,525.0,mask PCA skeleton + low contact point,generated_videos/control_points_3_traffic.mp4
57,1,10,41,0.5152983944259315,6.677567611084124,person,0.831924319267273,515.0,208.0,549.0,290.0,1701,centroid,534.128173828125,249.07408142089844,mask PCA skeleton + low contact point,generated_videos/control_points_3_traffic.mp4
57,1,10,41,0.5152983944259315,6.677567611084124,person,0.831924319267273,515.0,208.0,549.0,290.0,1701,axis_front,539.0,289.0,mask PCA skeleton + low contact point,generated_videos/control_points_3_traffic.mp4
57,1,10,41,0.5152983944259315,6.677567611084124,person,0.831924319267273,515.0,208.0,549.0,290.0,1701,axis_back,539.0,208.0,mask PCA skeleton + low contact point,generated_videos/control_points_3_traffic.mp4
57,1,10,41,0.5152983944259315,6.677567611084124,person,0.831924319267273,515.0,208.0,549.0,290.0,1701,axis_left,547.0,285.0,mask PCA skeleton + low contact point,generated_videos/control_points_3_traffic.mp4
57,1,10,41,0.5152983944259315,6.677567611084124,person,0.831924319267273,515.0,208.0,549.0,290.0,1701,axis_right,515.0,275.0,mask PCA skeleton + low contact point,generated_videos/control_points_3_traffic.mp4
57,1,10,41,0.5152983944259315,6.677567611084124,person,0.831924319267273,515.0,208.0,549.0,290.0,1701,contact_low,540.0,282.0,mask PCA skeleton + low contact point,generated_videos/control_points_3_traffic.mp4
57,3,4,58,1.0,0.0,car,0.7242841124534607,735.0,52.0,768.0,94.0,1301,centroid,751.4588623046875,72.34050750732422,mask PCA skeleton + low contact point,generated_videos/control_points_3_traffic.mp4
57,3,4,58,1.0,0.0,car,0.7242841124534607,735.0,52.0,768.0,94.0,1301,axis_front,736.0,92.0,mask PCA skeleton + low contact point,generated_videos/control_points_3_traffic.mp4
57,3,4,58,1.0,0.0,car,0.7242841124534607,735.0,52.0,768.0,94.0,1301,axis_back,767.0,52.0,mask PCA skeleton + low contact point,generated_videos/control_points_3_traffic.mp4
57,3,4,58,1.0,0.0,car,0.7242841124534607,735.0,52.0,768.0,94.0,1301,axis_left,767.0,93.0,mask PCA skeleton + low contact point,generated_videos/control_points_3_traffic.mp4
57,3,4,58,1.0,0.0,car,0.7242841124534607,735.0,52.0,768.0,94.0,1301,axis_right,735.0,62.0,mask PCA skeleton + low contact point,generated_videos/control_points_3_traffic.mp4
57,3,4,58,1.0,0.0,car,0.7242841124534607,735.0,52.0,768.0,94.0,1301,contact_low,751.0,90.0,mask PCA skeleton + low contact point,generated_videos/control_points_3_traffic.mp4
57,6,12,16,0.9435483870967742,3.8622819368221117,person,0.31465423107147217,401.0,173.0,428.0,264.0,1215,centroid,410.6732482910156,220.94320678710938,mask PCA skeleton + low contact point,generated_videos/control_points_3_traffic.mp4
57,6,12,16,0.9435483870967742,3.8622819368221117,person,0.31465423107147217,401.0,173.0,428.0,264.0,1215,axis_front,416.0,263.0,mask PCA skeleton + low contact point,generated_videos/control_points_3_traffic.mp4
57,6,12,16,0.9435483870967742,3.8622819368221117,person,0.31465423107147217,401.0,173.0,428.0,264.0,1215,axis_back,401.0,173.0,mask PCA skeleton + low contact point,generated_videos/control_points_3_traffic.mp4
57,6,12,16,0.9435483870967742,3.8622819368221117,person,0.31465423107147217,401.0,173.0,428.0,264.0,1215,axis_left,427.0,249.0,mask PCA skeleton + low contact point,generated_videos/control_points_3_traffic.mp4
57,6,12,16,0.9435483870967742,3.8622819368221117,person,0.31465423107147217,401.0,173.0,428.0,264.0,1215,axis_right,401.0,235.0,mask PCA skeleton + low contact point,generated_videos/control_points_3_traffic.mp4
57,6,12,16,0.9435483870967742,3.8622819368221117,person,0.31465423107147217,401.0,173.0,428.0,264.0,1215,contact_low,415.0,259.0,mask PCA skeleton + low contact point,generated_videos/control_points_3_traffic.mp4
57,7,16,5,1.0,0.17142902815794803,person,0.2741989195346832,30.0,112.0,50.0,141.0,292,centroid,39.76712417602539,123.22260284423828,mask PCA skeleton + low contact point,generated_videos/control_points_3_traffic.mp4
57,7,16,5,1.0,0.17142902815794803,person,0.2741989195346832,30.0,112.0,50.0,141.0,292,axis_front,39.0,140.0,mask PCA skeleton + low contact point,generated_videos/control_points_3_traffic.mp4
57,7,16,5,1.0,0.17142902815794803,person,0.2741989195346832,30.0,112.0,50.0,141.0,292,axis_back,49.0,112.0,mask PCA skeleton + low contact point,generated_videos/control_points_3_traffic.mp4
57,7,16,5,1.0,0.17142902815794803,person,0.2741989195346832,30.0,112.0,50.0,141.0,292,axis_left,49.0,115.0,mask PCA skeleton + low contact point,generated_videos/control_points_3_traffic.mp4
57,7,16,5,1.0,0.17142902815794803,person,0.2741989195346832,30.0,112.0,50.0,141.0,292,axis_right,30.0,119.0,mask PCA skeleton + low contact point,generated_videos/control_points_3_traffic.mp4
57,7,16,5,1.0,0.17142902815794803,person,0.2741989195346832,30.0,112.0,50.0,141.0,292,contact_low,40.0,138.0,mask PCA skeleton + low contact point,generated_videos/control_points_3_traffic.mp4
58,5,0,59,1.0,0.0,truck,0.6126998662948608,653.0,45.0,724.0,101.0,3380,centroid,686.1792602539062,71.145263671875,mask PCA skeleton + low contact point,generated_videos/control_points_3_traffic.mp4
58,5,0,59,1.0,0.0,truck,0.6126998662948608,653.0,45.0,724.0,101.0,3380,axis_front,653.0,54.0,mask PCA skeleton + low contact point,generated_videos/control_points_3_traffic.mp4
58,5,0,59,1.0,0.0,truck,0.6126998662948608,653.0,45.0,724.0,101.0,3380,axis_back,723.0,85.0,mask PCA skeleton + low contact point,generated_videos/control_points_3_traffic.mp4
58,5,0,59,1.0,0.0,truck,0.6126998662948608,653.0,45.0,724.0,101.0,3380,axis_left,696.0,100.0,mask PCA skeleton + low contact point,generated_videos/control_points_3_traffic.mp4
58,5,0,59,1.0,0.0,truck,0.6126998662948608,653.0,45.0,724.0,101.0,3380,axis_right,709.0,45.0,mask PCA skeleton + low contact point,generated_videos/control_points_3_traffic.mp4
58,5,0,59,1.0,0.0,truck,0.6126998662948608,653.0,45.0,724.0,101.0,3380,contact_low,690.0,94.0,mask PCA skeleton + low contact point,generated_videos/control_points_3_traffic.mp4
58,1,15,20,0.5724766562916852,5.0915120145471775,person,0.8278049826622009,622.0,239.0,660.0,345.0,2456,centroid,642.214599609375,291.6893310546875,mask PCA skeleton + low contact point,generated_videos/control_points_3_traffic.mp4
58,1,15,20,0.5724766562916852,5.0915120145471775,person,0.8278049826622009,622.0,239.0,660.0,345.0,2456,axis_front,647.0,344.0,mask PCA skeleton + low contact point,generated_videos/control_points_3_traffic.mp4
58,1,15,20,0.5724766562916852,5.0915120145471775,person,0.8278049826622009,622.0,239.0,660.0,345.0,2456,axis_back,649.0,239.0,mask PCA skeleton + low contact point,generated_videos/control_points_3_traffic.mp4
58,1,15,20,0.5724766562916852,5.0915120145471775,person,0.8278049826622009,622.0,239.0,660.0,345.0,2456,axis_left,659.0,278.0,mask PCA skeleton + low contact point,generated_videos/control_points_3_traffic.mp4
58,1,15,20,0.5724766562916852,5.0915120145471775,person,0.8278049826622009,622.0,239.0,660.0,345.0,2456,axis_right,622.0,328.0,mask PCA skeleton + low contact point,generated_videos/control_points_3_traffic.mp4
58,1,15,20,0.5724766562916852,5.0915120145471775,person,0.8278049826622009,622.0,239.0,660.0,345.0,2456,contact_low,645.0,335.0,mask PCA skeleton + low contact point,generated_videos/control_points_3_traffic.mp4
58,0,7,49,0.8720868644067796,1.862582891830424,person,0.8498866558074951,471.0,208.0,509.0,298.0,1981,centroid,491.1110534667969,247.47804260253906,mask PCA skeleton + low contact point,generated_videos/control_points_3_traffic.mp4
58,0,7,49,0.8720868644067796,1.862582891830424,person,0.8498866558074951,471.0,208.0,509.0,298.0,1981,axis_front,497.0,297.0,mask PCA skeleton + low contact point,generated_videos/control_points_3_traffic.mp4
58,0,7,49,0.8720868644067796,1.862582891830424,person,0.8498866558074951,471.0,208.0,509.0,298.0,1981,axis_back,484.0,208.0,mask PCA skeleton + low contact point,generated_videos/control_points_3_traffic.mp4
58,0,7,49,0.8720868644067796,1.862582891830424,person,0.8498866558074951,471.0,208.0,509.0,298.0,1981,axis_left,508.0,232.0,mask PCA skeleton + low contact point,generated_videos/control_points_3_traffic.mp4
58,0,7,49,0.8720868644067796,1.862582891830424,person,0.8498866558074951,471.0,208.0,509.0,298.0,1981,axis_right,471.0,250.0,mask PCA skeleton + low contact point,generated_videos/control_points_3_traffic.mp4
58,0,7,49,0.8720868644067796,1.862582891830424,person,0.8498866558074951,471.0,208.0,509.0,298.0,1981,contact_low,494.0,288.0,mask PCA skeleton + low contact point,generated_videos/control_points_3_traffic.mp4
58,9,6,54,1.0,0.02601772573250719,boat,0.26343396306037903,69.0,498.0,160.0,528.0,1762,centroid,114.27922821044922,513.2298583984375,mask PCA skeleton + low contact point,generated_videos/control_points_3_traffic.mp4
58,9,6,54,1.0,0.02601772573250719,boat,0.26343396306037903,69.0,498.0,160.0,528.0,1762,axis_front,69.0,525.0,mask PCA skeleton + low contact point,generated_videos/control_points_3_traffic.mp4
58,9,6,54,1.0,0.02601772573250719,boat,0.26343396306037903,69.0,498.0,160.0,528.0,1762,axis_back,159.0,506.0,mask PCA skeleton + low contact point,generated_videos/control_points_3_traffic.mp4
58,9,6,54,1.0,0.02601772573250719,boat,0.26343396306037903,69.0,498.0,160.0,528.0,1762,axis_left,115.0,527.0,mask PCA skeleton + low contact point,generated_videos/control_points_3_traffic.mp4
58,9,6,54,1.0,0.02601772573250719,boat,0.26343396306037903,69.0,498.0,160.0,528.0,1762,axis_right,117.0,498.0,mask PCA skeleton + low contact point,generated_videos/control_points_3_traffic.mp4
58,9,6,54,1.0,0.02601772573250719,boat,0.26343396306037903,69.0,498.0,160.0,528.0,1762,contact_low,95.0,525.0,mask PCA skeleton + low contact point,generated_videos/control_points_3_traffic.mp4
58,2,10,42,0.8190224570673712,3.4764390935008267,person,0.818965494632721,512.0,208.0,546.0,288.0,1639,centroid,530.724853515625,248.36485290527344,mask PCA skeleton + low contact point,generated_videos/control_points_3_traffic.mp4
58,2,10,42,0.8190224570673712,3.4764390935008267,person,0.818965494632721,512.0,208.0,546.0,288.0,1639,axis_front,538.0,287.0,mask PCA skeleton + low contact point,generated_videos/control_points_3_traffic.mp4
58,2,10,42,0.8190224570673712,3.4764390935008267,person,0.818965494632721,512.0,208.0,546.0,288.0,1639,axis_back,535.0,208.0,mask PCA skeleton + low contact point,generated_videos/control_points_3_traffic.mp4
58,2,10,42,0.8190224570673712,3.4764390935008267,person,0.818965494632721,512.0,208.0,546.0,288.0,1639,axis_left,545.0,286.0,mask PCA skeleton + low contact point,generated_videos/control_points_3_traffic.mp4
58,2,10,42,0.8190224570673712,3.4764390935008267,person,0.818965494632721,512.0,208.0,546.0,288.0,1639,axis_right,512.0,275.0,mask PCA skeleton + low contact point,generated_videos/control_points_3_traffic.mp4
58,2,10,42,0.8190224570673712,3.4764390935008267,person,0.818965494632721,512.0,208.0,546.0,288.0,1639,contact_low,539.0,281.0,mask PCA skeleton + low contact point,generated_videos/control_points_3_traffic.mp4
58,4,8,42,0.7876969242310577,2.7739193870678442,person,0.6194297075271606,377.0,174.0,402.0,258.0,1541,centroid,389.778076171875,213.99740600585938,mask PCA skeleton + low contact point,generated_videos/control_points_3_traffic.mp4
58,4,8,42,0.7876969242310577,2.7739193870678442,person,0.6194297075271606,377.0,174.0,402.0,258.0,1541,axis_front,381.0,257.0,mask PCA skeleton + low contact point,generated_videos/control_points_3_traffic.mp4
58,4,8,42,0.7876969242310577,2.7739193870678442,person,0.6194297075271606,377.0,174.0,402.0,258.0,1541,axis_back,397.0,174.0,mask PCA skeleton + low contact point,generated_videos/control_points_3_traffic.mp4
58,4,8,42,0.7876969242310577,2.7739193870678442,person,0.6194297075271606,377.0,174.0,402.0,258.0,1541,axis_left,401.0,211.0,mask PCA skeleton + low contact point,generated_videos/control_points_3_traffic.mp4
58,4,8,42,0.7876969242310577,2.7739193870678442,person,0.6194297075271606,377.0,174.0,402.0,258.0,1541,axis_right,377.0,200.0,mask PCA skeleton + low contact point,generated_videos/control_points_3_traffic.mp4
58,4,8,42,0.7876969242310577,2.7739193870678442,person,0.6194297075271606,377.0,174.0,402.0,258.0,1541,contact_low,387.0,251.0,mask PCA skeleton + low contact point,generated_videos/control_points_3_traffic.mp4
58,3,4,59,1.0,0.016172207908897226,car,0.7269073724746704,735.0,52.0,768.0,94.0,1302,centroid,751.4646606445312,72.35560607910156,mask PCA skeleton + low contact point,generated_videos/control_points_3_traffic.mp4
58,3,4,59,1.0,0.016172207908897226,car,0.7269073724746704,735.0,52.0,768.0,94.0,1302,axis_front,736.0,92.0,mask PCA skeleton + low contact point,generated_videos/control_points_3_traffic.mp4
58,3,4,59,1.0,0.016172207908897226,car,0.7269073724746704,735.0,52.0,768.0,94.0,1302,axis_back,767.0,52.0,mask PCA skeleton + low contact point,generated_videos/control_points_3_traffic.mp4
58,3,4,59,1.0,0.016172207908897226,car,0.7269073724746704,735.0,52.0,768.0,94.0,1302,axis_left,767.0,93.0,mask PCA skeleton + low contact point,generated_videos/control_points_3_traffic.mp4
58,3,4,59,1.0,0.016172207908897226,car,0.7269073724746704,735.0,52.0,768.0,94.0,1302,axis_right,735.0,62.0,mask PCA skeleton + low contact point,generated_videos/control_points_3_traffic.mp4
58,3,4,59,1.0,0.016172207908897226,car,0.7269073724746704,735.0,52.0,768.0,94.0,1302,contact_low,751.0,90.0,mask PCA skeleton + low contact point,generated_videos/control_points_3_traffic.mp4
58,6,12,17,0.8074044899566759,4.12948646054918,person,0.3826462924480438,400.0,182.0,426.0,264.0,1147,centroid,410.54229736328125,225.07061767578125,mask PCA skeleton + low contact point,generated_videos/control_points_3_traffic.mp4
58,6,12,17,0.8074044899566759,4.12948646054918,person,0.3826462924480438,400.0,182.0,426.0,264.0,1147,axis_front,416.0,263.0,mask PCA skeleton + low contact point,generated_videos/control_points_3_traffic.mp4
58,6,12,17,0.8074044899566759,4.12948646054918,person,0.3826462924480438,400.0,182.0,426.0,264.0,1147,axis_back,408.0,182.0,mask PCA skeleton + low contact point,generated_videos/control_points_3_traffic.mp4
58,6,12,17,0.8074044899566759,4.12948646054918,person,0.3826462924480438,400.0,182.0,426.0,264.0,1147,axis_left,425.0,246.0,mask PCA skeleton + low contact point,generated_videos/control_points_3_traffic.mp4
58,6,12,17,0.8074044899566759,4.12948646054918,person,0.3826462924480438,400.0,182.0,426.0,264.0,1147,axis_right,400.0,230.0,mask PCA skeleton + low contact point,generated_videos/control_points_3_traffic.mp4
58,6,12,17,0.8074044899566759,4.12948646054918,person,0.3826462924480438,400.0,182.0,426.0,264.0,1147,contact_low,415.0,259.0,mask PCA skeleton + low contact point,generated_videos/control_points_3_traffic.mp4
58,7,1,43,0.6185206755969714,17.95235226732426,person,0.30053433775901794,401.0,185.0,420.0,264.0,999,centroid,409.30731201171875,222.65565490722656,mask PCA skeleton + low contact point,generated_videos/control_points_3_traffic.mp4
58,7,1,43,0.6185206755969714,17.95235226732426,person,0.30053433775901794,401.0,185.0,420.0,264.0,999,axis_front,416.0,263.0,mask PCA skeleton + low contact point,generated_videos/control_points_3_traffic.mp4
58,7,1,43,0.6185206755969714,17.95235226732426,person,0.30053433775901794,401.0,185.0,420.0,264.0,999,axis_back,404.0,185.0,mask PCA skeleton + low contact point,generated_videos/control_points_3_traffic.mp4
58,7,1,43,0.6185206755969714,17.95235226732426,person,0.30053433775901794,401.0,185.0,420.0,264.0,999,axis_left,416.0,189.0,mask PCA skeleton + low contact point,generated_videos/control_points_3_traffic.mp4
58,7,1,43,0.6185206755969714,17.95235226732426,person,0.30053433775901794,401.0,185.0,420.0,264.0,999,axis_right,401.0,231.0,mask PCA skeleton + low contact point,generated_videos/control_points_3_traffic.mp4
58,7,1,43,0.6185206755969714,17.95235226732426,person,0.30053433775901794,401.0,185.0,420.0,264.0,999,contact_low,413.0,259.0,mask PCA skeleton + low contact point,generated_videos/control_points_3_traffic.mp4
58,8,16,6,1.0,0.04577378782487718,person,0.2749752700328827,30.0,112.0,50.0,141.0,290,centroid,39.78965377807617,123.1827621459961,mask PCA skeleton + low contact point,generated_videos/control_points_3_traffic.mp4
58,8,16,6,1.0,0.04577378782487718,person,0.2749752700328827,30.0,112.0,50.0,141.0,290,axis_front,39.0,140.0,mask PCA skeleton + low contact point,generated_videos/control_points_3_traffic.mp4
58,8,16,6,1.0,0.04577378782487718,person,0.2749752700328827,30.0,112.0,50.0,141.0,290,axis_back,49.0,112.0,mask PCA skeleton + low contact point,generated_videos/control_points_3_traffic.mp4
58,8,16,6,1.0,0.04577378782487718,person,0.2749752700328827,30.0,112.0,50.0,141.0,290,axis_left,49.0,115.0,mask PCA skeleton + low contact point,generated_videos/control_points_3_traffic.mp4
58,8,16,6,1.0,0.04577378782487718,person,0.2749752700328827,30.0,112.0,50.0,141.0,290,axis_right,30.0,119.0,mask PCA skeleton + low contact point,generated_videos/control_points_3_traffic.mp4
58,8,16,6,1.0,0.04577378782487718,person,0.2749752700328827,30.0,112.0,50.0,141.0,290,contact_low,40.0,138.0,mask PCA skeleton + low contact point,generated_videos/control_points_3_traffic.mp4
59,5,0,60,1.0,0.05422764281458601,truck,0.6189864873886108,653.0,45.0,724.0,101.0,3372,centroid,686.222412109375,71.11239624023438,mask PCA skeleton + low contact point,generated_videos/control_points_3_traffic.mp4
59,5,0,60,1.0,0.05422764281458601,truck,0.6189864873886108,653.0,45.0,724.0,101.0,3372,axis_front,653.0,54.0,mask PCA skeleton + low contact point,generated_videos/control_points_3_traffic.mp4
59,5,0,60,1.0,0.05422764281458601,truck,0.6189864873886108,653.0,45.0,724.0,101.0,3372,axis_back,723.0,85.0,mask PCA skeleton + low contact point,generated_videos/control_points_3_traffic.mp4
59,5,0,60,1.0,0.05422764281458601,truck,0.6189864873886108,653.0,45.0,724.0,101.0,3372,axis_left,696.0,100.0,mask PCA skeleton + low contact point,generated_videos/control_points_3_traffic.mp4
59,5,0,60,1.0,0.05422764281458601,truck,0.6189864873886108,653.0,45.0,724.0,101.0,3372,axis_right,709.0,45.0,mask PCA skeleton + low contact point,generated_videos/control_points_3_traffic.mp4
59,5,0,60,1.0,0.05422764281458601,truck,0.6189864873886108,653.0,45.0,724.0,101.0,3372,contact_low,688.0,93.0,mask PCA skeleton + low contact point,generated_videos/control_points_3_traffic.mp4
59,1,15,21,0.9123634558093346,2.439024168434711,person,0.8451090455055237,623.0,240.0,658.0,345.0,2574,centroid,639.7940673828125,291.989501953125,mask PCA skeleton + low contact point,generated_videos/control_points_3_traffic.mp4
59,1,15,21,0.9123634558093346,2.439024168434711,person,0.8451090455055237,623.0,240.0,658.0,345.0,2574,axis_front,640.0,344.0,mask PCA skeleton + low contact point,generated_videos/control_points_3_traffic.mp4
59,1,15,21,0.9123634558093346,2.439024168434711,person,0.8451090455055237,623.0,240.0,658.0,345.0,2574,axis_back,645.0,240.0,mask PCA skeleton + low contact point,generated_videos/control_points_3_traffic.mp4
59,1,15,21,0.9123634558093346,2.439024168434711,person,0.8451090455055237,623.0,240.0,658.0,345.0,2574,axis_left,657.0,273.0,mask PCA skeleton + low contact point,generated_videos/control_points_3_traffic.mp4
59,1,15,21,0.9123634558093346,2.439024168434711,person,0.8451090455055237,623.0,240.0,658.0,345.0,2574,axis_right,623.0,318.0,mask PCA skeleton + low contact point,generated_videos/control_points_3_traffic.mp4
59,1,15,21,0.9123634558093346,2.439024168434711,person,0.8451090455055237,623.0,240.0,658.0,345.0,2574,contact_low,646.0,335.0,mask PCA skeleton + low contact point,generated_videos/control_points_3_traffic.mp4
59,0,7,50,0.85578231292517,2.7142987371763088,person,0.859290599822998,468.0,208.0,508.0,293.0,1871,centroid,489.16302490234375,245.58792114257812,mask PCA skeleton + low contact point,generated_videos/control_points_3_traffic.mp4
59,0,7,50,0.85578231292517,2.7142987371763088,person,0.859290599822998,468.0,208.0,508.0,293.0,1871,axis_front,499.0,292.0,mask PCA skeleton + low contact point,generated_videos/control_points_3_traffic.mp4
59,0,7,50,0.85578231292517,2.7142987371763088,person,0.859290599822998,468.0,208.0,508.0,293.0,1871,axis_back,483.0,208.0,mask PCA skeleton + low contact point,generated_videos/control_points_3_traffic.mp4
59,0,7,50,0.85578231292517,2.7142987371763088,person,0.859290599822998,468.0,208.0,508.0,293.0,1871,axis_left,507.0,236.0,mask PCA skeleton + low contact point,generated_videos/control_points_3_traffic.mp4
59,0,7,50,0.85578231292517,2.7142987371763088,person,0.859290599822998,468.0,208.0,508.0,293.0,1871,axis_right,468.0,250.0,mask PCA skeleton + low contact point,generated_videos/control_points_3_traffic.mp4
59,0,7,50,0.85578231292517,2.7142987371763088,person,0.859290599822998,468.0,208.0,508.0,293.0,1871,contact_low,493.0,286.0,mask PCA skeleton + low contact point,generated_videos/control_points_3_traffic.mp4
59,9,6,55,1.0,0.04233782698616579,boat,0.26241832971572876,69.0,498.0,160.0,528.0,1764,centroid,114.29478454589844,513.1904907226562,mask PCA skeleton + low contact point,generated_videos/control_points_3_traffic.mp4
59,9,6,55,1.0,0.04233782698616579,boat,0.26241832971572876,69.0,498.0,160.0,528.0,1764,axis_front,69.0,525.0,mask PCA skeleton + low contact point,generated_videos/control_points_3_traffic.mp4
59,9,6,55,1.0,0.04233782698616579,boat,0.26241832971572876,69.0,498.0,160.0,528.0,1764,axis_back,159.0,506.0,mask PCA skeleton + low contact point,generated_videos/control_points_3_traffic.mp4
59,9,6,55,1.0,0.04233782698616579,boat,0.26241832971572876,69.0,498.0,160.0,528.0,1764,axis_left,115.0,527.0,mask PCA skeleton + low contact point,generated_videos/control_points_3_traffic.mp4
59,9,6,55,1.0,0.04233782698616579,boat,0.26241832971572876,69.0,498.0,160.0,528.0,1764,axis_right,116.0,498.0,mask PCA skeleton + low contact point,generated_videos/control_points_3_traffic.mp4
59,9,6,55,1.0,0.04233782698616579,boat,0.26241832971572876,69.0,498.0,160.0,528.0,1764,contact_low,96.0,525.0,mask PCA skeleton + low contact point,generated_videos/control_points_3_traffic.mp4
59,2,10,43,0.8803019410496046,3.885611144725002,person,0.7956216335296631,513.0,209.0,544.0,290.0,1759,centroid,526.8624267578125,247.9408721923828,mask PCA skeleton + low contact point,generated_videos/control_points_3_traffic.mp4
59,2,10,43,0.8803019410496046,3.885611144725002,person,0.7956216335296631,513.0,209.0,544.0,290.0,1759,axis_front,541.0,289.0,mask PCA skeleton + low contact point,generated_videos/control_points_3_traffic.mp4
59,2,10,43,0.8803019410496046,3.885611144725002,person,0.7956216335296631,513.0,209.0,544.0,290.0,1759,axis_back,515.0,209.0,mask PCA skeleton + low contact point,generated_videos/control_points_3_traffic.mp4
59,2,10,43,0.8803019410496046,3.885611144725002,person,0.7956216335296631,513.0,209.0,544.0,290.0,1759,axis_left,543.0,276.0,mask PCA skeleton + low contact point,generated_videos/control_points_3_traffic.mp4
59,2,10,43,0.8803019410496046,3.885611144725002,person,0.7956216335296631,513.0,209.0,544.0,290.0,1759,axis_right,513.0,281.0,mask PCA skeleton + low contact point,generated_videos/control_points_3_traffic.mp4
59,2,10,43,0.8803019410496046,3.885611144725002,person,0.7956216335296631,513.0,209.0,544.0,290.0,1759,contact_low,537.0,281.0,mask PCA skeleton + low contact point,generated_videos/control_points_3_traffic.mp4
59,4,8,43,0.8148148148148148,3.110801315810746,person,0.6413862109184265,375.0,174.0,399.0,258.0,1521,centroid,387.50360107421875,216.11965942382812,mask PCA skeleton + low contact point,generated_videos/control_points_3_traffic.mp4
59,4,8,43,0.8148148148148148,3.110801315810746,person,0.6413862109184265,375.0,174.0,399.0,258.0,1521,axis_front,392.0,257.0,mask PCA skeleton + low contact point,generated_videos/control_points_3_traffic.mp4
59,4,8,43,0.8148148148148148,3.110801315810746,person,0.6413862109184265,375.0,174.0,399.0,258.0,1521,axis_back,381.0,174.0,mask PCA skeleton + low contact point,generated_videos/control_points_3_traffic.mp4
59,4,8,43,0.8148148148148148,3.110801315810746,person,0.6413862109184265,375.0,174.0,399.0,258.0,1521,axis_left,398.0,209.0,mask PCA skeleton + low contact point,generated_videos/control_points_3_traffic.mp4
59,4,8,43,0.8148148148148148,3.110801315810746,person,0.6413862109184265,375.0,174.0,399.0,258.0,1521,axis_right,375.0,235.0,mask PCA skeleton + low contact point,generated_videos/control_points_3_traffic.mp4
59,4,8,43,0.8148148148148148,3.110801315810746,person,0.6413862109184265,375.0,174.0,399.0,258.0,1521,contact_low,388.0,252.0,mask PCA skeleton + low contact point,generated_videos/control_points_3_traffic.mp4
59,3,4,60,0.9761904761904762,0.07417764219703932,car,0.7241361737251282,735.0,52.0,768.0,93.0,1298,centroid,751.42529296875,72.29275512695312,mask PCA skeleton + low contact point,generated_videos/control_points_3_traffic.mp4
59,3,4,60,0.9761904761904762,0.07417764219703932,car,0.7241361737251282,735.0,52.0,768.0,93.0,1298,axis_front,736.0,92.0,mask PCA skeleton + low contact point,generated_videos/control_points_3_traffic.mp4
59,3,4,60,0.9761904761904762,0.07417764219703932,car,0.7241361737251282,735.0,52.0,768.0,93.0,1298,axis_back,767.0,52.0,mask PCA skeleton + low contact point,generated_videos/control_points_3_traffic.mp4
59,3,4,60,0.9761904761904762,0.07417764219703932,car,0.7241361737251282,735.0,52.0,768.0,93.0,1298,axis_left,767.0,92.0,mask PCA skeleton + low contact point,generated_videos/control_points_3_traffic.mp4
59,3,4,60,0.9761904761904762,0.07417764219703932,car,0.7241361737251282,735.0,52.0,768.0,93.0,1298,axis_right,735.0,62.0,mask PCA skeleton + low contact point,generated_videos/control_points_3_traffic.mp4
59,3,4,60,0.9761904761904762,0.07417764219703932,car,0.7241361737251282,735.0,52.0,768.0,93.0,1298,contact_low,750.0,90.0,mask PCA skeleton + low contact point,generated_videos/control_points_3_traffic.mp4
59,6,12,18,0.8738273921200751,0.8495714153061208,person,0.4303147792816162,400.0,183.0,423.0,264.0,1106,centroid,410.0415954589844,224.38426208496094,mask PCA skeleton + low contact point,generated_videos/control_points_3_traffic.mp4
59,6,12,18,0.8738273921200751,0.8495714153061208,person,0.4303147792816162,400.0,183.0,423.0,264.0,1106,axis_front,416.0,263.0,mask PCA skeleton + low contact point,generated_videos/control_points_3_traffic.mp4
59,6,12,18,0.8738273921200751,0.8495714153061208,person,0.4303147792816162,400.0,183.0,423.0,264.0,1106,axis_back,406.0,183.0,mask PCA skeleton + low contact point,generated_videos/control_points_3_traffic.mp4
59,6,12,18,0.8738273921200751,0.8495714153061208,person,0.4303147792816162,400.0,183.0,423.0,264.0,1106,axis_left,422.0,245.0,mask PCA skeleton + low contact point,generated_videos/control_points_3_traffic.mp4
59,6,12,18,0.8738273921200751,0.8495714153061208,person,0.4303147792816162,400.0,183.0,423.0,264.0,1106,axis_right,400.0,229.0,mask PCA skeleton + low contact point,generated_videos/control_points_3_traffic.mp4
59,6,12,18,0.8738273921200751,0.8495714153061208,person,0.4303147792816162,400.0,183.0,423.0,264.0,1106,contact_low,415.0,259.0,mask PCA skeleton + low contact point,generated_videos/control_points_3_traffic.mp4
59,7,1,44,0.7465437788018433,7.325136298459756,person,0.3134702444076538,401.0,184.0,419.0,248.0,812,centroid,408.6551818847656,215.35960388183594,mask PCA skeleton + low contact point,generated_videos/control_points_3_traffic.mp4
59,7,1,44,0.7465437788018433,7.325136298459756,person,0.3134702444076538,401.0,184.0,419.0,248.0,812,axis_front,418.0,247.0,mask PCA skeleton + low contact point,generated_videos/control_points_3_traffic.mp4
59,7,1,44,0.7465437788018433,7.325136298459756,person,0.3134702444076538,401.0,184.0,419.0,248.0,812,axis_back,406.0,184.0,mask PCA skeleton + low contact point,generated_videos/control_points_3_traffic.mp4
59,7,1,44,0.7465437788018433,7.325136298459756,person,0.3134702444076538,401.0,184.0,419.0,248.0,812,axis_left,416.0,190.0,mask PCA skeleton + low contact point,generated_videos/control_points_3_traffic.mp4
59,7,1,44,0.7465437788018433,7.325136298459756,person,0.3134702444076538,401.0,184.0,419.0,248.0,812,axis_right,401.0,231.0,mask PCA skeleton + low contact point,generated_videos/control_points_3_traffic.mp4
59,7,1,44,0.7465437788018433,7.325136298459756,person,0.3134702444076538,401.0,184.0,419.0,248.0,812,contact_low,413.0,244.0,mask PCA skeleton + low contact point,generated_videos/control_points_3_traffic.mp4
59,8,16,7,1.0,0.17201114493892758,person,0.2693794369697571,30.0,112.0,50.0,141.0,286,centroid,39.66783142089844,123.30419921875,mask PCA skeleton + low contact point,generated_videos/control_points_3_traffic.mp4
59,8,16,7,1.0,0.17201114493892758,person,0.2693794369697571,30.0,112.0,50.0,141.0,286,axis_front,41.0,140.0,mask PCA skeleton + low contact point,generated_videos/control_points_3_traffic.mp4
59,8,16,7,1.0,0.17201114493892758,person,0.2693794369697571,30.0,112.0,50.0,141.0,286,axis_back,39.0,112.0,mask PCA skeleton + low contact point,generated_videos/control_points_3_traffic.mp4
59,8,16,7,1.0,0.17201114493892758,person,0.2693794369697571,30.0,112.0,50.0,141.0,286,axis_left,49.0,112.0,mask PCA skeleton + low contact point,generated_videos/control_points_3_traffic.mp4
59,8,16,7,1.0,0.17201114493892758,person,0.2693794369697571,30.0,112.0,50.0,141.0,286,axis_right,30.0,122.0,mask PCA skeleton + low contact point,generated_videos/control_points_3_traffic.mp4
59,8,16,7,1.0,0.17201114493892758,person,0.2693794369697571,30.0,112.0,50.0,141.0,286,contact_low,40.0,138.0,mask PCA skeleton + low contact point,generated_videos/control_points_3_traffic.mp4
60,4,0,61,0.9824561403508771,0.33746038016585417,truck,0.6175473928451538,653.0,44.0,724.0,101.0,3424,centroid,686.290283203125,70.7818374633789,mask PCA skeleton + low contact point,generated_videos/control_points_3_traffic.mp4
60,4,0,61,0.9824561403508771,0.33746038016585417,truck,0.6175473928451538,653.0,44.0,724.0,101.0,3424,axis_front,653.0,54.0,mask PCA skeleton + low contact point,generated_videos/control_points_3_traffic.mp4
60,4,0,61,0.9824561403508771,0.33746038016585417,truck,0.6175473928451538,653.0,44.0,724.0,101.0,3424,axis_back,723.0,86.0,mask PCA skeleton + low contact point,generated_videos/control_points_3_traffic.mp4
60,4,0,61,0.9824561403508771,0.33746038016585417,truck,0.6175473928451538,653.0,44.0,724.0,101.0,3424,axis_left,696.0,100.0,mask PCA skeleton + low contact point,generated_videos/control_points_3_traffic.mp4
60,4,0,61,0.9824561403508771,0.33746038016585417,truck,0.6175473928451538,653.0,44.0,724.0,101.0,3424,axis_right,706.0,44.0,mask PCA skeleton + low contact point,generated_videos/control_points_3_traffic.mp4
60,4,0,61,0.9824561403508771,0.33746038016585417,truck,0.6175473928451538,653.0,44.0,724.0,101.0,3424,contact_low,689.0,93.0,mask PCA skeleton + low contact point,generated_videos/control_points_3_traffic.mp4
60,0,15,22,0.637016093953893,8.546333107363385,person,0.8684055805206299,616.0,234.0,652.0,341.0,2687,centroid,633.5210571289062,286.1853332519531,mask PCA skeleton + low contact point,generated_videos/control_points_3_traffic.mp4
60,0,15,22,0.637016093953893,8.546333107363385,person,0.8684055805206299,616.0,234.0,652.0,341.0,2687,axis_front,645.0,340.0,mask PCA skeleton + low contact point,generated_videos/control_points_3_traffic.mp4
60,0,15,22,0.637016093953893,8.546333107363385,person,0.8684055805206299,616.0,234.0,652.0,341.0,2687,axis_back,626.0,234.0,mask PCA skeleton + low contact point,generated_videos/control_points_3_traffic.mp4
60,0,15,22,0.637016093953893,8.546333107363385,person,0.8684055805206299,616.0,234.0,652.0,341.0,2687,axis_left,651.0,269.0,mask PCA skeleton + low contact point,generated_videos/control_points_3_traffic.mp4
60,0,15,22,0.637016093953893,8.546333107363385,person,0.8684055805206299,616.0,234.0,652.0,341.0,2687,axis_right,616.0,292.0,mask PCA skeleton + low contact point,generated_videos/control_points_3_traffic.mp4
60,0,15,22,0.637016093953893,8.546333107363385,person,0.8684055805206299,616.0,234.0,652.0,341.0,2687,contact_low,639.0,331.0,mask PCA skeleton + low contact point,generated_videos/control_points_3_traffic.mp4
60,1,7,51,0.7924528301886793,4.458743963739397,person,0.8482555747032166,468.0,202.0,502.0,292.0,1893,centroid,485.2229309082031,243.50079345703125,mask PCA skeleton + low contact point,generated_videos/control_points_3_traffic.mp4
60,1,7,51,0.7924528301886793,4.458743963739397,person,0.8482555747032166,468.0,202.0,502.0,292.0,1893,axis_front,493.0,291.0,mask PCA skeleton + low contact point,generated_videos/control_points_3_traffic.mp4
60,1,7,51,0.7924528301886793,4.458743963739397,person,0.8482555747032166,468.0,202.0,502.0,292.0,1893,axis_back,480.0,202.0,mask PCA skeleton + low contact point,generated_videos/control_points_3_traffic.mp4
60,1,7,51,0.7924528301886793,4.458743963739397,person,0.8482555747032166,468.0,202.0,502.0,292.0,1893,axis_left,501.0,232.0,mask PCA skeleton + low contact point,generated_videos/control_points_3_traffic.mp4
60,1,7,51,0.7924528301886793,4.458743963739397,person,0.8482555747032166,468.0,202.0,502.0,292.0,1893,axis_right,468.0,251.0,mask PCA skeleton + low contact point,generated_videos/control_points_3_traffic.mp4
60,1,7,51,0.7924528301886793,4.458743963739397,person,0.8482555747032166,468.0,202.0,502.0,292.0,1893,contact_low,488.0,283.0,mask PCA skeleton + low contact point,generated_videos/control_points_3_traffic.mp4
60,9,6,56,1.0,0.02160196458131072,boat,0.27909544110298157,69.0,498.0,160.0,528.0,1761,centroid,114.28052520751953,513.2067260742188,mask PCA skeleton + low contact point,generated_videos/control_points_3_traffic.mp4
60,9,6,56,1.0,0.02160196458131072,boat,0.27909544110298157,69.0,498.0,160.0,528.0,1761,axis_front,69.0,525.0,mask PCA skeleton + low contact point,generated_videos/control_points_3_traffic.mp4
60,9,6,56,1.0,0.02160196458131072,boat,0.27909544110298157,69.0,498.0,160.0,528.0,1761,axis_back,159.0,506.0,mask PCA skeleton + low contact point,generated_videos/control_points_3_traffic.mp4
60,9,6,56,1.0,0.02160196458131072,boat,0.27909544110298157,69.0,498.0,160.0,528.0,1761,axis_left,115.0,527.0,mask PCA skeleton + low contact point,generated_videos/control_points_3_traffic.mp4
60,9,6,56,1.0,0.02160196458131072,boat,0.27909544110298157,69.0,498.0,160.0,528.0,1761,axis_right,116.0,498.0,mask PCA skeleton + low contact point,generated_videos/control_points_3_traffic.mp4
60,9,6,56,1.0,0.02160196458131072,boat,0.27909544110298157,69.0,498.0,160.0,528.0,1761,contact_low,96.0,525.0,mask PCA skeleton + low contact point,generated_videos/control_points_3_traffic.mp4
60,2,10,44,0.42134831460674155,10.80039987333281,person,0.8399400115013123,504.0,202.0,532.0,284.0,1736,centroid,517.86865234375,241.96083068847656,mask PCA skeleton + low contact point,generated_videos/control_points_3_traffic.mp4
60,2,10,44,0.42134831460674155,10.80039987333281,person,0.8399400115013123,504.0,202.0,532.0,284.0,1736,axis_front,517.0,283.0,mask PCA skeleton + low contact point,generated_videos/control_points_3_traffic.mp4
60,2,10,44,0.42134831460674155,10.80039987333281,person,0.8399400115013123,504.0,202.0,532.0,284.0,1736,axis_back,509.0,202.0,mask PCA skeleton + low contact point,generated_videos/control_points_3_traffic.mp4
60,2,10,44,0.42134831460674155,10.80039987333281,person,0.8399400115013123,504.0,202.0,532.0,284.0,1736,axis_left,531.0,244.0,mask PCA skeleton + low contact point,generated_videos/control_points_3_traffic.mp4
60,2,10,44,0.42134831460674155,10.80039987333281,person,0.8399400115013123,504.0,202.0,532.0,284.0,1736,axis_right,504.0,254.0,mask PCA skeleton + low contact point,generated_videos/control_points_3_traffic.mp4
60,2,10,44,0.42134831460674155,10.80039987333281,person,0.8399400115013123,504.0,202.0,532.0,284.0,1736,contact_low,518.0,278.0,mask PCA skeleton + low contact point,generated_videos/control_points_3_traffic.mp4
60,3,4,61,1.0,0.006017141506841245,car,0.7287843227386475,735.0,52.0,768.0,93.0,1298,centroid,751.4214477539062,72.29737854003906,mask PCA skeleton + low contact point,generated_videos/control_points_3_traffic.mp4
60,3,4,61,1.0,0.006017141506841245,car,0.7287843227386475,735.0,52.0,768.0,93.0,1298,axis_front,736.0,92.0,mask PCA skeleton + low contact point,generated_videos/control_points_3_traffic.mp4
60,3,4,61,1.0,0.006017141506841245,car,0.7287843227386475,735.0,52.0,768.0,93.0,1298,axis_back,767.0,52.0,mask PCA skeleton + low contact point,generated_videos/control_points_3_traffic.mp4
60,3,4,61,1.0,0.006017141506841245,car,0.7287843227386475,735.0,52.0,768.0,93.0,1298,axis_left,767.0,92.0,mask PCA skeleton + low contact point,generated_videos/control_points_3_traffic.mp4
60,3,4,61,1.0,0.006017141506841245,car,0.7287843227386475,735.0,52.0,768.0,93.0,1298,axis_right,735.0,62.0,mask PCA skeleton + low contact point,generated_videos/control_points_3_traffic.mp4
60,3,4,61,1.0,0.006017141506841245,car,0.7287843227386475,735.0,52.0,768.0,93.0,1298,contact_low,750.0,90.0,mask PCA skeleton + low contact point,generated_videos/control_points_3_traffic.mp4
60,5,8,44,0.6608695652173913,5.63980774624084,person,0.5770094394683838,380.0,182.0,398.0,261.0,1109,centroid,388.3985595703125,221.68800354003906,mask PCA skeleton + low contact point,generated_videos/control_points_3_traffic.mp4
60,5,8,44,0.6608695652173913,5.63980774624084,person,0.5770094394683838,380.0,182.0,398.0,261.0,1109,axis_front,386.0,260.0,mask PCA skeleton + low contact point,generated_videos/control_points_3_traffic.mp4
60,5,8,44,0.6608695652173913,5.63980774624084,person,0.5770094394683838,380.0,182.0,398.0,261.0,1109,axis_back,397.0,182.0,mask PCA skeleton + low contact point,generated_videos/control_points_3_traffic.mp4
60,5,8,44,0.6608695652173913,5.63980774624084,person,0.5770094394683838,380.0,182.0,398.0,261.0,1109,axis_left,397.0,253.0,mask PCA skeleton + low contact point,generated_videos/control_points_3_traffic.mp4
60,5,8,44,0.6608695652173913,5.63980774624084,person,0.5770094394683838,380.0,182.0,398.0,261.0,1109,axis_right,380.0,201.0,mask PCA skeleton + low contact point,generated_videos/control_points_3_traffic.mp4
60,5,8,44,0.6608695652173913,5.63980774624084,person,0.5770094394683838,380.0,182.0,398.0,261.0,1109,contact_low,387.0,255.0,mask PCA skeleton + low contact point,generated_videos/control_points_3_traffic.mp4
60,6,17,1,,,person,0.5725753307342529,366.0,171.0,383.0,238.0,907,centroid,373.85888671875,202.2183074951172,mask PCA skeleton + low contact point,generated_videos/control_points_3_traffic.mp4
60,6,17,1,,,person,0.5725753307342529,366.0,171.0,383.0,238.0,907,axis_front,377.0,237.0,mask PCA skeleton + low contact point,generated_videos/control_points_3_traffic.mp4
60,6,17,1,,,person,0.5725753307342529,366.0,171.0,383.0,238.0,907,axis_back,369.0,171.0,mask PCA skeleton + low contact point,generated_videos/control_points_3_traffic.mp4
60,6,17,1,,,person,0.5725753307342529,366.0,171.0,383.0,238.0,907,axis_left,382.0,183.0,mask PCA skeleton + low contact point,generated_videos/control_points_3_traffic.mp4
60,6,17,1,,,person,0.5725753307342529,366.0,171.0,383.0,238.0,907,axis_right,366.0,217.0,mask PCA skeleton + low contact point,generated_videos/control_points_3_traffic.mp4
60,6,17,1,,,person,0.5725753307342529,366.0,171.0,383.0,238.0,907,contact_low,375.0,232.0,mask PCA skeleton + low contact point,generated_videos/control_points_3_traffic.mp4
60,7,12,19,0.7514761137949544,4.268733831270908,person,0.4337345361709595,402.0,194.0,422.0,264.0,907,centroid,410.53802490234375,228.62403869628906,mask PCA skeleton + low contact point,generated_videos/control_points_3_traffic.mp4
60,7,12,19,0.7514761137949544,4.268733831270908,person,0.4337345361709595,402.0,194.0,422.0,264.0,907,axis_front,416.0,263.0,mask PCA skeleton + low contact point,generated_videos/control_points_3_traffic.mp4
60,7,12,19,0.7514761137949544,4.268733831270908,person,0.4337345361709595,402.0,194.0,422.0,264.0,907,axis_back,402.0,194.0,mask PCA skeleton + low contact point,generated_videos/control_points_3_traffic.mp4
60,7,12,19,0.7514761137949544,4.268733831270908,person,0.4337345361709595,402.0,194.0,422.0,264.0,907,axis_left,421.0,246.0,mask PCA skeleton + low contact point,generated_videos/control_points_3_traffic.mp4
60,7,12,19,0.7514761137949544,4.268733831270908,person,0.4337345361709595,402.0,194.0,422.0,264.0,907,axis_right,402.0,230.0,mask PCA skeleton + low contact point,generated_videos/control_points_3_traffic.mp4
60,7,12,19,0.7514761137949544,4.268733831270908,person,0.4337345361709595,402.0,194.0,422.0,264.0,907,contact_low,414.0,259.0,mask PCA skeleton + low contact point,generated_videos/control_points_3_traffic.mp4
60,10,1,45,0.8023598820058997,6.0266414441040705,person,0.25716373324394226,401.0,184.0,418.0,260.0,901,centroid,409.4295349121094,221.33628845214844,mask PCA skeleton + low contact point,generated_videos/control_points_3_traffic.mp4
60,10,1,45,0.8023598820058997,6.0266414441040705,person,0.25716373324394226,401.0,184.0,418.0,260.0,901,axis_front,417.0,259.0,mask PCA skeleton + low contact point,generated_videos/control_points_3_traffic.mp4
60,10,1,45,0.8023598820058997,6.0266414441040705,person,0.25716373324394226,401.0,184.0,418.0,260.0,901,axis_back,406.0,184.0,mask PCA skeleton + low contact point,generated_videos/control_points_3_traffic.mp4
60,10,1,45,0.8023598820058997,6.0266414441040705,person,0.25716373324394226,401.0,184.0,418.0,260.0,901,axis_left,416.0,221.0,mask PCA skeleton + low contact point,generated_videos/control_points_3_traffic.mp4
60,10,1,45,0.8023598820058997,6.0266414441040705,person,0.25716373324394226,401.0,184.0,418.0,260.0,901,axis_right,401.0,227.0,mask PCA skeleton + low contact point,generated_videos/control_points_3_traffic.mp4
60,10,1,45,0.8023598820058997,6.0266414441040705,person,0.25716373324394226,401.0,184.0,418.0,260.0,901,contact_low,412.0,255.0,mask PCA skeleton + low contact point,generated_videos/control_points_3_traffic.mp4
60,8,18,1,,,person,0.29708021879196167,381.0,182.0,398.0,244.0,814,centroid,388.43365478515625,212.25306701660156,mask PCA skeleton + low contact point,generated_videos/control_points_3_traffic.mp4
60,8,18,1,,,person,0.29708021879196167,381.0,182.0,398.0,244.0,814,axis_front,383.0,243.0,mask PCA skeleton + low contact point,generated_videos/control_points_3_traffic.mp4
60,8,18,1,,,person,0.29708021879196167,381.0,182.0,398.0,244.0,814,axis_back,397.0,182.0,mask PCA skeleton + low contact point,generated_videos/control_points_3_traffic.mp4
60,8,18,1,,,person,0.29708021879196167,381.0,182.0,398.0,244.0,814,axis_left,397.0,190.0,mask PCA skeleton + low contact point,generated_videos/control_points_3_traffic.mp4
60,8,18,1,,,person,0.29708021879196167,381.0,182.0,398.0,244.0,814,axis_right,381.0,197.0,mask PCA skeleton + low contact point,generated_videos/control_points_3_traffic.mp4
60,8,18,1,,,person,0.29708021879196167,381.0,182.0,398.0,244.0,814,contact_low,389.0,240.0,mask PCA skeleton + low contact point,generated_videos/control_points_3_traffic.mp4
61,6,0,62,1.0,0.04920617973153588,truck,0.614179253578186,653.0,44.0,724.0,101.0,3426,centroid,686.2796020507812,70.73380279541016,mask PCA skeleton + low contact point,generated_videos/control_points_3_traffic.mp4
61,6,0,62,1.0,0.04920617973153588,truck,0.614179253578186,653.0,44.0,724.0,101.0,3426,axis_front,653.0,54.0,mask PCA skeleton + low contact point,generated_videos/control_points_3_traffic.mp4
61,6,0,62,1.0,0.04920617973153588,truck,0.614179253578186,653.0,44.0,724.0,101.0,3426,axis_back,723.0,86.0,mask PCA skeleton + low contact point,generated_videos/control_points_3_traffic.mp4
61,6,0,62,1.0,0.04920617973153588,truck,0.614179253578186,653.0,44.0,724.0,101.0,3426,axis_left,696.0,100.0,mask PCA skeleton + low contact point,generated_videos/control_points_3_traffic.mp4
61,6,0,62,1.0,0.04920617973153588,truck,0.614179253578186,653.0,44.0,724.0,101.0,3426,axis_right,706.0,44.0,mask PCA skeleton + low contact point,generated_videos/control_points_3_traffic.mp4
61,6,0,62,1.0,0.04920617973153588,truck,0.614179253578186,653.0,44.0,724.0,101.0,3426,contact_low,688.0,93.0,mask PCA skeleton + low contact point,generated_videos/control_points_3_traffic.mp4
61,0,15,23,0.8401162790697675,5.280515284352573,person,0.8855488896369934,614.0,232.0,650.0,336.0,2493,centroid,630.9546508789062,281.5704040527344,mask PCA skeleton + low contact point,generated_videos/control_points_3_traffic.mp4
61,0,15,23,0.8401162790697675,5.280515284352573,person,0.8855488896369934,614.0,232.0,650.0,336.0,2493,axis_front,632.0,335.0,mask PCA skeleton + low contact point,generated_videos/control_points_3_traffic.mp4
61,0,15,23,0.8401162790697675,5.280515284352573,person,0.8855488896369934,614.0,232.0,650.0,336.0,2493,axis_back,624.0,232.0,mask PCA skeleton + low contact point,generated_videos/control_points_3_traffic.mp4
61,0,15,23,0.8401162790697675,5.280515284352573,person,0.8855488896369934,614.0,232.0,650.0,336.0,2493,axis_left,649.0,269.0,mask PCA skeleton + low contact point,generated_videos/control_points_3_traffic.mp4
61,0,15,23,0.8401162790697675,5.280515284352573,person,0.8855488896369934,614.0,232.0,650.0,336.0,2493,axis_right,614.0,286.0,mask PCA skeleton + low contact point,generated_videos/control_points_3_traffic.mp4
61,0,15,23,0.8401162790697675,5.280515284352573,person,0.8855488896369934,614.0,232.0,650.0,336.0,2493,contact_low,631.0,328.0,mask PCA skeleton + low contact point,generated_videos/control_points_3_traffic.mp4
61,1,7,52,0.8349514563106796,2.7346446439152023,person,0.8597261905670166,468.0,201.0,498.0,288.0,1781,centroid,483.2257080078125,241.63279724121094,mask PCA skeleton + low contact point,generated_videos/control_points_3_traffic.mp4
61,1,7,52,0.8349514563106796,2.7346446439152023,person,0.8597261905670166,468.0,201.0,498.0,288.0,1781,axis_front,480.0,287.0,mask PCA skeleton + low contact point,generated_videos/control_points_3_traffic.mp4
61,1,7,52,0.8349514563106796,2.7346446439152023,person,0.8597261905670166,468.0,201.0,498.0,288.0,1781,axis_back,489.0,201.0,mask PCA skeleton + low contact point,generated_videos/control_points_3_traffic.mp4
61,1,7,52,0.8349514563106796,2.7346446439152023,person,0.8597261905670166,468.0,201.0,498.0,288.0,1781,axis_left,497.0,239.0,mask PCA skeleton + low contact point,generated_videos/control_points_3_traffic.mp4
61,1,7,52,0.8349514563106796,2.7346446439152023,person,0.8597261905670166,468.0,201.0,498.0,288.0,1781,axis_right,468.0,227.0,mask PCA skeleton + low contact point,generated_videos/control_points_3_traffic.mp4
61,1,7,52,0.8349514563106796,2.7346446439152023,person,0.8597261905670166,468.0,201.0,498.0,288.0,1781,contact_low,484.0,279.0,mask PCA skeleton + low contact point,generated_videos/control_points_3_traffic.mp4
61,9,6,57,1.0,0.04259070391017499,boat,0.26551735401153564,69.0,498.0,160.0,528.0,1762,centroid,114.31611633300781,513.1832885742188,mask PCA skeleton + low contact point,generated_videos/control_points_3_traffic.mp4
61,9,6,57,1.0,0.04259070391017499,boat,0.26551735401153564,69.0,498.0,160.0,528.0,1762,axis_front,69.0,525.0,mask PCA skeleton + low contact point,generated_videos/control_points_3_traffic.mp4
61,9,6,57,1.0,0.04259070391017499,boat,0.26551735401153564,69.0,498.0,160.0,528.0,1762,axis_back,159.0,506.0,mask PCA skeleton + low contact point,generated_videos/control_points_3_traffic.mp4
61,9,6,57,1.0,0.04259070391017499,boat,0.26551735401153564,69.0,498.0,160.0,528.0,1762,axis_left,115.0,527.0,mask PCA skeleton + low contact point,generated_videos/control_points_3_traffic.mp4
61,9,6,57,1.0,0.04259070391017499,boat,0.26551735401153564,69.0,498.0,160.0,528.0,1762,axis_right,116.0,498.0,mask PCA skeleton + low contact point,generated_videos/control_points_3_traffic.mp4
61,9,6,57,1.0,0.04259070391017499,boat,0.26551735401153564,69.0,498.0,160.0,528.0,1762,contact_low,96.0,525.0,mask PCA skeleton + low contact point,generated_videos/control_points_3_traffic.mp4
61,2,10,45,0.7660568314519268,3.902046847948512,person,0.7864397168159485,501.0,202.0,528.0,285.0,1616,centroid,514.8663330078125,239.46844482421875,mask PCA skeleton + low contact point,generated_videos/control_points_3_traffic.mp4
61,2,10,45,0.7660568314519268,3.902046847948512,person,0.7864397168159485,501.0,202.0,528.0,285.0,1616,axis_front,517.0,284.0,mask PCA skeleton + low contact point,generated_videos/control_points_3_traffic.mp4
61,2,10,45,0.7660568314519268,3.902046847948512,person,0.7864397168159485,501.0,202.0,528.0,285.0,1616,axis_back,506.0,202.0,mask PCA skeleton + low contact point,generated_videos/control_points_3_traffic.mp4
61,2,10,45,0.7660568314519268,3.902046847948512,person,0.7864397168159485,501.0,202.0,528.0,285.0,1616,axis_left,527.0,225.0,mask PCA skeleton + low contact point,generated_videos/control_points_3_traffic.mp4
61,2,10,45,0.7660568314519268,3.902046847948512,person,0.7864397168159485,501.0,202.0,528.0,285.0,1616,axis_right,501.0,251.0,mask PCA skeleton + low contact point,generated_videos/control_points_3_traffic.mp4
61,2,10,45,0.7660568314519268,3.902046847948512,person,0.7864397168159485,501.0,202.0,528.0,285.0,1616,contact_low,516.0,277.0,mask PCA skeleton + low contact point,generated_videos/control_points_3_traffic.mp4
61,4,4,62,1.0,0.07537500727953853,car,0.73662930727005,735.0,52.0,768.0,93.0,1289,centroid,751.4359741210938,72.22342681884766,mask PCA skeleton + low contact point,generated_videos/control_points_3_traffic.mp4
61,4,4,62,1.0,0.07537500727953853,car,0.73662930727005,735.0,52.0,768.0,93.0,1289,axis_front,736.0,92.0,mask PCA skeleton + low contact point,generated_videos/control_points_3_traffic.mp4
61,4,4,62,1.0,0.07537500727953853,car,0.73662930727005,735.0,52.0,768.0,93.0,1289,axis_back,767.0,52.0,mask PCA skeleton + low contact point,generated_videos/control_points_3_traffic.mp4
61,4,4,62,1.0,0.07537500727953853,car,0.73662930727005,735.0,52.0,768.0,93.0,1289,axis_left,767.0,92.0,mask PCA skeleton + low contact point,generated_videos/control_points_3_traffic.mp4
61,4,4,62,1.0,0.07537500727953853,car,0.73662930727005,735.0,52.0,768.0,93.0,1289,axis_right,735.0,62.0,mask PCA skeleton + low contact point,generated_videos/control_points_3_traffic.mp4
61,4,4,62,1.0,0.07537500727953853,car,0.73662930727005,735.0,52.0,768.0,93.0,1289,contact_low,749.0,90.0,mask PCA skeleton + low contact point,generated_videos/control_points_3_traffic.mp4
61,3,8,45,0.8478260869565217,1.4879078345573862,person,0.7668482065200806,378.0,182.0,399.0,260.0,1193,centroid,387.6026916503906,220.43084716796875,mask PCA skeleton + low contact point,generated_videos/control_points_3_traffic.mp4
61,3,8,45,0.8478260869565217,1.4879078345573862,person,0.7668482065200806,378.0,182.0,399.0,260.0,1193,axis_front,381.0,259.0,mask PCA skeleton + low contact point,generated_videos/control_points_3_traffic.mp4
61,3,8,45,0.8478260869565217,1.4879078345573862,person,0.7668482065200806,378.0,182.0,399.0,260.0,1193,axis_back,397.0,182.0,mask PCA skeleton + low contact point,generated_videos/control_points_3_traffic.mp4
61,3,8,45,0.8478260869565217,1.4879078345573862,person,0.7668482065200806,378.0,182.0,399.0,260.0,1193,axis_left,397.0,253.0,mask PCA skeleton + low contact point,generated_videos/control_points_3_traffic.mp4
61,3,8,45,0.8478260869565217,1.4879078345573862,person,0.7668482065200806,378.0,182.0,399.0,260.0,1193,axis_right,378.0,197.0,mask PCA skeleton + low contact point,generated_videos/control_points_3_traffic.mp4
61,3,8,45,0.8478260869565217,1.4879078345573862,person,0.7668482065200806,378.0,182.0,399.0,260.0,1193,contact_low,387.0,255.0,mask PCA skeleton + low contact point,generated_videos/control_points_3_traffic.mp4
61,5,17,2,0.4941610325752919,6.171931026029263,person,0.6941177845001221,359.0,170.0,378.0,238.0,1168,centroid,368.1960754394531,204.67294311523438,mask PCA skeleton + low contact point,generated_videos/control_points_3_traffic.mp4
61,5,17,2,0.4941610325752919,6.171931026029263,person,0.6941177845001221,359.0,170.0,378.0,238.0,1168,axis_front,369.0,237.0,mask PCA skeleton + low contact point,generated_videos/control_points_3_traffic.mp4
61,5,17,2,0.4941610325752919,6.171931026029263,person,0.6941177845001221,359.0,170.0,378.0,238.0,1168,axis_back,360.0,170.0,mask PCA skeleton + low contact point,generated_videos/control_points_3_traffic.mp4
61,5,17,2,0.4941610325752919,6.171931026029263,person,0.6941177845001221,359.0,170.0,378.0,238.0,1168,axis_left,377.0,184.0,mask PCA skeleton + low contact point,generated_videos/control_points_3_traffic.mp4
61,5,17,2,0.4941610325752919,6.171931026029263,person,0.6941177845001221,359.0,170.0,378.0,238.0,1168,axis_right,359.0,225.0,mask PCA skeleton + low contact point,generated_videos/control_points_3_traffic.mp4
61,5,17,2,0.4941610325752919,6.171931026029263,person,0.6941177845001221,359.0,170.0,378.0,238.0,1168,contact_low,368.0,233.0,mask PCA skeleton + low contact point,generated_videos/control_points_3_traffic.mp4
61,7,12,20,0.875,3.6001970538923747,person,0.5449730753898621,402.0,184.0,422.0,264.0,991,centroid,410.4066467285156,225.02622985839844,mask PCA skeleton + low contact point,generated_videos/control_points_3_traffic.mp4
61,7,12,20,0.875,3.6001970538923747,person,0.5449730753898621,402.0,184.0,422.0,264.0,991,axis_front,417.0,263.0,mask PCA skeleton + low contact point,generated_videos/control_points_3_traffic.mp4
61,7,12,20,0.875,3.6001970538923747,person,0.5449730753898621,402.0,184.0,422.0,264.0,991,axis_back,407.0,184.0,mask PCA skeleton + low contact point,generated_videos/control_points_3_traffic.mp4
61,7,12,20,0.875,3.6001970538923747,person,0.5449730753898621,402.0,184.0,422.0,264.0,991,axis_left,421.0,248.0,mask PCA skeleton + low contact point,generated_videos/control_points_3_traffic.mp4
61,7,12,20,0.875,3.6001970538923747,person,0.5449730753898621,402.0,184.0,422.0,264.0,991,axis_right,402.0,229.0,mask PCA skeleton + low contact point,generated_videos/control_points_3_traffic.mp4
61,7,12,20,0.875,3.6001970538923747,person,0.5449730753898621,402.0,184.0,422.0,264.0,991,contact_low,415.0,259.0,mask PCA skeleton + low contact point,generated_videos/control_points_3_traffic.mp4
61,8,16,8,1.0,0.08159551939205857,person,0.2891094982624054,30.0,112.0,50.0,141.0,295,centroid,39.68135452270508,123.2237319946289,mask PCA skeleton + low contact point,generated_videos/control_points_3_traffic.mp4
61,8,16,8,1.0,0.08159551939205857,person,0.2891094982624054,30.0,112.0,50.0,141.0,295,axis_front,39.0,140.0,mask PCA skeleton + low contact point,generated_videos/control_points_3_traffic.mp4
61,8,16,8,1.0,0.08159551939205857,person,0.2891094982624054,30.0,112.0,50.0,141.0,295,axis_back,49.0,112.0,mask PCA skeleton + low contact point,generated_videos/control_points_3_traffic.mp4
61,8,16,8,1.0,0.08159551939205857,person,0.2891094982624054,30.0,112.0,50.0,141.0,295,axis_left,49.0,115.0,mask PCA skeleton + low contact point,generated_videos/control_points_3_traffic.mp4
61,8,16,8,1.0,0.08159551939205857,person,0.2891094982624054,30.0,112.0,50.0,141.0,295,axis_right,30.0,119.0,mask PCA skeleton + low contact point,generated_videos/control_points_3_traffic.mp4
61,8,16,8,1.0,0.08159551939205857,person,0.2891094982624054,30.0,112.0,50.0,141.0,295,contact_low,40.0,138.0,mask PCA skeleton + low contact point,generated_videos/control_points_3_traffic.mp4
62,6,0,63,1.0,0.026360710268001814,truck,0.6121730208396912,653.0,44.0,724.0,101.0,3423,centroid,686.3056030273438,70.72918701171875,mask PCA skeleton + low contact point,generated_videos/control_points_3_traffic.mp4
62,6,0,63,1.0,0.026360710268001814,truck,0.6121730208396912,653.0,44.0,724.0,101.0,3423,axis_front,653.0,54.0,mask PCA skeleton + low contact point,generated_videos/control_points_3_traffic.mp4
62,6,0,63,1.0,0.026360710268001814,truck,0.6121730208396912,653.0,44.0,724.0,101.0,3423,axis_back,723.0,86.0,mask PCA skeleton + low contact point,generated_videos/control_points_3_traffic.mp4
62,6,0,63,1.0,0.026360710268001814,truck,0.6121730208396912,653.0,44.0,724.0,101.0,3423,axis_left,696.0,100.0,mask PCA skeleton + low contact point,generated_videos/control_points_3_traffic.mp4
62,6,0,63,1.0,0.026360710268001814,truck,0.6121730208396912,653.0,44.0,724.0,101.0,3423,axis_right,706.0,44.0,mask PCA skeleton + low contact point,generated_videos/control_points_3_traffic.mp4
62,6,0,63,1.0,0.026360710268001814,truck,0.6121730208396912,653.0,44.0,724.0,101.0,3423,contact_low,688.0,93.0,mask PCA skeleton + low contact point,generated_videos/control_points_3_traffic.mp4
62,1,15,24,0.8143712574850299,4.745902313506139,person,0.8733975887298584,609.0,230.0,648.0,336.0,2479,centroid,627.933837890625,277.9100341796875,mask PCA skeleton + low contact point,generated_videos/control_points_3_traffic.mp4
62,1,15,24,0.8143712574850299,4.745902313506139,person,0.8733975887298584,609.0,230.0,648.0,336.0,2479,axis_front,631.0,335.0,mask PCA skeleton + low contact point,generated_videos/control_points_3_traffic.mp4
62,1,15,24,0.8143712574850299,4.745902313506139,person,0.8733975887298584,609.0,230.0,648.0,336.0,2479,axis_back,621.0,230.0,mask PCA skeleton + low contact point,generated_videos/control_points_3_traffic.mp4
62,1,15,24,0.8143712574850299,4.745902313506139,person,0.8733975887298584,609.0,230.0,648.0,336.0,2479,axis_left,647.0,272.0,mask PCA skeleton + low contact point,generated_videos/control_points_3_traffic.mp4
62,1,15,24,0.8143712574850299,4.745902313506139,person,0.8733975887298584,609.0,230.0,648.0,336.0,2479,axis_right,609.0,280.0,mask PCA skeleton + low contact point,generated_videos/control_points_3_traffic.mp4
62,1,15,24,0.8143712574850299,4.745902313506139,person,0.8733975887298584,609.0,230.0,648.0,336.0,2479,contact_low,628.0,326.0,mask PCA skeleton + low contact point,generated_videos/control_points_3_traffic.mp4
62,0,7,53,0.90625,1.7165478409575374,person,0.8918039202690125,466.0,201.0,497.0,288.0,1820,centroid,481.81097412109375,242.60494995117188,mask PCA skeleton + low contact point,generated_videos/control_points_3_traffic.mp4
62,0,7,53,0.90625,1.7165478409575374,person,0.8918039202690125,466.0,201.0,497.0,288.0,1820,axis_front,482.0,287.0,mask PCA skeleton + low contact point,generated_videos/control_points_3_traffic.mp4
62,0,7,53,0.90625,1.7165478409575374,person,0.8918039202690125,466.0,201.0,497.0,288.0,1820,axis_back,488.0,201.0,mask PCA skeleton + low contact point,generated_videos/control_points_3_traffic.mp4
62,0,7,53,0.90625,1.7165478409575374,person,0.8918039202690125,466.0,201.0,497.0,288.0,1820,axis_left,496.0,236.0,mask PCA skeleton + low contact point,generated_videos/control_points_3_traffic.mp4
62,0,7,53,0.90625,1.7165478409575374,person,0.8918039202690125,466.0,201.0,497.0,288.0,1820,axis_right,466.0,240.0,mask PCA skeleton + low contact point,generated_videos/control_points_3_traffic.mp4
62,0,7,53,0.90625,1.7165478409575374,person,0.8918039202690125,466.0,201.0,497.0,288.0,1820,contact_low,482.0,281.0,mask PCA skeleton + low contact point,generated_videos/control_points_3_traffic.mp4
62,2,10,46,0.8666666666666667,2.7940759262790036,person,0.8100563883781433,498.0,202.0,527.0,285.0,1688,centroid,512.0728759765625,239.5266571044922,mask PCA skeleton + low contact point,generated_videos/control_points_3_traffic.mp4
62,2,10,46,0.8666666666666667,2.7940759262790036,person,0.8100563883781433,498.0,202.0,527.0,285.0,1688,axis_front,517.0,284.0,mask PCA skeleton + low contact point,generated_videos/control_points_3_traffic.mp4
62,2,10,46,0.8666666666666667,2.7940759262790036,person,0.8100563883781433,498.0,202.0,527.0,285.0,1688,axis_back,504.0,202.0,mask PCA skeleton + low contact point,generated_videos/control_points_3_traffic.mp4
62,2,10,46,0.8666666666666667,2.7940759262790036,person,0.8100563883781433,498.0,202.0,527.0,285.0,1688,axis_left,526.0,245.0,mask PCA skeleton + low contact point,generated_videos/control_points_3_traffic.mp4
62,2,10,46,0.8666666666666667,2.7940759262790036,person,0.8100563883781433,498.0,202.0,527.0,285.0,1688,axis_right,498.0,245.0,mask PCA skeleton + low contact point,generated_videos/control_points_3_traffic.mp4
62,2,10,46,0.8666666666666667,2.7940759262790036,person,0.8100563883781433,498.0,202.0,527.0,285.0,1688,contact_low,514.0,278.0,mask PCA skeleton + low contact point,generated_videos/control_points_3_traffic.mp4
62,4,4,63,1.0,0.0,car,0.7339081168174744,735.0,52.0,768.0,93.0,1289,centroid,751.4359741210938,72.22342681884766,mask PCA skeleton + low contact point,generated_videos/control_points_3_traffic.mp4
62,4,4,63,1.0,0.0,car,0.7339081168174744,735.0,52.0,768.0,93.0,1289,axis_front,736.0,92.0,mask PCA skeleton + low contact point,generated_videos/control_points_3_traffic.mp4
62,4,4,63,1.0,0.0,car,0.7339081168174744,735.0,52.0,768.0,93.0,1289,axis_back,767.0,52.0,mask PCA skeleton + low contact point,generated_videos/control_points_3_traffic.mp4
62,4,4,63,1.0,0.0,car,0.7339081168174744,735.0,52.0,768.0,93.0,1289,axis_left,767.0,92.0,mask PCA skeleton + low contact point,generated_videos/control_points_3_traffic.mp4
62,4,4,63,1.0,0.0,car,0.7339081168174744,735.0,52.0,768.0,93.0,1289,axis_right,735.0,62.0,mask PCA skeleton + low contact point,generated_videos/control_points_3_traffic.mp4
62,4,4,63,1.0,0.0,car,0.7339081168174744,735.0,52.0,768.0,93.0,1289,contact_low,749.0,90.0,mask PCA skeleton + low contact point,generated_videos/control_points_3_traffic.mp4
62,3,8,46,0.9130434782608695,0.19361952643463096,person,0.7573493123054504,376.0,182.0,399.0,260.0,1287,centroid,387.6472473144531,220.242431640625,mask PCA skeleton + low contact point,generated_videos/control_points_3_traffic.mp4
62,3,8,46,0.9130434782608695,0.19361952643463096,person,0.7573493123054504,376.0,182.0,399.0,260.0,1287,axis_front,381.0,259.0,mask PCA skeleton + low contact point,generated_videos/control_points_3_traffic.mp4
62,3,8,46,0.9130434782608695,0.19361952643463096,person,0.7573493123054504,376.0,182.0,399.0,260.0,1287,axis_back,397.0,182.0,mask PCA skeleton + low contact point,generated_videos/control_points_3_traffic.mp4
62,3,8,46,0.9130434782608695,0.19361952643463096,person,0.7573493123054504,376.0,182.0,399.0,260.0,1287,axis_left,398.0,190.0,mask PCA skeleton + low contact point,generated_videos/control_points_3_traffic.mp4
62,3,8,46,0.9130434782608695,0.19361952643463096,person,0.7573493123054504,376.0,182.0,399.0,260.0,1287,axis_right,376.0,200.0,mask PCA skeleton + low contact point,generated_videos/control_points_3_traffic.mp4
62,3,8,46,0.9130434782608695,0.19361952643463096,person,0.7573493123054504,376.0,182.0,399.0,260.0,1287,contact_low,388.0,255.0,mask PCA skeleton + low contact point,generated_videos/control_points_3_traffic.mp4
62,5,17,3,0.5542011319111885,5.224457386703344,person,0.6477384567260742,346.0,171.0,380.0,238.0,1261,centroid,363.3988952636719,206.7422637939453,mask PCA skeleton + low contact point,generated_videos/control_points_3_traffic.mp4
62,5,17,3,0.5542011319111885,5.224457386703344,person,0.6477384567260742,346.0,171.0,380.0,238.0,1261,axis_front,350.0,237.0,mask PCA skeleton + low contact point,generated_videos/control_points_3_traffic.mp4
62,5,17,3,0.5542011319111885,5.224457386703344,person,0.6477384567260742,346.0,171.0,380.0,238.0,1261,axis_back,367.0,171.0,mask PCA skeleton + low contact point,generated_videos/control_points_3_traffic.mp4
62,5,17,3,0.5542011319111885,5.224457386703344,person,0.6477384567260742,346.0,171.0,380.0,238.0,1261,axis_left,379.0,233.0,mask PCA skeleton + low contact point,generated_videos/control_points_3_traffic.mp4
62,5,17,3,0.5542011319111885,5.224457386703344,person,0.6477384567260742,346.0,171.0,380.0,238.0,1261,axis_right,346.0,228.0,mask PCA skeleton + low contact point,generated_videos/control_points_3_traffic.mp4
62,5,17,3,0.5542011319111885,5.224457386703344,person,0.6477384567260742,346.0,171.0,380.0,238.0,1261,contact_low,354.0,233.0,mask PCA skeleton + low contact point,generated_videos/control_points_3_traffic.mp4
62,7,12,21,0.8695652173913043,1.1741913749661401,person,0.5395469665527344,401.0,184.0,424.0,264.0,1001,centroid,410.7442626953125,226.15084838867188,mask PCA skeleton + low contact point,generated_videos/control_points_3_traffic.mp4
62,7,12,21,0.8695652173913043,1.1741913749661401,person,0.5395469665527344,401.0,184.0,424.0,264.0,1001,axis_front,416.0,263.0,mask PCA skeleton + low contact point,generated_videos/control_points_3_traffic.mp4
62,7,12,21,0.8695652173913043,1.1741913749661401,person,0.5395469665527344,401.0,184.0,424.0,264.0,1001,axis_back,408.0,184.0,mask PCA skeleton + low contact point,generated_videos/control_points_3_traffic.mp4
62,7,12,21,0.8695652173913043,1.1741913749661401,person,0.5395469665527344,401.0,184.0,424.0,264.0,1001,axis_left,423.0,248.0,mask PCA skeleton + low contact point,generated_videos/control_points_3_traffic.mp4
62,7,12,21,0.8695652173913043,1.1741913749661401,person,0.5395469665527344,401.0,184.0,424.0,264.0,1001,axis_right,402.0,229.0,mask PCA skeleton + low contact point,generated_videos/control_points_3_traffic.mp4
62,7,12,21,0.8695652173913043,1.1741913749661401,person,0.5395469665527344,401.0,184.0,424.0,264.0,1001,contact_low,415.0,260.0,mask PCA skeleton + low contact point,generated_videos/control_points_3_traffic.mp4
62,8,1,46,0.987012987012987,1.0172641097568673,person,0.2772510051727295,401.0,183.0,418.0,260.0,901,centroid,409.5760192871094,220.3296356201172,mask PCA skeleton + low contact point,generated_videos/control_points_3_traffic.mp4
62,8,1,46,0.987012987012987,1.0172641097568673,person,0.2772510051727295,401.0,183.0,418.0,260.0,901,axis_front,417.0,259.0,mask PCA skeleton + low contact point,generated_videos/control_points_3_traffic.mp4
62,8,1,46,0.987012987012987,1.0172641097568673,person,0.2772510051727295,401.0,183.0,418.0,260.0,901,axis_back,408.0,183.0,mask PCA skeleton + low contact point,generated_videos/control_points_3_traffic.mp4
62,8,1,46,0.987012987012987,1.0172641097568673,person,0.2772510051727295,401.0,183.0,418.0,260.0,901,axis_left,415.0,188.0,mask PCA skeleton + low contact point,generated_videos/control_points_3_traffic.mp4
62,8,1,46,0.987012987012987,1.0172641097568673,person,0.2772510051727295,401.0,183.0,418.0,260.0,901,axis_right,401.0,227.0,mask PCA skeleton + low contact point,generated_videos/control_points_3_traffic.mp4
62,8,1,46,0.987012987012987,1.0172641097568673,person,0.2772510051727295,401.0,183.0,418.0,260.0,901,contact_low,412.0,255.0,mask PCA skeleton + low contact point,generated_videos/control_points_3_traffic.mp4
62,9,16,9,1.0,0.1285765041695434,person,0.26538699865341187,30.0,112.0,50.0,141.0,289,centroid,39.58131408691406,123.30449676513672,mask PCA skeleton + low contact point,generated_videos/control_points_3_traffic.mp4
62,9,16,9,1.0,0.1285765041695434,person,0.26538699865341187,30.0,112.0,50.0,141.0,289,axis_front,41.0,140.0,mask PCA skeleton + low contact point,generated_videos/control_points_3_traffic.mp4
62,9,16,9,1.0,0.1285765041695434,person,0.26538699865341187,30.0,112.0,50.0,141.0,289,axis_back,39.0,112.0,mask PCA skeleton + low contact point,generated_videos/control_points_3_traffic.mp4
62,9,16,9,1.0,0.1285765041695434,person,0.26538699865341187,30.0,112.0,50.0,141.0,289,axis_left,49.0,112.0,mask PCA skeleton + low contact point,generated_videos/control_points_3_traffic.mp4
62,9,16,9,1.0,0.1285765041695434,person,0.26538699865341187,30.0,112.0,50.0,141.0,289,axis_right,30.0,123.0,mask PCA skeleton + low contact point,generated_videos/control_points_3_traffic.mp4
62,9,16,9,1.0,0.1285765041695434,person,0.26538699865341187,30.0,112.0,50.0,141.0,289,contact_low,40.0,138.0,mask PCA skeleton + low contact point,generated_videos/control_points_3_traffic.mp4
63,6,0,64,1.0,0.037358419888169535,truck,0.610734760761261,653.0,44.0,724.0,101.0,3428,centroid,686.3095092773438,70.7663345336914,mask PCA skeleton + low contact point,generated_videos/control_points_3_traffic.mp4
63,6,0,64,1.0,0.037358419888169535,truck,0.610734760761261,653.0,44.0,724.0,101.0,3428,axis_front,653.0,54.0,mask PCA skeleton + low contact point,generated_videos/control_points_3_traffic.mp4
63,6,0,64,1.0,0.037358419888169535,truck,0.610734760761261,653.0,44.0,724.0,101.0,3428,axis_back,723.0,86.0,mask PCA skeleton + low contact point,generated_videos/control_points_3_traffic.mp4
63,6,0,64,1.0,0.037358419888169535,truck,0.610734760761261,653.0,44.0,724.0,101.0,3428,axis_left,696.0,100.0,mask PCA skeleton + low contact point,generated_videos/control_points_3_traffic.mp4
63,6,0,64,1.0,0.037358419888169535,truck,0.610734760761261,653.0,44.0,724.0,101.0,3428,axis_right,706.0,44.0,mask PCA skeleton + low contact point,generated_videos/control_points_3_traffic.mp4
63,6,0,64,1.0,0.037358419888169535,truck,0.610734760761261,653.0,44.0,724.0,101.0,3428,contact_low,688.0,93.0,mask PCA skeleton + low contact point,generated_videos/control_points_3_traffic.mp4
63,2,15,25,0.8187134502923976,3.413900238936708,person,0.8233492970466614,606.0,230.0,644.0,334.0,2360,centroid,625.17626953125,275.8974609375,mask PCA skeleton + low contact point,generated_videos/control_points_3_traffic.mp4
63,2,15,25,0.8187134502923976,3.413900238936708,person,0.8233492970466614,606.0,230.0,644.0,334.0,2360,axis_front,632.0,333.0,mask PCA skeleton + low contact point,generated_videos/control_points_3_traffic.mp4
63,2,15,25,0.8187134502923976,3.413900238936708,person,0.8233492970466614,606.0,230.0,644.0,334.0,2360,axis_back,618.0,230.0,mask PCA skeleton + low contact point,generated_videos/control_points_3_traffic.mp4
63,2,15,25,0.8187134502923976,3.413900238936708,person,0.8233492970466614,606.0,230.0,644.0,334.0,2360,axis_left,643.0,261.0,mask PCA skeleton + low contact point,generated_videos/control_points_3_traffic.mp4
63,2,15,25,0.8187134502923976,3.413900238936708,person,0.8233492970466614,606.0,230.0,644.0,334.0,2360,axis_right,606.0,280.0,mask PCA skeleton + low contact point,generated_videos/control_points_3_traffic.mp4
63,2,15,25,0.8187134502923976,3.413900238936708,person,0.8233492970466614,606.0,230.0,644.0,334.0,2360,contact_low,627.0,323.0,mask PCA skeleton + low contact point,generated_videos/control_points_3_traffic.mp4
63,0,10,47,0.8588469184890656,2.1667820104798663,person,0.8357584476470947,497.0,201.0,525.0,282.0,1645,centroid,510.33251953125,238.23587036132812,mask PCA skeleton + low contact point,generated_videos/control_points_3_traffic.mp4
63,0,10,47,0.8588469184890656,2.1667820104798663,person,0.8357584476470947,497.0,201.0,525.0,282.0,1645,axis_front,518.0,281.0,mask PCA skeleton + low contact point,generated_videos/control_points_3_traffic.mp4
63,0,10,47,0.8588469184890656,2.1667820104798663,person,0.8357584476470947,497.0,201.0,525.0,282.0,1645,axis_back,503.0,201.0,mask PCA skeleton + low contact point,generated_videos/control_points_3_traffic.mp4
63,0,10,47,0.8588469184890656,2.1667820104798663,person,0.8357584476470947,497.0,201.0,525.0,282.0,1645,axis_left,524.0,246.0,mask PCA skeleton + low contact point,generated_videos/control_points_3_traffic.mp4
63,0,10,47,0.8588469184890656,2.1667820104798663,person,0.8357584476470947,497.0,201.0,525.0,282.0,1645,axis_right,497.0,244.0,mask PCA skeleton + low contact point,generated_videos/control_points_3_traffic.mp4
63,0,10,47,0.8588469184890656,2.1667820104798663,person,0.8357584476470947,497.0,201.0,525.0,282.0,1645,contact_low,515.0,274.0,mask PCA skeleton + low contact point,generated_videos/control_points_3_traffic.mp4
63,1,7,54,0.9042553191489362,3.1764502218463053,person,0.8282693028450012,466.0,200.0,495.0,286.0,1628,centroid,480.4109191894531,239.75369262695312,mask PCA skeleton + low contact point,generated_videos/control_points_3_traffic.mp4
63,1,7,54,0.9042553191489362,3.1764502218463053,person,0.8282693028450012,466.0,200.0,495.0,286.0,1628,axis_front,489.0,285.0,mask PCA skeleton + low contact point,generated_videos/control_points_3_traffic.mp4
63,1,7,54,0.9042553191489362,3.1764502218463053,person,0.8282693028450012,466.0,200.0,495.0,286.0,1628,axis_back,474.0,200.0,mask PCA skeleton + low contact point,generated_videos/control_points_3_traffic.mp4
63,1,7,54,0.9042553191489362,3.1764502218463053,person,0.8282693028450012,466.0,200.0,495.0,286.0,1628,axis_left,494.0,222.0,mask PCA skeleton + low contact point,generated_videos/control_points_3_traffic.mp4
63,1,7,54,0.9042553191489362,3.1764502218463053,person,0.8282693028450012,466.0,200.0,495.0,286.0,1628,axis_right,466.0,278.0,mask PCA skeleton + low contact point,generated_videos/control_points_3_traffic.mp4
63,1,7,54,0.9042553191489362,3.1764502218463053,person,0.8282693028450012,466.0,200.0,495.0,286.0,1628,contact_low,484.0,279.0,mask PCA skeleton + low contact point,generated_videos/control_points_3_traffic.mp4
63,3,4,64,1.0,0.0622782982683546,car,0.7251536846160889,735.0,52.0,768.0,93.0,1299,centroid,751.4141845703125,72.28175354003906,mask PCA skeleton + low contact point,generated_videos/control_points_3_traffic.mp4
63,3,4,64,1.0,0.0622782982683546,car,0.7251536846160889,735.0,52.0,768.0,93.0,1299,axis_front,736.0,92.0,mask PCA skeleton + low contact point,generated_videos/control_points_3_traffic.mp4
63,3,4,64,1.0,0.0622782982683546,car,0.7251536846160889,735.0,52.0,768.0,93.0,1299,axis_back,767.0,52.0,mask PCA skeleton + low contact point,generated_videos/control_points_3_traffic.mp4
63,3,4,64,1.0,0.0622782982683546,car,0.7251536846160889,735.0,52.0,768.0,93.0,1299,axis_left,767.0,92.0,mask PCA skeleton + low contact point,generated_videos/control_points_3_traffic.mp4
63,3,4,64,1.0,0.0622782982683546,car,0.7251536846160889,735.0,52.0,768.0,93.0,1299,axis_right,735.0,62.0,mask PCA skeleton + low contact point,generated_videos/control_points_3_traffic.mp4
63,3,4,64,1.0,0.0622782982683546,car,0.7251536846160889,735.0,52.0,768.0,93.0,1299,contact_low,750.0,90.0,mask PCA skeleton + low contact point,generated_videos/control_points_3_traffic.mp4
63,4,8,47,0.9746835443037974,0.9302567816396732,person,0.7142243385314941,376.0,183.0,399.0,261.0,1282,centroid,386.99298095703125,219.58111572265625,mask PCA skeleton + low contact point,generated_videos/control_points_3_traffic.mp4
63,4,8,47,0.9746835443037974,0.9302567816396732,person,0.7142243385314941,376.0,183.0,399.0,261.0,1282,axis_front,382.0,260.0,mask PCA skeleton + low contact point,generated_videos/control_points_3_traffic.mp4
63,4,8,47,0.9746835443037974,0.9302567816396732,person,0.7142243385314941,376.0,183.0,399.0,261.0,1282,axis_back,397.0,183.0,mask PCA skeleton + low contact point,generated_videos/control_points_3_traffic.mp4
63,4,8,47,0.9746835443037974,0.9302567816396732,person,0.7142243385314941,376.0,183.0,399.0,261.0,1282,axis_left,397.0,257.0,mask PCA skeleton + low contact point,generated_videos/control_points_3_traffic.mp4
63,4,8,47,0.9746835443037974,0.9302567816396732,person,0.7142243385314941,376.0,183.0,399.0,261.0,1282,axis_right,376.0,198.0,mask PCA skeleton + low contact point,generated_videos/control_points_3_traffic.mp4
63,4,8,47,0.9746835443037974,0.9302567816396732,person,0.7142243385314941,376.0,183.0,399.0,261.0,1282,contact_low,388.0,256.0,mask PCA skeleton + low contact point,generated_videos/control_points_3_traffic.mp4
63,5,17,4,0.7340385341896487,6.428926647300126,person,0.6897990703582764,341.0,171.0,375.0,239.0,1187,centroid,356.9932556152344,206.19544982910156,mask PCA skeleton + low contact point,generated_videos/control_points_3_traffic.mp4
63,5,17,4,0.7340385341896487,6.428926647300126,person,0.6897990703582764,341.0,171.0,375.0,239.0,1187,axis_front,341.0,238.0,mask PCA skeleton + low contact point,generated_videos/control_points_3_traffic.mp4
63,5,17,4,0.7340385341896487,6.428926647300126,person,0.6897990703582764,341.0,171.0,375.0,239.0,1187,axis_back,361.0,171.0,mask PCA skeleton + low contact point,generated_videos/control_points_3_traffic.mp4
63,5,17,4,0.7340385341896487,6.428926647300126,person,0.6897990703582764,341.0,171.0,375.0,239.0,1187,axis_left,374.0,233.0,mask PCA skeleton + low contact point,generated_videos/control_points_3_traffic.mp4
63,5,17,4,0.7340385341896487,6.428926647300126,person,0.6897990703582764,341.0,171.0,375.0,239.0,1187,axis_right,341.0,232.0,mask PCA skeleton + low contact point,generated_videos/control_points_3_traffic.mp4
63,5,17,4,0.7340385341896487,6.428926647300126,person,0.6897990703582764,341.0,171.0,375.0,239.0,1187,contact_low,347.0,233.0,mask PCA skeleton + low contact point,generated_videos/control_points_3_traffic.mp4
63,7,12,22,0.92,0.970530258751905,person,0.5503331422805786,400.0,184.0,425.0,264.0,1070,centroid,410.8186950683594,225.1831817626953,mask PCA skeleton + low contact point,generated_videos/control_points_3_traffic.mp4
63,7,12,22,0.92,0.970530258751905,person,0.5503331422805786,400.0,184.0,425.0,264.0,1070,axis_front,424.0,262.0,mask PCA skeleton + low contact point,generated_videos/control_points_3_traffic.mp4
63,7,12,22,0.92,0.970530258751905,person,0.5503331422805786,400.0,184.0,425.0,264.0,1070,axis_back,408.0,184.0,mask PCA skeleton + low contact point,generated_videos/control_points_3_traffic.mp4
63,7,12,22,0.92,0.970530258751905,person,0.5503331422805786,400.0,184.0,425.0,264.0,1070,axis_left,424.0,246.0,mask PCA skeleton + low contact point,generated_videos/control_points_3_traffic.mp4
63,7,12,22,0.92,0.970530258751905,person,0.5503331422805786,400.0,184.0,425.0,264.0,1070,axis_right,400.0,221.0,mask PCA skeleton + low contact point,generated_videos/control_points_3_traffic.mp4
63,7,12,22,0.92,0.970530258751905,person,0.5503331422805786,400.0,184.0,425.0,264.0,1070,contact_low,416.0,259.0,mask PCA skeleton + low contact point,generated_videos/control_points_3_traffic.mp4
63,8,1,47,0.922077922077922,3.3791515660281326,person,0.2951775789260864,401.0,184.0,418.0,255.0,838,centroid,409.2995300292969,216.96180725097656,mask PCA skeleton + low contact point,generated_videos/control_points_3_traffic.mp4
63,8,1,47,0.922077922077922,3.3791515660281326,person,0.2951775789260864,401.0,184.0,418.0,255.0,838,axis_front,417.0,254.0,mask PCA skeleton + low contact point,generated_videos/control_points_3_traffic.mp4
63,8,1,47,0.922077922077922,3.3791515660281326,person,0.2951775789260864,401.0,184.0,418.0,255.0,838,axis_back,407.0,184.0,mask PCA skeleton + low contact point,generated_videos/control_points_3_traffic.mp4
63,8,1,47,0.922077922077922,3.3791515660281326,person,0.2951775789260864,401.0,184.0,418.0,255.0,838,axis_left,416.0,185.0,mask PCA skeleton + low contact point,generated_videos/control_points_3_traffic.mp4
63,8,1,47,0.922077922077922,3.3791515660281326,person,0.2951775789260864,401.0,184.0,418.0,255.0,838,axis_right,401.0,225.0,mask PCA skeleton + low contact point,generated_videos/control_points_3_traffic.mp4
63,8,1,47,0.922077922077922,3.3791515660281326,person,0.2951775789260864,401.0,184.0,418.0,255.0,838,contact_low,413.0,250.0,mask PCA skeleton + low contact point,generated_videos/control_points_3_traffic.mp4
63,9,16,10,1.0,0.1285765041695434,person,0.2514629662036896,30.0,112.0,50.0,141.0,295,centroid,39.68135452270508,123.2237319946289,mask PCA skeleton + low contact point,generated_videos/control_points_3_traffic.mp4
63,9,16,10,1.0,0.1285765041695434,person,0.2514629662036896,30.0,112.0,50.0,141.0,295,axis_front,39.0,140.0,mask PCA skeleton + low contact point,generated_videos/control_points_3_traffic.mp4
63,9,16,10,1.0,0.1285765041695434,person,0.2514629662036896,30.0,112.0,50.0,141.0,295,axis_back,49.0,112.0,mask PCA skeleton + low contact point,generated_videos/control_points_3_traffic.mp4
63,9,16,10,1.0,0.1285765041695434,person,0.2514629662036896,30.0,112.0,50.0,141.0,295,axis_left,49.0,115.0,mask PCA skeleton + low contact point,generated_videos/control_points_3_traffic.mp4
63,9,16,10,1.0,0.1285765041695434,person,0.2514629662036896,30.0,112.0,50.0,141.0,295,axis_right,30.0,119.0,mask PCA skeleton + low contact point,generated_videos/control_points_3_traffic.mp4
63,9,16,10,1.0,0.1285765041695434,person,0.2514629662036896,30.0,112.0,50.0,141.0,295,contact_low,40.0,138.0,mask PCA skeleton + low contact point,generated_videos/control_points_3_traffic.mp4
64,6,0,65,1.0,0.049741471389675655,truck,0.6114458441734314,653.0,44.0,724.0,101.0,3427,centroid,686.2731323242188,70.732421875,mask PCA skeleton + low contact point,generated_videos/control_points_3_traffic.mp4
64,6,0,65,1.0,0.049741471389675655,truck,0.6114458441734314,653.0,44.0,724.0,101.0,3427,axis_front,653.0,54.0,mask PCA skeleton + low contact point,generated_videos/control_points_3_traffic.mp4
64,6,0,65,1.0,0.049741471389675655,truck,0.6114458441734314,653.0,44.0,724.0,101.0,3427,axis_back,723.0,86.0,mask PCA skeleton + low contact point,generated_videos/control_points_3_traffic.mp4
64,6,0,65,1.0,0.049741471389675655,truck,0.6114458441734314,653.0,44.0,724.0,101.0,3427,axis_left,696.0,100.0,mask PCA skeleton + low contact point,generated_videos/control_points_3_traffic.mp4
64,6,0,65,1.0,0.049741471389675655,truck,0.6114458441734314,653.0,44.0,724.0,101.0,3427,axis_right,706.0,44.0,mask PCA skeleton + low contact point,generated_videos/control_points_3_traffic.mp4
64,6,0,65,1.0,0.049741471389675655,truck,0.6114458441734314,653.0,44.0,724.0,101.0,3427,contact_low,688.0,93.0,mask PCA skeleton + low contact point,generated_videos/control_points_3_traffic.mp4
64,0,15,26,0.8033412887828162,5.035543874986275,person,0.88677978515625,605.0,226.0,639.0,332.0,2289,centroid,621.0131225585938,273.0646667480469,mask PCA skeleton + low contact point,generated_videos/control_points_3_traffic.mp4
64,0,15,26,0.8033412887828162,5.035543874986275,person,0.88677978515625,605.0,226.0,639.0,332.0,2289,axis_front,621.0,331.0,mask PCA skeleton + low contact point,generated_videos/control_points_3_traffic.mp4
64,0,15,26,0.8033412887828162,5.035543874986275,person,0.88677978515625,605.0,226.0,639.0,332.0,2289,axis_back,627.0,226.0,mask PCA skeleton + low contact point,generated_videos/control_points_3_traffic.mp4
64,0,15,26,0.8033412887828162,5.035543874986275,person,0.88677978515625,605.0,226.0,639.0,332.0,2289,axis_left,638.0,271.0,mask PCA skeleton + low contact point,generated_videos/control_points_3_traffic.mp4
64,0,15,26,0.8033412887828162,5.035543874986275,person,0.88677978515625,605.0,226.0,639.0,332.0,2289,axis_right,605.0,251.0,mask PCA skeleton + low contact point,generated_videos/control_points_3_traffic.mp4
64,0,15,26,0.8033412887828162,5.035543874986275,person,0.88677978515625,605.0,226.0,639.0,332.0,2289,contact_low,623.0,321.0,mask PCA skeleton + low contact point,generated_videos/control_points_3_traffic.mp4
64,1,7,55,0.6724482988659106,5.420798395164892,person,0.8516695499420166,460.0,200.0,490.0,284.0,1715,centroid,475.0081481933594,239.31195068359375,mask PCA skeleton + low contact point,generated_videos/control_points_3_traffic.mp4
64,1,7,55,0.6724482988659106,5.420798395164892,person,0.8516695499420166,460.0,200.0,490.0,284.0,1715,axis_front,489.0,283.0,mask PCA skeleton + low contact point,generated_videos/control_points_3_traffic.mp4
64,1,7,55,0.6724482988659106,5.420798395164892,person,0.8516695499420166,460.0,200.0,490.0,284.0,1715,axis_back,467.0,200.0,mask PCA skeleton + low contact point,generated_videos/control_points_3_traffic.mp4
64,1,7,55,0.6724482988659106,5.420798395164892,person,0.8516695499420166,460.0,200.0,490.0,284.0,1715,axis_left,488.0,220.0,mask PCA skeleton + low contact point,generated_videos/control_points_3_traffic.mp4
64,1,7,55,0.6724482988659106,5.420798395164892,person,0.8516695499420166,460.0,200.0,490.0,284.0,1715,axis_right,464.0,277.0,mask PCA skeleton + low contact point,generated_videos/control_points_3_traffic.mp4
64,1,7,55,0.6724482988659106,5.420798395164892,person,0.8516695499420166,460.0,200.0,490.0,284.0,1715,contact_low,483.0,277.0,mask PCA skeleton + low contact point,generated_videos/control_points_3_traffic.mp4
64,2,10,48,0.7105590062111802,4.6611943654889405,person,0.7424823045730591,496.0,198.0,519.0,279.0,1480,centroid,506.91552734375,235.06553649902344,mask PCA skeleton + low contact point,generated_videos/control_points_3_traffic.mp4
64,2,10,48,0.7105590062111802,4.6611943654889405,person,0.7424823045730591,496.0,198.0,519.0,279.0,1480,axis_front,506.0,278.0,mask PCA skeleton + low contact point,generated_videos/control_points_3_traffic.mp4
64,2,10,48,0.7105590062111802,4.6611943654889405,person,0.7424823045730591,496.0,198.0,519.0,279.0,1480,axis_back,513.0,198.0,mask PCA skeleton + low contact point,generated_videos/control_points_3_traffic.mp4
64,2,10,48,0.7105590062111802,4.6611943654889405,person,0.7424823045730591,496.0,198.0,519.0,279.0,1480,axis_left,518.0,247.0,mask PCA skeleton + low contact point,generated_videos/control_points_3_traffic.mp4
64,2,10,48,0.7105590062111802,4.6611943654889405,person,0.7424823045730591,496.0,198.0,519.0,279.0,1480,axis_right,496.0,215.0,mask PCA skeleton + low contact point,generated_videos/control_points_3_traffic.mp4
64,2,10,48,0.7105590062111802,4.6611943654889405,person,0.7424823045730591,496.0,198.0,519.0,279.0,1480,contact_low,508.0,271.0,mask PCA skeleton + low contact point,generated_videos/control_points_3_traffic.mp4
64,5,8,48,0.863481228668942,1.7196023233756632,person,0.723932147026062,374.0,182.0,400.0,260.0,1354,centroid,386.5849304199219,217.91062927246094,mask PCA skeleton + low contact point,generated_videos/control_points_3_traffic.mp4
64,5,8,48,0.863481228668942,1.7196023233756632,person,0.723932147026062,374.0,182.0,400.0,260.0,1354,axis_front,381.0,259.0,mask PCA skeleton + low contact point,generated_videos/control_points_3_traffic.mp4
64,5,8,48,0.863481228668942,1.7196023233756632,person,0.723932147026062,374.0,182.0,400.0,260.0,1354,axis_back,397.0,182.0,mask PCA skeleton + low contact point,generated_videos/control_points_3_traffic.mp4
64,5,8,48,0.863481228668942,1.7196023233756632,person,0.723932147026062,374.0,182.0,400.0,260.0,1354,axis_left,399.0,209.0,mask PCA skeleton + low contact point,generated_videos/control_points_3_traffic.mp4
64,5,8,48,0.863481228668942,1.7196023233756632,person,0.723932147026062,374.0,182.0,400.0,260.0,1354,axis_right,374.0,197.0,mask PCA skeleton + low contact point,generated_videos/control_points_3_traffic.mp4
64,5,8,48,0.863481228668942,1.7196023233756632,person,0.723932147026062,374.0,182.0,400.0,260.0,1354,contact_low,388.0,255.0,mask PCA skeleton + low contact point,generated_videos/control_points_3_traffic.mp4
64,4,4,65,1.0,0.01722661414587799,car,0.7263524532318115,735.0,52.0,768.0,93.0,1298,centroid,751.4214477539062,72.29737854003906,mask PCA skeleton + low contact point,generated_videos/control_points_3_traffic.mp4
64,4,4,65,1.0,0.01722661414587799,car,0.7263524532318115,735.0,52.0,768.0,93.0,1298,axis_front,736.0,92.0,mask PCA skeleton + low contact point,generated_videos/control_points_3_traffic.mp4
64,4,4,65,1.0,0.01722661414587799,car,0.7263524532318115,735.0,52.0,768.0,93.0,1298,axis_back,767.0,52.0,mask PCA skeleton + low contact point,generated_videos/control_points_3_traffic.mp4
64,4,4,65,1.0,0.01722661414587799,car,0.7263524532318115,735.0,52.0,768.0,93.0,1298,axis_left,767.0,92.0,mask PCA skeleton + low contact point,generated_videos/control_points_3_traffic.mp4
64,4,4,65,1.0,0.01722661414587799,car,0.7263524532318115,735.0,52.0,768.0,93.0,1298,axis_right,735.0,62.0,mask PCA skeleton + low contact point,generated_videos/control_points_3_traffic.mp4
64,4,4,65,1.0,0.01722661414587799,car,0.7263524532318115,735.0,52.0,768.0,93.0,1298,contact_low,750.0,90.0,mask PCA skeleton + low contact point,generated_videos/control_points_3_traffic.mp4
64,3,17,5,0.36639526276831974,12.844450138121408,person,0.7372268438339233,336.0,168.0,356.0,237.0,1094,centroid,345.42962646484375,200.6042022705078,mask PCA skeleton + low contact point,generated_videos/control_points_3_traffic.mp4
64,3,17,5,0.36639526276831974,12.844450138121408,person,0.7372268438339233,336.0,168.0,356.0,237.0,1094,axis_front,350.0,236.0,mask PCA skeleton + low contact point,generated_videos/control_points_3_traffic.mp4
64,3,17,5,0.36639526276831974,12.844450138121408,person,0.7372268438339233,336.0,168.0,356.0,237.0,1094,axis_back,339.0,168.0,mask PCA skeleton + low contact point,generated_videos/control_points_3_traffic.mp4
64,3,17,5,0.36639526276831974,12.844450138121408,person,0.7372268438339233,336.0,168.0,356.0,237.0,1094,axis_left,355.0,184.0,mask PCA skeleton + low contact point,generated_videos/control_points_3_traffic.mp4
64,3,17,5,0.36639526276831974,12.844450138121408,person,0.7372268438339233,336.0,168.0,356.0,237.0,1094,axis_right,336.0,208.0,mask PCA skeleton + low contact point,generated_videos/control_points_3_traffic.mp4
64,3,17,5,0.36639526276831974,12.844450138121408,person,0.7372268438339233,336.0,168.0,356.0,237.0,1094,contact_low,348.0,231.0,mask PCA skeleton + low contact point,generated_videos/control_points_3_traffic.mp4
65,6,0,66,1.0,0.0356832880943487,truck,0.6188855171203613,653.0,44.0,724.0,101.0,3426,centroid,686.26123046875,70.69877624511719,mask PCA skeleton + low contact point,generated_videos/control_points_3_traffic.mp4
65,6,0,66,1.0,0.0356832880943487,truck,0.6188855171203613,653.0,44.0,724.0,101.0,3426,axis_front,653.0,54.0,mask PCA skeleton + low contact point,generated_videos/control_points_3_traffic.mp4
65,6,0,66,1.0,0.0356832880943487,truck,0.6188855171203613,653.0,44.0,724.0,101.0,3426,axis_back,723.0,85.0,mask PCA skeleton + low contact point,generated_videos/control_points_3_traffic.mp4
65,6,0,66,1.0,0.0356832880943487,truck,0.6188855171203613,653.0,44.0,724.0,101.0,3426,axis_left,696.0,100.0,mask PCA skeleton + low contact point,generated_videos/control_points_3_traffic.mp4
65,6,0,66,1.0,0.0356832880943487,truck,0.6188855171203613,653.0,44.0,724.0,101.0,3426,axis_right,706.0,44.0,mask PCA skeleton + low contact point,generated_videos/control_points_3_traffic.mp4
65,6,0,66,1.0,0.0356832880943487,truck,0.6188855171203613,653.0,44.0,724.0,101.0,3426,contact_low,688.0,93.0,mask PCA skeleton + low contact point,generated_videos/control_points_3_traffic.mp4
65,0,15,27,0.8043535970268118,3.9676020333290722,person,0.8680327534675598,604.0,224.0,635.0,327.0,2171,centroid,618.3919677734375,270.08612060546875,mask PCA skeleton + low contact point,generated_videos/control_points_3_traffic.mp4
65,0,15,27,0.8043535970268118,3.9676020333290722,person,0.8680327534675598,604.0,224.0,635.0,327.0,2171,axis_front,616.0,326.0,mask PCA skeleton + low contact point,generated_videos/control_points_3_traffic.mp4
65,0,15,27,0.8043535970268118,3.9676020333290722,person,0.8680327534675598,604.0,224.0,635.0,327.0,2171,axis_back,625.0,224.0,mask PCA skeleton + low contact point,generated_videos/control_points_3_traffic.mp4
65,0,15,27,0.8043535970268118,3.9676020333290722,person,0.8680327534675598,604.0,224.0,635.0,327.0,2171,axis_left,634.0,262.0,mask PCA skeleton + low contact point,generated_videos/control_points_3_traffic.mp4
65,0,15,27,0.8043535970268118,3.9676020333290722,person,0.8680327534675598,604.0,224.0,635.0,327.0,2171,axis_right,604.0,248.0,mask PCA skeleton + low contact point,generated_videos/control_points_3_traffic.mp4
65,0,15,27,0.8043535970268118,3.9676020333290722,person,0.8680327534675598,604.0,224.0,635.0,327.0,2171,contact_low,618.0,316.0,mask PCA skeleton + low contact point,generated_videos/control_points_3_traffic.mp4
65,1,7,56,0.8175182481751825,3.579600543917658,person,0.7798587679862976,458.0,198.0,488.0,280.0,1802,centroid,471.63153076171875,238.12374877929688,mask PCA skeleton + low contact point,generated_videos/control_points_3_traffic.mp4
65,1,7,56,0.8175182481751825,3.579600543917658,person,0.7798587679862976,458.0,198.0,488.0,280.0,1802,axis_front,487.0,279.0,mask PCA skeleton + low contact point,generated_videos/control_points_3_traffic.mp4
65,1,7,56,0.8175182481751825,3.579600543917658,person,0.7798587679862976,458.0,198.0,488.0,280.0,1802,axis_back,464.0,198.0,mask PCA skeleton + low contact point,generated_videos/control_points_3_traffic.mp4
65,1,7,56,0.8175182481751825,3.579600543917658,person,0.7798587679862976,458.0,198.0,488.0,280.0,1802,axis_left,485.0,219.0,mask PCA skeleton + low contact point,generated_videos/control_points_3_traffic.mp4
65,1,7,56,0.8175182481751825,3.579600543917658,person,0.7798587679862976,458.0,198.0,488.0,280.0,1802,axis_right,458.0,243.0,mask PCA skeleton + low contact point,generated_videos/control_points_3_traffic.mp4
65,1,7,56,0.8175182481751825,3.579600543917658,person,0.7798587679862976,458.0,198.0,488.0,280.0,1802,contact_low,477.0,274.0,mask PCA skeleton + low contact point,generated_videos/control_points_3_traffic.mp4
65,7,6,58,0.989010989010989,0.3081220645477974,boat,0.26388806104660034,70.0,498.0,160.0,528.0,1753,centroid,114.62350463867188,513.1619873046875,mask PCA skeleton + low contact point,generated_videos/control_points_3_traffic.mp4
65,7,6,58,0.989010989010989,0.3081220645477974,boat,0.26388806104660034,70.0,498.0,160.0,528.0,1753,axis_front,70.0,526.0,mask PCA skeleton + low contact point,generated_videos/control_points_3_traffic.mp4
65,7,6,58,0.989010989010989,0.3081220645477974,boat,0.26388806104660034,70.0,498.0,160.0,528.0,1753,axis_back,159.0,506.0,mask PCA skeleton + low contact point,generated_videos/control_points_3_traffic.mp4
65,7,6,58,0.989010989010989,0.3081220645477974,boat,0.26388806104660034,70.0,498.0,160.0,528.0,1753,axis_left,115.0,527.0,mask PCA skeleton + low contact point,generated_videos/control_points_3_traffic.mp4
65,7,6,58,0.989010989010989,0.3081220645477974,boat,0.26388806104660034,70.0,498.0,160.0,528.0,1753,axis_right,116.0,498.0,mask PCA skeleton + low contact point,generated_videos/control_points_3_traffic.mp4
65,7,6,58,0.989010989010989,0.3081220645477974,boat,0.26388806104660034,70.0,498.0,160.0,528.0,1753,contact_low,95.0,526.0,mask PCA skeleton + low contact point,generated_videos/control_points_3_traffic.mp4
65,4,10,49,0.888558692421991,2.0516660490635505,person,0.7294831871986389,494.0,198.0,519.0,276.0,1485,centroid,505.0875549316406,234.13400268554688,mask PCA skeleton + low contact point,generated_videos/control_points_3_traffic.mp4
65,4,10,49,0.888558692421991,2.0516660490635505,person,0.7294831871986389,494.0,198.0,519.0,276.0,1485,axis_front,500.0,275.0,mask PCA skeleton + low contact point,generated_videos/control_points_3_traffic.mp4
65,4,10,49,0.888558692421991,2.0516660490635505,person,0.7294831871986389,494.0,198.0,519.0,276.0,1485,axis_back,511.0,198.0,mask PCA skeleton + low contact point,generated_videos/control_points_3_traffic.mp4
65,4,10,49,0.888558692421991,2.0516660490635505,person,0.7294831871986389,494.0,198.0,519.0,276.0,1485,axis_left,518.0,242.0,mask PCA skeleton + low contact point,generated_videos/control_points_3_traffic.mp4
65,4,10,49,0.888558692421991,2.0516660490635505,person,0.7294831871986389,494.0,198.0,519.0,276.0,1485,axis_right,494.0,221.0,mask PCA skeleton + low contact point,generated_videos/control_points_3_traffic.mp4
65,4,10,49,0.888558692421991,2.0516660490635505,person,0.7294831871986389,494.0,198.0,519.0,276.0,1485,contact_low,505.0,268.0,mask PCA skeleton + low contact point,generated_videos/control_points_3_traffic.mp4
65,2,8,49,0.896551724137931,1.4300386070627464,person,0.7462576627731323,371.0,182.0,400.0,260.0,1396,centroid,386.06231689453125,216.5795135498047,mask PCA skeleton + low contact point,generated_videos/control_points_3_traffic.mp4
65,2,8,49,0.896551724137931,1.4300386070627464,person,0.7462576627731323,371.0,182.0,400.0,260.0,1396,axis_front,381.0,259.0,mask PCA skeleton + low contact point,generated_videos/control_points_3_traffic.mp4
65,2,8,49,0.896551724137931,1.4300386070627464,person,0.7462576627731323,371.0,182.0,400.0,260.0,1396,axis_back,397.0,182.0,mask PCA skeleton + low contact point,generated_videos/control_points_3_traffic.mp4
65,2,8,49,0.896551724137931,1.4300386070627464,person,0.7462576627731323,371.0,182.0,400.0,260.0,1396,axis_left,399.0,211.0,mask PCA skeleton + low contact point,generated_videos/control_points_3_traffic.mp4
65,2,8,49,0.896551724137931,1.4300386070627464,person,0.7462576627731323,371.0,182.0,400.0,260.0,1396,axis_right,371.0,196.0,mask PCA skeleton + low contact point,generated_videos/control_points_3_traffic.mp4
65,2,8,49,0.896551724137931,1.4300386070627464,person,0.7462576627731323,371.0,182.0,400.0,260.0,1396,contact_low,387.0,255.0,mask PCA skeleton + low contact point,generated_videos/control_points_3_traffic.mp4
65,3,4,66,1.0,0.0281046487776985,car,0.7324109077453613,735.0,52.0,768.0,93.0,1296,centroid,751.4205322265625,72.269287109375,mask PCA skeleton + low contact point,generated_videos/control_points_3_traffic.mp4
65,3,4,66,1.0,0.0281046487776985,car,0.7324109077453613,735.0,52.0,768.0,93.0,1296,axis_front,736.0,92.0,mask PCA skeleton + low contact point,generated_videos/control_points_3_traffic.mp4
65,3,4,66,1.0,0.0281046487776985,car,0.7324109077453613,735.0,52.0,768.0,93.0,1296,axis_back,767.0,52.0,mask PCA skeleton + low contact point,generated_videos/control_points_3_traffic.mp4
65,3,4,66,1.0,0.0281046487776985,car,0.7324109077453613,735.0,52.0,768.0,93.0,1296,axis_left,767.0,92.0,mask PCA skeleton + low contact point,generated_videos/control_points_3_traffic.mp4
65,3,4,66,1.0,0.0281046487776985,car,0.7324109077453613,735.0,52.0,768.0,93.0,1296,axis_right,735.0,62.0,mask PCA skeleton + low contact point,generated_videos/control_points_3_traffic.mp4
65,3,4,66,1.0,0.0281046487776985,car,0.7324109077453613,735.0,52.0,768.0,93.0,1296,contact_low,750.0,90.0,mask PCA skeleton + low contact point,generated_videos/control_points_3_traffic.mp4
65,5,17,6,0.5873192436040044,6.125046855083335,person,0.7231132388114929,330.0,171.0,352.0,238.0,1215,centroid,340.3119201660156,203.96954345703125,mask PCA skeleton + low contact point,generated_videos/control_points_3_traffic.mp4
65,5,17,6,0.5873192436040044,6.125046855083335,person,0.7231132388114929,330.0,171.0,352.0,238.0,1215,axis_front,350.0,237.0,mask PCA skeleton + low contact point,generated_videos/control_points_3_traffic.mp4
65,5,17,6,0.5873192436040044,6.125046855083335,person,0.7231132388114929,330.0,171.0,352.0,238.0,1215,axis_back,332.0,171.0,mask PCA skeleton + low contact point,generated_videos/control_points_3_traffic.mp4
65,5,17,6,0.5873192436040044,6.125046855083335,person,0.7231132388114929,330.0,171.0,352.0,238.0,1215,axis_left,350.0,184.0,mask PCA skeleton + low contact point,generated_videos/control_points_3_traffic.mp4
65,5,17,6,0.5873192436040044,6.125046855083335,person,0.7231132388114929,330.0,171.0,352.0,238.0,1215,axis_right,330.0,205.0,mask PCA skeleton + low contact point,generated_videos/control_points_3_traffic.mp4
65,5,17,6,0.5873192436040044,6.125046855083335,person,0.7231132388114929,330.0,171.0,352.0,238.0,1215,contact_low,345.0,232.0,mask PCA skeleton + low contact point,generated_videos/control_points_3_traffic.mp4
66,6,0,67,1.0,0.01653825094478497,truck,0.6327383518218994,653.0,44.0,724.0,101.0,3420,centroid,686.2561645507812,70.68304443359375,mask PCA skeleton + low contact point,generated_videos/control_points_3_traffic.mp4
66,6,0,67,1.0,0.01653825094478497,truck,0.6327383518218994,653.0,44.0,724.0,101.0,3420,axis_front,653.0,54.0,mask PCA skeleton + low contact point,generated_videos/control_points_3_traffic.mp4
66,6,0,67,1.0,0.01653825094478497,truck,0.6327383518218994,653.0,44.0,724.0,101.0,3420,axis_back,723.0,85.0,mask PCA skeleton + low contact point,generated_videos/control_points_3_traffic.mp4
66,6,0,67,1.0,0.01653825094478497,truck,0.6327383518218994,653.0,44.0,724.0,101.0,3420,axis_left,698.0,100.0,mask PCA skeleton + low contact point,generated_videos/control_points_3_traffic.mp4
66,6,0,67,1.0,0.01653825094478497,truck,0.6327383518218994,653.0,44.0,724.0,101.0,3420,axis_right,706.0,44.0,mask PCA skeleton + low contact point,generated_videos/control_points_3_traffic.mp4
66,6,0,67,1.0,0.01653825094478497,truck,0.6327383518218994,653.0,44.0,724.0,101.0,3420,contact_low,688.0,93.0,mask PCA skeleton + low contact point,generated_videos/control_points_3_traffic.mp4
66,0,15,28,0.8278805120910384,2.4415729847241745,person,0.8737784624099731,602.0,220.0,634.0,321.0,2348,centroid,616.2453002929688,268.92291259765625,mask PCA skeleton + low contact point,generated_videos/control_points_3_traffic.mp4
66,0,15,28,0.8278805120910384,2.4415729847241745,person,0.8737784624099731,602.0,220.0,634.0,321.0,2348,axis_front,609.0,320.0,mask PCA skeleton + low contact point,generated_videos/control_points_3_traffic.mp4
66,0,15,28,0.8278805120910384,2.4415729847241745,person,0.8737784624099731,602.0,220.0,634.0,321.0,2348,axis_back,621.0,220.0,mask PCA skeleton + low contact point,generated_videos/control_points_3_traffic.mp4
66,0,15,28,0.8278805120910384,2.4415729847241745,person,0.8737784624099731,602.0,220.0,634.0,321.0,2348,axis_left,633.0,262.0,mask PCA skeleton + low contact point,generated_videos/control_points_3_traffic.mp4
66,0,15,28,0.8278805120910384,2.4415729847241745,person,0.8737784624099731,602.0,220.0,634.0,321.0,2348,axis_right,602.0,248.0,mask PCA skeleton + low contact point,generated_videos/control_points_3_traffic.mp4
66,0,15,28,0.8278805120910384,2.4415729847241745,person,0.8737784624099731,602.0,220.0,634.0,321.0,2348,contact_low,614.0,313.0,mask PCA skeleton + low contact point,generated_videos/control_points_3_traffic.mp4
66,1,7,57,0.7417085427135678,3.143913283447169,person,0.8676899671554565,452.0,197.0,485.0,280.0,1909,centroid,468.72552490234375,236.92404174804688,mask PCA skeleton + low contact point,generated_videos/control_points_3_traffic.mp4
66,1,7,57,0.7417085427135678,3.143913283447169,person,0.8676899671554565,452.0,197.0,485.0,280.0,1909,axis_front,467.0,279.0,mask PCA skeleton + low contact point,generated_videos/control_points_3_traffic.mp4
66,1,7,57,0.7417085427135678,3.143913283447169,person,0.8676899671554565,452.0,197.0,485.0,280.0,1909,axis_back,461.0,197.0,mask PCA skeleton + low contact point,generated_videos/control_points_3_traffic.mp4
66,1,7,57,0.7417085427135678,3.143913283447169,person,0.8676899671554565,452.0,197.0,485.0,280.0,1909,axis_left,484.0,218.0,mask PCA skeleton + low contact point,generated_videos/control_points_3_traffic.mp4
66,1,7,57,0.7417085427135678,3.143913283447169,person,0.8676899671554565,452.0,197.0,485.0,280.0,1909,axis_right,452.0,238.0,mask PCA skeleton + low contact point,generated_videos/control_points_3_traffic.mp4
66,1,7,57,0.7417085427135678,3.143913283447169,person,0.8676899671554565,452.0,197.0,485.0,280.0,1909,contact_low,471.0,273.0,mask PCA skeleton + low contact point,generated_videos/control_points_3_traffic.mp4
66,8,6,59,0.989010989010989,0.26112955190538384,boat,0.2538297772407532,69.0,498.0,160.0,528.0,1767,centroid,114.36842346191406,513.2178955078125,mask PCA skeleton + low contact point,generated_videos/control_points_3_traffic.mp4
66,8,6,59,0.989010989010989,0.26112955190538384,boat,0.2538297772407532,69.0,498.0,160.0,528.0,1767,axis_front,69.0,525.0,mask PCA skeleton + low contact point,generated_videos/control_points_3_traffic.mp4
66,8,6,59,0.989010989010989,0.26112955190538384,boat,0.2538297772407532,69.0,498.0,160.0,528.0,1767,axis_back,159.0,506.0,mask PCA skeleton + low contact point,generated_videos/control_points_3_traffic.mp4
66,8,6,59,0.989010989010989,0.26112955190538384,boat,0.2538297772407532,69.0,498.0,160.0,528.0,1767,axis_left,115.0,527.0,mask PCA skeleton + low contact point,generated_videos/control_points_3_traffic.mp4
66,8,6,59,0.989010989010989,0.26112955190538384,boat,0.2538297772407532,69.0,498.0,160.0,528.0,1767,axis_right,116.0,498.0,mask PCA skeleton + low contact point,generated_videos/control_points_3_traffic.mp4
66,8,6,59,0.989010989010989,0.26112955190538384,boat,0.2538297772407532,69.0,498.0,160.0,528.0,1767,contact_low,95.0,525.0,mask PCA skeleton + low contact point,generated_videos/control_points_3_traffic.mp4
66,2,10,50,0.7679057116953762,3.654099994931017,person,0.7611945867538452,491.0,197.0,516.0,275.0,1649,centroid,502.19830322265625,236.3711395263672,mask PCA skeleton + low contact point,generated_videos/control_points_3_traffic.mp4
66,2,10,50,0.7679057116953762,3.654099994931017,person,0.7611945867538452,491.0,197.0,516.0,275.0,1649,axis_front,504.0,274.0,mask PCA skeleton + low contact point,generated_videos/control_points_3_traffic.mp4
66,2,10,50,0.7679057116953762,3.654099994931017,person,0.7611945867538452,491.0,197.0,516.0,275.0,1649,axis_back,508.0,197.0,mask PCA skeleton + low contact point,generated_videos/control_points_3_traffic.mp4
66,2,10,50,0.7679057116953762,3.654099994931017,person,0.7611945867538452,491.0,197.0,516.0,275.0,1649,axis_left,515.0,244.0,mask PCA skeleton + low contact point,generated_videos/control_points_3_traffic.mp4
66,2,10,50,0.7679057116953762,3.654099994931017,person,0.7611945867538452,491.0,197.0,516.0,275.0,1649,axis_right,491.0,218.0,mask PCA skeleton + low contact point,generated_videos/control_points_3_traffic.mp4
66,2,10,50,0.7679057116953762,3.654099994931017,person,0.7611945867538452,491.0,197.0,516.0,275.0,1649,contact_low,502.0,269.0,mask PCA skeleton + low contact point,generated_videos/control_points_3_traffic.mp4
66,3,8,50,0.9743589743589743,1.0176909819375037,person,0.7426048517227173,371.0,184.0,400.0,260.0,1430,centroid,386.06085205078125,217.59719848632812,mask PCA skeleton + low contact point,generated_videos/control_points_3_traffic.mp4
66,3,8,50,0.9743589743589743,1.0176909819375037,person,0.7426048517227173,371.0,184.0,400.0,260.0,1430,axis_front,381.0,259.0,mask PCA skeleton + low contact point,generated_videos/control_points_3_traffic.mp4
66,3,8,50,0.9743589743589743,1.0176909819375037,person,0.7426048517227173,371.0,184.0,400.0,260.0,1430,axis_back,397.0,184.0,mask PCA skeleton + low contact point,generated_videos/control_points_3_traffic.mp4
66,3,8,50,0.9743589743589743,1.0176909819375037,person,0.7426048517227173,371.0,184.0,400.0,260.0,1430,axis_left,399.0,211.0,mask PCA skeleton + low contact point,generated_videos/control_points_3_traffic.mp4
66,3,8,50,0.9743589743589743,1.0176909819375037,person,0.7426048517227173,371.0,184.0,400.0,260.0,1430,axis_right,371.0,200.0,mask PCA skeleton + low contact point,generated_videos/control_points_3_traffic.mp4
66,3,8,50,0.9743589743589743,1.0176909819375037,person,0.7426048517227173,371.0,184.0,400.0,260.0,1430,contact_low,387.0,255.0,mask PCA skeleton + low contact point,generated_videos/control_points_3_traffic.mp4
66,4,4,67,1.0,0.05761776142779134,car,0.7336511015892029,735.0,52.0,768.0,93.0,1296,centroid,751.4406127929688,72.32330322265625,mask PCA skeleton + low contact point,generated_videos/control_points_3_traffic.mp4
66,4,4,67,1.0,0.05761776142779134,car,0.7336511015892029,735.0,52.0,768.0,93.0,1296,axis_front,736.0,92.0,mask PCA skeleton + low contact point,generated_videos/control_points_3_traffic.mp4
66,4,4,67,1.0,0.05761776142779134,car,0.7336511015892029,735.0,52.0,768.0,93.0,1296,axis_back,767.0,52.0,mask PCA skeleton + low contact point,generated_videos/control_points_3_traffic.mp4
66,4,4,67,1.0,0.05761776142779134,car,0.7336511015892029,735.0,52.0,768.0,93.0,1296,axis_left,767.0,92.0,mask PCA skeleton + low contact point,generated_videos/control_points_3_traffic.mp4
66,4,4,67,1.0,0.05761776142779134,car,0.7336511015892029,735.0,52.0,768.0,93.0,1296,axis_right,735.0,62.0,mask PCA skeleton + low contact point,generated_videos/control_points_3_traffic.mp4
66,4,4,67,1.0,0.05761776142779134,car,0.7336511015892029,735.0,52.0,768.0,93.0,1296,contact_low,750.0,90.0,mask PCA skeleton + low contact point,generated_videos/control_points_3_traffic.mp4
66,5,17,7,0.65625,5.487337803686827,person,0.6862401366233826,320.0,171.0,351.0,238.0,1218,centroid,334.8481140136719,204.4770050048828,mask PCA skeleton + low contact point,generated_videos/control_points_3_traffic.mp4
66,5,17,7,0.65625,5.487337803686827,person,0.6862401366233826,320.0,171.0,351.0,238.0,1218,axis_front,347.0,237.0,mask PCA skeleton + low contact point,generated_videos/control_points_3_traffic.mp4
66,5,17,7,0.65625,5.487337803686827,person,0.6862401366233826,320.0,171.0,351.0,238.0,1218,axis_back,324.0,171.0,mask PCA skeleton + low contact point,generated_videos/control_points_3_traffic.mp4
66,5,17,7,0.65625,5.487337803686827,person,0.6862401366233826,320.0,171.0,351.0,238.0,1218,axis_left,350.0,226.0,mask PCA skeleton + low contact point,generated_videos/control_points_3_traffic.mp4
66,5,17,7,0.65625,5.487337803686827,person,0.6862401366233826,320.0,171.0,351.0,238.0,1218,axis_right,320.0,230.0,mask PCA skeleton + low contact point,generated_videos/control_points_3_traffic.mp4
66,5,17,7,0.65625,5.487337803686827,person,0.6862401366233826,320.0,171.0,351.0,238.0,1218,contact_low,344.0,232.0,mask PCA skeleton + low contact point,generated_videos/control_points_3_traffic.mp4
66,7,16,11,1.0,0.0849489090585884,person,0.2755533456802368,30.0,112.0,50.0,141.0,295,centroid,39.64067840576172,123.14915466308594,mask PCA skeleton + low contact point,generated_videos/control_points_3_traffic.mp4
66,7,16,11,1.0,0.0849489090585884,person,0.2755533456802368,30.0,112.0,50.0,141.0,295,axis_front,39.0,140.0,mask PCA skeleton + low contact point,generated_videos/control_points_3_traffic.mp4
66,7,16,11,1.0,0.0849489090585884,person,0.2755533456802368,30.0,112.0,50.0,141.0,295,axis_back,49.0,112.0,mask PCA skeleton + low contact point,generated_videos/control_points_3_traffic.mp4
66,7,16,11,1.0,0.0849489090585884,person,0.2755533456802368,30.0,112.0,50.0,141.0,295,axis_left,49.0,115.0,mask PCA skeleton + low contact point,generated_videos/control_points_3_traffic.mp4
66,7,16,11,1.0,0.0849489090585884,person,0.2755533456802368,30.0,112.0,50.0,141.0,295,axis_right,30.0,118.0,mask PCA skeleton + low contact point,generated_videos/control_points_3_traffic.mp4
66,7,16,11,1.0,0.0849489090585884,person,0.2755533456802368,30.0,112.0,50.0,141.0,295,contact_low,40.0,138.0,mask PCA skeleton + low contact point,generated_videos/control_points_3_traffic.mp4
67,6,0,68,1.0,0.058333798329361905,truck,0.6230611801147461,653.0,44.0,724.0,101.0,3426,centroid,686.24462890625,70.74021911621094,mask PCA skeleton + low contact point,generated_videos/control_points_3_traffic.mp4
67,6,0,68,1.0,0.058333798329361905,truck,0.6230611801147461,653.0,44.0,724.0,101.0,3426,axis_front,653.0,54.0,mask PCA skeleton + low contact point,generated_videos/control_points_3_traffic.mp4
67,6,0,68,1.0,0.058333798329361905,truck,0.6230611801147461,653.0,44.0,724.0,101.0,3426,axis_back,723.0,85.0,mask PCA skeleton + low contact point,generated_videos/control_points_3_traffic.mp4
67,6,0,68,1.0,0.058333798329361905,truck,0.6230611801147461,653.0,44.0,724.0,101.0,3426,axis_left,698.0,100.0,mask PCA skeleton + low contact point,generated_videos/control_points_3_traffic.mp4
67,6,0,68,1.0,0.058333798329361905,truck,0.6230611801147461,653.0,44.0,724.0,101.0,3426,axis_right,706.0,44.0,mask PCA skeleton + low contact point,generated_videos/control_points_3_traffic.mp4
67,6,0,68,1.0,0.058333798329361905,truck,0.6230611801147461,653.0,44.0,724.0,101.0,3426,contact_low,688.0,93.0,mask PCA skeleton + low contact point,generated_videos/control_points_3_traffic.mp4
67,0,15,29,0.8414329352957511,2.753634581376835,person,0.8695700764656067,599.0,219.0,632.0,322.0,2417,centroid,613.5245971679688,269.3475341796875,mask PCA skeleton + low contact point,generated_videos/control_points_3_traffic.mp4
67,0,15,29,0.8414329352957511,2.753634581376835,person,0.8695700764656067,599.0,219.0,632.0,322.0,2417,axis_front,616.0,321.0,mask PCA skeleton + low contact point,generated_videos/control_points_3_traffic.mp4
67,0,15,29,0.8414329352957511,2.753634581376835,person,0.8695700764656067,599.0,219.0,632.0,322.0,2417,axis_back,619.0,219.0,mask PCA skeleton + low contact point,generated_videos/control_points_3_traffic.mp4
67,0,15,29,0.8414329352957511,2.753634581376835,person,0.8695700764656067,599.0,219.0,632.0,322.0,2417,axis_left,631.0,256.0,mask PCA skeleton + low contact point,generated_videos/control_points_3_traffic.mp4
67,0,15,29,0.8414329352957511,2.753634581376835,person,0.8695700764656067,599.0,219.0,632.0,322.0,2417,axis_right,599.0,246.0,mask PCA skeleton + low contact point,generated_videos/control_points_3_traffic.mp4
67,0,15,29,0.8414329352957511,2.753634581376835,person,0.8695700764656067,599.0,219.0,632.0,322.0,2417,contact_low,617.0,312.0,mask PCA skeleton + low contact point,generated_videos/control_points_3_traffic.mp4
67,1,7,58,0.8888888888888888,3.6123160531926284,person,0.8216518759727478,449.0,197.0,484.0,280.0,1802,centroid,466.18701171875,234.3540496826172,mask PCA skeleton + low contact point,generated_videos/control_points_3_traffic.mp4
67,1,7,58,0.8888888888888888,3.6123160531926284,person,0.8216518759727478,449.0,197.0,484.0,280.0,1802,axis_front,469.0,279.0,mask PCA skeleton + low contact point,generated_videos/control_points_3_traffic.mp4
67,1,7,58,0.8888888888888888,3.6123160531926284,person,0.8216518759727478,449.0,197.0,484.0,280.0,1802,axis_back,459.0,197.0,mask PCA skeleton + low contact point,generated_videos/control_points_3_traffic.mp4
67,1,7,58,0.8888888888888888,3.6123160531926284,person,0.8216518759727478,449.0,197.0,484.0,280.0,1802,axis_left,483.0,220.0,mask PCA skeleton + low contact point,generated_videos/control_points_3_traffic.mp4
67,1,7,58,0.8888888888888888,3.6123160531926284,person,0.8216518759727478,449.0,197.0,484.0,280.0,1802,axis_right,449.0,238.0,mask PCA skeleton + low contact point,generated_videos/control_points_3_traffic.mp4
67,1,7,58,0.8888888888888888,3.6123160531926284,person,0.8216518759727478,449.0,197.0,484.0,280.0,1802,contact_low,468.0,272.0,mask PCA skeleton + low contact point,generated_videos/control_points_3_traffic.mp4
67,8,6,60,1.0,0.129333750620182,boat,0.2594358026981354,69.0,498.0,160.0,528.0,1761,centroid,114.24190521240234,513.2447509765625,mask PCA skeleton + low contact point,generated_videos/control_points_3_traffic.mp4
67,8,6,60,1.0,0.129333750620182,boat,0.2594358026981354,69.0,498.0,160.0,528.0,1761,axis_front,69.0,525.0,mask PCA skeleton + low contact point,generated_videos/control_points_3_traffic.mp4
67,8,6,60,1.0,0.129333750620182,boat,0.2594358026981354,69.0,498.0,160.0,528.0,1761,axis_back,159.0,506.0,mask PCA skeleton + low contact point,generated_videos/control_points_3_traffic.mp4
67,8,6,60,1.0,0.129333750620182,boat,0.2594358026981354,69.0,498.0,160.0,528.0,1761,axis_left,115.0,527.0,mask PCA skeleton + low contact point,generated_videos/control_points_3_traffic.mp4
67,8,6,60,1.0,0.129333750620182,boat,0.2594358026981354,69.0,498.0,160.0,528.0,1761,axis_right,116.0,498.0,mask PCA skeleton + low contact point,generated_videos/control_points_3_traffic.mp4
67,8,6,60,1.0,0.129333750620182,boat,0.2594358026981354,69.0,498.0,160.0,528.0,1761,contact_low,95.0,526.0,mask PCA skeleton + low contact point,generated_videos/control_points_3_traffic.mp4
67,3,10,51,0.8888888888888888,3.144256586029388,person,0.7885369062423706,489.0,197.0,515.0,275.0,1546,centroid,500.8382873535156,233.53622436523438,mask PCA skeleton + low contact point,generated_videos/control_points_3_traffic.mp4
67,3,10,51,0.8888888888888888,3.144256586029388,person,0.7885369062423706,489.0,197.0,515.0,275.0,1546,axis_front,508.0,274.0,mask PCA skeleton + low contact point,generated_videos/control_points_3_traffic.mp4
67,3,10,51,0.8888888888888888,3.144256586029388,person,0.7885369062423706,489.0,197.0,515.0,275.0,1546,axis_back,494.0,197.0,mask PCA skeleton + low contact point,generated_videos/control_points_3_traffic.mp4
67,3,10,51,0.8888888888888888,3.144256586029388,person,0.7885369062423706,489.0,197.0,515.0,275.0,1546,axis_left,514.0,237.0,mask PCA skeleton + low contact point,generated_videos/control_points_3_traffic.mp4
67,3,10,51,0.8888888888888888,3.144256586029388,person,0.7885369062423706,489.0,197.0,515.0,275.0,1546,axis_right,489.0,267.0,mask PCA skeleton + low contact point,generated_videos/control_points_3_traffic.mp4
67,3,10,51,0.8888888888888888,3.144256586029388,person,0.7885369062423706,489.0,197.0,515.0,275.0,1546,contact_low,505.0,266.0,mask PCA skeleton + low contact point,generated_videos/control_points_3_traffic.mp4
67,4,8,51,0.875886524822695,0.5794269310285043,person,0.7605261206626892,374.0,182.0,400.0,260.0,1411,centroid,386.6378479003906,217.54429626464844,mask PCA skeleton + low contact point,generated_videos/control_points_3_traffic.mp4
67,4,8,51,0.875886524822695,0.5794269310285043,person,0.7605261206626892,374.0,182.0,400.0,260.0,1411,axis_front,382.0,259.0,mask PCA skeleton + low contact point,generated_videos/control_points_3_traffic.mp4
67,4,8,51,0.875886524822695,0.5794269310285043,person,0.7605261206626892,374.0,182.0,400.0,260.0,1411,axis_back,397.0,182.0,mask PCA skeleton + low contact point,generated_videos/control_points_3_traffic.mp4
67,4,8,51,0.875886524822695,0.5794269310285043,person,0.7605261206626892,374.0,182.0,400.0,260.0,1411,axis_left,399.0,208.0,mask PCA skeleton + low contact point,generated_videos/control_points_3_traffic.mp4
67,4,8,51,0.875886524822695,0.5794269310285043,person,0.7605261206626892,374.0,182.0,400.0,260.0,1411,axis_right,374.0,198.0,mask PCA skeleton + low contact point,generated_videos/control_points_3_traffic.mp4
67,4,8,51,0.875886524822695,0.5794269310285043,person,0.7605261206626892,374.0,182.0,400.0,260.0,1411,contact_low,387.0,254.0,mask PCA skeleton + low contact point,generated_videos/control_points_3_traffic.mp4
67,5,4,68,1.0,0.1307528336247508,car,0.7322028875350952,735.0,52.0,768.0,93.0,1287,centroid,751.44677734375,72.19269561767578,mask PCA skeleton + low contact point,generated_videos/control_points_3_traffic.mp4
67,5,4,68,1.0,0.1307528336247508,car,0.7322028875350952,735.0,52.0,768.0,93.0,1287,axis_front,736.0,92.0,mask PCA skeleton + low contact point,generated_videos/control_points_3_traffic.mp4
67,5,4,68,1.0,0.1307528336247508,car,0.7322028875350952,735.0,52.0,768.0,93.0,1287,axis_back,767.0,52.0,mask PCA skeleton + low contact point,generated_videos/control_points_3_traffic.mp4
67,5,4,68,1.0,0.1307528336247508,car,0.7322028875350952,735.0,52.0,768.0,93.0,1287,axis_left,767.0,92.0,mask PCA skeleton + low contact point,generated_videos/control_points_3_traffic.mp4
67,5,4,68,1.0,0.1307528336247508,car,0.7322028875350952,735.0,52.0,768.0,93.0,1287,axis_right,735.0,62.0,mask PCA skeleton + low contact point,generated_videos/control_points_3_traffic.mp4
67,5,4,68,1.0,0.1307528336247508,car,0.7322028875350952,735.0,52.0,768.0,93.0,1287,contact_low,749.0,90.0,mask PCA skeleton + low contact point,generated_videos/control_points_3_traffic.mp4
67,2,17,8,0.7438380281690141,6.45783823402055,person,0.7923806309700012,317.0,171.0,346.0,236.0,1046,centroid,328.42828369140625,203.77725219726562,mask PCA skeleton + low contact point,generated_videos/control_points_3_traffic.mp4
67,2,17,8,0.7438380281690141,6.45783823402055,person,0.7923806309700012,317.0,171.0,346.0,236.0,1046,axis_front,343.0,235.0,mask PCA skeleton + low contact point,generated_videos/control_points_3_traffic.mp4
67,2,17,8,0.7438380281690141,6.45783823402055,person,0.7923806309700012,317.0,171.0,346.0,236.0,1046,axis_back,321.0,171.0,mask PCA skeleton + low contact point,generated_videos/control_points_3_traffic.mp4
67,2,17,8,0.7438380281690141,6.45783823402055,person,0.7923806309700012,317.0,171.0,346.0,236.0,1046,axis_left,345.0,227.0,mask PCA skeleton + low contact point,generated_videos/control_points_3_traffic.mp4
67,2,17,8,0.7438380281690141,6.45783823402055,person,0.7923806309700012,317.0,171.0,346.0,236.0,1046,axis_right,317.0,232.0,mask PCA skeleton + low contact point,generated_videos/control_points_3_traffic.mp4
67,2,17,8,0.7438380281690141,6.45783823402055,person,0.7923806309700012,317.0,171.0,346.0,236.0,1046,contact_low,325.0,230.0,mask PCA skeleton + low contact point,generated_videos/control_points_3_traffic.mp4
67,7,16,12,1.0,0.07161244549115237,person,0.2737501263618469,30.0,112.0,50.0,141.0,293,centroid,39.70307159423828,123.1843032836914,mask PCA skeleton + low contact point,generated_videos/control_points_3_traffic.mp4
67,7,16,12,1.0,0.07161244549115237,person,0.2737501263618469,30.0,112.0,50.0,141.0,293,axis_front,39.0,140.0,mask PCA skeleton + low contact point,generated_videos/control_points_3_traffic.mp4
67,7,16,12,1.0,0.07161244549115237,person,0.2737501263618469,30.0,112.0,50.0,141.0,293,axis_back,49.0,112.0,mask PCA skeleton + low contact point,generated_videos/control_points_3_traffic.mp4
67,7,16,12,1.0,0.07161244549115237,person,0.2737501263618469,30.0,112.0,50.0,141.0,293,axis_left,49.0,115.0,mask PCA skeleton + low contact point,generated_videos/control_points_3_traffic.mp4
67,7,16,12,1.0,0.07161244549115237,person,0.2737501263618469,30.0,112.0,50.0,141.0,293,axis_right,30.0,119.0,mask PCA skeleton + low contact point,generated_videos/control_points_3_traffic.mp4
67,7,16,12,1.0,0.07161244549115237,person,0.2737501263618469,30.0,112.0,50.0,141.0,293,contact_low,40.0,138.0,mask PCA skeleton + low contact point,generated_videos/control_points_3_traffic.mp4
68,5,0,69,0.9824561403508771,0.29316162188101264,truck,0.623571515083313,653.0,45.0,724.0,101.0,3377,centroid,686.2896118164062,71.0299072265625,mask PCA skeleton + low contact point,generated_videos/control_points_3_traffic.mp4
68,5,0,69,0.9824561403508771,0.29316162188101264,truck,0.623571515083313,653.0,45.0,724.0,101.0,3377,axis_front,653.0,54.0,mask PCA skeleton + low contact point,generated_videos/control_points_3_traffic.mp4
68,5,0,69,0.9824561403508771,0.29316162188101264,truck,0.623571515083313,653.0,45.0,724.0,101.0,3377,axis_back,723.0,85.0,mask PCA skeleton + low contact point,generated_videos/control_points_3_traffic.mp4
68,5,0,69,0.9824561403508771,0.29316162188101264,truck,0.623571515083313,653.0,45.0,724.0,101.0,3377,axis_left,698.0,100.0,mask PCA skeleton + low contact point,generated_videos/control_points_3_traffic.mp4
68,5,0,69,0.9824561403508771,0.29316162188101264,truck,0.623571515083313,653.0,45.0,724.0,101.0,3377,axis_right,709.0,45.0,mask PCA skeleton + low contact point,generated_videos/control_points_3_traffic.mp4
68,5,0,69,0.9824561403508771,0.29316162188101264,truck,0.623571515083313,653.0,45.0,724.0,101.0,3377,contact_low,688.0,93.0,mask PCA skeleton + low contact point,generated_videos/control_points_3_traffic.mp4
68,1,15,30,0.7060221870047544,5.199412711618461,person,0.8253030776977539,596.0,216.0,626.0,318.0,2301,centroid,609.6888427734375,265.83746337890625,mask PCA skeleton + low contact point,generated_videos/control_points_3_traffic.mp4
68,1,15,30,0.7060221870047544,5.199412711618461,person,0.8253030776977539,596.0,216.0,626.0,318.0,2301,axis_front,621.0,317.0,mask PCA skeleton + low contact point,generated_videos/control_points_3_traffic.mp4
68,1,15,30,0.7060221870047544,5.199412711618461,person,0.8253030776977539,596.0,216.0,626.0,318.0,2301,axis_back,602.0,216.0,mask PCA skeleton + low contact point,generated_videos/control_points_3_traffic.mp4
68,1,15,30,0.7060221870047544,5.199412711618461,person,0.8253030776977539,596.0,216.0,626.0,318.0,2301,axis_left,625.0,246.0,mask PCA skeleton + low contact point,generated_videos/control_points_3_traffic.mp4
68,1,15,30,0.7060221870047544,5.199412711618461,person,0.8253030776977539,596.0,216.0,626.0,318.0,2301,axis_right,596.0,305.0,mask PCA skeleton + low contact point,generated_videos/control_points_3_traffic.mp4
68,1,15,30,0.7060221870047544,5.199412711618461,person,0.8253030776977539,596.0,216.0,626.0,318.0,2301,contact_low,617.0,307.0,mask PCA skeleton + low contact point,generated_videos/control_points_3_traffic.mp4
68,7,6,61,1.0,0.009534000079657306,boat,0.26470983028411865,69.0,498.0,160.0,528.0,1764,centroid,114.24433135986328,513.2539672851562,mask PCA skeleton + low contact point,generated_videos/control_points_3_traffic.mp4
68,7,6,61,1.0,0.009534000079657306,boat,0.26470983028411865,69.0,498.0,160.0,528.0,1764,axis_front,69.0,525.0,mask PCA skeleton + low contact point,generated_videos/control_points_3_traffic.mp4
68,7,6,61,1.0,0.009534000079657306,boat,0.26470983028411865,69.0,498.0,160.0,528.0,1764,axis_back,159.0,506.0,mask PCA skeleton + low contact point,generated_videos/control_points_3_traffic.mp4
68,7,6,61,1.0,0.009534000079657306,boat,0.26470983028411865,69.0,498.0,160.0,528.0,1764,axis_left,115.0,527.0,mask PCA skeleton + low contact point,generated_videos/control_points_3_traffic.mp4
68,7,6,61,1.0,0.009534000079657306,boat,0.26470983028411865,69.0,498.0,160.0,528.0,1764,axis_right,116.0,498.0,mask PCA skeleton + low contact point,generated_videos/control_points_3_traffic.mp4
68,7,6,61,1.0,0.009534000079657306,boat,0.26470983028411865,69.0,498.0,160.0,528.0,1764,contact_low,95.0,526.0,mask PCA skeleton + low contact point,generated_videos/control_points_3_traffic.mp4
68,0,7,59,0.7851899138206192,4.10726702761106,person,0.8323843479156494,447.0,195.0,479.0,279.0,1703,centroid,462.702880859375,232.17909240722656,mask PCA skeleton + low contact point,generated_videos/control_points_3_traffic.mp4
68,0,7,59,0.7851899138206192,4.10726702761106,person,0.8323843479156494,447.0,195.0,479.0,279.0,1703,axis_front,469.0,278.0,mask PCA skeleton + low contact point,generated_videos/control_points_3_traffic.mp4
68,0,7,59,0.7851899138206192,4.10726702761106,person,0.8323843479156494,447.0,195.0,479.0,279.0,1703,axis_back,455.0,195.0,mask PCA skeleton + low contact point,generated_videos/control_points_3_traffic.mp4
68,0,7,59,0.7851899138206192,4.10726702761106,person,0.8323843479156494,447.0,195.0,479.0,279.0,1703,axis_left,478.0,214.0,mask PCA skeleton + low contact point,generated_videos/control_points_3_traffic.mp4
68,0,7,59,0.7851899138206192,4.10726702761106,person,0.8323843479156494,447.0,195.0,479.0,279.0,1703,axis_right,447.0,237.0,mask PCA skeleton + low contact point,generated_videos/control_points_3_traffic.mp4
68,0,7,59,0.7851899138206192,4.10726702761106,person,0.8323843479156494,447.0,195.0,479.0,279.0,1703,contact_low,466.0,271.0,mask PCA skeleton + low contact point,generated_videos/control_points_3_traffic.mp4
68,3,10,52,0.7579214195183777,4.2914304219822785,person,0.8098177909851074,485.0,196.0,512.0,275.0,1665,centroid,496.5843811035156,232.969970703125,mask PCA skeleton + low contact point,generated_videos/control_points_3_traffic.mp4
68,3,10,52,0.7579214195183777,4.2914304219822785,person,0.8098177909851074,485.0,196.0,512.0,275.0,1665,axis_front,506.0,274.0,mask PCA skeleton + low contact point,generated_videos/control_points_3_traffic.mp4
68,3,10,52,0.7579214195183777,4.2914304219822785,person,0.8098177909851074,485.0,196.0,512.0,275.0,1665,axis_back,488.0,196.0,mask PCA skeleton + low contact point,generated_videos/control_points_3_traffic.mp4
68,3,10,52,0.7579214195183777,4.2914304219822785,person,0.8098177909851074,485.0,196.0,512.0,275.0,1665,axis_left,511.0,237.0,mask PCA skeleton + low contact point,generated_videos/control_points_3_traffic.mp4
68,3,10,52,0.7579214195183777,4.2914304219822785,person,0.8098177909851074,485.0,196.0,512.0,275.0,1665,axis_right,485.0,266.0,mask PCA skeleton + low contact point,generated_videos/control_points_3_traffic.mp4
68,3,10,52,0.7579214195183777,4.2914304219822785,person,0.8098177909851074,485.0,196.0,512.0,275.0,1665,contact_low,503.0,266.0,mask PCA skeleton + low contact point,generated_videos/control_points_3_traffic.mp4
68,2,8,52,0.9285714285714286,0.38863291723738125,person,0.8170559406280518,372.0,182.0,400.0,260.0,1463,centroid,386.4135437011719,217.2269287109375,mask PCA skeleton + low contact point,generated_videos/control_points_3_traffic.mp4
68,2,8,52,0.9285714285714286,0.38863291723738125,person,0.8170559406280518,372.0,182.0,400.0,260.0,1463,axis_front,381.0,259.0,mask PCA skeleton + low contact point,generated_videos/control_points_3_traffic.mp4
68,2,8,52,0.9285714285714286,0.38863291723738125,person,0.8170559406280518,372.0,182.0,400.0,260.0,1463,axis_back,395.0,182.0,mask PCA skeleton + low contact point,generated_videos/control_points_3_traffic.mp4
68,2,8,52,0.9285714285714286,0.38863291723738125,person,0.8170559406280518,372.0,182.0,400.0,260.0,1463,axis_left,399.0,211.0,mask PCA skeleton + low contact point,generated_videos/control_points_3_traffic.mp4
68,2,8,52,0.9285714285714286,0.38863291723738125,person,0.8170559406280518,372.0,182.0,400.0,260.0,1463,axis_right,372.0,200.0,mask PCA skeleton + low contact point,generated_videos/control_points_3_traffic.mp4
68,2,8,52,0.9285714285714286,0.38863291723738125,person,0.8170559406280518,372.0,182.0,400.0,260.0,1463,contact_low,387.0,254.0,mask PCA skeleton + low contact point,generated_videos/control_points_3_traffic.mp4
68,4,4,69,1.0,0.02859622543738604,car,0.7481065988540649,735.0,52.0,768.0,93.0,1285,centroid,751.4443359375,72.16419982910156,mask PCA skeleton + low contact point,generated_videos/control_points_3_traffic.mp4
68,4,4,69,1.0,0.02859622543738604,car,0.7481065988540649,735.0,52.0,768.0,93.0,1285,axis_front,736.0,92.0,mask PCA skeleton + low contact point,generated_videos/control_points_3_traffic.mp4
68,4,4,69,1.0,0.02859622543738604,car,0.7481065988540649,735.0,52.0,768.0,93.0,1285,axis_back,767.0,52.0,mask PCA skeleton + low contact point,generated_videos/control_points_3_traffic.mp4
68,4,4,69,1.0,0.02859622543738604,car,0.7481065988540649,735.0,52.0,768.0,93.0,1285,axis_left,767.0,92.0,mask PCA skeleton + low contact point,generated_videos/control_points_3_traffic.mp4
68,4,4,69,1.0,0.02859622543738604,car,0.7481065988540649,735.0,52.0,768.0,93.0,1285,axis_right,735.0,62.0,mask PCA skeleton + low contact point,generated_videos/control_points_3_traffic.mp4
68,4,4,69,1.0,0.02859622543738604,car,0.7481065988540649,735.0,52.0,768.0,93.0,1285,contact_low,749.0,90.0,mask PCA skeleton + low contact point,generated_videos/control_points_3_traffic.mp4
68,6,17,9,0.27587579617834396,11.360488953763017,person,0.6124019622802734,308.0,168.0,328.0,234.0,1105,centroid,317.3285217285156,201.3574676513672,mask PCA skeleton + low contact point,generated_videos/control_points_3_traffic.mp4
68,6,17,9,0.27587579617834396,11.360488953763017,person,0.6124019622802734,308.0,168.0,328.0,234.0,1105,axis_front,325.0,233.0,mask PCA skeleton + low contact point,generated_videos/control_points_3_traffic.mp4
68,6,17,9,0.27587579617834396,11.360488953763017,person,0.6124019622802734,308.0,168.0,328.0,234.0,1105,axis_back,310.0,168.0,mask PCA skeleton + low contact point,generated_videos/control_points_3_traffic.mp4
68,6,17,9,0.27587579617834396,11.360488953763017,person,0.6124019622802734,308.0,168.0,328.0,234.0,1105,axis_left,326.0,183.0,mask PCA skeleton + low contact point,generated_videos/control_points_3_traffic.mp4
68,6,17,9,0.27587579617834396,11.360488953763017,person,0.6124019622802734,308.0,168.0,328.0,234.0,1105,axis_right,308.0,215.0,mask PCA skeleton + low contact point,generated_videos/control_points_3_traffic.mp4
68,6,17,9,0.27587579617834396,11.360488953763017,person,0.6124019622802734,308.0,168.0,328.0,234.0,1105,contact_low,320.0,229.0,mask PCA skeleton + low contact point,generated_videos/control_points_3_traffic.mp4
69,6,0,70,0.9824561403508771,0.3160820409275863,truck,0.6089767217636108,653.0,44.0,724.0,101.0,3423,centroid,686.2725830078125,70.71428680419922,mask PCA skeleton + low contact point,generated_videos/control_points_3_traffic.mp4
69,6,0,70,0.9824561403508771,0.3160820409275863,truck,0.6089767217636108,653.0,44.0,724.0,101.0,3423,axis_front,653.0,54.0,mask PCA skeleton + low contact point,generated_videos/control_points_3_traffic.mp4
69,6,0,70,0.9824561403508771,0.3160820409275863,truck,0.6089767217636108,653.0,44.0,724.0,101.0,3423,axis_back,723.0,85.0,mask PCA skeleton + low contact point,generated_videos/control_points_3_traffic.mp4
69,6,0,70,0.9824561403508771,0.3160820409275863,truck,0.6089767217636108,653.0,44.0,724.0,101.0,3423,axis_left,696.0,100.0,mask PCA skeleton + low contact point,generated_videos/control_points_3_traffic.mp4
69,6,0,70,0.9824561403508771,0.3160820409275863,truck,0.6089767217636108,653.0,44.0,724.0,101.0,3423,axis_right,706.0,44.0,mask PCA skeleton + low contact point,generated_videos/control_points_3_traffic.mp4
69,6,0,70,0.9824561403508771,0.3160820409275863,truck,0.6089767217636108,653.0,44.0,724.0,101.0,3423,contact_low,688.0,93.0,mask PCA skeleton + low contact point,generated_videos/control_points_3_traffic.mp4
69,3,15,31,0.7519868457111537,4.618335227672784,person,0.7981309294700623,591.0,213.0,624.0,314.0,2398,centroid,606.9745483398438,262.1009216308594,mask PCA skeleton + low contact point,generated_videos/control_points_3_traffic.mp4
69,3,15,31,0.7519868457111537,4.618335227672784,person,0.7981309294700623,591.0,213.0,624.0,314.0,2398,axis_front,619.0,313.0,mask PCA skeleton + low contact point,generated_videos/control_points_3_traffic.mp4
69,3,15,31,0.7519868457111537,4.618335227672784,person,0.7981309294700623,591.0,213.0,624.0,314.0,2398,axis_back,599.0,213.0,mask PCA skeleton + low contact point,generated_videos/control_points_3_traffic.mp4
69,3,15,31,0.7519868457111537,4.618335227672784,person,0.7981309294700623,591.0,213.0,624.0,314.0,2398,axis_left,623.0,248.0,mask PCA skeleton + low contact point,generated_videos/control_points_3_traffic.mp4
69,3,15,31,0.7519868457111537,4.618335227672784,person,0.7981309294700623,591.0,213.0,624.0,314.0,2398,axis_right,591.0,267.0,mask PCA skeleton + low contact point,generated_videos/control_points_3_traffic.mp4
69,3,15,31,0.7519868457111537,4.618335227672784,person,0.7981309294700623,591.0,213.0,624.0,314.0,2398,contact_low,613.0,304.0,mask PCA skeleton + low contact point,generated_videos/control_points_3_traffic.mp4
69,7,6,62,1.0,0.029149569460751062,boat,0.27000951766967773,69.0,498.0,160.0,528.0,1764,centroid,114.27267456054688,513.2471923828125,mask PCA skeleton + low contact point,generated_videos/control_points_3_traffic.mp4
69,7,6,62,1.0,0.029149569460751062,boat,0.27000951766967773,69.0,498.0,160.0,528.0,1764,axis_front,69.0,525.0,mask PCA skeleton + low contact point,generated_videos/control_points_3_traffic.mp4
69,7,6,62,1.0,0.029149569460751062,boat,0.27000951766967773,69.0,498.0,160.0,528.0,1764,axis_back,159.0,506.0,mask PCA skeleton + low contact point,generated_videos/control_points_3_traffic.mp4
69,7,6,62,1.0,0.029149569460751062,boat,0.27000951766967773,69.0,498.0,160.0,528.0,1764,axis_left,115.0,527.0,mask PCA skeleton + low contact point,generated_videos/control_points_3_traffic.mp4
69,7,6,62,1.0,0.029149569460751062,boat,0.27000951766967773,69.0,498.0,160.0,528.0,1764,axis_right,116.0,498.0,mask PCA skeleton + low contact point,generated_videos/control_points_3_traffic.mp4
69,7,6,62,1.0,0.029149569460751062,boat,0.27000951766967773,69.0,498.0,160.0,528.0,1764,contact_low,95.0,526.0,mask PCA skeleton + low contact point,generated_videos/control_points_3_traffic.mp4
69,0,7,60,0.9252067601582165,2.0211210455777917,person,0.8310116529464722,447.0,192.0,478.0,278.0,1671,centroid,461.6876220703125,230.4314727783203,mask PCA skeleton + low contact point,generated_videos/control_points_3_traffic.mp4
69,0,7,60,0.9252067601582165,2.0211210455777917,person,0.8310116529464722,447.0,192.0,478.0,278.0,1671,axis_front,467.0,277.0,mask PCA skeleton + low contact point,generated_videos/control_points_3_traffic.mp4
69,0,7,60,0.9252067601582165,2.0211210455777917,person,0.8310116529464722,447.0,192.0,478.0,278.0,1671,axis_back,454.0,192.0,mask PCA skeleton + low contact point,generated_videos/control_points_3_traffic.mp4
69,0,7,60,0.9252067601582165,2.0211210455777917,person,0.8310116529464722,447.0,192.0,478.0,278.0,1671,axis_left,477.0,214.0,mask PCA skeleton + low contact point,generated_videos/control_points_3_traffic.mp4
69,0,7,60,0.9252067601582165,2.0211210455777917,person,0.8310116529464722,447.0,192.0,478.0,278.0,1671,axis_right,447.0,236.0,mask PCA skeleton + low contact point,generated_videos/control_points_3_traffic.mp4
69,0,7,60,0.9252067601582165,2.0211210455777917,person,0.8310116529464722,447.0,192.0,478.0,278.0,1671,contact_low,465.0,269.0,mask PCA skeleton + low contact point,generated_videos/control_points_3_traffic.mp4
69,1,10,53,0.8074369189907038,2.1785872518259577,person,0.8290653824806213,484.0,194.0,509.0,272.0,1594,centroid,494.9730224609375,231.50376892089844,mask PCA skeleton + low contact point,generated_videos/control_points_3_traffic.mp4
69,1,10,53,0.8074369189907038,2.1785872518259577,person,0.8290653824806213,484.0,194.0,509.0,272.0,1594,axis_front,506.0,271.0,mask PCA skeleton + low contact point,generated_videos/control_points_3_traffic.mp4
69,1,10,53,0.8074369189907038,2.1785872518259577,person,0.8290653824806213,484.0,194.0,509.0,272.0,1594,axis_back,485.0,194.0,mask PCA skeleton + low contact point,generated_videos/control_points_3_traffic.mp4
69,1,10,53,0.8074369189907038,2.1785872518259577,person,0.8290653824806213,484.0,194.0,509.0,272.0,1594,axis_left,508.0,232.0,mask PCA skeleton + low contact point,generated_videos/control_points_3_traffic.mp4
69,1,10,53,0.8074369189907038,2.1785872518259577,person,0.8290653824806213,484.0,194.0,509.0,272.0,1594,axis_right,484.0,245.0,mask PCA skeleton + low contact point,generated_videos/control_points_3_traffic.mp4
69,1,10,53,0.8074369189907038,2.1785872518259577,person,0.8290653824806213,484.0,194.0,509.0,272.0,1594,contact_low,500.0,264.0,mask PCA skeleton + low contact point,generated_videos/control_points_3_traffic.mp4
69,2,8,53,0.9535603715170279,0.2803619456268666,person,0.824528694152832,371.0,183.0,400.0,260.0,1450,centroid,386.20965576171875,217.03448486328125,mask PCA skeleton + low contact point,generated_videos/control_points_3_traffic.mp4
69,2,8,53,0.9535603715170279,0.2803619456268666,person,0.824528694152832,371.0,183.0,400.0,260.0,1450,axis_front,382.0,259.0,mask PCA skeleton + low contact point,generated_videos/control_points_3_traffic.mp4
69,2,8,53,0.9535603715170279,0.2803619456268666,person,0.824528694152832,371.0,183.0,400.0,260.0,1450,axis_back,395.0,183.0,mask PCA skeleton + low contact point,generated_videos/control_points_3_traffic.mp4
69,2,8,53,0.9535603715170279,0.2803619456268666,person,0.824528694152832,371.0,183.0,400.0,260.0,1450,axis_left,399.0,214.0,mask PCA skeleton + low contact point,generated_videos/control_points_3_traffic.mp4
69,2,8,53,0.9535603715170279,0.2803619456268666,person,0.824528694152832,371.0,183.0,400.0,260.0,1450,axis_right,371.0,201.0,mask PCA skeleton + low contact point,generated_videos/control_points_3_traffic.mp4
69,2,8,53,0.9535603715170279,0.2803619456268666,person,0.824528694152832,371.0,183.0,400.0,260.0,1450,contact_low,387.0,254.0,mask PCA skeleton + low contact point,generated_videos/control_points_3_traffic.mp4
69,5,4,70,1.0,0.0,car,0.739982545375824,735.0,52.0,768.0,93.0,1285,centroid,751.4443359375,72.16419982910156,mask PCA skeleton + low contact point,generated_videos/control_points_3_traffic.mp4
69,5,4,70,1.0,0.0,car,0.739982545375824,735.0,52.0,768.0,93.0,1285,axis_front,736.0,92.0,mask PCA skeleton + low contact point,generated_videos/control_points_3_traffic.mp4
69,5,4,70,1.0,0.0,car,0.739982545375824,735.0,52.0,768.0,93.0,1285,axis_back,767.0,52.0,mask PCA skeleton + low contact point,generated_videos/control_points_3_traffic.mp4
69,5,4,70,1.0,0.0,car,0.739982545375824,735.0,52.0,768.0,93.0,1285,axis_left,767.0,92.0,mask PCA skeleton + low contact point,generated_videos/control_points_3_traffic.mp4
69,5,4,70,1.0,0.0,car,0.739982545375824,735.0,52.0,768.0,93.0,1285,axis_right,735.0,62.0,mask PCA skeleton + low contact point,generated_videos/control_points_3_traffic.mp4
69,5,4,70,1.0,0.0,car,0.739982545375824,735.0,52.0,768.0,93.0,1285,contact_low,749.0,90.0,mask PCA skeleton + low contact point,generated_videos/control_points_3_traffic.mp4
69,4,17,10,0.6025768087215064,5.855197342268105,person,0.7620980739593506,298.0,170.0,327.0,236.0,1199,centroid,312.1584777832031,204.10592651367188,mask PCA skeleton + low contact point,generated_videos/control_points_3_traffic.mp4
69,4,17,10,0.6025768087215064,5.855197342268105,person,0.7620980739593506,298.0,170.0,327.0,236.0,1199,axis_front,305.0,235.0,mask PCA skeleton + low contact point,generated_videos/control_points_3_traffic.mp4
69,4,17,10,0.6025768087215064,5.855197342268105,person,0.7620980739593506,298.0,170.0,327.0,236.0,1199,axis_back,304.0,170.0,mask PCA skeleton + low contact point,generated_videos/control_points_3_traffic.mp4
69,4,17,10,0.6025768087215064,5.855197342268105,person,0.7620980739593506,298.0,170.0,327.0,236.0,1199,axis_left,326.0,221.0,mask PCA skeleton + low contact point,generated_videos/control_points_3_traffic.mp4
69,4,17,10,0.6025768087215064,5.855197342268105,person,0.7620980739593506,298.0,170.0,327.0,236.0,1199,axis_right,298.0,233.0,mask PCA skeleton + low contact point,generated_videos/control_points_3_traffic.mp4
69,4,17,10,0.6025768087215064,5.855197342268105,person,0.7620980739593506,298.0,170.0,327.0,236.0,1199,contact_low,305.0,231.0,mask PCA skeleton + low contact point,generated_videos/control_points_3_traffic.mp4
70,6,0,71,1.0,0.018135170999538354,truck,0.6234776973724365,653.0,44.0,724.0,101.0,3421,centroid,686.2666015625,70.6971664428711,mask PCA skeleton + low contact point,generated_videos/control_points_3_traffic.mp4
70,6,0,71,1.0,0.018135170999538354,truck,0.6234776973724365,653.0,44.0,724.0,101.0,3421,axis_front,653.0,54.0,mask PCA skeleton + low contact point,generated_videos/control_points_3_traffic.mp4
70,6,0,71,1.0,0.018135170999538354,truck,0.6234776973724365,653.0,44.0,724.0,101.0,3421,axis_back,723.0,85.0,mask PCA skeleton + low contact point,generated_videos/control_points_3_traffic.mp4
70,6,0,71,1.0,0.018135170999538354,truck,0.6234776973724365,653.0,44.0,724.0,101.0,3421,axis_left,698.0,100.0,mask PCA skeleton + low contact point,generated_videos/control_points_3_traffic.mp4
70,6,0,71,1.0,0.018135170999538354,truck,0.6234776973724365,653.0,44.0,724.0,101.0,3421,axis_right,706.0,44.0,mask PCA skeleton + low contact point,generated_videos/control_points_3_traffic.mp4
70,6,0,71,1.0,0.018135170999538354,truck,0.6234776973724365,653.0,44.0,724.0,101.0,3421,contact_low,688.0,93.0,mask PCA skeleton + low contact point,generated_videos/control_points_3_traffic.mp4
70,1,15,32,0.7993553585817889,4.857131310623862,person,0.8449474573135376,588.0,210.0,622.0,309.0,2329,centroid,604.6307373046875,257.8467102050781,mask PCA skeleton + low contact point,generated_videos/control_points_3_traffic.mp4
70,1,15,32,0.7993553585817889,4.857131310623862,person,0.8449474573135376,588.0,210.0,622.0,309.0,2329,axis_front,603.0,308.0,mask PCA skeleton + low contact point,generated_videos/control_points_3_traffic.mp4
70,1,15,32,0.7993553585817889,4.857131310623862,person,0.8449474573135376,588.0,210.0,622.0,309.0,2329,axis_back,598.0,210.0,mask PCA skeleton + low contact point,generated_videos/control_points_3_traffic.mp4
70,1,15,32,0.7993553585817889,4.857131310623862,person,0.8449474573135376,588.0,210.0,622.0,309.0,2329,axis_left,621.0,246.0,mask PCA skeleton + low contact point,generated_videos/control_points_3_traffic.mp4
70,1,15,32,0.7993553585817889,4.857131310623862,person,0.8449474573135376,588.0,210.0,622.0,309.0,2329,axis_right,588.0,263.0,mask PCA skeleton + low contact point,generated_videos/control_points_3_traffic.mp4
70,1,15,32,0.7993553585817889,4.857131310623862,person,0.8449474573135376,588.0,210.0,622.0,309.0,2329,contact_low,606.0,301.0,mask PCA skeleton + low contact point,generated_videos/control_points_3_traffic.mp4
70,7,6,63,1.0,0.01104811257635268,boat,0.2597237229347229,69.0,498.0,160.0,528.0,1766,centroid,114.27293395996094,513.2582397460938,mask PCA skeleton + low contact point,generated_videos/control_points_3_traffic.mp4
70,7,6,63,1.0,0.01104811257635268,boat,0.2597237229347229,69.0,498.0,160.0,528.0,1766,axis_front,69.0,525.0,mask PCA skeleton + low contact point,generated_videos/control_points_3_traffic.mp4
70,7,6,63,1.0,0.01104811257635268,boat,0.2597237229347229,69.0,498.0,160.0,528.0,1766,axis_back,159.0,506.0,mask PCA skeleton + low contact point,generated_videos/control_points_3_traffic.mp4
70,7,6,63,1.0,0.01104811257635268,boat,0.2597237229347229,69.0,498.0,160.0,528.0,1766,axis_left,115.0,527.0,mask PCA skeleton + low contact point,generated_videos/control_points_3_traffic.mp4
70,7,6,63,1.0,0.01104811257635268,boat,0.2597237229347229,69.0,498.0,160.0,528.0,1766,axis_right,116.0,498.0,mask PCA skeleton + low contact point,generated_videos/control_points_3_traffic.mp4
70,7,6,63,1.0,0.01104811257635268,boat,0.2597237229347229,69.0,498.0,160.0,528.0,1766,contact_low,95.0,526.0,mask PCA skeleton + low contact point,generated_videos/control_points_3_traffic.mp4
70,4,7,61,0.8761435608726249,2.651606027870851,person,0.8006624579429626,446.0,189.0,477.0,275.0,1703,centroid,460.38873291015625,228.11978149414062,mask PCA skeleton + low contact point,generated_videos/control_points_3_traffic.mp4
70,4,7,61,0.8761435608726249,2.651606027870851,person,0.8006624579429626,446.0,189.0,477.0,275.0,1703,axis_front,465.0,274.0,mask PCA skeleton + low contact point,generated_videos/control_points_3_traffic.mp4
70,4,7,61,0.8761435608726249,2.651606027870851,person,0.8006624579429626,446.0,189.0,477.0,275.0,1703,axis_back,446.0,189.0,mask PCA skeleton + low contact point,generated_videos/control_points_3_traffic.mp4
70,4,7,61,0.8761435608726249,2.651606027870851,person,0.8006624579429626,446.0,189.0,477.0,275.0,1703,axis_left,476.0,213.0,mask PCA skeleton + low contact point,generated_videos/control_points_3_traffic.mp4
70,4,7,61,0.8761435608726249,2.651606027870851,person,0.8006624579429626,446.0,189.0,477.0,275.0,1703,axis_right,446.0,235.0,mask PCA skeleton + low contact point,generated_videos/control_points_3_traffic.mp4
70,4,7,61,0.8761435608726249,2.651606027870851,person,0.8006624579429626,446.0,189.0,477.0,275.0,1703,contact_low,461.0,265.0,mask PCA skeleton + low contact point,generated_videos/control_points_3_traffic.mp4
70,3,10,54,0.7486979166666666,3.3410395825792105,person,0.8228483200073242,480.0,192.0,507.0,269.0,1636,centroid,492.54583740234375,229.20782470703125,mask PCA skeleton + low contact point,generated_videos/control_points_3_traffic.mp4
70,3,10,54,0.7486979166666666,3.3410395825792105,person,0.8228483200073242,480.0,192.0,507.0,269.0,1636,axis_front,502.0,268.0,mask PCA skeleton + low contact point,generated_videos/control_points_3_traffic.mp4
70,3,10,54,0.7486979166666666,3.3410395825792105,person,0.8228483200073242,480.0,192.0,507.0,269.0,1636,axis_back,484.0,192.0,mask PCA skeleton + low contact point,generated_videos/control_points_3_traffic.mp4
70,3,10,54,0.7486979166666666,3.3410395825792105,person,0.8228483200073242,480.0,192.0,507.0,269.0,1636,axis_left,505.0,208.0,mask PCA skeleton + low contact point,generated_videos/control_points_3_traffic.mp4
70,3,10,54,0.7486979166666666,3.3410395825792105,person,0.8228483200073242,480.0,192.0,507.0,269.0,1636,axis_right,480.0,238.0,mask PCA skeleton + low contact point,generated_videos/control_points_3_traffic.mp4
70,3,10,54,0.7486979166666666,3.3410395825792105,person,0.8228483200073242,480.0,192.0,507.0,269.0,1636,contact_low,493.0,263.0,mask PCA skeleton + low contact point,generated_videos/control_points_3_traffic.mp4
70,2,8,54,0.90625,0.46049647235509755,person,0.832141101360321,369.0,183.0,401.0,260.0,1483,centroid,385.81591796875,216.79568481445312,mask PCA skeleton + low contact point,generated_videos/control_points_3_traffic.mp4
70,2,8,54,0.90625,0.46049647235509755,person,0.832141101360321,369.0,183.0,401.0,260.0,1483,axis_front,382.0,259.0,mask PCA skeleton + low contact point,generated_videos/control_points_3_traffic.mp4
70,2,8,54,0.90625,0.46049647235509755,person,0.832141101360321,369.0,183.0,401.0,260.0,1483,axis_back,395.0,183.0,mask PCA skeleton + low contact point,generated_videos/control_points_3_traffic.mp4
70,2,8,54,0.90625,0.46049647235509755,person,0.832141101360321,369.0,183.0,401.0,260.0,1483,axis_left,400.0,214.0,mask PCA skeleton + low contact point,generated_videos/control_points_3_traffic.mp4
70,2,8,54,0.90625,0.46049647235509755,person,0.832141101360321,369.0,183.0,401.0,260.0,1483,axis_right,369.0,198.0,mask PCA skeleton + low contact point,generated_videos/control_points_3_traffic.mp4
70,2,8,54,0.90625,0.46049647235509755,person,0.832141101360321,369.0,183.0,401.0,260.0,1483,contact_low,387.0,254.0,mask PCA skeleton + low contact point,generated_videos/control_points_3_traffic.mp4
70,5,4,71,1.0,0.028835556781280993,car,0.7315027117729187,735.0,52.0,768.0,93.0,1283,centroid,751.4481811523438,72.1356201171875,mask PCA skeleton + low contact point,generated_videos/control_points_3_traffic.mp4
70,5,4,71,1.0,0.028835556781280993,car,0.7315027117729187,735.0,52.0,768.0,93.0,1283,axis_front,736.0,92.0,mask PCA skeleton + low contact point,generated_videos/control_points_3_traffic.mp4
70,5,4,71,1.0,0.028835556781280993,car,0.7315027117729187,735.0,52.0,768.0,93.0,1283,axis_back,767.0,52.0,mask PCA skeleton + low contact point,generated_videos/control_points_3_traffic.mp4
70,5,4,71,1.0,0.028835556781280993,car,0.7315027117729187,735.0,52.0,768.0,93.0,1283,axis_left,767.0,92.0,mask PCA skeleton + low contact point,generated_videos/control_points_3_traffic.mp4
70,5,4,71,1.0,0.028835556781280993,car,0.7315027117729187,735.0,52.0,768.0,93.0,1283,axis_right,735.0,62.0,mask PCA skeleton + low contact point,generated_videos/control_points_3_traffic.mp4
70,5,4,71,1.0,0.028835556781280993,car,0.7315027117729187,735.0,52.0,768.0,93.0,1283,contact_low,748.0,90.0,mask PCA skeleton + low contact point,generated_videos/control_points_3_traffic.mp4
70,0,17,11,0.8076588337684943,4.998915756453209,person,0.8498132824897766,292.0,172.0,327.0,236.0,1183,centroid,307.3854675292969,205.5917205810547,mask PCA skeleton + low contact point,generated_videos/control_points_3_traffic.mp4
70,0,17,11,0.8076588337684943,4.998915756453209,person,0.8498132824897766,292.0,172.0,327.0,236.0,1183,axis_front,299.0,235.0,mask PCA skeleton + low contact point,generated_videos/control_points_3_traffic.mp4
70,0,17,11,0.8076588337684943,4.998915756453209,person,0.8498132824897766,292.0,172.0,327.0,236.0,1183,axis_back,300.0,172.0,mask PCA skeleton + low contact point,generated_videos/control_points_3_traffic.mp4
70,0,17,11,0.8076588337684943,4.998915756453209,person,0.8498132824897766,292.0,172.0,327.0,236.0,1183,axis_left,326.0,227.0,mask PCA skeleton + low contact point,generated_videos/control_points_3_traffic.mp4
70,0,17,11,0.8076588337684943,4.998915756453209,person,0.8498132824897766,292.0,172.0,327.0,236.0,1183,axis_right,292.0,235.0,mask PCA skeleton + low contact point,generated_videos/control_points_3_traffic.mp4
70,0,17,11,0.8076588337684943,4.998915756453209,person,0.8498132824897766,292.0,172.0,327.0,236.0,1183,contact_low,298.0,231.0,mask PCA skeleton + low contact point,generated_videos/control_points_3_traffic.mp4
71,6,0,72,1.0,0.018105734665678424,truck,0.6338584423065186,653.0,44.0,724.0,101.0,3425,centroid,686.2694702148438,70.71503448486328,mask PCA skeleton + low contact point,generated_videos/control_points_3_traffic.mp4
71,6,0,72,1.0,0.018105734665678424,truck,0.6338584423065186,653.0,44.0,724.0,101.0,3425,axis_front,653.0,54.0,mask PCA skeleton + low contact point,generated_videos/control_points_3_traffic.mp4
71,6,0,72,1.0,0.018105734665678424,truck,0.6338584423065186,653.0,44.0,724.0,101.0,3425,axis_back,723.0,85.0,mask PCA skeleton + low contact point,generated_videos/control_points_3_traffic.mp4
71,6,0,72,1.0,0.018105734665678424,truck,0.6338584423065186,653.0,44.0,724.0,101.0,3425,axis_left,696.0,100.0,mask PCA skeleton + low contact point,generated_videos/control_points_3_traffic.mp4
71,6,0,72,1.0,0.018105734665678424,truck,0.6338584423065186,653.0,44.0,724.0,101.0,3425,axis_right,706.0,44.0,mask PCA skeleton + low contact point,generated_videos/control_points_3_traffic.mp4
71,6,0,72,1.0,0.018105734665678424,truck,0.6338584423065186,653.0,44.0,724.0,101.0,3425,contact_low,688.0,93.0,mask PCA skeleton + low contact point,generated_videos/control_points_3_traffic.mp4
71,0,15,33,0.8804891606448026,4.715832524167211,person,0.878014087677002,586.0,209.0,620.0,309.0,2165,centroid,602.3810424804688,253.7020721435547,mask PCA skeleton + low contact point,generated_videos/control_points_3_traffic.mp4
71,0,15,33,0.8804891606448026,4.715832524167211,person,0.878014087677002,586.0,209.0,620.0,309.0,2165,axis_front,605.0,308.0,mask PCA skeleton + low contact point,generated_videos/control_points_3_traffic.mp4
71,0,15,33,0.8804891606448026,4.715832524167211,person,0.878014087677002,586.0,209.0,620.0,309.0,2165,axis_back,596.0,209.0,mask PCA skeleton + low contact point,generated_videos/control_points_3_traffic.mp4
71,0,15,33,0.8804891606448026,4.715832524167211,person,0.878014087677002,586.0,209.0,620.0,309.0,2165,axis_left,619.0,240.0,mask PCA skeleton + low contact point,generated_videos/control_points_3_traffic.mp4
71,0,15,33,0.8804891606448026,4.715832524167211,person,0.878014087677002,586.0,209.0,620.0,309.0,2165,axis_right,586.0,257.0,mask PCA skeleton + low contact point,generated_videos/control_points_3_traffic.mp4
71,0,15,33,0.8804891606448026,4.715832524167211,person,0.878014087677002,586.0,209.0,620.0,309.0,2165,contact_low,604.0,299.0,mask PCA skeleton + low contact point,generated_videos/control_points_3_traffic.mp4
71,7,6,64,1.0,0.03578911518017547,boat,0.26480093598365784,69.0,498.0,160.0,528.0,1765,centroid,114.30028533935547,513.235107421875,mask PCA skeleton + low contact point,generated_videos/control_points_3_traffic.mp4
71,7,6,64,1.0,0.03578911518017547,boat,0.26480093598365784,69.0,498.0,160.0,528.0,1765,axis_front,69.0,525.0,mask PCA skeleton + low contact point,generated_videos/control_points_3_traffic.mp4
71,7,6,64,1.0,0.03578911518017547,boat,0.26480093598365784,69.0,498.0,160.0,528.0,1765,axis_back,159.0,506.0,mask PCA skeleton + low contact point,generated_videos/control_points_3_traffic.mp4
71,7,6,64,1.0,0.03578911518017547,boat,0.26480093598365784,69.0,498.0,160.0,528.0,1765,axis_left,115.0,527.0,mask PCA skeleton + low contact point,generated_videos/control_points_3_traffic.mp4
71,7,6,64,1.0,0.03578911518017547,boat,0.26480093598365784,69.0,498.0,160.0,528.0,1765,axis_right,116.0,498.0,mask PCA skeleton + low contact point,generated_videos/control_points_3_traffic.mp4
71,7,6,64,1.0,0.03578911518017547,boat,0.26480093598365784,69.0,498.0,160.0,528.0,1765,contact_low,95.0,526.0,mask PCA skeleton + low contact point,generated_videos/control_points_3_traffic.mp4
71,1,7,62,0.9114778694673669,1.3715444570991122,person,0.844528079032898,446.0,189.0,476.0,270.0,1725,centroid,459.52056884765625,227.05796813964844,mask PCA skeleton + low contact point,generated_videos/control_points_3_traffic.mp4
71,1,7,62,0.9114778694673669,1.3715444570991122,person,0.844528079032898,446.0,189.0,476.0,270.0,1725,axis_front,455.0,269.0,mask PCA skeleton + low contact point,generated_videos/control_points_3_traffic.mp4
71,1,7,62,0.9114778694673669,1.3715444570991122,person,0.844528079032898,446.0,189.0,476.0,270.0,1725,axis_back,466.0,189.0,mask PCA skeleton + low contact point,generated_videos/control_points_3_traffic.mp4
71,1,7,62,0.9114778694673669,1.3715444570991122,person,0.844528079032898,446.0,189.0,476.0,270.0,1725,axis_left,475.0,220.0,mask PCA skeleton + low contact point,generated_videos/control_points_3_traffic.mp4
71,1,7,62,0.9114778694673669,1.3715444570991122,person,0.844528079032898,446.0,189.0,476.0,270.0,1725,axis_right,446.0,203.0,mask PCA skeleton + low contact point,generated_videos/control_points_3_traffic.mp4
71,1,7,62,0.9114778694673669,1.3715444570991122,person,0.844528079032898,446.0,189.0,476.0,270.0,1725,contact_low,459.0,263.0,mask PCA skeleton + low contact point,generated_videos/control_points_3_traffic.mp4
71,3,10,55,0.8366972477064221,2.458783876832488,person,0.8131336569786072,479.0,191.0,504.0,268.0,1574,centroid,491.3049621582031,227.0851287841797,mask PCA skeleton + low contact point,generated_videos/control_points_3_traffic.mp4
71,3,10,55,0.8366972477064221,2.458783876832488,person,0.8131336569786072,479.0,191.0,504.0,268.0,1574,axis_front,496.0,267.0,mask PCA skeleton + low contact point,generated_videos/control_points_3_traffic.mp4
71,3,10,55,0.8366972477064221,2.458783876832488,person,0.8131336569786072,479.0,191.0,504.0,268.0,1574,axis_back,484.0,191.0,mask PCA skeleton + low contact point,generated_videos/control_points_3_traffic.mp4
71,3,10,55,0.8366972477064221,2.458783876832488,person,0.8131336569786072,479.0,191.0,504.0,268.0,1574,axis_left,503.0,203.0,mask PCA skeleton + low contact point,generated_videos/control_points_3_traffic.mp4
71,3,10,55,0.8366972477064221,2.458783876832488,person,0.8131336569786072,479.0,191.0,504.0,268.0,1574,axis_right,479.0,237.0,mask PCA skeleton + low contact point,generated_videos/control_points_3_traffic.mp4
71,3,10,55,0.8366972477064221,2.458783876832488,person,0.8131336569786072,479.0,191.0,504.0,268.0,1574,contact_low,491.0,262.0,mask PCA skeleton + low contact point,generated_videos/control_points_3_traffic.mp4
71,2,8,55,0.9411764705882353,0.053309100414390735,person,0.8347764611244202,368.0,183.0,402.0,260.0,1492,centroid,385.7680969238281,216.77212524414062,mask PCA skeleton + low contact point,generated_videos/control_points_3_traffic.mp4
71,2,8,55,0.9411764705882353,0.053309100414390735,person,0.8347764611244202,368.0,183.0,402.0,260.0,1492,axis_front,382.0,259.0,mask PCA skeleton + low contact point,generated_videos/control_points_3_traffic.mp4
71,2,8,55,0.9411764705882353,0.053309100414390735,person,0.8347764611244202,368.0,183.0,402.0,260.0,1492,axis_back,395.0,183.0,mask PCA skeleton + low contact point,generated_videos/control_points_3_traffic.mp4
71,2,8,55,0.9411764705882353,0.053309100414390735,person,0.8347764611244202,368.0,183.0,402.0,260.0,1492,axis_left,401.0,211.0,mask PCA skeleton + low contact point,generated_videos/control_points_3_traffic.mp4
71,2,8,55,0.9411764705882353,0.053309100414390735,person,0.8347764611244202,368.0,183.0,402.0,260.0,1492,axis_right,368.0,198.0,mask PCA skeleton + low contact point,generated_videos/control_points_3_traffic.mp4
71,2,8,55,0.9411764705882353,0.053309100414390735,person,0.8347764611244202,368.0,183.0,402.0,260.0,1492,contact_low,387.0,254.0,mask PCA skeleton + low contact point,generated_videos/control_points_3_traffic.mp4
71,5,4,72,1.0,0.028835556781280993,car,0.7340671420097351,735.0,52.0,768.0,93.0,1285,centroid,751.4443359375,72.16419982910156,mask PCA skeleton + low contact point,generated_videos/control_points_3_traffic.mp4
71,5,4,72,1.0,0.028835556781280993,car,0.7340671420097351,735.0,52.0,768.0,93.0,1285,axis_front,736.0,92.0,mask PCA skeleton + low contact point,generated_videos/control_points_3_traffic.mp4
71,5,4,72,1.0,0.028835556781280993,car,0.7340671420097351,735.0,52.0,768.0,93.0,1285,axis_back,767.0,52.0,mask PCA skeleton + low contact point,generated_videos/control_points_3_traffic.mp4
71,5,4,72,1.0,0.028835556781280993,car,0.7340671420097351,735.0,52.0,768.0,93.0,1285,axis_left,767.0,92.0,mask PCA skeleton + low contact point,generated_videos/control_points_3_traffic.mp4
71,5,4,72,1.0,0.028835556781280993,car,0.7340671420097351,735.0,52.0,768.0,93.0,1285,axis_right,735.0,62.0,mask PCA skeleton + low contact point,generated_videos/control_points_3_traffic.mp4
71,5,4,72,1.0,0.028835556781280993,car,0.7340671420097351,735.0,52.0,768.0,93.0,1285,contact_low,749.0,90.0,mask PCA skeleton + low contact point,generated_videos/control_points_3_traffic.mp4
71,4,17,12,0.8206686930091185,5.429741131642675,person,0.775113046169281,291.0,173.0,322.0,236.0,1133,centroid,301.9646911621094,205.90379333496094,mask PCA skeleton + low contact point,generated_videos/control_points_3_traffic.mp4
71,4,17,12,0.8206686930091185,5.429741131642675,person,0.775113046169281,291.0,173.0,322.0,236.0,1133,axis_front,319.0,233.0,mask PCA skeleton + low contact point,generated_videos/control_points_3_traffic.mp4
71,4,17,12,0.8206686930091185,5.429741131642675,person,0.775113046169281,291.0,173.0,322.0,236.0,1133,axis_back,296.0,173.0,mask PCA skeleton + low contact point,generated_videos/control_points_3_traffic.mp4
71,4,17,12,0.8206686930091185,5.429741131642675,person,0.775113046169281,291.0,173.0,322.0,236.0,1133,axis_left,321.0,226.0,mask PCA skeleton + low contact point,generated_videos/control_points_3_traffic.mp4
71,4,17,12,0.8206686930091185,5.429741131642675,person,0.775113046169281,291.0,173.0,322.0,236.0,1133,axis_right,291.0,235.0,mask PCA skeleton + low contact point,generated_videos/control_points_3_traffic.mp4
71,4,17,12,0.8206686930091185,5.429741131642675,person,0.775113046169281,291.0,173.0,322.0,236.0,1133,contact_low,297.0,231.0,mask PCA skeleton + low contact point,generated_videos/control_points_3_traffic.mp4
72,6,0,73,1.0,0.021444537579362304,truck,0.628718376159668,653.0,44.0,724.0,101.0,3427,centroid,686.2523803710938,70.70207214355469,mask PCA skeleton + low contact point,generated_videos/control_points_3_traffic.mp4
72,6,0,73,1.0,0.021444537579362304,truck,0.628718376159668,653.0,44.0,724.0,101.0,3427,axis_front,653.0,54.0,mask PCA skeleton + low contact point,generated_videos/control_points_3_traffic.mp4
72,6,0,73,1.0,0.021444537579362304,truck,0.628718376159668,653.0,44.0,724.0,101.0,3427,axis_back,723.0,85.0,mask PCA skeleton + low contact point,generated_videos/control_points_3_traffic.mp4
72,6,0,73,1.0,0.021444537579362304,truck,0.628718376159668,653.0,44.0,724.0,101.0,3427,axis_left,696.0,100.0,mask PCA skeleton + low contact point,generated_videos/control_points_3_traffic.mp4
72,6,0,73,1.0,0.021444537579362304,truck,0.628718376159668,653.0,44.0,724.0,101.0,3427,axis_right,706.0,44.0,mask PCA skeleton + low contact point,generated_videos/control_points_3_traffic.mp4
72,6,0,73,1.0,0.021444537579362304,truck,0.628718376159668,653.0,44.0,724.0,101.0,3427,contact_low,688.0,93.0,mask PCA skeleton + low contact point,generated_videos/control_points_3_traffic.mp4
72,2,15,34,0.7112927950945325,5.205800453645515,person,0.8109882473945618,581.0,208.0,615.0,305.0,2023,centroid,598.2510986328125,250.53286743164062,mask PCA skeleton + low contact point,generated_videos/control_points_3_traffic.mp4
72,2,15,34,0.7112927950945325,5.205800453645515,person,0.8109882473945618,581.0,208.0,615.0,305.0,2023,axis_front,607.0,304.0,mask PCA skeleton + low contact point,generated_videos/control_points_3_traffic.mp4
72,2,15,34,0.7112927950945325,5.205800453645515,person,0.8109882473945618,581.0,208.0,615.0,305.0,2023,axis_back,593.0,208.0,mask PCA skeleton + low contact point,generated_videos/control_points_3_traffic.mp4
72,2,15,34,0.7112927950945325,5.205800453645515,person,0.8109882473945618,581.0,208.0,615.0,305.0,2023,axis_left,614.0,230.0,mask PCA skeleton + low contact point,generated_videos/control_points_3_traffic.mp4
72,2,15,34,0.7112927950945325,5.205800453645515,person,0.8109882473945618,581.0,208.0,615.0,305.0,2023,axis_right,581.0,254.0,mask PCA skeleton + low contact point,generated_videos/control_points_3_traffic.mp4
72,2,15,34,0.7112927950945325,5.205800453645515,person,0.8109882473945618,581.0,208.0,615.0,305.0,2023,contact_low,601.0,295.0,mask PCA skeleton + low contact point,generated_videos/control_points_3_traffic.mp4
72,0,7,63,0.8293224731580896,2.6788834374952355,person,0.8561094999313354,443.0,188.0,474.0,269.0,1808,centroid,456.8534240722656,226.80752563476562,mask PCA skeleton + low contact point,generated_videos/control_points_3_traffic.mp4
72,0,7,63,0.8293224731580896,2.6788834374952355,person,0.8561094999313354,443.0,188.0,474.0,269.0,1808,axis_front,456.0,268.0,mask PCA skeleton + low contact point,generated_videos/control_points_3_traffic.mp4
72,0,7,63,0.8293224731580896,2.6788834374952355,person,0.8561094999313354,443.0,188.0,474.0,269.0,1808,axis_back,463.0,188.0,mask PCA skeleton + low contact point,generated_videos/control_points_3_traffic.mp4
72,0,7,63,0.8293224731580896,2.6788834374952355,person,0.8561094999313354,443.0,188.0,474.0,269.0,1808,axis_left,473.0,214.0,mask PCA skeleton + low contact point,generated_videos/control_points_3_traffic.mp4
72,0,7,63,0.8293224731580896,2.6788834374952355,person,0.8561094999313354,443.0,188.0,474.0,269.0,1808,axis_right,443.0,203.0,mask PCA skeleton + low contact point,generated_videos/control_points_3_traffic.mp4
72,0,7,63,0.8293224731580896,2.6788834374952355,person,0.8561094999313354,443.0,188.0,474.0,269.0,1808,contact_low,459.0,262.0,mask PCA skeleton + low contact point,generated_videos/control_points_3_traffic.mp4
72,7,6,65,0.989010989010989,0.35578064807813653,boat,0.2683751583099365,70.0,498.0,160.0,528.0,1749,centroid,114.64437103271484,513.1446533203125,mask PCA skeleton + low contact point,generated_videos/control_points_3_traffic.mp4
72,7,6,65,0.989010989010989,0.35578064807813653,boat,0.2683751583099365,70.0,498.0,160.0,528.0,1749,axis_front,70.0,525.0,mask PCA skeleton + low contact point,generated_videos/control_points_3_traffic.mp4
72,7,6,65,0.989010989010989,0.35578064807813653,boat,0.2683751583099365,70.0,498.0,160.0,528.0,1749,axis_back,159.0,506.0,mask PCA skeleton + low contact point,generated_videos/control_points_3_traffic.mp4
72,7,6,65,0.989010989010989,0.35578064807813653,boat,0.2683751583099365,70.0,498.0,160.0,528.0,1749,axis_left,115.0,527.0,mask PCA skeleton + low contact point,generated_videos/control_points_3_traffic.mp4
72,7,6,65,0.989010989010989,0.35578064807813653,boat,0.2683751583099365,70.0,498.0,160.0,528.0,1749,axis_right,116.0,498.0,mask PCA skeleton + low contact point,generated_videos/control_points_3_traffic.mp4
72,7,6,65,0.989010989010989,0.35578064807813653,boat,0.2683751583099365,70.0,498.0,160.0,528.0,1749,contact_low,96.0,525.0,mask PCA skeleton + low contact point,generated_videos/control_points_3_traffic.mp4
72,1,8,56,0.8823529411764706,0.4138256152881823,person,0.8342328071594238,370.0,183.0,400.0,260.0,1499,centroid,385.678466796875,217.17611694335938,mask PCA skeleton + low contact point,generated_videos/control_points_3_traffic.mp4
72,1,8,56,0.8823529411764706,0.4138256152881823,person,0.8342328071594238,370.0,183.0,400.0,260.0,1499,axis_front,382.0,259.0,mask PCA skeleton + low contact point,generated_videos/control_points_3_traffic.mp4
72,1,8,56,0.8823529411764706,0.4138256152881823,person,0.8342328071594238,370.0,183.0,400.0,260.0,1499,axis_back,395.0,183.0,mask PCA skeleton + low contact point,generated_videos/control_points_3_traffic.mp4
72,1,8,56,0.8823529411764706,0.4138256152881823,person,0.8342328071594238,370.0,183.0,400.0,260.0,1499,axis_left,399.0,219.0,mask PCA skeleton + low contact point,generated_videos/control_points_3_traffic.mp4
72,1,8,56,0.8823529411764706,0.4138256152881823,person,0.8342328071594238,370.0,183.0,400.0,260.0,1499,axis_right,370.0,200.0,mask PCA skeleton + low contact point,generated_videos/control_points_3_traffic.mp4
72,1,8,56,0.8823529411764706,0.4138256152881823,person,0.8342328071594238,370.0,183.0,400.0,260.0,1499,contact_low,388.0,254.0,mask PCA skeleton + low contact point,generated_videos/control_points_3_traffic.mp4
72,3,10,56,0.8916001877053027,2.100312247990341,person,0.7846629023551941,479.0,189.0,506.0,267.0,1477,centroid,491.1597900390625,224.98983764648438,mask PCA skeleton + low contact point,generated_videos/control_points_3_traffic.mp4
72,3,10,56,0.8916001877053027,2.100312247990341,person,0.7846629023551941,479.0,189.0,506.0,267.0,1477,axis_front,495.0,266.0,mask PCA skeleton + low contact point,generated_videos/control_points_3_traffic.mp4
72,3,10,56,0.8916001877053027,2.100312247990341,person,0.7846629023551941,479.0,189.0,506.0,267.0,1477,axis_back,485.0,189.0,mask PCA skeleton + low contact point,generated_videos/control_points_3_traffic.mp4
72,3,10,56,0.8916001877053027,2.100312247990341,person,0.7846629023551941,479.0,189.0,506.0,267.0,1477,axis_left,505.0,232.0,mask PCA skeleton + low contact point,generated_videos/control_points_3_traffic.mp4
72,3,10,56,0.8916001877053027,2.100312247990341,person,0.7846629023551941,479.0,189.0,506.0,267.0,1477,axis_right,479.0,232.0,mask PCA skeleton + low contact point,generated_videos/control_points_3_traffic.mp4
72,3,10,56,0.8916001877053027,2.100312247990341,person,0.7846629023551941,479.0,189.0,506.0,267.0,1477,contact_low,491.0,259.0,mask PCA skeleton + low contact point,generated_videos/control_points_3_traffic.mp4
72,4,4,73,1.0,0.0,car,0.7360631227493286,735.0,52.0,768.0,93.0,1285,centroid,751.4443359375,72.16419982910156,mask PCA skeleton + low contact point,generated_videos/control_points_3_traffic.mp4
72,4,4,73,1.0,0.0,car,0.7360631227493286,735.0,52.0,768.0,93.0,1285,axis_front,736.0,92.0,mask PCA skeleton + low contact point,generated_videos/control_points_3_traffic.mp4
72,4,4,73,1.0,0.0,car,0.7360631227493286,735.0,52.0,768.0,93.0,1285,axis_back,767.0,52.0,mask PCA skeleton + low contact point,generated_videos/control_points_3_traffic.mp4
72,4,4,73,1.0,0.0,car,0.7360631227493286,735.0,52.0,768.0,93.0,1285,axis_left,767.0,92.0,mask PCA skeleton + low contact point,generated_videos/control_points_3_traffic.mp4
72,4,4,73,1.0,0.0,car,0.7360631227493286,735.0,52.0,768.0,93.0,1285,axis_right,735.0,62.0,mask PCA skeleton + low contact point,generated_videos/control_points_3_traffic.mp4
72,4,4,73,1.0,0.0,car,0.7360631227493286,735.0,52.0,768.0,93.0,1285,contact_low,749.0,90.0,mask PCA skeleton + low contact point,generated_videos/control_points_3_traffic.mp4
72,5,17,13,0.31085526315789475,10.307805727005253,person,0.7310971021652222,284.0,171.0,303.0,236.0,1070,centroid,292.1598205566406,202.72335815429688,mask PCA skeleton + low contact point,generated_videos/control_points_3_traffic.mp4
72,5,17,13,0.31085526315789475,10.307805727005253,person,0.7310971021652222,284.0,171.0,303.0,236.0,1070,axis_front,296.0,235.0,mask PCA skeleton + low contact point,generated_videos/control_points_3_traffic.mp4
72,5,17,13,0.31085526315789475,10.307805727005253,person,0.7310971021652222,284.0,171.0,303.0,236.0,1070,axis_back,284.0,171.0,mask PCA skeleton + low contact point,generated_videos/control_points_3_traffic.mp4
72,5,17,13,0.31085526315789475,10.307805727005253,person,0.7310971021652222,284.0,171.0,303.0,236.0,1070,axis_left,302.0,185.0,mask PCA skeleton + low contact point,generated_videos/control_points_3_traffic.mp4
72,5,17,13,0.31085526315789475,10.307805727005253,person,0.7310971021652222,284.0,171.0,303.0,236.0,1070,axis_right,284.0,225.0,mask PCA skeleton + low contact point,generated_videos/control_points_3_traffic.mp4
72,5,17,13,0.31085526315789475,10.307805727005253,person,0.7310971021652222,284.0,171.0,303.0,236.0,1070,contact_low,293.0,231.0,mask PCA skeleton + low contact point,generated_videos/control_points_3_traffic.mp4
73,6,0,74,1.0,0.05370777279931303,truck,0.6279853582382202,653.0,44.0,724.0,101.0,3420,centroid,686.2614135742188,70.64912414550781,mask PCA skeleton + low contact point,generated_videos/control_points_3_traffic.mp4
73,6,0,74,1.0,0.05370777279931303,truck,0.6279853582382202,653.0,44.0,724.0,101.0,3420,axis_front,653.0,54.0,mask PCA skeleton + low contact point,generated_videos/control_points_3_traffic.mp4
73,6,0,74,1.0,0.05370777279931303,truck,0.6279853582382202,653.0,44.0,724.0,101.0,3420,axis_back,723.0,85.0,mask PCA skeleton + low contact point,generated_videos/control_points_3_traffic.mp4
73,6,0,74,1.0,0.05370777279931303,truck,0.6279853582382202,653.0,44.0,724.0,101.0,3420,axis_left,696.0,100.0,mask PCA skeleton + low contact point,generated_videos/control_points_3_traffic.mp4
73,6,0,74,1.0,0.05370777279931303,truck,0.6279853582382202,653.0,44.0,724.0,101.0,3420,axis_right,706.0,44.0,mask PCA skeleton + low contact point,generated_videos/control_points_3_traffic.mp4
73,6,0,74,1.0,0.05370777279931303,truck,0.6279853582382202,653.0,44.0,724.0,101.0,3420,contact_low,689.0,93.0,mask PCA skeleton + low contact point,generated_videos/control_points_3_traffic.mp4
73,0,15,35,0.8647665251667678,2.176539232731988,person,0.8184607625007629,581.0,208.0,612.0,300.0,1952,centroid,596.37451171875,249.43032836914062,mask PCA skeleton + low contact point,generated_videos/control_points_3_traffic.mp4
73,0,15,35,0.8647665251667678,2.176539232731988,person,0.8184607625007629,581.0,208.0,612.0,300.0,1952,axis_front,594.0,299.0,mask PCA skeleton + low contact point,generated_videos/control_points_3_traffic.mp4
73,0,15,35,0.8647665251667678,2.176539232731988,person,0.8184607625007629,581.0,208.0,612.0,300.0,1952,axis_back,603.0,208.0,mask PCA skeleton + low contact point,generated_videos/control_points_3_traffic.mp4
73,0,15,35,0.8647665251667678,2.176539232731988,person,0.8184607625007629,581.0,208.0,612.0,300.0,1952,axis_left,611.0,256.0,mask PCA skeleton + low contact point,generated_videos/control_points_3_traffic.mp4
73,0,15,35,0.8647665251667678,2.176539232731988,person,0.8184607625007629,581.0,208.0,612.0,300.0,1952,axis_right,581.0,231.0,mask PCA skeleton + low contact point,generated_videos/control_points_3_traffic.mp4
73,0,15,35,0.8647665251667678,2.176539232731988,person,0.8184607625007629,581.0,208.0,612.0,300.0,1952,contact_low,598.0,292.0,mask PCA skeleton + low contact point,generated_videos/control_points_3_traffic.mp4
73,7,6,66,0.989010989010989,0.3438559627007788,boat,0.2574547827243805,69.0,498.0,160.0,528.0,1763,centroid,114.3068618774414,513.21044921875,mask PCA skeleton + low contact point,generated_videos/control_points_3_traffic.mp4
73,7,6,66,0.989010989010989,0.3438559627007788,boat,0.2574547827243805,69.0,498.0,160.0,528.0,1763,axis_front,69.0,525.0,mask PCA skeleton + low contact point,generated_videos/control_points_3_traffic.mp4
73,7,6,66,0.989010989010989,0.3438559627007788,boat,0.2574547827243805,69.0,498.0,160.0,528.0,1763,axis_back,159.0,506.0,mask PCA skeleton + low contact point,generated_videos/control_points_3_traffic.mp4
73,7,6,66,0.989010989010989,0.3438559627007788,boat,0.2574547827243805,69.0,498.0,160.0,528.0,1763,axis_left,115.0,527.0,mask PCA skeleton + low contact point,generated_videos/control_points_3_traffic.mp4
73,7,6,66,0.989010989010989,0.3438559627007788,boat,0.2574547827243805,69.0,498.0,160.0,528.0,1763,axis_right,116.0,498.0,mask PCA skeleton + low contact point,generated_videos/control_points_3_traffic.mp4
73,7,6,66,0.989010989010989,0.3438559627007788,boat,0.2574547827243805,69.0,498.0,160.0,528.0,1763,contact_low,95.0,525.0,mask PCA skeleton + low contact point,generated_videos/control_points_3_traffic.mp4
73,1,7,64,0.8920748705694942,0.7163381338578828,person,0.7976528406143188,444.0,188.0,472.0,268.0,1696,centroid,456.2488098144531,226.42335510253906,mask PCA skeleton + low contact point,generated_videos/control_points_3_traffic.mp4
73,1,7,64,0.8920748705694942,0.7163381338578828,person,0.7976528406143188,444.0,188.0,472.0,268.0,1696,axis_front,465.0,267.0,mask PCA skeleton + low contact point,generated_videos/control_points_3_traffic.mp4
73,1,7,64,0.8920748705694942,0.7163381338578828,person,0.7976528406143188,444.0,188.0,472.0,268.0,1696,axis_back,448.0,188.0,mask PCA skeleton + low contact point,generated_videos/control_points_3_traffic.mp4
73,1,7,64,0.8920748705694942,0.7163381338578828,person,0.7976528406143188,444.0,188.0,472.0,268.0,1696,axis_left,471.0,209.0,mask PCA skeleton + low contact point,generated_videos/control_points_3_traffic.mp4
73,1,7,64,0.8920748705694942,0.7163381338578828,person,0.7976528406143188,444.0,188.0,472.0,268.0,1696,axis_right,444.0,235.0,mask PCA skeleton + low contact point,generated_videos/control_points_3_traffic.mp4
73,1,7,64,0.8920748705694942,0.7163381338578828,person,0.7976528406143188,444.0,188.0,472.0,268.0,1696,contact_low,459.0,261.0,mask PCA skeleton + low contact point,generated_videos/control_points_3_traffic.mp4
73,3,10,57,0.8788732394366198,0.37044090054326906,person,0.7817860841751099,480.0,188.0,504.0,267.0,1462,centroid,491.2503356933594,224.63064575195312,mask PCA skeleton + low contact point,generated_videos/control_points_3_traffic.mp4
73,3,10,57,0.8788732394366198,0.37044090054326906,person,0.7817860841751099,480.0,188.0,504.0,267.0,1462,axis_front,485.0,266.0,mask PCA skeleton + low contact point,generated_videos/control_points_3_traffic.mp4
73,3,10,57,0.8788732394366198,0.37044090054326906,person,0.7817860841751099,480.0,188.0,504.0,267.0,1462,axis_back,496.0,188.0,mask PCA skeleton + low contact point,generated_videos/control_points_3_traffic.mp4
73,3,10,57,0.8788732394366198,0.37044090054326906,person,0.7817860841751099,480.0,188.0,504.0,267.0,1462,axis_left,503.0,232.0,mask PCA skeleton + low contact point,generated_videos/control_points_3_traffic.mp4
73,3,10,57,0.8788732394366198,0.37044090054326906,person,0.7817860841751099,480.0,188.0,504.0,267.0,1462,axis_right,480.0,202.0,mask PCA skeleton + low contact point,generated_videos/control_points_3_traffic.mp4
73,3,10,57,0.8788732394366198,0.37044090054326906,person,0.7817860841751099,480.0,188.0,504.0,267.0,1462,contact_low,490.0,259.0,mask PCA skeleton + low contact point,generated_videos/control_points_3_traffic.mp4
73,2,8,57,0.8333333333333334,0.8808553798374223,person,0.794744074344635,374.0,183.0,399.0,260.0,1405,centroid,386.1694030761719,217.907470703125,mask PCA skeleton + low contact point,generated_videos/control_points_3_traffic.mp4
73,2,8,57,0.8333333333333334,0.8808553798374223,person,0.794744074344635,374.0,183.0,399.0,260.0,1405,axis_front,382.0,259.0,mask PCA skeleton + low contact point,generated_videos/control_points_3_traffic.mp4
73,2,8,57,0.8333333333333334,0.8808553798374223,person,0.794744074344635,374.0,183.0,399.0,260.0,1405,axis_back,394.0,183.0,mask PCA skeleton + low contact point,generated_videos/control_points_3_traffic.mp4
73,2,8,57,0.8333333333333334,0.8808553798374223,person,0.794744074344635,374.0,183.0,399.0,260.0,1405,axis_left,398.0,214.0,mask PCA skeleton + low contact point,generated_videos/control_points_3_traffic.mp4
73,2,8,57,0.8333333333333334,0.8808553798374223,person,0.794744074344635,374.0,183.0,399.0,260.0,1405,axis_right,374.0,196.0,mask PCA skeleton + low contact point,generated_videos/control_points_3_traffic.mp4
73,2,8,57,0.8333333333333334,0.8808553798374223,person,0.794744074344635,374.0,183.0,399.0,260.0,1405,contact_low,387.0,254.0,mask PCA skeleton + low contact point,generated_videos/control_points_3_traffic.mp4
73,4,17,14,0.6070893659510734,4.589337188364882,person,0.7769032120704651,272.0,172.0,303.0,236.0,1290,centroid,287.80078125,204.15892028808594,mask PCA skeleton + low contact point,generated_videos/control_points_3_traffic.mp4
73,4,17,14,0.6070893659510734,4.589337188364882,person,0.7769032120704651,272.0,172.0,303.0,236.0,1290,axis_front,272.0,235.0,mask PCA skeleton + low contact point,generated_videos/control_points_3_traffic.mp4
73,4,17,14,0.6070893659510734,4.589337188364882,person,0.7769032120704651,272.0,172.0,303.0,236.0,1290,axis_back,291.0,172.0,mask PCA skeleton + low contact point,generated_videos/control_points_3_traffic.mp4
73,4,17,14,0.6070893659510734,4.589337188364882,person,0.7769032120704651,272.0,172.0,303.0,236.0,1290,axis_left,301.0,233.0,mask PCA skeleton + low contact point,generated_videos/control_points_3_traffic.mp4
73,4,17,14,0.6070893659510734,4.589337188364882,person,0.7769032120704651,272.0,172.0,303.0,236.0,1290,axis_right,272.0,230.0,mask PCA skeleton + low contact point,generated_videos/control_points_3_traffic.mp4
73,4,17,14,0.6070893659510734,4.589337188364882,person,0.7769032120704651,272.0,172.0,303.0,236.0,1290,contact_low,279.0,231.0,mask PCA skeleton + low contact point,generated_videos/control_points_3_traffic.mp4
73,5,4,74,1.0,0.0,car,0.7357747554779053,735.0,52.0,768.0,93.0,1285,centroid,751.4443359375,72.16419982910156,mask PCA skeleton + low contact point,generated_videos/control_points_3_traffic.mp4
73,5,4,74,1.0,0.0,car,0.7357747554779053,735.0,52.0,768.0,93.0,1285,axis_front,736.0,92.0,mask PCA skeleton + low contact point,generated_videos/control_points_3_traffic.mp4
73,5,4,74,1.0,0.0,car,0.7357747554779053,735.0,52.0,768.0,93.0,1285,axis_back,767.0,52.0,mask PCA skeleton + low contact point,generated_videos/control_points_3_traffic.mp4
73,5,4,74,1.0,0.0,car,0.7357747554779053,735.0,52.0,768.0,93.0,1285,axis_left,767.0,92.0,mask PCA skeleton + low contact point,generated_videos/control_points_3_traffic.mp4
73,5,4,74,1.0,0.0,car,0.7357747554779053,735.0,52.0,768.0,93.0,1285,axis_right,735.0,62.0,mask PCA skeleton + low contact point,generated_videos/control_points_3_traffic.mp4
73,5,4,74,1.0,0.0,car,0.7357747554779053,735.0,52.0,768.0,93.0,1285,contact_low,749.0,90.0,mask PCA skeleton + low contact point,generated_videos/control_points_3_traffic.mp4
74,6,0,75,0.9824561403508771,0.388466175369357,truck,0.6282225251197815,653.0,45.0,724.0,101.0,3378,centroid,686.28271484375,71.03700256347656,mask PCA skeleton + low contact point,generated_videos/control_points_3_traffic.mp4
74,6,0,75,0.9824561403508771,0.388466175369357,truck,0.6282225251197815,653.0,45.0,724.0,101.0,3378,axis_front,653.0,54.0,mask PCA skeleton + low contact point,generated_videos/control_points_3_traffic.mp4
74,6,0,75,0.9824561403508771,0.388466175369357,truck,0.6282225251197815,653.0,45.0,724.0,101.0,3378,axis_back,723.0,85.0,mask PCA skeleton + low contact point,generated_videos/control_points_3_traffic.mp4
74,6,0,75,0.9824561403508771,0.388466175369357,truck,0.6282225251197815,653.0,45.0,724.0,101.0,3378,axis_left,698.0,100.0,mask PCA skeleton + low contact point,generated_videos/control_points_3_traffic.mp4
74,6,0,75,0.9824561403508771,0.388466175369357,truck,0.6282225251197815,653.0,45.0,724.0,101.0,3378,axis_right,709.0,45.0,mask PCA skeleton + low contact point,generated_videos/control_points_3_traffic.mp4
74,6,0,75,0.9824561403508771,0.388466175369357,truck,0.6282225251197815,653.0,45.0,724.0,101.0,3378,contact_low,688.0,93.0,mask PCA skeleton + low contact point,generated_videos/control_points_3_traffic.mp4
74,0,15,36,0.9102902374670184,3.7200373775505424,person,0.8460550308227539,581.0,202.0,611.0,300.0,1940,centroid,594.7664794921875,246.07577514648438,mask PCA skeleton + low contact point,generated_videos/control_points_3_traffic.mp4
74,0,15,36,0.9102902374670184,3.7200373775505424,person,0.8460550308227539,581.0,202.0,611.0,300.0,1940,axis_front,593.0,299.0,mask PCA skeleton + low contact point,generated_videos/control_points_3_traffic.mp4
74,0,15,36,0.9102902374670184,3.7200373775505424,person,0.8460550308227539,581.0,202.0,611.0,300.0,1940,axis_back,601.0,202.0,mask PCA skeleton + low contact point,generated_videos/control_points_3_traffic.mp4
74,0,15,36,0.9102902374670184,3.7200373775505424,person,0.8460550308227539,581.0,202.0,611.0,300.0,1940,axis_left,610.0,239.0,mask PCA skeleton + low contact point,generated_videos/control_points_3_traffic.mp4
74,0,15,36,0.9102902374670184,3.7200373775505424,person,0.8460550308227539,581.0,202.0,611.0,300.0,1940,axis_right,581.0,226.0,mask PCA skeleton + low contact point,generated_videos/control_points_3_traffic.mp4
74,0,15,36,0.9102902374670184,3.7200373775505424,person,0.8460550308227539,581.0,202.0,611.0,300.0,1940,contact_low,594.0,289.0,mask PCA skeleton + low contact point,generated_videos/control_points_3_traffic.mp4
74,1,7,65,0.8767693588676103,2.3874944702190692,person,0.807192862033844,443.0,185.0,471.0,266.0,1784,centroid,454.87164306640625,224.4730987548828,mask PCA skeleton + low contact point,generated_videos/control_points_3_traffic.mp4
74,1,7,65,0.8767693588676103,2.3874944702190692,person,0.807192862033844,443.0,185.0,471.0,266.0,1784,axis_front,464.0,265.0,mask PCA skeleton + low contact point,generated_videos/control_points_3_traffic.mp4
74,1,7,65,0.8767693588676103,2.3874944702190692,person,0.807192862033844,443.0,185.0,471.0,266.0,1784,axis_back,444.0,185.0,mask PCA skeleton + low contact point,generated_videos/control_points_3_traffic.mp4
74,1,7,65,0.8767693588676103,2.3874944702190692,person,0.807192862033844,443.0,185.0,471.0,266.0,1784,axis_left,470.0,209.0,mask PCA skeleton + low contact point,generated_videos/control_points_3_traffic.mp4
74,1,7,65,0.8767693588676103,2.3874944702190692,person,0.807192862033844,443.0,185.0,471.0,266.0,1784,axis_right,443.0,231.0,mask PCA skeleton + low contact point,generated_videos/control_points_3_traffic.mp4
74,1,7,65,0.8767693588676103,2.3874944702190692,person,0.807192862033844,443.0,185.0,471.0,266.0,1784,contact_low,456.0,260.0,mask PCA skeleton + low contact point,generated_videos/control_points_3_traffic.mp4
74,7,6,67,1.0,0.031407302671629,boat,0.27219411730766296,69.0,498.0,160.0,528.0,1762,centroid,114.28263092041016,513.2304077148438,mask PCA skeleton + low contact point,generated_videos/control_points_3_traffic.mp4
74,7,6,67,1.0,0.031407302671629,boat,0.27219411730766296,69.0,498.0,160.0,528.0,1762,axis_front,69.0,525.0,mask PCA skeleton + low contact point,generated_videos/control_points_3_traffic.mp4
74,7,6,67,1.0,0.031407302671629,boat,0.27219411730766296,69.0,498.0,160.0,528.0,1762,axis_back,159.0,506.0,mask PCA skeleton + low contact point,generated_videos/control_points_3_traffic.mp4
74,7,6,67,1.0,0.031407302671629,boat,0.27219411730766296,69.0,498.0,160.0,528.0,1762,axis_left,115.0,527.0,mask PCA skeleton + low contact point,generated_videos/control_points_3_traffic.mp4
74,7,6,67,1.0,0.031407302671629,boat,0.27219411730766296,69.0,498.0,160.0,528.0,1762,axis_right,116.0,498.0,mask PCA skeleton + low contact point,generated_videos/control_points_3_traffic.mp4
74,7,6,67,1.0,0.031407302671629,boat,0.27219411730766296,69.0,498.0,160.0,528.0,1762,contact_low,95.0,525.0,mask PCA skeleton + low contact point,generated_videos/control_points_3_traffic.mp4
74,2,10,58,0.9382716049382716,1.8722456881183445,person,0.7726061344146729,480.0,186.0,504.0,264.0,1461,centroid,491.5612487792969,222.78439331054688,mask PCA skeleton + low contact point,generated_videos/control_points_3_traffic.mp4
74,2,10,58,0.9382716049382716,1.8722456881183445,person,0.7726061344146729,480.0,186.0,504.0,264.0,1461,axis_front,486.0,263.0,mask PCA skeleton + low contact point,generated_videos/control_points_3_traffic.mp4
74,2,10,58,0.9382716049382716,1.8722456881183445,person,0.7726061344146729,480.0,186.0,504.0,264.0,1461,axis_back,497.0,186.0,mask PCA skeleton + low contact point,generated_videos/control_points_3_traffic.mp4
74,2,10,58,0.9382716049382716,1.8722456881183445,person,0.7726061344146729,480.0,186.0,504.0,264.0,1461,axis_left,503.0,231.0,mask PCA skeleton + low contact point,generated_videos/control_points_3_traffic.mp4
74,2,10,58,0.9382716049382716,1.8722456881183445,person,0.7726061344146729,480.0,186.0,504.0,264.0,1461,axis_right,480.0,201.0,mask PCA skeleton + low contact point,generated_videos/control_points_3_traffic.mp4
74,2,10,58,0.9382716049382716,1.8722456881183445,person,0.7726061344146729,480.0,186.0,504.0,264.0,1461,contact_low,490.0,256.0,mask PCA skeleton + low contact point,generated_videos/control_points_3_traffic.mp4
74,5,8,58,0.9871794871794872,0.6285080198226207,person,0.7216329574584961,374.0,182.0,399.0,260.0,1373,centroid,386.2432556152344,217.2833251953125,mask PCA skeleton + low contact point,generated_videos/control_points_3_traffic.mp4
74,5,8,58,0.9871794871794872,0.6285080198226207,person,0.7216329574584961,374.0,182.0,399.0,260.0,1373,axis_front,382.0,259.0,mask PCA skeleton + low contact point,generated_videos/control_points_3_traffic.mp4
74,5,8,58,0.9871794871794872,0.6285080198226207,person,0.7216329574584961,374.0,182.0,399.0,260.0,1373,axis_back,394.0,182.0,mask PCA skeleton + low contact point,generated_videos/control_points_3_traffic.mp4
74,5,8,58,0.9871794871794872,0.6285080198226207,person,0.7216329574584961,374.0,182.0,399.0,260.0,1373,axis_left,398.0,207.0,mask PCA skeleton + low contact point,generated_videos/control_points_3_traffic.mp4
74,5,8,58,0.9871794871794872,0.6285080198226207,person,0.7216329574584961,374.0,182.0,399.0,260.0,1373,axis_right,374.0,196.0,mask PCA skeleton + low contact point,generated_videos/control_points_3_traffic.mp4
74,5,8,58,0.9871794871794872,0.6285080198226207,person,0.7216329574584961,374.0,182.0,399.0,260.0,1373,contact_low,388.0,254.0,mask PCA skeleton + low contact point,generated_videos/control_points_3_traffic.mp4
74,3,17,15,0.7963133640552995,4.234944186879637,person,0.746457576751709,270.0,172.0,299.0,238.0,1313,centroid,283.5658874511719,204.13861083984375,mask PCA skeleton + low contact point,generated_videos/control_points_3_traffic.mp4
74,3,17,15,0.7963133640552995,4.234944186879637,person,0.746457576751709,270.0,172.0,299.0,238.0,1313,axis_front,272.0,237.0,mask PCA skeleton + low contact point,generated_videos/control_points_3_traffic.mp4
74,3,17,15,0.7963133640552995,4.234944186879637,person,0.746457576751709,270.0,172.0,299.0,238.0,1313,axis_back,276.0,172.0,mask PCA skeleton + low contact point,generated_videos/control_points_3_traffic.mp4
74,3,17,15,0.7963133640552995,4.234944186879637,person,0.746457576751709,270.0,172.0,299.0,238.0,1313,axis_left,298.0,228.0,mask PCA skeleton + low contact point,generated_videos/control_points_3_traffic.mp4
74,3,17,15,0.7963133640552995,4.234944186879637,person,0.746457576751709,270.0,172.0,299.0,238.0,1313,axis_right,270.0,236.0,mask PCA skeleton + low contact point,generated_videos/control_points_3_traffic.mp4
74,3,17,15,0.7963133640552995,4.234944186879637,person,0.746457576751709,270.0,172.0,299.0,238.0,1313,contact_low,277.0,232.0,mask PCA skeleton + low contact point,generated_videos/control_points_3_traffic.mp4
74,4,4,75,1.0,0.0,car,0.7332796454429626,735.0,52.0,768.0,93.0,1285,centroid,751.4443359375,72.16419982910156,mask PCA skeleton + low contact point,generated_videos/control_points_3_traffic.mp4
74,4,4,75,1.0,0.0,car,0.7332796454429626,735.0,52.0,768.0,93.0,1285,axis_front,736.0,92.0,mask PCA skeleton + low contact point,generated_videos/control_points_3_traffic.mp4
74,4,4,75,1.0,0.0,car,0.7332796454429626,735.0,52.0,768.0,93.0,1285,axis_back,767.0,52.0,mask PCA skeleton + low contact point,generated_videos/control_points_3_traffic.mp4
74,4,4,75,1.0,0.0,car,0.7332796454429626,735.0,52.0,768.0,93.0,1285,axis_left,767.0,92.0,mask PCA skeleton + low contact point,generated_videos/control_points_3_traffic.mp4
74,4,4,75,1.0,0.0,car,0.7332796454429626,735.0,52.0,768.0,93.0,1285,axis_right,735.0,62.0,mask PCA skeleton + low contact point,generated_videos/control_points_3_traffic.mp4
74,4,4,75,1.0,0.0,car,0.7332796454429626,735.0,52.0,768.0,93.0,1285,contact_low,749.0,90.0,mask PCA skeleton + low contact point,generated_videos/control_points_3_traffic.mp4
75,6,0,76,1.0,0.044015698323275884,truck,0.6223224401473999,653.0,45.0,724.0,101.0,3383,centroid,686.2683715820312,71.07862854003906,mask PCA skeleton + low contact point,generated_videos/control_points_3_traffic.mp4
75,6,0,76,1.0,0.044015698323275884,truck,0.6223224401473999,653.0,45.0,724.0,101.0,3383,axis_front,653.0,54.0,mask PCA skeleton + low contact point,generated_videos/control_points_3_traffic.mp4
75,6,0,76,1.0,0.044015698323275884,truck,0.6223224401473999,653.0,45.0,724.0,101.0,3383,axis_back,723.0,85.0,mask PCA skeleton + low contact point,generated_videos/control_points_3_traffic.mp4
75,6,0,76,1.0,0.044015698323275884,truck,0.6223224401473999,653.0,45.0,724.0,101.0,3383,axis_left,698.0,100.0,mask PCA skeleton + low contact point,generated_videos/control_points_3_traffic.mp4
75,6,0,76,1.0,0.044015698323275884,truck,0.6223224401473999,653.0,45.0,724.0,101.0,3383,axis_right,709.0,45.0,mask PCA skeleton + low contact point,generated_videos/control_points_3_traffic.mp4
75,6,0,76,1.0,0.044015698323275884,truck,0.6223224401473999,653.0,45.0,724.0,101.0,3383,contact_low,688.0,93.0,mask PCA skeleton + low contact point,generated_videos/control_points_3_traffic.mp4
75,0,15,37,0.7712574850299401,3.5315831428480906,person,0.8472752571105957,578.0,198.0,609.0,294.0,2143,centroid,591.6486206054688,244.41717529296875,mask PCA skeleton + low contact point,generated_videos/control_points_3_traffic.mp4
75,0,15,37,0.7712574850299401,3.5315831428480906,person,0.8472752571105957,578.0,198.0,609.0,294.0,2143,axis_front,591.0,293.0,mask PCA skeleton + low contact point,generated_videos/control_points_3_traffic.mp4
75,0,15,37,0.7712574850299401,3.5315831428480906,person,0.8472752571105957,578.0,198.0,609.0,294.0,2143,axis_back,598.0,198.0,mask PCA skeleton + low contact point,generated_videos/control_points_3_traffic.mp4
75,0,15,37,0.7712574850299401,3.5315831428480906,person,0.8472752571105957,578.0,198.0,609.0,294.0,2143,axis_left,608.0,237.0,mask PCA skeleton + low contact point,generated_videos/control_points_3_traffic.mp4
75,0,15,37,0.7712574850299401,3.5315831428480906,person,0.8472752571105957,578.0,198.0,609.0,294.0,2143,axis_right,578.0,226.0,mask PCA skeleton + low contact point,generated_videos/control_points_3_traffic.mp4
75,0,15,37,0.7712574850299401,3.5315831428480906,person,0.8472752571105957,578.0,198.0,609.0,294.0,2143,contact_low,591.0,286.0,mask PCA skeleton + low contact point,generated_videos/control_points_3_traffic.mp4
75,1,7,66,0.7736450584484591,4.648588156629863,person,0.793006420135498,438.0,180.0,471.0,263.0,1831,centroid,453.3446350097656,220.0824737548828,mask PCA skeleton + low contact point,generated_videos/control_points_3_traffic.mp4
75,1,7,66,0.7736450584484591,4.648588156629863,person,0.793006420135498,438.0,180.0,471.0,263.0,1831,axis_front,459.0,262.0,mask PCA skeleton + low contact point,generated_videos/control_points_3_traffic.mp4
75,1,7,66,0.7736450584484591,4.648588156629863,person,0.793006420135498,438.0,180.0,471.0,263.0,1831,axis_back,443.0,180.0,mask PCA skeleton + low contact point,generated_videos/control_points_3_traffic.mp4
75,1,7,66,0.7736450584484591,4.648588156629863,person,0.793006420135498,438.0,180.0,471.0,263.0,1831,axis_left,470.0,209.0,mask PCA skeleton + low contact point,generated_videos/control_points_3_traffic.mp4
75,1,7,66,0.7736450584484591,4.648588156629863,person,0.793006420135498,438.0,180.0,471.0,263.0,1831,axis_right,438.0,205.0,mask PCA skeleton + low contact point,generated_videos/control_points_3_traffic.mp4
75,1,7,66,0.7736450584484591,4.648588156629863,person,0.793006420135498,438.0,180.0,471.0,263.0,1831,contact_low,453.0,256.0,mask PCA skeleton + low contact point,generated_videos/control_points_3_traffic.mp4
75,7,6,68,1.0,0.1462192749663105,boat,0.270352303981781,69.0,498.0,160.0,528.0,1772,centroid,114.1523666381836,513.2968139648438,mask PCA skeleton + low contact point,generated_videos/control_points_3_traffic.mp4
75,7,6,68,1.0,0.1462192749663105,boat,0.270352303981781,69.0,498.0,160.0,528.0,1772,axis_front,69.0,526.0,mask PCA skeleton + low contact point,generated_videos/control_points_3_traffic.mp4
75,7,6,68,1.0,0.1462192749663105,boat,0.270352303981781,69.0,498.0,160.0,528.0,1772,axis_back,159.0,506.0,mask PCA skeleton + low contact point,generated_videos/control_points_3_traffic.mp4
75,7,6,68,1.0,0.1462192749663105,boat,0.270352303981781,69.0,498.0,160.0,528.0,1772,axis_left,116.0,527.0,mask PCA skeleton + low contact point,generated_videos/control_points_3_traffic.mp4
75,7,6,68,1.0,0.1462192749663105,boat,0.270352303981781,69.0,498.0,160.0,528.0,1772,axis_right,116.0,498.0,mask PCA skeleton + low contact point,generated_videos/control_points_3_traffic.mp4
75,7,6,68,1.0,0.1462192749663105,boat,0.270352303981781,69.0,498.0,160.0,528.0,1772,contact_low,94.0,526.0,mask PCA skeleton + low contact point,generated_videos/control_points_3_traffic.mp4
75,2,10,59,0.7625590382138256,3.2094931255547974,person,0.7891275882720947,479.0,183.0,508.0,260.0,1528,centroid,491.7814025878906,219.58245849609375,mask PCA skeleton + low contact point,generated_videos/control_points_3_traffic.mp4
75,2,10,59,0.7625590382138256,3.2094931255547974,person,0.7891275882720947,479.0,183.0,508.0,260.0,1528,axis_front,496.0,259.0,mask PCA skeleton + low contact point,generated_videos/control_points_3_traffic.mp4
75,2,10,59,0.7625590382138256,3.2094931255547974,person,0.7891275882720947,479.0,183.0,508.0,260.0,1528,axis_back,485.0,183.0,mask PCA skeleton + low contact point,generated_videos/control_points_3_traffic.mp4
75,2,10,59,0.7625590382138256,3.2094931255547974,person,0.7891275882720947,479.0,183.0,508.0,260.0,1528,axis_left,507.0,225.0,mask PCA skeleton + low contact point,generated_videos/control_points_3_traffic.mp4
75,2,10,59,0.7625590382138256,3.2094931255547974,person,0.7891275882720947,479.0,183.0,508.0,260.0,1528,axis_right,479.0,227.0,mask PCA skeleton + low contact point,generated_videos/control_points_3_traffic.mp4
75,2,10,59,0.7625590382138256,3.2094931255547974,person,0.7891275882720947,479.0,183.0,508.0,260.0,1528,contact_low,493.0,252.0,mask PCA skeleton + low contact point,generated_videos/control_points_3_traffic.mp4
75,3,8,59,0.8705357142857143,1.0226094672188608,person,0.7346042990684509,371.0,180.0,399.0,260.0,1461,centroid,385.6687316894531,216.4373779296875,mask PCA skeleton + low contact point,generated_videos/control_points_3_traffic.mp4
75,3,8,59,0.8705357142857143,1.0226094672188608,person,0.7346042990684509,371.0,180.0,399.0,260.0,1461,axis_front,382.0,259.0,mask PCA skeleton + low contact point,generated_videos/control_points_3_traffic.mp4
75,3,8,59,0.8705357142857143,1.0226094672188608,person,0.7346042990684509,371.0,180.0,399.0,260.0,1461,axis_back,394.0,180.0,mask PCA skeleton + low contact point,generated_videos/control_points_3_traffic.mp4
75,3,8,59,0.8705357142857143,1.0226094672188608,person,0.7346042990684509,371.0,180.0,399.0,260.0,1461,axis_left,398.0,206.0,mask PCA skeleton + low contact point,generated_videos/control_points_3_traffic.mp4
75,3,8,59,0.8705357142857143,1.0226094672188608,person,0.7346042990684509,371.0,180.0,399.0,260.0,1461,axis_right,371.0,200.0,mask PCA skeleton + low contact point,generated_videos/control_points_3_traffic.mp4
75,3,8,59,0.8705357142857143,1.0226094672188608,person,0.7346042990684509,371.0,180.0,399.0,260.0,1461,contact_low,387.0,254.0,mask PCA skeleton + low contact point,generated_videos/control_points_3_traffic.mp4
75,4,4,76,1.0,0.1159492549348483,car,0.7285336852073669,735.0,52.0,768.0,93.0,1295,centroid,751.4324340820312,72.27953338623047,mask PCA skeleton + low contact point,generated_videos/control_points_3_traffic.mp4
75,4,4,76,1.0,0.1159492549348483,car,0.7285336852073669,735.0,52.0,768.0,93.0,1295,axis_front,736.0,92.0,mask PCA skeleton + low contact point,generated_videos/control_points_3_traffic.mp4
75,4,4,76,1.0,0.1159492549348483,car,0.7285336852073669,735.0,52.0,768.0,93.0,1295,axis_back,767.0,52.0,mask PCA skeleton + low contact point,generated_videos/control_points_3_traffic.mp4
75,4,4,76,1.0,0.1159492549348483,car,0.7285336852073669,735.0,52.0,768.0,93.0,1295,axis_left,767.0,92.0,mask PCA skeleton + low contact point,generated_videos/control_points_3_traffic.mp4
75,4,4,76,1.0,0.1159492549348483,car,0.7285336852073669,735.0,52.0,768.0,93.0,1295,axis_right,735.0,62.0,mask PCA skeleton + low contact point,generated_videos/control_points_3_traffic.mp4
75,4,4,76,1.0,0.1159492549348483,car,0.7285336852073669,735.0,52.0,768.0,93.0,1295,contact_low,750.0,90.0,mask PCA skeleton + low contact point,generated_videos/control_points_3_traffic.mp4
75,5,17,16,0.621043627031651,6.693235091008577,person,0.7227533459663391,264.0,172.0,292.0,239.0,1270,centroid,276.9795227050781,202.94725036621094,mask PCA skeleton + low contact point,generated_videos/control_points_3_traffic.mp4
75,5,17,16,0.621043627031651,6.693235091008577,person,0.7227533459663391,264.0,172.0,292.0,239.0,1270,axis_front,284.0,238.0,mask PCA skeleton + low contact point,generated_videos/control_points_3_traffic.mp4
75,5,17,16,0.621043627031651,6.693235091008577,person,0.7227533459663391,264.0,172.0,292.0,239.0,1270,axis_back,269.0,172.0,mask PCA skeleton + low contact point,generated_videos/control_points_3_traffic.mp4
75,5,17,16,0.621043627031651,6.693235091008577,person,0.7227533459663391,264.0,172.0,292.0,239.0,1270,axis_left,291.0,189.0,mask PCA skeleton + low contact point,generated_videos/control_points_3_traffic.mp4
75,5,17,16,0.621043627031651,6.693235091008577,person,0.7227533459663391,264.0,172.0,292.0,239.0,1270,axis_right,264.0,199.0,mask PCA skeleton + low contact point,generated_videos/control_points_3_traffic.mp4
75,5,17,16,0.621043627031651,6.693235091008577,person,0.7227533459663391,264.0,172.0,292.0,239.0,1270,contact_low,278.0,234.0,mask PCA skeleton + low contact point,generated_videos/control_points_3_traffic.mp4
76,6,0,77,1.0,0.038762327422542694,truck,0.6277285814285278,653.0,45.0,724.0,101.0,3385,centroid,686.2597045898438,71.11639404296875,mask PCA skeleton + low contact point,generated_videos/control_points_3_traffic.mp4
76,6,0,77,1.0,0.038762327422542694,truck,0.6277285814285278,653.0,45.0,724.0,101.0,3385,axis_front,653.0,54.0,mask PCA skeleton + low contact point,generated_videos/control_points_3_traffic.mp4
76,6,0,77,1.0,0.038762327422542694,truck,0.6277285814285278,653.0,45.0,724.0,101.0,3385,axis_back,723.0,85.0,mask PCA skeleton + low contact point,generated_videos/control_points_3_traffic.mp4
76,6,0,77,1.0,0.038762327422542694,truck,0.6277285814285278,653.0,45.0,724.0,101.0,3385,axis_left,698.0,100.0,mask PCA skeleton + low contact point,generated_videos/control_points_3_traffic.mp4
76,6,0,77,1.0,0.038762327422542694,truck,0.6277285814285278,653.0,45.0,724.0,101.0,3385,axis_right,709.0,45.0,mask PCA skeleton + low contact point,generated_videos/control_points_3_traffic.mp4
76,6,0,77,1.0,0.038762327422542694,truck,0.6277285814285278,653.0,45.0,724.0,101.0,3385,contact_low,687.0,93.0,mask PCA skeleton + low contact point,generated_videos/control_points_3_traffic.mp4
76,0,15,38,0.9576612903225806,1.8832299077643477,person,0.8326051235198975,578.0,198.0,608.0,293.0,1960,centroid,590.7168579101562,242.78060913085938,mask PCA skeleton + low contact point,generated_videos/control_points_3_traffic.mp4
76,0,15,38,0.9576612903225806,1.8832299077643477,person,0.8326051235198975,578.0,198.0,608.0,293.0,1960,axis_front,591.0,292.0,mask PCA skeleton + low contact point,generated_videos/control_points_3_traffic.mp4
76,0,15,38,0.9576612903225806,1.8832299077643477,person,0.8326051235198975,578.0,198.0,608.0,293.0,1960,axis_back,595.0,198.0,mask PCA skeleton + low contact point,generated_videos/control_points_3_traffic.mp4
76,0,15,38,0.9576612903225806,1.8832299077643477,person,0.8326051235198975,578.0,198.0,608.0,293.0,1960,axis_left,607.0,233.0,mask PCA skeleton + low contact point,generated_videos/control_points_3_traffic.mp4
76,0,15,38,0.9576612903225806,1.8832299077643477,person,0.8326051235198975,578.0,198.0,608.0,293.0,1960,axis_right,578.0,219.0,mask PCA skeleton + low contact point,generated_videos/control_points_3_traffic.mp4
76,0,15,38,0.9576612903225806,1.8832299077643477,person,0.8326051235198975,578.0,198.0,608.0,293.0,1960,contact_low,593.0,282.0,mask PCA skeleton + low contact point,generated_videos/control_points_3_traffic.mp4
76,3,7,67,0.9592343140730237,0.8829175070977022,person,0.744046151638031,437.0,180.0,471.0,262.0,1812,centroid,453.2869873046875,219.20143127441406,mask PCA skeleton + low contact point,generated_videos/control_points_3_traffic.mp4
76,3,7,67,0.9592343140730237,0.8829175070977022,person,0.744046151638031,437.0,180.0,471.0,262.0,1812,axis_front,453.0,261.0,mask PCA skeleton + low contact point,generated_videos/control_points_3_traffic.mp4
76,3,7,67,0.9592343140730237,0.8829175070977022,person,0.744046151638031,437.0,180.0,471.0,262.0,1812,axis_back,443.0,180.0,mask PCA skeleton + low contact point,generated_videos/control_points_3_traffic.mp4
76,3,7,67,0.9592343140730237,0.8829175070977022,person,0.744046151638031,437.0,180.0,471.0,262.0,1812,axis_left,470.0,209.0,mask PCA skeleton + low contact point,generated_videos/control_points_3_traffic.mp4
76,3,7,67,0.9592343140730237,0.8829175070977022,person,0.744046151638031,437.0,180.0,471.0,262.0,1812,axis_right,437.0,205.0,mask PCA skeleton + low contact point,generated_videos/control_points_3_traffic.mp4
76,3,7,67,0.9592343140730237,0.8829175070977022,person,0.744046151638031,437.0,180.0,471.0,262.0,1812,contact_low,452.0,254.0,mask PCA skeleton + low contact point,generated_videos/control_points_3_traffic.mp4
76,7,6,69,1.0,0.06841721692337456,boat,0.28267666697502136,69.0,498.0,160.0,528.0,1772,centroid,114.21275329589844,513.2646484375,mask PCA skeleton + low contact point,generated_videos/control_points_3_traffic.mp4
76,7,6,69,1.0,0.06841721692337456,boat,0.28267666697502136,69.0,498.0,160.0,528.0,1772,axis_front,69.0,526.0,mask PCA skeleton + low contact point,generated_videos/control_points_3_traffic.mp4
76,7,6,69,1.0,0.06841721692337456,boat,0.28267666697502136,69.0,498.0,160.0,528.0,1772,axis_back,159.0,506.0,mask PCA skeleton + low contact point,generated_videos/control_points_3_traffic.mp4
76,7,6,69,1.0,0.06841721692337456,boat,0.28267666697502136,69.0,498.0,160.0,528.0,1772,axis_left,116.0,527.0,mask PCA skeleton + low contact point,generated_videos/control_points_3_traffic.mp4
76,7,6,69,1.0,0.06841721692337456,boat,0.28267666697502136,69.0,498.0,160.0,528.0,1772,axis_right,116.0,498.0,mask PCA skeleton + low contact point,generated_videos/control_points_3_traffic.mp4
76,7,6,69,1.0,0.06841721692337456,boat,0.28267666697502136,69.0,498.0,160.0,528.0,1772,contact_low,94.0,526.0,mask PCA skeleton + low contact point,generated_videos/control_points_3_traffic.mp4
76,1,10,60,0.9871794871794872,0.8999271692568076,person,0.7918969392776489,479.0,182.0,508.0,260.0,1541,centroid,491.33551025390625,218.80078125,mask PCA skeleton + low contact point,generated_videos/control_points_3_traffic.mp4
76,1,10,60,0.9871794871794872,0.8999271692568076,person,0.7918969392776489,479.0,182.0,508.0,260.0,1541,axis_front,497.0,259.0,mask PCA skeleton + low contact point,generated_videos/control_points_3_traffic.mp4
76,1,10,60,0.9871794871794872,0.8999271692568076,person,0.7918969392776489,479.0,182.0,508.0,260.0,1541,axis_back,484.0,182.0,mask PCA skeleton + low contact point,generated_videos/control_points_3_traffic.mp4
76,1,10,60,0.9871794871794872,0.8999271692568076,person,0.7918969392776489,479.0,182.0,508.0,260.0,1541,axis_left,507.0,226.0,mask PCA skeleton + low contact point,generated_videos/control_points_3_traffic.mp4
76,1,10,60,0.9871794871794872,0.8999271692568076,person,0.7918969392776489,479.0,182.0,508.0,260.0,1541,axis_right,479.0,229.0,mask PCA skeleton + low contact point,generated_videos/control_points_3_traffic.mp4
76,1,10,60,0.9871794871794872,0.8999271692568076,person,0.7918969392776489,479.0,182.0,508.0,260.0,1541,contact_low,494.0,251.0,mask PCA skeleton + low contact point,generated_videos/control_points_3_traffic.mp4
76,5,8,60,0.9655172413793104,0.3593856660570766,person,0.7174658179283142,370.0,180.0,399.0,260.0,1446,centroid,385.36444091796875,216.62863159179688,mask PCA skeleton + low contact point,generated_videos/control_points_3_traffic.mp4
76,5,8,60,0.9655172413793104,0.3593856660570766,person,0.7174658179283142,370.0,180.0,399.0,260.0,1446,axis_front,382.0,259.0,mask PCA skeleton + low contact point,generated_videos/control_points_3_traffic.mp4
76,5,8,60,0.9655172413793104,0.3593856660570766,person,0.7174658179283142,370.0,180.0,399.0,260.0,1446,axis_back,394.0,180.0,mask PCA skeleton + low contact point,generated_videos/control_points_3_traffic.mp4
76,5,8,60,0.9655172413793104,0.3593856660570766,person,0.7174658179283142,370.0,180.0,399.0,260.0,1446,axis_left,398.0,206.0,mask PCA skeleton + low contact point,generated_videos/control_points_3_traffic.mp4
76,5,8,60,0.9655172413793104,0.3593856660570766,person,0.7174658179283142,370.0,180.0,399.0,260.0,1446,axis_right,370.0,200.0,mask PCA skeleton + low contact point,generated_videos/control_points_3_traffic.mp4
76,5,8,60,0.9655172413793104,0.3593856660570766,person,0.7174658179283142,370.0,180.0,399.0,260.0,1446,contact_low,387.0,254.0,mask PCA skeleton + low contact point,generated_videos/control_points_3_traffic.mp4
76,4,4,77,1.0,0.05652767262804892,car,0.7235484719276428,735.0,52.0,768.0,93.0,1291,centroid,751.435302734375,72.22308349609375,mask PCA skeleton + low contact point,generated_videos/control_points_3_traffic.mp4
76,4,4,77,1.0,0.05652767262804892,car,0.7235484719276428,735.0,52.0,768.0,93.0,1291,axis_front,736.0,92.0,mask PCA skeleton + low contact point,generated_videos/control_points_3_traffic.mp4
76,4,4,77,1.0,0.05652767262804892,car,0.7235484719276428,735.0,52.0,768.0,93.0,1291,axis_back,767.0,52.0,mask PCA skeleton + low contact point,generated_videos/control_points_3_traffic.mp4
76,4,4,77,1.0,0.05652767262804892,car,0.7235484719276428,735.0,52.0,768.0,93.0,1291,axis_left,767.0,92.0,mask PCA skeleton + low contact point,generated_videos/control_points_3_traffic.mp4
76,4,4,77,1.0,0.05652767262804892,car,0.7235484719276428,735.0,52.0,768.0,93.0,1291,axis_right,735.0,62.0,mask PCA skeleton + low contact point,generated_videos/control_points_3_traffic.mp4
76,4,4,77,1.0,0.05652767262804892,car,0.7235484719276428,735.0,52.0,768.0,93.0,1291,contact_low,749.0,90.0,mask PCA skeleton + low contact point,generated_videos/control_points_3_traffic.mp4
76,2,17,17,0.760643330179754,2.3764093327364506,person,0.7636289000511169,262.0,171.0,288.0,242.0,1208,centroid,274.61590576171875,202.70115661621094,mask PCA skeleton + low contact point,generated_videos/control_points_3_traffic.mp4
76,2,17,17,0.760643330179754,2.3764093327364506,person,0.7636289000511169,262.0,171.0,288.0,242.0,1208,axis_front,277.0,241.0,mask PCA skeleton + low contact point,generated_videos/control_points_3_traffic.mp4
76,2,17,17,0.760643330179754,2.3764093327364506,person,0.7636289000511169,262.0,171.0,288.0,242.0,1208,axis_back,268.0,171.0,mask PCA skeleton + low contact point,generated_videos/control_points_3_traffic.mp4
76,2,17,17,0.760643330179754,2.3764093327364506,person,0.7636289000511169,262.0,171.0,288.0,242.0,1208,axis_left,287.0,189.0,mask PCA skeleton + low contact point,generated_videos/control_points_3_traffic.mp4
76,2,17,17,0.760643330179754,2.3764093327364506,person,0.7636289000511169,262.0,171.0,288.0,242.0,1208,axis_right,262.0,200.0,mask PCA skeleton + low contact point,generated_videos/control_points_3_traffic.mp4
76,2,17,17,0.760643330179754,2.3764093327364506,person,0.7636289000511169,262.0,171.0,288.0,242.0,1208,contact_low,275.0,234.0,mask PCA skeleton + low contact point,generated_videos/control_points_3_traffic.mp4
77,6,0,78,1.0,0.024039322214637927,truck,0.6378419995307922,653.0,45.0,724.0,101.0,3381,centroid,686.2564086914062,71.09257507324219,mask PCA skeleton + low contact point,generated_videos/control_points_3_traffic.mp4
77,6,0,78,1.0,0.024039322214637927,truck,0.6378419995307922,653.0,45.0,724.0,101.0,3381,axis_front,653.0,54.0,mask PCA skeleton + low contact point,generated_videos/control_points_3_traffic.mp4
77,6,0,78,1.0,0.024039322214637927,truck,0.6378419995307922,653.0,45.0,724.0,101.0,3381,axis_back,723.0,85.0,mask PCA skeleton + low contact point,generated_videos/control_points_3_traffic.mp4
77,6,0,78,1.0,0.024039322214637927,truck,0.6378419995307922,653.0,45.0,724.0,101.0,3381,axis_left,696.0,100.0,mask PCA skeleton + low contact point,generated_videos/control_points_3_traffic.mp4
77,6,0,78,1.0,0.024039322214637927,truck,0.6378419995307922,653.0,45.0,724.0,101.0,3381,axis_right,709.0,45.0,mask PCA skeleton + low contact point,generated_videos/control_points_3_traffic.mp4
77,6,0,78,1.0,0.024039322214637927,truck,0.6378419995307922,653.0,45.0,724.0,101.0,3381,contact_low,688.0,93.0,mask PCA skeleton + low contact point,generated_videos/control_points_3_traffic.mp4
77,0,15,39,0.875,1.5682567470442033,person,0.8094359636306763,576.0,198.0,606.0,293.0,1991,centroid,589.5946655273438,241.68508911132812,mask PCA skeleton + low contact point,generated_videos/control_points_3_traffic.mp4
77,0,15,39,0.875,1.5682567470442033,person,0.8094359636306763,576.0,198.0,606.0,293.0,1991,axis_front,597.0,292.0,mask PCA skeleton + low contact point,generated_videos/control_points_3_traffic.mp4
77,0,15,39,0.875,1.5682567470442033,person,0.8094359636306763,576.0,198.0,606.0,293.0,1991,axis_back,582.0,198.0,mask PCA skeleton + low contact point,generated_videos/control_points_3_traffic.mp4
77,0,15,39,0.875,1.5682567470442033,person,0.8094359636306763,576.0,198.0,606.0,293.0,1991,axis_left,605.0,231.0,mask PCA skeleton + low contact point,generated_videos/control_points_3_traffic.mp4
77,0,15,39,0.875,1.5682567470442033,person,0.8094359636306763,576.0,198.0,606.0,293.0,1991,axis_right,576.0,251.0,mask PCA skeleton + low contact point,generated_videos/control_points_3_traffic.mp4
77,0,15,39,0.875,1.5682567470442033,person,0.8094359636306763,576.0,198.0,606.0,293.0,1991,contact_low,593.0,283.0,mask PCA skeleton + low contact point,generated_videos/control_points_3_traffic.mp4
77,4,7,68,0.9705882352941176,0.2920665821524047,person,0.7402042746543884,438.0,180.0,471.0,262.0,1759,centroid,453.4923400878906,218.99374389648438,mask PCA skeleton + low contact point,generated_videos/control_points_3_traffic.mp4
77,4,7,68,0.9705882352941176,0.2920665821524047,person,0.7402042746543884,438.0,180.0,471.0,262.0,1759,axis_front,454.0,261.0,mask PCA skeleton + low contact point,generated_videos/control_points_3_traffic.mp4
77,4,7,68,0.9705882352941176,0.2920665821524047,person,0.7402042746543884,438.0,180.0,471.0,262.0,1759,axis_back,446.0,180.0,mask PCA skeleton + low contact point,generated_videos/control_points_3_traffic.mp4
77,4,7,68,0.9705882352941176,0.2920665821524047,person,0.7402042746543884,438.0,180.0,471.0,262.0,1759,axis_left,470.0,209.0,mask PCA skeleton + low contact point,generated_videos/control_points_3_traffic.mp4
77,4,7,68,0.9705882352941176,0.2920665821524047,person,0.7402042746543884,438.0,180.0,471.0,262.0,1759,axis_right,438.0,205.0,mask PCA skeleton + low contact point,generated_videos/control_points_3_traffic.mp4
77,4,7,68,0.9705882352941176,0.2920665821524047,person,0.7402042746543884,438.0,180.0,471.0,262.0,1759,contact_low,451.0,253.0,mask PCA skeleton + low contact point,generated_videos/control_points_3_traffic.mp4
77,1,10,61,0.9421915444348576,0.9296972476335331,person,0.7615859508514404,479.0,180.0,507.0,260.0,1529,centroid,490.7599792480469,218.0706329345703,mask PCA skeleton + low contact point,generated_videos/control_points_3_traffic.mp4
77,1,10,61,0.9421915444348576,0.9296972476335331,person,0.7615859508514404,479.0,180.0,507.0,260.0,1529,axis_front,497.0,259.0,mask PCA skeleton + low contact point,generated_videos/control_points_3_traffic.mp4
77,1,10,61,0.9421915444348576,0.9296972476335331,person,0.7615859508514404,479.0,180.0,507.0,260.0,1529,axis_back,484.0,180.0,mask PCA skeleton + low contact point,generated_videos/control_points_3_traffic.mp4
77,1,10,61,0.9421915444348576,0.9296972476335331,person,0.7615859508514404,479.0,180.0,507.0,260.0,1529,axis_left,506.0,226.0,mask PCA skeleton + low contact point,generated_videos/control_points_3_traffic.mp4
77,1,10,61,0.9421915444348576,0.9296972476335331,person,0.7615859508514404,479.0,180.0,507.0,260.0,1529,axis_right,479.0,227.0,mask PCA skeleton + low contact point,generated_videos/control_points_3_traffic.mp4
77,1,10,61,0.9421915444348576,0.9296972476335331,person,0.7615859508514404,479.0,180.0,507.0,260.0,1529,contact_low,494.0,251.0,mask PCA skeleton + low contact point,generated_videos/control_points_3_traffic.mp4
77,2,8,61,1.0,0.2632067755531556,person,0.7481099963188171,370.0,180.0,399.0,260.0,1457,centroid,385.3129577636719,216.88674926757812,mask PCA skeleton + low contact point,generated_videos/control_points_3_traffic.mp4
77,2,8,61,1.0,0.2632067755531556,person,0.7481099963188171,370.0,180.0,399.0,260.0,1457,axis_front,382.0,259.0,mask PCA skeleton + low contact point,generated_videos/control_points_3_traffic.mp4
77,2,8,61,1.0,0.2632067755531556,person,0.7481099963188171,370.0,180.0,399.0,260.0,1457,axis_back,394.0,180.0,mask PCA skeleton + low contact point,generated_videos/control_points_3_traffic.mp4
77,2,8,61,1.0,0.2632067755531556,person,0.7481099963188171,370.0,180.0,399.0,260.0,1457,axis_left,398.0,208.0,mask PCA skeleton + low contact point,generated_videos/control_points_3_traffic.mp4
77,2,8,61,1.0,0.2632067755531556,person,0.7481099963188171,370.0,180.0,399.0,260.0,1457,axis_right,370.0,200.0,mask PCA skeleton + low contact point,generated_videos/control_points_3_traffic.mp4
77,2,8,61,1.0,0.2632067755531556,person,0.7481099963188171,370.0,180.0,399.0,260.0,1457,contact_low,387.0,254.0,mask PCA skeleton + low contact point,generated_videos/control_points_3_traffic.mp4
77,5,4,78,1.0,0.10035778788561524,car,0.7264162302017212,735.0,52.0,768.0,93.0,1296,centroid,751.4406127929688,72.32330322265625,mask PCA skeleton + low contact point,generated_videos/control_points_3_traffic.mp4
77,5,4,78,1.0,0.10035778788561524,car,0.7264162302017212,735.0,52.0,768.0,93.0,1296,axis_front,736.0,92.0,mask PCA skeleton + low contact point,generated_videos/control_points_3_traffic.mp4
77,5,4,78,1.0,0.10035778788561524,car,0.7264162302017212,735.0,52.0,768.0,93.0,1296,axis_back,767.0,52.0,mask PCA skeleton + low contact point,generated_videos/control_points_3_traffic.mp4
77,5,4,78,1.0,0.10035778788561524,car,0.7264162302017212,735.0,52.0,768.0,93.0,1296,axis_left,767.0,92.0,mask PCA skeleton + low contact point,generated_videos/control_points_3_traffic.mp4
77,5,4,78,1.0,0.10035778788561524,car,0.7264162302017212,735.0,52.0,768.0,93.0,1296,axis_right,735.0,62.0,mask PCA skeleton + low contact point,generated_videos/control_points_3_traffic.mp4
77,5,4,78,1.0,0.10035778788561524,car,0.7264162302017212,735.0,52.0,768.0,93.0,1296,contact_low,750.0,90.0,mask PCA skeleton + low contact point,generated_videos/control_points_3_traffic.mp4
77,3,17,18,0.9629629629629629,1.5505386774512868,person,0.7415763735771179,261.0,171.0,288.0,242.0,1223,centroid,273.16925048828125,203.2592010498047,mask PCA skeleton + low contact point,generated_videos/control_points_3_traffic.mp4
77,3,17,18,0.9629629629629629,1.5505386774512868,person,0.7415763735771179,261.0,171.0,288.0,242.0,1223,axis_front,277.0,241.0,mask PCA skeleton + low contact point,generated_videos/control_points_3_traffic.mp4
77,3,17,18,0.9629629629629629,1.5505386774512868,person,0.7415763735771179,261.0,171.0,288.0,242.0,1223,axis_back,267.0,171.0,mask PCA skeleton + low contact point,generated_videos/control_points_3_traffic.mp4
77,3,17,18,0.9629629629629629,1.5505386774512868,person,0.7415763735771179,261.0,171.0,288.0,242.0,1223,axis_left,287.0,194.0,mask PCA skeleton + low contact point,generated_videos/control_points_3_traffic.mp4
77,3,17,18,0.9629629629629629,1.5505386774512868,person,0.7415763735771179,261.0,171.0,288.0,242.0,1223,axis_right,261.0,202.0,mask PCA skeleton + low contact point,generated_videos/control_points_3_traffic.mp4
77,3,17,18,0.9629629629629629,1.5505386774512868,person,0.7415763735771179,261.0,171.0,288.0,242.0,1223,contact_low,273.0,236.0,mask PCA skeleton + low contact point,generated_videos/control_points_3_traffic.mp4
77,7,19,1,,,person,0.4477866590023041,281.0,57.0,293.0,83.0,274,centroid,286.1313781738281,69.10948944091797,mask PCA skeleton + low contact point,generated_videos/control_points_3_traffic.mp4
77,7,19,1,,,person,0.4477866590023041,281.0,57.0,293.0,83.0,274,axis_front,289.0,82.0,mask PCA skeleton + low contact point,generated_videos/control_points_3_traffic.mp4
77,7,19,1,,,person,0.4477866590023041,281.0,57.0,293.0,83.0,274,axis_back,281.0,57.0,mask PCA skeleton + low contact point,generated_videos/control_points_3_traffic.mp4
77,7,19,1,,,person,0.4477866590023041,281.0,57.0,293.0,83.0,274,axis_left,292.0,70.0,mask PCA skeleton + low contact point,generated_videos/control_points_3_traffic.mp4
77,7,19,1,,,person,0.4477866590023041,281.0,57.0,293.0,83.0,274,axis_right,281.0,77.0,mask PCA skeleton + low contact point,generated_videos/control_points_3_traffic.mp4
77,7,19,1,,,person,0.4477866590023041,281.0,57.0,293.0,83.0,274,contact_low,287.0,80.0,mask PCA skeleton + low contact point,generated_videos/control_points_3_traffic.mp4
78,6,0,79,1.0,0.051461216742246296,truck,0.6383088827133179,653.0,45.0,724.0,101.0,3386,centroid,686.2285766601562,71.13585662841797,mask PCA skeleton + low contact point,generated_videos/control_points_3_traffic.mp4
78,6,0,79,1.0,0.051461216742246296,truck,0.6383088827133179,653.0,45.0,724.0,101.0,3386,axis_front,653.0,54.0,mask PCA skeleton + low contact point,generated_videos/control_points_3_traffic.mp4
78,6,0,79,1.0,0.051461216742246296,truck,0.6383088827133179,653.0,45.0,724.0,101.0,3386,axis_back,723.0,85.0,mask PCA skeleton + low contact point,generated_videos/control_points_3_traffic.mp4
78,6,0,79,1.0,0.051461216742246296,truck,0.6383088827133179,653.0,45.0,724.0,101.0,3386,axis_left,696.0,100.0,mask PCA skeleton + low contact point,generated_videos/control_points_3_traffic.mp4
78,6,0,79,1.0,0.051461216742246296,truck,0.6383088827133179,653.0,45.0,724.0,101.0,3386,axis_right,709.0,45.0,mask PCA skeleton + low contact point,generated_videos/control_points_3_traffic.mp4
78,6,0,79,1.0,0.051461216742246296,truck,0.6383088827133179,653.0,45.0,724.0,101.0,3386,contact_low,689.0,94.0,mask PCA skeleton + low contact point,generated_videos/control_points_3_traffic.mp4
78,0,15,40,0.7259870359457867,5.290303247185712,person,0.827967643737793,572.0,192.0,604.0,286.0,2053,centroid,586.9576416015625,237.098876953125,mask PCA skeleton + low contact point,generated_videos/control_points_3_traffic.mp4
78,0,15,40,0.7259870359457867,5.290303247185712,person,0.827967643737793,572.0,192.0,604.0,286.0,2053,axis_front,593.0,285.0,mask PCA skeleton + low contact point,generated_videos/control_points_3_traffic.mp4
78,0,15,40,0.7259870359457867,5.290303247185712,person,0.827967643737793,572.0,192.0,604.0,286.0,2053,axis_back,580.0,192.0,mask PCA skeleton + low contact point,generated_videos/control_points_3_traffic.mp4
78,0,15,40,0.7259870359457867,5.290303247185712,person,0.827967643737793,572.0,192.0,604.0,286.0,2053,axis_left,603.0,227.0,mask PCA skeleton + low contact point,generated_videos/control_points_3_traffic.mp4
78,0,15,40,0.7259870359457867,5.290303247185712,person,0.827967643737793,572.0,192.0,604.0,286.0,2053,axis_right,572.0,243.0,mask PCA skeleton + low contact point,generated_videos/control_points_3_traffic.mp4
78,0,15,40,0.7259870359457867,5.290303247185712,person,0.827967643737793,572.0,192.0,604.0,286.0,2053,contact_low,589.0,278.0,mask PCA skeleton + low contact point,generated_videos/control_points_3_traffic.mp4
78,1,7,69,0.7755102040816326,3.6654365763218464,person,0.8147499561309814,442.0,178.0,472.0,256.0,1735,centroid,455.54638671875,215.9579315185547,mask PCA skeleton + low contact point,generated_videos/control_points_3_traffic.mp4
78,1,7,69,0.7755102040816326,3.6654365763218464,person,0.8147499561309814,442.0,178.0,472.0,256.0,1735,axis_front,446.0,255.0,mask PCA skeleton + low contact point,generated_videos/control_points_3_traffic.mp4
78,1,7,69,0.7755102040816326,3.6654365763218464,person,0.8147499561309814,442.0,178.0,472.0,256.0,1735,axis_back,463.0,178.0,mask PCA skeleton + low contact point,generated_videos/control_points_3_traffic.mp4
78,1,7,69,0.7755102040816326,3.6654365763218464,person,0.8147499561309814,442.0,178.0,472.0,256.0,1735,axis_left,471.0,205.0,mask PCA skeleton + low contact point,generated_videos/control_points_3_traffic.mp4
78,1,7,69,0.7755102040816326,3.6654365763218464,person,0.8147499561309814,442.0,178.0,472.0,256.0,1735,axis_right,442.0,191.0,mask PCA skeleton + low contact point,generated_videos/control_points_3_traffic.mp4
78,1,7,69,0.7755102040816326,3.6654365763218464,person,0.8147499561309814,442.0,178.0,472.0,256.0,1735,contact_low,453.0,250.0,mask PCA skeleton + low contact point,generated_videos/control_points_3_traffic.mp4
78,5,10,62,0.7807351077313055,2.9507212638137097,person,0.727335512638092,478.0,178.0,503.0,257.0,1490,centroid,489.0644226074219,215.65570068359375,mask PCA skeleton + low contact point,generated_videos/control_points_3_traffic.mp4
78,5,10,62,0.7807351077313055,2.9507212638137097,person,0.727335512638092,478.0,178.0,503.0,257.0,1490,axis_front,497.0,256.0,mask PCA skeleton + low contact point,generated_videos/control_points_3_traffic.mp4
78,5,10,62,0.7807351077313055,2.9507212638137097,person,0.727335512638092,478.0,178.0,503.0,257.0,1490,axis_back,480.0,178.0,mask PCA skeleton + low contact point,generated_videos/control_points_3_traffic.mp4
78,5,10,62,0.7807351077313055,2.9507212638137097,person,0.727335512638092,478.0,178.0,503.0,257.0,1490,axis_left,502.0,218.0,mask PCA skeleton + low contact point,generated_videos/control_points_3_traffic.mp4
78,5,10,62,0.7807351077313055,2.9507212638137097,person,0.727335512638092,478.0,178.0,503.0,257.0,1490,axis_right,478.0,225.0,mask PCA skeleton + low contact point,generated_videos/control_points_3_traffic.mp4
78,5,10,62,0.7807351077313055,2.9507212638137097,person,0.727335512638092,478.0,178.0,503.0,257.0,1490,contact_low,492.0,248.0,mask PCA skeleton + low contact point,generated_videos/control_points_3_traffic.mp4
78,3,8,62,0.8131776480400333,1.6718965077983294,person,0.7279956936836243,374.0,182.0,400.0,260.0,1374,centroid,386.0400390625,218.3922882080078,mask PCA skeleton + low contact point,generated_videos/control_points_3_traffic.mp4
78,3,8,62,0.8131776480400333,1.6718965077983294,person,0.7279956936836243,374.0,182.0,400.0,260.0,1374,axis_front,393.0,259.0,mask PCA skeleton + low contact point,generated_videos/control_points_3_traffic.mp4
78,3,8,62,0.8131776480400333,1.6718965077983294,person,0.7279956936836243,374.0,182.0,400.0,260.0,1374,axis_back,384.0,182.0,mask PCA skeleton + low contact point,generated_videos/control_points_3_traffic.mp4
78,3,8,62,0.8131776480400333,1.6718965077983294,person,0.7279956936836243,374.0,182.0,400.0,260.0,1374,axis_left,399.0,221.0,mask PCA skeleton + low contact point,generated_videos/control_points_3_traffic.mp4
78,3,8,62,0.8131776480400333,1.6718965077983294,person,0.7279956936836243,374.0,182.0,400.0,260.0,1374,axis_right,374.0,219.0,mask PCA skeleton + low contact point,generated_videos/control_points_3_traffic.mp4
78,3,8,62,0.8131776480400333,1.6718965077983294,person,0.7279956936836243,374.0,182.0,400.0,260.0,1374,contact_low,387.0,255.0,mask PCA skeleton + low contact point,generated_videos/control_points_3_traffic.mp4
78,4,4,79,1.0,0.03224869045030514,car,0.727515697479248,735.0,52.0,768.0,93.0,1294,centroid,751.4512939453125,72.29289245605469,mask PCA skeleton + low contact point,generated_videos/control_points_3_traffic.mp4
78,4,4,79,1.0,0.03224869045030514,car,0.727515697479248,735.0,52.0,768.0,93.0,1294,axis_front,736.0,92.0,mask PCA skeleton + low contact point,generated_videos/control_points_3_traffic.mp4
78,4,4,79,1.0,0.03224869045030514,car,0.727515697479248,735.0,52.0,768.0,93.0,1294,axis_back,767.0,52.0,mask PCA skeleton + low contact point,generated_videos/control_points_3_traffic.mp4
78,4,4,79,1.0,0.03224869045030514,car,0.727515697479248,735.0,52.0,768.0,93.0,1294,axis_left,767.0,92.0,mask PCA skeleton + low contact point,generated_videos/control_points_3_traffic.mp4
78,4,4,79,1.0,0.03224869045030514,car,0.727515697479248,735.0,52.0,768.0,93.0,1294,axis_right,735.0,62.0,mask PCA skeleton + low contact point,generated_videos/control_points_3_traffic.mp4
78,4,4,79,1.0,0.03224869045030514,car,0.727515697479248,735.0,52.0,768.0,93.0,1294,contact_low,751.0,90.0,mask PCA skeleton + low contact point,generated_videos/control_points_3_traffic.mp4
78,2,17,19,0.8345606283750614,1.971688824460452,person,0.7420879602432251,260.0,174.0,286.0,244.0,1217,centroid,271.5653381347656,204.40591430664062,mask PCA skeleton + low contact point,generated_videos/control_points_3_traffic.mp4
78,2,17,19,0.8345606283750614,1.971688824460452,person,0.7420879602432251,260.0,174.0,286.0,244.0,1217,axis_front,270.0,243.0,mask PCA skeleton + low contact point,generated_videos/control_points_3_traffic.mp4
78,2,17,19,0.8345606283750614,1.971688824460452,person,0.7420879602432251,260.0,174.0,286.0,244.0,1217,axis_back,277.0,174.0,mask PCA skeleton + low contact point,generated_videos/control_points_3_traffic.mp4
78,2,17,19,0.8345606283750614,1.971688824460452,person,0.7420879602432251,260.0,174.0,286.0,244.0,1217,axis_left,285.0,200.0,mask PCA skeleton + low contact point,generated_videos/control_points_3_traffic.mp4
78,2,17,19,0.8345606283750614,1.971688824460452,person,0.7420879602432251,260.0,174.0,286.0,244.0,1217,axis_right,260.0,186.0,mask PCA skeleton + low contact point,generated_videos/control_points_3_traffic.mp4
78,2,17,19,0.8345606283750614,1.971688824460452,person,0.7420879602432251,260.0,174.0,286.0,244.0,1217,contact_low,271.0,235.0,mask PCA skeleton + low contact point,generated_videos/control_points_3_traffic.mp4
78,7,19,2,0.5064935064935064,3.3885174027189535,person,0.3879058361053467,278.0,54.0,290.0,86.0,295,centroid,282.7457580566406,68.96949005126953,mask PCA skeleton + low contact point,generated_videos/control_points_3_traffic.mp4
78,7,19,2,0.5064935064935064,3.3885174027189535,person,0.3879058361053467,278.0,54.0,290.0,86.0,295,axis_front,286.0,85.0,mask PCA skeleton + low contact point,generated_videos/control_points_3_traffic.mp4
78,7,19,2,0.5064935064935064,3.3885174027189535,person,0.3879058361053467,278.0,54.0,290.0,86.0,295,axis_back,279.0,54.0,mask PCA skeleton + low contact point,generated_videos/control_points_3_traffic.mp4
78,7,19,2,0.5064935064935064,3.3885174027189535,person,0.3879058361053467,278.0,54.0,290.0,86.0,295,axis_left,289.0,78.0,mask PCA skeleton + low contact point,generated_videos/control_points_3_traffic.mp4
78,7,19,2,0.5064935064935064,3.3885174027189535,person,0.3879058361053467,278.0,54.0,290.0,86.0,295,axis_right,278.0,80.0,mask PCA skeleton + low contact point,generated_videos/control_points_3_traffic.mp4
78,7,19,2,0.5064935064935064,3.3885174027189535,person,0.3879058361053467,278.0,54.0,290.0,86.0,295,contact_low,285.0,82.0,mask PCA skeleton + low contact point,generated_videos/control_points_3_traffic.mp4
79,6,0,80,1.0,0.03106272123959185,truck,0.6281619668006897,653.0,45.0,724.0,101.0,3389,centroid,686.2584838867188,71.144287109375,mask PCA skeleton + low contact point,generated_videos/control_points_3_traffic.mp4
79,6,0,80,1.0,0.03106272123959185,truck,0.6281619668006897,653.0,45.0,724.0,101.0,3389,axis_front,653.0,54.0,mask PCA skeleton + low contact point,generated_videos/control_points_3_traffic.mp4
79,6,0,80,1.0,0.03106272123959185,truck,0.6281619668006897,653.0,45.0,724.0,101.0,3389,axis_back,723.0,85.0,mask PCA skeleton + low contact point,generated_videos/control_points_3_traffic.mp4
79,6,0,80,1.0,0.03106272123959185,truck,0.6281619668006897,653.0,45.0,724.0,101.0,3389,axis_left,696.0,100.0,mask PCA skeleton + low contact point,generated_videos/control_points_3_traffic.mp4
79,6,0,80,1.0,0.03106272123959185,truck,0.6281619668006897,653.0,45.0,724.0,101.0,3389,axis_right,709.0,45.0,mask PCA skeleton + low contact point,generated_videos/control_points_3_traffic.mp4
79,6,0,80,1.0,0.03106272123959185,truck,0.6281619668006897,653.0,45.0,724.0,101.0,3389,contact_low,689.0,94.0,mask PCA skeleton + low contact point,generated_videos/control_points_3_traffic.mp4
79,0,15,41,0.8595539481615431,3.271537688169807,person,0.8571547865867615,569.0,191.0,603.0,284.0,2000,centroid,585.6284790039062,234.1094970703125,mask PCA skeleton + low contact point,generated_videos/control_points_3_traffic.mp4
79,0,15,41,0.8595539481615431,3.271537688169807,person,0.8571547865867615,569.0,191.0,603.0,284.0,2000,axis_front,584.0,283.0,mask PCA skeleton + low contact point,generated_videos/control_points_3_traffic.mp4
79,0,15,41,0.8595539481615431,3.271537688169807,person,0.8571547865867615,569.0,191.0,603.0,284.0,2000,axis_back,579.0,191.0,mask PCA skeleton + low contact point,generated_videos/control_points_3_traffic.mp4
79,0,15,41,0.8595539481615431,3.271537688169807,person,0.8571547865867615,569.0,191.0,603.0,284.0,2000,axis_left,602.0,231.0,mask PCA skeleton + low contact point,generated_videos/control_points_3_traffic.mp4
79,0,15,41,0.8595539481615431,3.271537688169807,person,0.8571547865867615,569.0,191.0,603.0,284.0,2000,axis_right,569.0,236.0,mask PCA skeleton + low contact point,generated_videos/control_points_3_traffic.mp4
79,0,15,41,0.8595539481615431,3.271537688169807,person,0.8571547865867615,569.0,191.0,603.0,284.0,2000,contact_low,587.0,274.0,mask PCA skeleton + low contact point,generated_videos/control_points_3_traffic.mp4
79,1,7,70,0.9122516556291391,2.7839482105159883,person,0.8160538077354431,443.0,178.0,473.0,254.0,1631,centroid,457.3445739746094,213.83261108398438,mask PCA skeleton + low contact point,generated_videos/control_points_3_traffic.mp4
79,1,7,70,0.9122516556291391,2.7839482105159883,person,0.8160538077354431,443.0,178.0,473.0,254.0,1631,axis_front,448.0,253.0,mask PCA skeleton + low contact point,generated_videos/control_points_3_traffic.mp4
79,1,7,70,0.9122516556291391,2.7839482105159883,person,0.8160538077354431,443.0,178.0,473.0,254.0,1631,axis_back,465.0,178.0,mask PCA skeleton + low contact point,generated_videos/control_points_3_traffic.mp4
79,1,7,70,0.9122516556291391,2.7839482105159883,person,0.8160538077354431,443.0,178.0,473.0,254.0,1631,axis_left,472.0,205.0,mask PCA skeleton + low contact point,generated_videos/control_points_3_traffic.mp4
79,1,7,70,0.9122516556291391,2.7839482105159883,person,0.8160538077354431,443.0,178.0,473.0,254.0,1631,axis_right,443.0,191.0,mask PCA skeleton + low contact point,generated_videos/control_points_3_traffic.mp4
79,1,7,70,0.9122516556291391,2.7839482105159883,person,0.8160538077354431,443.0,178.0,473.0,254.0,1631,contact_low,455.0,248.0,mask PCA skeleton + low contact point,generated_videos/control_points_3_traffic.mp4
79,2,10,63,0.8365520489872822,2.3114883538175723,person,0.7508993744850159,476.0,178.0,502.0,252.0,1478,centroid,487.9864807128906,213.6109619140625,mask PCA skeleton + low contact point,generated_videos/control_points_3_traffic.mp4
79,2,10,63,0.8365520489872822,2.3114883538175723,person,0.7508993744850159,476.0,178.0,502.0,252.0,1478,axis_front,483.0,251.0,mask PCA skeleton + low contact point,generated_videos/control_points_3_traffic.mp4
79,2,10,63,0.8365520489872822,2.3114883538175723,person,0.7508993744850159,476.0,178.0,502.0,252.0,1478,axis_back,480.0,178.0,mask PCA skeleton + low contact point,generated_videos/control_points_3_traffic.mp4
79,2,10,63,0.8365520489872822,2.3114883538175723,person,0.7508993744850159,476.0,178.0,502.0,252.0,1478,axis_left,501.0,216.0,mask PCA skeleton + low contact point,generated_videos/control_points_3_traffic.mp4
79,2,10,63,0.8365520489872822,2.3114883538175723,person,0.7508993744850159,476.0,178.0,502.0,252.0,1478,axis_right,476.0,219.0,mask PCA skeleton + low contact point,generated_videos/control_points_3_traffic.mp4
79,2,10,63,0.8365520489872822,2.3114883538175723,person,0.7508993744850159,476.0,178.0,502.0,252.0,1478,contact_low,489.0,246.0,mask PCA skeleton + low contact point,generated_videos/control_points_3_traffic.mp4
79,3,17,20,0.9011328527291452,1.140616996661984,person,0.7409465909004211,261.0,172.0,287.0,244.0,1311,centroid,271.594970703125,205.546142578125,mask PCA skeleton + low contact point,generated_videos/control_points_3_traffic.mp4
79,3,17,20,0.9011328527291452,1.140616996661984,person,0.7409465909004211,261.0,172.0,287.0,244.0,1311,axis_front,269.0,243.0,mask PCA skeleton + low contact point,generated_videos/control_points_3_traffic.mp4
79,3,17,20,0.9011328527291452,1.140616996661984,person,0.7409465909004211,261.0,172.0,287.0,244.0,1311,axis_back,277.0,172.0,mask PCA skeleton + low contact point,generated_videos/control_points_3_traffic.mp4
79,3,17,20,0.9011328527291452,1.140616996661984,person,0.7409465909004211,261.0,172.0,287.0,244.0,1311,axis_left,286.0,199.0,mask PCA skeleton + low contact point,generated_videos/control_points_3_traffic.mp4
79,3,17,20,0.9011328527291452,1.140616996661984,person,0.7409465909004211,261.0,172.0,287.0,244.0,1311,axis_right,261.0,186.0,mask PCA skeleton + low contact point,generated_videos/control_points_3_traffic.mp4
79,3,17,20,0.9011328527291452,1.140616996661984,person,0.7409465909004211,261.0,172.0,287.0,244.0,1311,contact_low,271.0,238.0,mask PCA skeleton + low contact point,generated_videos/control_points_3_traffic.mp4
79,4,8,63,0.9230769230769231,0.6626409863184882,person,0.7257162928581238,374.0,182.0,398.0,260.0,1302,centroid,385.58831787109375,218.87710571289062,mask PCA skeleton + low contact point,generated_videos/control_points_3_traffic.mp4
79,4,8,63,0.9230769230769231,0.6626409863184882,person,0.7257162928581238,374.0,182.0,398.0,260.0,1302,axis_front,393.0,259.0,mask PCA skeleton + low contact point,generated_videos/control_points_3_traffic.mp4
79,4,8,63,0.9230769230769231,0.6626409863184882,person,0.7257162928581238,374.0,182.0,398.0,260.0,1302,axis_back,383.0,182.0,mask PCA skeleton + low contact point,generated_videos/control_points_3_traffic.mp4
79,4,8,63,0.9230769230769231,0.6626409863184882,person,0.7257162928581238,374.0,182.0,398.0,260.0,1302,axis_left,397.0,218.0,mask PCA skeleton + low contact point,generated_videos/control_points_3_traffic.mp4
79,4,8,63,0.9230769230769231,0.6626409863184882,person,0.7257162928581238,374.0,182.0,398.0,260.0,1302,axis_right,374.0,219.0,mask PCA skeleton + low contact point,generated_videos/control_points_3_traffic.mp4
79,4,8,63,0.9230769230769231,0.6626409863184882,person,0.7257162928581238,374.0,182.0,398.0,260.0,1302,contact_low,387.0,255.0,mask PCA skeleton + low contact point,generated_videos/control_points_3_traffic.mp4
79,5,4,80,0.9761904761904762,0.06350913790307607,car,0.724113941192627,735.0,52.0,768.0,94.0,1298,centroid,751.4638061523438,72.35516357421875,mask PCA skeleton + low contact point,generated_videos/control_points_3_traffic.mp4
79,5,4,80,0.9761904761904762,0.06350913790307607,car,0.724113941192627,735.0,52.0,768.0,94.0,1298,axis_front,736.0,92.0,mask PCA skeleton + low contact point,generated_videos/control_points_3_traffic.mp4
79,5,4,80,0.9761904761904762,0.06350913790307607,car,0.724113941192627,735.0,52.0,768.0,94.0,1298,axis_back,767.0,52.0,mask PCA skeleton + low contact point,generated_videos/control_points_3_traffic.mp4
79,5,4,80,0.9761904761904762,0.06350913790307607,car,0.724113941192627,735.0,52.0,768.0,94.0,1298,axis_left,767.0,93.0,mask PCA skeleton + low contact point,generated_videos/control_points_3_traffic.mp4
79,5,4,80,0.9761904761904762,0.06350913790307607,car,0.724113941192627,735.0,52.0,768.0,94.0,1298,axis_right,735.0,62.0,mask PCA skeleton + low contact point,generated_videos/control_points_3_traffic.mp4
79,5,4,80,0.9761904761904762,0.06350913790307607,car,0.724113941192627,735.0,52.0,768.0,94.0,1298,contact_low,751.0,90.0,mask PCA skeleton + low contact point,generated_videos/control_points_3_traffic.mp4
79,7,19,3,0.6779661016949152,1.686624675658069,person,0.6206675171852112,276.0,52.0,288.0,86.0,332,centroid,281.2439880371094,68.2018051147461,mask PCA skeleton + low contact point,generated_videos/control_points_3_traffic.mp4
79,7,19,3,0.6779661016949152,1.686624675658069,person,0.6206675171852112,276.0,52.0,288.0,86.0,332,axis_front,281.0,85.0,mask PCA skeleton + low contact point,generated_videos/control_points_3_traffic.mp4
79,7,19,3,0.6779661016949152,1.686624675658069,person,0.6206675171852112,276.0,52.0,288.0,86.0,332,axis_back,278.0,52.0,mask PCA skeleton + low contact point,generated_videos/control_points_3_traffic.mp4
79,7,19,3,0.6779661016949152,1.686624675658069,person,0.6206675171852112,276.0,52.0,288.0,86.0,332,axis_left,287.0,76.0,mask PCA skeleton + low contact point,generated_videos/control_points_3_traffic.mp4
79,7,19,3,0.6779661016949152,1.686624675658069,person,0.6206675171852112,276.0,52.0,288.0,86.0,332,axis_right,276.0,81.0,mask PCA skeleton + low contact point,generated_videos/control_points_3_traffic.mp4
79,7,19,3,0.6779661016949152,1.686624675658069,person,0.6206675171852112,276.0,52.0,288.0,86.0,332,contact_low,282.0,82.0,mask PCA skeleton + low contact point,generated_videos/control_points_3_traffic.mp4
80,7,0,81,1.0,0.0,truck,0.6235159039497375,653.0,45.0,724.0,101.0,3389,centroid,686.2584838867188,71.144287109375,mask PCA skeleton + low contact point,generated_videos/control_points_3_traffic.mp4
80,7,0,81,1.0,0.0,truck,0.6235159039497375,653.0,45.0,724.0,101.0,3389,axis_front,653.0,54.0,mask PCA skeleton + low contact point,generated_videos/control_points_3_traffic.mp4
80,7,0,81,1.0,0.0,truck,0.6235159039497375,653.0,45.0,724.0,101.0,3389,axis_back,723.0,85.0,mask PCA skeleton + low contact point,generated_videos/control_points_3_traffic.mp4
80,7,0,81,1.0,0.0,truck,0.6235159039497375,653.0,45.0,724.0,101.0,3389,axis_left,696.0,100.0,mask PCA skeleton + low contact point,generated_videos/control_points_3_traffic.mp4
80,7,0,81,1.0,0.0,truck,0.6235159039497375,653.0,45.0,724.0,101.0,3389,axis_right,709.0,45.0,mask PCA skeleton + low contact point,generated_videos/control_points_3_traffic.mp4
80,7,0,81,1.0,0.0,truck,0.6235159039497375,653.0,45.0,724.0,101.0,3389,contact_low,689.0,94.0,mask PCA skeleton + low contact point,generated_videos/control_points_3_traffic.mp4
80,0,15,42,0.9029126213592233,2.7181318924480924,person,0.864233136177063,569.0,190.0,600.0,284.0,1847,centroid,584.2035522460938,231.7947998046875,mask PCA skeleton + low contact point,generated_videos/control_points_3_traffic.mp4
80,0,15,42,0.9029126213592233,2.7181318924480924,person,0.864233136177063,569.0,190.0,600.0,284.0,1847,axis_front,589.0,283.0,mask PCA skeleton + low contact point,generated_videos/control_points_3_traffic.mp4
80,0,15,42,0.9029126213592233,2.7181318924480924,person,0.864233136177063,569.0,190.0,600.0,284.0,1847,axis_back,579.0,190.0,mask PCA skeleton + low contact point,generated_videos/control_points_3_traffic.mp4
80,0,15,42,0.9029126213592233,2.7181318924480924,person,0.864233136177063,569.0,190.0,600.0,284.0,1847,axis_left,599.0,220.0,mask PCA skeleton + low contact point,generated_videos/control_points_3_traffic.mp4
80,0,15,42,0.9029126213592233,2.7181318924480924,person,0.864233136177063,569.0,190.0,600.0,284.0,1847,axis_right,569.0,235.0,mask PCA skeleton + low contact point,generated_videos/control_points_3_traffic.mp4
80,0,15,42,0.9029126213592233,2.7181318924480924,person,0.864233136177063,569.0,190.0,600.0,284.0,1847,contact_low,585.0,274.0,mask PCA skeleton + low contact point,generated_videos/control_points_3_traffic.mp4
80,1,7,71,0.8636363636363636,3.6154088003251394,person,0.7945331335067749,443.0,174.0,476.0,254.0,1656,centroid,458.93115234375,210.5839385986328,mask PCA skeleton + low contact point,generated_videos/control_points_3_traffic.mp4
80,1,7,71,0.8636363636363636,3.6154088003251394,person,0.7945331335067749,443.0,174.0,476.0,254.0,1656,axis_front,464.0,253.0,mask PCA skeleton + low contact point,generated_videos/control_points_3_traffic.mp4
80,1,7,71,0.8636363636363636,3.6154088003251394,person,0.7945331335067749,443.0,174.0,476.0,254.0,1656,axis_back,455.0,174.0,mask PCA skeleton + low contact point,generated_videos/control_points_3_traffic.mp4
80,1,7,71,0.8636363636363636,3.6154088003251394,person,0.7945331335067749,443.0,174.0,476.0,254.0,1656,axis_left,475.0,194.0,mask PCA skeleton + low contact point,generated_videos/control_points_3_traffic.mp4
80,1,7,71,0.8636363636363636,3.6154088003251394,person,0.7945331335067749,443.0,174.0,476.0,254.0,1656,axis_right,443.0,211.0,mask PCA skeleton + low contact point,generated_videos/control_points_3_traffic.mp4
80,1,7,71,0.8636363636363636,3.6154088003251394,person,0.7945331335067749,443.0,174.0,476.0,254.0,1656,contact_low,460.0,246.0,mask PCA skeleton + low contact point,generated_videos/control_points_3_traffic.mp4
80,2,10,64,0.9733333333333334,1.3126235126261685,person,0.7702181339263916,476.0,177.0,502.0,251.0,1497,centroid,488.1275939941406,212.30593872070312,mask PCA skeleton + low contact point,generated_videos/control_points_3_traffic.mp4
80,2,10,64,0.9733333333333334,1.3126235126261685,person,0.7702181339263916,476.0,177.0,502.0,251.0,1497,axis_front,485.0,250.0,mask PCA skeleton + low contact point,generated_videos/control_points_3_traffic.mp4
80,2,10,64,0.9733333333333334,1.3126235126261685,person,0.7702181339263916,476.0,177.0,502.0,251.0,1497,axis_back,480.0,177.0,mask PCA skeleton + low contact point,generated_videos/control_points_3_traffic.mp4
80,2,10,64,0.9733333333333334,1.3126235126261685,person,0.7702181339263916,476.0,177.0,502.0,251.0,1497,axis_left,501.0,216.0,mask PCA skeleton + low contact point,generated_videos/control_points_3_traffic.mp4
80,2,10,64,0.9733333333333334,1.3126235126261685,person,0.7702181339263916,476.0,177.0,502.0,251.0,1497,axis_right,476.0,219.0,mask PCA skeleton + low contact point,generated_videos/control_points_3_traffic.mp4
80,2,10,64,0.9733333333333334,1.3126235126261685,person,0.7702181339263916,476.0,177.0,502.0,251.0,1497,contact_low,488.0,245.0,mask PCA skeleton + low contact point,generated_videos/control_points_3_traffic.mp4
80,4,4,81,0.9761904761904762,0.09143223925407762,car,0.7358717918395996,735.0,52.0,768.0,93.0,1292,centroid,751.450439453125,72.26470947265625,mask PCA skeleton + low contact point,generated_videos/control_points_3_traffic.mp4
80,4,4,81,0.9761904761904762,0.09143223925407762,car,0.7358717918395996,735.0,52.0,768.0,93.0,1292,axis_front,736.0,92.0,mask PCA skeleton + low contact point,generated_videos/control_points_3_traffic.mp4
80,4,4,81,0.9761904761904762,0.09143223925407762,car,0.7358717918395996,735.0,52.0,768.0,93.0,1292,axis_back,767.0,52.0,mask PCA skeleton + low contact point,generated_videos/control_points_3_traffic.mp4
80,4,4,81,0.9761904761904762,0.09143223925407762,car,0.7358717918395996,735.0,52.0,768.0,93.0,1292,axis_left,767.0,92.0,mask PCA skeleton + low contact point,generated_videos/control_points_3_traffic.mp4
80,4,4,81,0.9761904761904762,0.09143223925407762,car,0.7358717918395996,735.0,52.0,768.0,93.0,1292,axis_right,735.0,62.0,mask PCA skeleton + low contact point,generated_videos/control_points_3_traffic.mp4
80,4,4,81,0.9761904761904762,0.09143223925407762,car,0.7358717918395996,735.0,52.0,768.0,93.0,1292,contact_low,750.0,90.0,mask PCA skeleton + low contact point,generated_videos/control_points_3_traffic.mp4
80,5,8,64,0.9166666666666666,0.5500811824405708,person,0.7235770225524902,374.0,182.0,396.0,260.0,1287,centroid,385.49261474609375,219.41880798339844,mask PCA skeleton + low contact point,generated_videos/control_points_3_traffic.mp4
80,5,8,64,0.9166666666666666,0.5500811824405708,person,0.7235770225524902,374.0,182.0,396.0,260.0,1287,axis_front,394.0,259.0,mask PCA skeleton + low contact point,generated_videos/control_points_3_traffic.mp4
80,5,8,64,0.9166666666666666,0.5500811824405708,person,0.7235770225524902,374.0,182.0,396.0,260.0,1287,axis_back,383.0,182.0,mask PCA skeleton + low contact point,generated_videos/control_points_3_traffic.mp4
80,5,8,64,0.9166666666666666,0.5500811824405708,person,0.7235770225524902,374.0,182.0,396.0,260.0,1287,axis_left,395.0,219.0,mask PCA skeleton + low contact point,generated_videos/control_points_3_traffic.mp4
80,5,8,64,0.9166666666666666,0.5500811824405708,person,0.7235770225524902,374.0,182.0,396.0,260.0,1287,axis_right,374.0,220.0,mask PCA skeleton + low contact point,generated_videos/control_points_3_traffic.mp4
80,5,8,64,0.9166666666666666,0.5500811824405708,person,0.7235770225524902,374.0,182.0,396.0,260.0,1287,contact_low,388.0,255.0,mask PCA skeleton + low contact point,generated_videos/control_points_3_traffic.mp4
80,3,17,21,0.911340206185567,1.493338930547729,person,0.7590619921684265,260.0,176.0,287.0,244.0,1275,centroid,271.74273681640625,207.0321502685547,mask PCA skeleton + low contact point,generated_videos/control_points_3_traffic.mp4
80,3,17,21,0.911340206185567,1.493338930547729,person,0.7590619921684265,260.0,176.0,287.0,244.0,1275,axis_front,266.0,243.0,mask PCA skeleton + low contact point,generated_videos/control_points_3_traffic.mp4
80,3,17,21,0.911340206185567,1.493338930547729,person,0.7590619921684265,260.0,176.0,287.0,244.0,1275,axis_back,277.0,176.0,mask PCA skeleton + low contact point,generated_videos/control_points_3_traffic.mp4
80,3,17,21,0.911340206185567,1.493338930547729,person,0.7590619921684265,260.0,176.0,287.0,244.0,1275,axis_left,286.0,201.0,mask PCA skeleton + low contact point,generated_videos/control_points_3_traffic.mp4
80,3,17,21,0.911340206185567,1.493338930547729,person,0.7590619921684265,260.0,176.0,287.0,244.0,1275,axis_right,260.0,189.0,mask PCA skeleton + low contact point,generated_videos/control_points_3_traffic.mp4
80,3,17,21,0.911340206185567,1.493338930547729,person,0.7590619921684265,260.0,176.0,287.0,244.0,1275,contact_low,270.0,238.0,mask PCA skeleton + low contact point,generated_videos/control_points_3_traffic.mp4
80,6,19,4,0.7457627118644068,1.2783921957832947,person,0.6266875863075256,274.0,52.0,287.0,84.0,333,centroid,279.96697998046875,68.26126098632812,mask PCA skeleton + low contact point,generated_videos/control_points_3_traffic.mp4
80,6,19,4,0.7457627118644068,1.2783921957832947,person,0.6266875863075256,274.0,52.0,287.0,84.0,333,axis_front,280.0,83.0,mask PCA skeleton + low contact point,generated_videos/control_points_3_traffic.mp4
80,6,19,4,0.7457627118644068,1.2783921957832947,person,0.6266875863075256,274.0,52.0,287.0,84.0,333,axis_back,284.0,52.0,mask PCA skeleton + low contact point,generated_videos/control_points_3_traffic.mp4
80,6,19,4,0.7457627118644068,1.2783921957832947,person,0.6266875863075256,274.0,52.0,287.0,84.0,333,axis_left,286.0,81.0,mask PCA skeleton + low contact point,generated_videos/control_points_3_traffic.mp4
80,6,19,4,0.7457627118644068,1.2783921957832947,person,0.6266875863075256,274.0,52.0,287.0,84.0,333,axis_right,274.0,64.0,mask PCA skeleton + low contact point,generated_videos/control_points_3_traffic.mp4
80,6,19,4,0.7457627118644068,1.2783921957832947,person,0.6266875863075256,274.0,52.0,287.0,84.0,333,contact_low,282.0,81.0,mask PCA skeleton + low contact point,generated_videos/control_points_3_traffic.mp4
81,7,0,82,1.0,0.027803110950093666,truck,0.6251422166824341,653.0,45.0,724.0,101.0,3386,centroid,686.2451171875,71.11990356445312,mask PCA skeleton + low contact point,generated_videos/control_points_3_traffic.mp4
81,7,0,82,1.0,0.027803110950093666,truck,0.6251422166824341,653.0,45.0,724.0,101.0,3386,axis_front,653.0,54.0,mask PCA skeleton + low contact point,generated_videos/control_points_3_traffic.mp4
81,7,0,82,1.0,0.027803110950093666,truck,0.6251422166824341,653.0,45.0,724.0,101.0,3386,axis_back,723.0,85.0,mask PCA skeleton + low contact point,generated_videos/control_points_3_traffic.mp4
81,7,0,82,1.0,0.027803110950093666,truck,0.6251422166824341,653.0,45.0,724.0,101.0,3386,axis_left,696.0,100.0,mask PCA skeleton + low contact point,generated_videos/control_points_3_traffic.mp4
81,7,0,82,1.0,0.027803110950093666,truck,0.6251422166824341,653.0,45.0,724.0,101.0,3386,axis_right,709.0,45.0,mask PCA skeleton + low contact point,generated_videos/control_points_3_traffic.mp4
81,7,0,82,1.0,0.027803110950093666,truck,0.6251422166824341,653.0,45.0,724.0,101.0,3386,contact_low,689.0,94.0,mask PCA skeleton + low contact point,generated_videos/control_points_3_traffic.mp4
81,0,15,43,0.9375,1.1816780896919246,person,0.8698480129241943,568.0,190.0,599.0,284.0,1839,centroid,583.0484008789062,231.5459442138672,mask PCA skeleton + low contact point,generated_videos/control_points_3_traffic.mp4
81,0,15,43,0.9375,1.1816780896919246,person,0.8698480129241943,568.0,190.0,599.0,284.0,1839,axis_front,587.0,283.0,mask PCA skeleton + low contact point,generated_videos/control_points_3_traffic.mp4
81,0,15,43,0.9375,1.1816780896919246,person,0.8698480129241943,568.0,190.0,599.0,284.0,1839,axis_back,578.0,190.0,mask PCA skeleton + low contact point,generated_videos/control_points_3_traffic.mp4
81,0,15,43,0.9375,1.1816780896919246,person,0.8698480129241943,568.0,190.0,599.0,284.0,1839,axis_left,598.0,219.0,mask PCA skeleton + low contact point,generated_videos/control_points_3_traffic.mp4
81,0,15,43,0.9375,1.1816780896919246,person,0.8698480129241943,568.0,190.0,599.0,284.0,1839,axis_right,568.0,235.0,mask PCA skeleton + low contact point,generated_videos/control_points_3_traffic.mp4
81,0,15,43,0.9375,1.1816780896919246,person,0.8698480129241943,568.0,190.0,599.0,284.0,1839,contact_low,585.0,273.0,mask PCA skeleton + low contact point,generated_videos/control_points_3_traffic.mp4
81,1,7,72,0.8626887131560029,2.247057205280079,person,0.8590799570083618,446.0,172.0,477.0,254.0,1555,centroid,460.369140625,208.85723876953125,mask PCA skeleton + low contact point,generated_videos/control_points_3_traffic.mp4
81,1,7,72,0.8626887131560029,2.247057205280079,person,0.8590799570083618,446.0,172.0,477.0,254.0,1555,axis_front,464.0,253.0,mask PCA skeleton + low contact point,generated_videos/control_points_3_traffic.mp4
81,1,7,72,0.8626887131560029,2.247057205280079,person,0.8590799570083618,446.0,172.0,477.0,254.0,1555,axis_back,455.0,172.0,mask PCA skeleton + low contact point,generated_videos/control_points_3_traffic.mp4
81,1,7,72,0.8626887131560029,2.247057205280079,person,0.8590799570083618,446.0,172.0,477.0,254.0,1555,axis_left,476.0,194.0,mask PCA skeleton + low contact point,generated_videos/control_points_3_traffic.mp4
81,1,7,72,0.8626887131560029,2.247057205280079,person,0.8590799570083618,446.0,172.0,477.0,254.0,1555,axis_right,446.0,214.0,mask PCA skeleton + low contact point,generated_videos/control_points_3_traffic.mp4
81,1,7,72,0.8626887131560029,2.247057205280079,person,0.8590799570083618,446.0,172.0,477.0,254.0,1555,contact_low,461.0,245.0,mask PCA skeleton + low contact point,generated_videos/control_points_3_traffic.mp4
81,2,10,65,0.9106029106029107,0.7360457130172012,person,0.7973624467849731,477.0,177.0,501.0,250.0,1444,centroid,488.70843505859375,211.8538818359375,mask PCA skeleton + low contact point,generated_videos/control_points_3_traffic.mp4
81,2,10,65,0.9106029106029107,0.7360457130172012,person,0.7973624467849731,477.0,177.0,501.0,250.0,1444,axis_front,488.0,249.0,mask PCA skeleton + low contact point,generated_videos/control_points_3_traffic.mp4
81,2,10,65,0.9106029106029107,0.7360457130172012,person,0.7973624467849731,477.0,177.0,501.0,250.0,1444,axis_back,482.0,177.0,mask PCA skeleton + low contact point,generated_videos/control_points_3_traffic.mp4
81,2,10,65,0.9106029106029107,0.7360457130172012,person,0.7973624467849731,477.0,177.0,501.0,250.0,1444,axis_left,500.0,194.0,mask PCA skeleton + low contact point,generated_videos/control_points_3_traffic.mp4
81,2,10,65,0.9106029106029107,0.7360457130172012,person,0.7973624467849731,477.0,177.0,501.0,250.0,1444,axis_right,477.0,220.0,mask PCA skeleton + low contact point,generated_videos/control_points_3_traffic.mp4
81,2,10,65,0.9106029106029107,0.7360457130172012,person,0.7973624467849731,477.0,177.0,501.0,250.0,1444,contact_low,487.0,243.0,mask PCA skeleton + low contact point,generated_videos/control_points_3_traffic.mp4
81,5,4,82,1.0,0.05670822200065362,car,0.73818439245224,735.0,52.0,768.0,93.0,1288,centroid,751.4534301757812,72.20807647705078,mask PCA skeleton + low contact point,generated_videos/control_points_3_traffic.mp4
81,5,4,82,1.0,0.05670822200065362,car,0.73818439245224,735.0,52.0,768.0,93.0,1288,axis_front,736.0,92.0,mask PCA skeleton + low contact point,generated_videos/control_points_3_traffic.mp4
81,5,4,82,1.0,0.05670822200065362,car,0.73818439245224,735.0,52.0,768.0,93.0,1288,axis_back,767.0,52.0,mask PCA skeleton + low contact point,generated_videos/control_points_3_traffic.mp4
81,5,4,82,1.0,0.05670822200065362,car,0.73818439245224,735.0,52.0,768.0,93.0,1288,axis_left,767.0,92.0,mask PCA skeleton + low contact point,generated_videos/control_points_3_traffic.mp4
81,5,4,82,1.0,0.05670822200065362,car,0.73818439245224,735.0,52.0,768.0,93.0,1288,axis_right,735.0,62.0,mask PCA skeleton + low contact point,generated_videos/control_points_3_traffic.mp4
81,5,4,82,1.0,0.05670822200065362,car,0.73818439245224,735.0,52.0,768.0,93.0,1288,contact_low,749.0,90.0,mask PCA skeleton + low contact point,generated_videos/control_points_3_traffic.mp4
81,4,8,65,0.9615384615384616,0.5128001456033788,person,0.7466386556625366,374.0,183.0,396.0,258.0,1225,centroid,385.503662109375,218.9061279296875,mask PCA skeleton + low contact point,generated_videos/control_points_3_traffic.mp4
81,4,8,65,0.9615384615384616,0.5128001456033788,person,0.7466386556625366,374.0,183.0,396.0,258.0,1225,axis_front,395.0,257.0,mask PCA skeleton + low contact point,generated_videos/control_points_3_traffic.mp4
81,4,8,65,0.9615384615384616,0.5128001456033788,person,0.7466386556625366,374.0,183.0,396.0,258.0,1225,axis_back,383.0,183.0,mask PCA skeleton + low contact point,generated_videos/control_points_3_traffic.mp4
81,4,8,65,0.9615384615384616,0.5128001456033788,person,0.7466386556625366,374.0,183.0,396.0,258.0,1225,axis_left,395.0,218.0,mask PCA skeleton + low contact point,generated_videos/control_points_3_traffic.mp4
81,4,8,65,0.9615384615384616,0.5128001456033788,person,0.7466386556625366,374.0,183.0,396.0,258.0,1225,axis_right,374.0,219.0,mask PCA skeleton + low contact point,generated_videos/control_points_3_traffic.mp4
81,4,8,65,0.9615384615384616,0.5128001456033788,person,0.7466386556625366,374.0,183.0,396.0,258.0,1225,contact_low,388.0,254.0,mask PCA skeleton + low contact point,generated_videos/control_points_3_traffic.mp4
81,3,17,22,0.8901379662749106,1.4019037646489945,person,0.7652851939201355,261.0,177.0,288.0,246.0,1218,centroid,273.1190490722656,207.29884338378906,mask PCA skeleton + low contact point,generated_videos/control_points_3_traffic.mp4
81,3,17,22,0.8901379662749106,1.4019037646489945,person,0.7652851939201355,261.0,177.0,288.0,246.0,1218,axis_front,268.0,245.0,mask PCA skeleton + low contact point,generated_videos/control_points_3_traffic.mp4
81,3,17,22,0.8901379662749106,1.4019037646489945,person,0.7652851939201355,261.0,177.0,288.0,246.0,1218,axis_back,279.0,177.0,mask PCA skeleton + low contact point,generated_videos/control_points_3_traffic.mp4
81,3,17,22,0.8901379662749106,1.4019037646489945,person,0.7652851939201355,261.0,177.0,288.0,246.0,1218,axis_left,287.0,200.0,mask PCA skeleton + low contact point,generated_videos/control_points_3_traffic.mp4
81,3,17,22,0.8901379662749106,1.4019037646489945,person,0.7652851939201355,261.0,177.0,288.0,246.0,1218,axis_right,261.0,190.0,mask PCA skeleton + low contact point,generated_videos/control_points_3_traffic.mp4
81,3,17,22,0.8901379662749106,1.4019037646489945,person,0.7652851939201355,261.0,177.0,288.0,246.0,1218,contact_low,272.0,240.0,mask PCA skeleton + low contact point,generated_videos/control_points_3_traffic.mp4
81,6,19,5,0.8461538461538461,1.6954150236057295,person,0.6529826521873474,274.0,52.0,285.0,84.0,318,centroid,278.8553466796875,66.98113250732422,mask PCA skeleton + low contact point,generated_videos/control_points_3_traffic.mp4
81,6,19,5,0.8461538461538461,1.6954150236057295,person,0.6529826521873474,274.0,52.0,285.0,84.0,318,axis_front,279.0,83.0,mask PCA skeleton + low contact point,generated_videos/control_points_3_traffic.mp4
81,6,19,5,0.8461538461538461,1.6954150236057295,person,0.6529826521873474,274.0,52.0,285.0,84.0,318,axis_back,283.0,52.0,mask PCA skeleton + low contact point,generated_videos/control_points_3_traffic.mp4
81,6,19,5,0.8461538461538461,1.6954150236057295,person,0.6529826521873474,274.0,52.0,285.0,84.0,318,axis_left,284.0,67.0,mask PCA skeleton + low contact point,generated_videos/control_points_3_traffic.mp4
81,6,19,5,0.8461538461538461,1.6954150236057295,person,0.6529826521873474,274.0,52.0,285.0,84.0,318,axis_right,274.0,56.0,mask PCA skeleton + low contact point,generated_videos/control_points_3_traffic.mp4
81,6,19,5,0.8461538461538461,1.6954150236057295,person,0.6529826521873474,274.0,52.0,285.0,84.0,318,contact_low,280.0,81.0,mask PCA skeleton + low contact point,generated_videos/control_points_3_traffic.mp4
82,7,0,83,1.0,0.03438144444532986,truck,0.6286970973014832,653.0,45.0,724.0,101.0,3385,centroid,686.2732543945312,71.10015106201172,mask PCA skeleton + low contact point,generated_videos/control_points_3_traffic.mp4
82,7,0,83,1.0,0.03438144444532986,truck,0.6286970973014832,653.0,45.0,724.0,101.0,3385,axis_front,653.0,54.0,mask PCA skeleton + low contact point,generated_videos/control_points_3_traffic.mp4
82,7,0,83,1.0,0.03438144444532986,truck,0.6286970973014832,653.0,45.0,724.0,101.0,3385,axis_back,723.0,85.0,mask PCA skeleton + low contact point,generated_videos/control_points_3_traffic.mp4
82,7,0,83,1.0,0.03438144444532986,truck,0.6286970973014832,653.0,45.0,724.0,101.0,3385,axis_left,696.0,100.0,mask PCA skeleton + low contact point,generated_videos/control_points_3_traffic.mp4
82,7,0,83,1.0,0.03438144444532986,truck,0.6286970973014832,653.0,45.0,724.0,101.0,3385,axis_right,709.0,45.0,mask PCA skeleton + low contact point,generated_videos/control_points_3_traffic.mp4
82,7,0,83,1.0,0.03438144444532986,truck,0.6286970973014832,653.0,45.0,724.0,101.0,3385,contact_low,688.0,93.0,mask PCA skeleton + low contact point,generated_videos/control_points_3_traffic.mp4
82,2,15,44,0.8327825512227363,4.270248414301597,person,0.8261687159538269,568.0,186.0,596.0,280.0,1744,centroid,580.8016357421875,227.91456604003906,mask PCA skeleton + low contact point,generated_videos/control_points_3_traffic.mp4
82,2,15,44,0.8327825512227363,4.270248414301597,person,0.8261687159538269,568.0,186.0,596.0,280.0,1744,axis_front,582.0,279.0,mask PCA skeleton + low contact point,generated_videos/control_points_3_traffic.mp4
82,2,15,44,0.8327825512227363,4.270248414301597,person,0.8261687159538269,568.0,186.0,596.0,280.0,1744,axis_back,586.0,186.0,mask PCA skeleton + low contact point,generated_videos/control_points_3_traffic.mp4
82,2,15,44,0.8327825512227363,4.270248414301597,person,0.8261687159538269,568.0,186.0,596.0,280.0,1744,axis_left,595.0,231.0,mask PCA skeleton + low contact point,generated_videos/control_points_3_traffic.mp4
82,2,15,44,0.8327825512227363,4.270248414301597,person,0.8261687159538269,568.0,186.0,596.0,280.0,1744,axis_right,568.0,206.0,mask PCA skeleton + low contact point,generated_videos/control_points_3_traffic.mp4
82,2,15,44,0.8327825512227363,4.270248414301597,person,0.8261687159538269,568.0,186.0,596.0,280.0,1744,contact_low,581.0,269.0,mask PCA skeleton + low contact point,generated_videos/control_points_3_traffic.mp4
82,0,7,73,0.932336742722266,1.610337228943882,person,0.858403742313385,447.0,172.0,477.0,251.0,1503,centroid,461.45709228515625,207.6699981689453,mask PCA skeleton + low contact point,generated_videos/control_points_3_traffic.mp4
82,0,7,73,0.932336742722266,1.610337228943882,person,0.858403742313385,447.0,172.0,477.0,251.0,1503,axis_front,464.0,250.0,mask PCA skeleton + low contact point,generated_videos/control_points_3_traffic.mp4
82,0,7,73,0.932336742722266,1.610337228943882,person,0.858403742313385,447.0,172.0,477.0,251.0,1503,axis_back,455.0,172.0,mask PCA skeleton + low contact point,generated_videos/control_points_3_traffic.mp4
82,0,7,73,0.932336742722266,1.610337228943882,person,0.858403742313385,447.0,172.0,477.0,251.0,1503,axis_left,476.0,192.0,mask PCA skeleton + low contact point,generated_videos/control_points_3_traffic.mp4
82,0,7,73,0.932336742722266,1.610337228943882,person,0.858403742313385,447.0,172.0,477.0,251.0,1503,axis_right,447.0,214.0,mask PCA skeleton + low contact point,generated_videos/control_points_3_traffic.mp4
82,0,7,73,0.932336742722266,1.610337228943882,person,0.858403742313385,447.0,172.0,477.0,251.0,1503,contact_low,462.0,242.0,mask PCA skeleton + low contact point,generated_videos/control_points_3_traffic.mp4
82,1,10,66,0.8048780487804879,2.4478993161122955,person,0.8372645378112793,479.0,174.0,503.0,249.0,1479,centroid,490.3279113769531,210.01824951171875,mask PCA skeleton + low contact point,generated_videos/control_points_3_traffic.mp4
82,1,10,66,0.8048780487804879,2.4478993161122955,person,0.8372645378112793,479.0,174.0,503.0,249.0,1479,axis_front,480.0,248.0,mask PCA skeleton + low contact point,generated_videos/control_points_3_traffic.mp4
82,1,10,66,0.8048780487804879,2.4478993161122955,person,0.8372645378112793,479.0,174.0,503.0,249.0,1479,axis_back,496.0,174.0,mask PCA skeleton + low contact point,generated_videos/control_points_3_traffic.mp4
82,1,10,66,0.8048780487804879,2.4478993161122955,person,0.8372645378112793,479.0,174.0,503.0,249.0,1479,axis_left,502.0,220.0,mask PCA skeleton + low contact point,generated_videos/control_points_3_traffic.mp4
82,1,10,66,0.8048780487804879,2.4478993161122955,person,0.8372645378112793,479.0,174.0,503.0,249.0,1479,axis_right,479.0,188.0,mask PCA skeleton + low contact point,generated_videos/control_points_3_traffic.mp4
82,1,10,66,0.8048780487804879,2.4478993161122955,person,0.8372645378112793,479.0,174.0,503.0,249.0,1479,contact_low,486.0,242.0,mask PCA skeleton + low contact point,generated_videos/control_points_3_traffic.mp4
82,3,4,83,1.0,0.07432682645801655,car,0.7384730577468872,735.0,52.0,768.0,93.0,1283,centroid,751.469970703125,72.1356201171875,mask PCA skeleton + low contact point,generated_videos/control_points_3_traffic.mp4
82,3,4,83,1.0,0.07432682645801655,car,0.7384730577468872,735.0,52.0,768.0,93.0,1283,axis_front,736.0,92.0,mask PCA skeleton + low contact point,generated_videos/control_points_3_traffic.mp4
82,3,4,83,1.0,0.07432682645801655,car,0.7384730577468872,735.0,52.0,768.0,93.0,1283,axis_back,767.0,52.0,mask PCA skeleton + low contact point,generated_videos/control_points_3_traffic.mp4
82,3,4,83,1.0,0.07432682645801655,car,0.7384730577468872,735.0,52.0,768.0,93.0,1283,axis_left,767.0,92.0,mask PCA skeleton + low contact point,generated_videos/control_points_3_traffic.mp4
82,3,4,83,1.0,0.07432682645801655,car,0.7384730577468872,735.0,52.0,768.0,93.0,1283,axis_right,735.0,62.0,mask PCA skeleton + low contact point,generated_videos/control_points_3_traffic.mp4
82,3,4,83,1.0,0.07432682645801655,car,0.7384730577468872,735.0,52.0,768.0,93.0,1283,contact_low,749.0,90.0,mask PCA skeleton + low contact point,generated_videos/control_points_3_traffic.mp4
82,4,17,23,0.8280565026790063,4.013383004296377,person,0.7348235845565796,263.0,178.0,290.0,248.0,1277,centroid,276.0164489746094,210.07595825195312,mask PCA skeleton + low contact point,generated_videos/control_points_3_traffic.mp4
82,4,17,23,0.8280565026790063,4.013383004296377,person,0.7348235845565796,263.0,178.0,290.0,248.0,1277,axis_front,284.0,247.0,mask PCA skeleton + low contact point,generated_videos/control_points_3_traffic.mp4
82,4,17,23,0.8280565026790063,4.013383004296377,person,0.7348235845565796,263.0,178.0,290.0,248.0,1277,axis_back,269.0,178.0,mask PCA skeleton + low contact point,generated_videos/control_points_3_traffic.mp4
82,4,17,23,0.8280565026790063,4.013383004296377,person,0.7348235845565796,263.0,178.0,290.0,248.0,1277,axis_left,289.0,195.0,mask PCA skeleton + low contact point,generated_videos/control_points_3_traffic.mp4
82,4,17,23,0.8280565026790063,4.013383004296377,person,0.7348235845565796,263.0,178.0,290.0,248.0,1277,axis_right,263.0,209.0,mask PCA skeleton + low contact point,generated_videos/control_points_3_traffic.mp4
82,4,17,23,0.8280565026790063,4.013383004296377,person,0.7348235845565796,263.0,178.0,290.0,248.0,1277,contact_low,279.0,241.0,mask PCA skeleton + low contact point,generated_videos/control_points_3_traffic.mp4
82,5,8,66,0.8875739644970414,2.2564871659076546,person,0.7331204414367676,376.0,183.0,396.0,260.0,1152,centroid,385.9322814941406,221.12152099609375,mask PCA skeleton + low contact point,generated_videos/control_points_3_traffic.mp4
82,5,8,66,0.8875739644970414,2.2564871659076546,person,0.7331204414367676,376.0,183.0,396.0,260.0,1152,axis_front,393.0,259.0,mask PCA skeleton + low contact point,generated_videos/control_points_3_traffic.mp4
82,5,8,66,0.8875739644970414,2.2564871659076546,person,0.7331204414367676,376.0,183.0,396.0,260.0,1152,axis_back,382.0,183.0,mask PCA skeleton + low contact point,generated_videos/control_points_3_traffic.mp4
82,5,8,66,0.8875739644970414,2.2564871659076546,person,0.7331204414367676,376.0,183.0,396.0,260.0,1152,axis_left,395.0,226.0,mask PCA skeleton + low contact point,generated_videos/control_points_3_traffic.mp4
82,5,8,66,0.8875739644970414,2.2564871659076546,person,0.7331204414367676,376.0,183.0,396.0,260.0,1152,axis_right,376.0,219.0,mask PCA skeleton + low contact point,generated_videos/control_points_3_traffic.mp4
82,5,8,66,0.8875739644970414,2.2564871659076546,person,0.7331204414367676,376.0,183.0,396.0,260.0,1152,contact_low,387.0,255.0,mask PCA skeleton + low contact point,generated_videos/control_points_3_traffic.mp4
82,6,19,6,0.484375,4.301514886339041,person,0.6487147808074951,270.0,53.0,282.0,87.0,374,centroid,275.40374755859375,69.54812622070312,mask PCA skeleton + low contact point,generated_videos/control_points_3_traffic.mp4
82,6,19,6,0.484375,4.301514886339041,person,0.6487147808074951,270.0,53.0,282.0,87.0,374,axis_front,270.0,86.0,mask PCA skeleton + low contact point,generated_videos/control_points_3_traffic.mp4
82,6,19,6,0.484375,4.301514886339041,person,0.6487147808074951,270.0,53.0,282.0,87.0,374,axis_back,279.0,53.0,mask PCA skeleton + low contact point,generated_videos/control_points_3_traffic.mp4
82,6,19,6,0.484375,4.301514886339041,person,0.6487147808074951,270.0,53.0,282.0,87.0,374,axis_left,281.0,85.0,mask PCA skeleton + low contact point,generated_videos/control_points_3_traffic.mp4
82,6,19,6,0.484375,4.301514886339041,person,0.6487147808074951,270.0,53.0,282.0,87.0,374,axis_right,270.0,57.0,mask PCA skeleton + low contact point,generated_videos/control_points_3_traffic.mp4
82,6,19,6,0.484375,4.301514886339041,person,0.6487147808074951,270.0,53.0,282.0,87.0,374,contact_low,273.0,84.0,mask PCA skeleton + low contact point,generated_videos/control_points_3_traffic.mp4
83,7,0,84,1.0,0.04214144029653624,truck,0.6276057362556458,653.0,45.0,724.0,101.0,3383,centroid,686.2828979492188,71.05912017822266,mask PCA skeleton + low contact point,generated_videos/control_points_3_traffic.mp4
83,7,0,84,1.0,0.04214144029653624,truck,0.6276057362556458,653.0,45.0,724.0,101.0,3383,axis_front,653.0,54.0,mask PCA skeleton + low contact point,generated_videos/control_points_3_traffic.mp4
83,7,0,84,1.0,0.04214144029653624,truck,0.6276057362556458,653.0,45.0,724.0,101.0,3383,axis_back,723.0,85.0,mask PCA skeleton + low contact point,generated_videos/control_points_3_traffic.mp4
83,7,0,84,1.0,0.04214144029653624,truck,0.6276057362556458,653.0,45.0,724.0,101.0,3383,axis_left,696.0,100.0,mask PCA skeleton + low contact point,generated_videos/control_points_3_traffic.mp4
83,7,0,84,1.0,0.04214144029653624,truck,0.6276057362556458,653.0,45.0,724.0,101.0,3383,axis_right,709.0,45.0,mask PCA skeleton + low contact point,generated_videos/control_points_3_traffic.mp4
83,7,0,84,1.0,0.04214144029653624,truck,0.6276057362556458,653.0,45.0,724.0,101.0,3383,contact_low,688.0,93.0,mask PCA skeleton + low contact point,generated_videos/control_points_3_traffic.mp4
83,0,15,45,0.8778054862842892,2.683815032428533,person,0.8228006362915039,567.0,183.0,596.0,274.0,1825,centroid,579.591796875,225.51890563964844,mask PCA skeleton + low contact point,generated_videos/control_points_3_traffic.mp4
83,0,15,45,0.8778054862842892,2.683815032428533,person,0.8228006362915039,567.0,183.0,596.0,274.0,1825,axis_front,573.0,273.0,mask PCA skeleton + low contact point,generated_videos/control_points_3_traffic.mp4
83,0,15,45,0.8778054862842892,2.683815032428533,person,0.8228006362915039,567.0,183.0,596.0,274.0,1825,axis_back,586.0,183.0,mask PCA skeleton + low contact point,generated_videos/control_points_3_traffic.mp4
83,0,15,45,0.8778054862842892,2.683815032428533,person,0.8228006362915039,567.0,183.0,596.0,274.0,1825,axis_left,595.0,225.0,mask PCA skeleton + low contact point,generated_videos/control_points_3_traffic.mp4
83,0,15,45,0.8778054862842892,2.683815032428533,person,0.8228006362915039,567.0,183.0,596.0,274.0,1825,axis_right,567.0,206.0,mask PCA skeleton + low contact point,generated_videos/control_points_3_traffic.mp4
83,0,15,45,0.8778054862842892,2.683815032428533,person,0.8228006362915039,567.0,183.0,596.0,274.0,1825,contact_low,576.0,265.0,mask PCA skeleton + low contact point,generated_videos/control_points_3_traffic.mp4
83,1,7,74,0.8990825688073395,1.8259412472482124,person,0.8134642839431763,449.0,171.0,477.0,249.0,1505,centroid,462.72027587890625,206.35150146484375,mask PCA skeleton + low contact point,generated_videos/control_points_3_traffic.mp4
83,1,7,74,0.8990825688073395,1.8259412472482124,person,0.8134642839431763,449.0,171.0,477.0,249.0,1505,axis_front,467.0,248.0,mask PCA skeleton + low contact point,generated_videos/control_points_3_traffic.mp4
83,1,7,74,0.8990825688073395,1.8259412472482124,person,0.8134642839431763,449.0,171.0,477.0,249.0,1505,axis_back,455.0,171.0,mask PCA skeleton + low contact point,generated_videos/control_points_3_traffic.mp4
83,1,7,74,0.8990825688073395,1.8259412472482124,person,0.8134642839431763,449.0,171.0,477.0,249.0,1505,axis_left,476.0,192.0,mask PCA skeleton + low contact point,generated_videos/control_points_3_traffic.mp4
83,1,7,74,0.8990825688073395,1.8259412472482124,person,0.8134642839431763,449.0,171.0,477.0,249.0,1505,axis_right,449.0,212.0,mask PCA skeleton + low contact point,generated_videos/control_points_3_traffic.mp4
83,1,7,74,0.8990825688073395,1.8259412472482124,person,0.8134642839431763,449.0,171.0,477.0,249.0,1505,contact_low,465.0,240.0,mask PCA skeleton + low contact point,generated_videos/control_points_3_traffic.mp4
83,2,10,67,0.8967334035827187,2.1408601226663597,person,0.8032024502754211,480.0,173.0,504.0,248.0,1468,centroid,491.7472839355469,208.41552734375,mask PCA skeleton + low contact point,generated_videos/control_points_3_traffic.mp4
83,2,10,67,0.8967334035827187,2.1408601226663597,person,0.8032024502754211,480.0,173.0,504.0,248.0,1468,axis_front,480.0,247.0,mask PCA skeleton + low contact point,generated_videos/control_points_3_traffic.mp4
83,2,10,67,0.8967334035827187,2.1408601226663597,person,0.8032024502754211,480.0,173.0,504.0,248.0,1468,axis_back,497.0,173.0,mask PCA skeleton + low contact point,generated_videos/control_points_3_traffic.mp4
83,2,10,67,0.8967334035827187,2.1408601226663597,person,0.8032024502754211,480.0,173.0,504.0,248.0,1468,axis_left,503.0,219.0,mask PCA skeleton + low contact point,generated_videos/control_points_3_traffic.mp4
83,2,10,67,0.8967334035827187,2.1408601226663597,person,0.8032024502754211,480.0,173.0,504.0,248.0,1468,axis_right,480.0,186.0,mask PCA skeleton + low contact point,generated_videos/control_points_3_traffic.mp4
83,2,10,67,0.8967334035827187,2.1408601226663597,person,0.8032024502754211,480.0,173.0,504.0,248.0,1468,contact_low,485.0,241.0,mask PCA skeleton + low contact point,generated_videos/control_points_3_traffic.mp4
83,4,4,84,1.0,0.0,car,0.736813485622406,735.0,52.0,768.0,93.0,1283,centroid,751.469970703125,72.1356201171875,mask PCA skeleton + low contact point,generated_videos/control_points_3_traffic.mp4
83,4,4,84,1.0,0.0,car,0.736813485622406,735.0,52.0,768.0,93.0,1283,axis_front,736.0,92.0,mask PCA skeleton + low contact point,generated_videos/control_points_3_traffic.mp4
83,4,4,84,1.0,0.0,car,0.736813485622406,735.0,52.0,768.0,93.0,1283,axis_back,767.0,52.0,mask PCA skeleton + low contact point,generated_videos/control_points_3_traffic.mp4
83,4,4,84,1.0,0.0,car,0.736813485622406,735.0,52.0,768.0,93.0,1283,axis_left,767.0,92.0,mask PCA skeleton + low contact point,generated_videos/control_points_3_traffic.mp4
83,4,4,84,1.0,0.0,car,0.736813485622406,735.0,52.0,768.0,93.0,1283,axis_right,735.0,62.0,mask PCA skeleton + low contact point,generated_videos/control_points_3_traffic.mp4
83,4,4,84,1.0,0.0,car,0.736813485622406,735.0,52.0,768.0,93.0,1283,contact_low,749.0,90.0,mask PCA skeleton + low contact point,generated_videos/control_points_3_traffic.mp4
83,3,17,24,0.8275862068965517,2.239076656715653,person,0.7444395422935486,266.0,178.0,292.0,248.0,1238,centroid,278.25445556640625,210.00645446777344,mask PCA skeleton + low contact point,generated_videos/control_points_3_traffic.mp4
83,3,17,24,0.8275862068965517,2.239076656715653,person,0.7444395422935486,266.0,178.0,292.0,248.0,1238,axis_front,284.0,247.0,mask PCA skeleton + low contact point,generated_videos/control_points_3_traffic.mp4
83,3,17,24,0.8275862068965517,2.239076656715653,person,0.7444395422935486,266.0,178.0,292.0,248.0,1238,axis_back,272.0,178.0,mask PCA skeleton + low contact point,generated_videos/control_points_3_traffic.mp4
83,3,17,24,0.8275862068965517,2.239076656715653,person,0.7444395422935486,266.0,178.0,292.0,248.0,1238,axis_left,291.0,197.0,mask PCA skeleton + low contact point,generated_videos/control_points_3_traffic.mp4
83,3,17,24,0.8275862068965517,2.239076656715653,person,0.7444395422935486,266.0,178.0,292.0,248.0,1238,axis_right,266.0,212.0,mask PCA skeleton + low contact point,generated_videos/control_points_3_traffic.mp4
83,3,17,24,0.8275862068965517,2.239076656715653,person,0.7444395422935486,266.0,178.0,292.0,248.0,1238,contact_low,280.0,241.0,mask PCA skeleton + low contact point,generated_videos/control_points_3_traffic.mp4
83,5,8,67,0.8636363636363636,0.27669515589876054,person,0.7342943549156189,377.0,183.0,398.0,260.0,1125,centroid,386.2088928222656,221.12889099121094,mask PCA skeleton + low contact point,generated_videos/control_points_3_traffic.mp4
83,5,8,67,0.8636363636363636,0.27669515589876054,person,0.7342943549156189,377.0,183.0,398.0,260.0,1125,axis_front,393.0,259.0,mask PCA skeleton + low contact point,generated_videos/control_points_3_traffic.mp4
83,5,8,67,0.8636363636363636,0.27669515589876054,person,0.7342943549156189,377.0,183.0,398.0,260.0,1125,axis_back,382.0,183.0,mask PCA skeleton + low contact point,generated_videos/control_points_3_traffic.mp4
83,5,8,67,0.8636363636363636,0.27669515589876054,person,0.7342943549156189,377.0,183.0,398.0,260.0,1125,axis_left,397.0,256.0,mask PCA skeleton + low contact point,generated_videos/control_points_3_traffic.mp4
83,5,8,67,0.8636363636363636,0.27669515589876054,person,0.7342943549156189,377.0,183.0,398.0,260.0,1125,axis_right,377.0,219.0,mask PCA skeleton + low contact point,generated_videos/control_points_3_traffic.mp4
83,5,8,67,0.8636363636363636,0.27669515589876054,person,0.7342943549156189,377.0,183.0,398.0,260.0,1125,contact_low,388.0,256.0,mask PCA skeleton + low contact point,generated_videos/control_points_3_traffic.mp4
83,6,19,7,0.8354430379746836,1.9386899576496652,person,0.6615456342697144,268.0,54.0,282.0,87.0,373,centroid,273.576416015625,70.19570922851562,mask PCA skeleton + low contact point,generated_videos/control_points_3_traffic.mp4
83,6,19,7,0.8354430379746836,1.9386899576496652,person,0.6615456342697144,268.0,54.0,282.0,87.0,373,axis_front,272.0,86.0,mask PCA skeleton + low contact point,generated_videos/control_points_3_traffic.mp4
83,6,19,7,0.8354430379746836,1.9386899576496652,person,0.6615456342697144,268.0,54.0,282.0,87.0,373,axis_back,269.0,54.0,mask PCA skeleton + low contact point,generated_videos/control_points_3_traffic.mp4
83,6,19,7,0.8354430379746836,1.9386899576496652,person,0.6615456342697144,268.0,54.0,282.0,87.0,373,axis_left,281.0,77.0,mask PCA skeleton + low contact point,generated_videos/control_points_3_traffic.mp4
83,6,19,7,0.8354430379746836,1.9386899576496652,person,0.6615456342697144,268.0,54.0,282.0,87.0,373,axis_right,268.0,86.0,mask PCA skeleton + low contact point,generated_videos/control_points_3_traffic.mp4
83,6,19,7,0.8354430379746836,1.9386899576496652,person,0.6615456342697144,268.0,54.0,282.0,87.0,373,contact_low,271.0,84.0,mask PCA skeleton + low contact point,generated_videos/control_points_3_traffic.mp4
84,7,0,85,1.0,0.021794885053949754,truck,0.6369901299476624,653.0,45.0,724.0,101.0,3387,centroid,686.2837524414062,71.08089447021484,mask PCA skeleton + low contact point,generated_videos/control_points_3_traffic.mp4
84,7,0,85,1.0,0.021794885053949754,truck,0.6369901299476624,653.0,45.0,724.0,101.0,3387,axis_front,653.0,54.0,mask PCA skeleton + low contact point,generated_videos/control_points_3_traffic.mp4
84,7,0,85,1.0,0.021794885053949754,truck,0.6369901299476624,653.0,45.0,724.0,101.0,3387,axis_back,723.0,85.0,mask PCA skeleton + low contact point,generated_videos/control_points_3_traffic.mp4
84,7,0,85,1.0,0.021794885053949754,truck,0.6369901299476624,653.0,45.0,724.0,101.0,3387,axis_left,696.0,100.0,mask PCA skeleton + low contact point,generated_videos/control_points_3_traffic.mp4
84,7,0,85,1.0,0.021794885053949754,truck,0.6369901299476624,653.0,45.0,724.0,101.0,3387,axis_right,709.0,45.0,mask PCA skeleton + low contact point,generated_videos/control_points_3_traffic.mp4
84,7,0,85,1.0,0.021794885053949754,truck,0.6369901299476624,653.0,45.0,724.0,101.0,3387,contact_low,688.0,93.0,mask PCA skeleton + low contact point,generated_videos/control_points_3_traffic.mp4
84,0,15,46,0.9157894736842105,0.6534599682998676,person,0.8282013535499573,566.0,182.0,597.0,273.0,1915,centroid,578.9451904296875,225.42454528808594,mask PCA skeleton + low contact point,generated_videos/control_points_3_traffic.mp4
84,0,15,46,0.9157894736842105,0.6534599682998676,person,0.8282013535499573,566.0,182.0,597.0,273.0,1915,axis_front,575.0,272.0,mask PCA skeleton + low contact point,generated_videos/control_points_3_traffic.mp4
84,0,15,46,0.9157894736842105,0.6534599682998676,person,0.8282013535499573,566.0,182.0,597.0,273.0,1915,axis_back,585.0,182.0,mask PCA skeleton + low contact point,generated_videos/control_points_3_traffic.mp4
84,0,15,46,0.9157894736842105,0.6534599682998676,person,0.8282013535499573,566.0,182.0,597.0,273.0,1915,axis_left,596.0,215.0,mask PCA skeleton + low contact point,generated_videos/control_points_3_traffic.mp4
84,0,15,46,0.9157894736842105,0.6534599682998676,person,0.8282013535499573,566.0,182.0,597.0,273.0,1915,axis_right,566.0,208.0,mask PCA skeleton + low contact point,generated_videos/control_points_3_traffic.mp4
84,0,15,46,0.9157894736842105,0.6534599682998676,person,0.8282013535499573,566.0,182.0,597.0,273.0,1915,contact_low,575.0,265.0,mask PCA skeleton + low contact point,generated_videos/control_points_3_traffic.mp4
84,8,6,70,1.0,0.13483901169325266,boat,0.2695600986480713,69.0,498.0,160.0,528.0,1771,centroid,114.34725952148438,513.2552490234375,mask PCA skeleton + low contact point,generated_videos/control_points_3_traffic.mp4
84,8,6,70,1.0,0.13483901169325266,boat,0.2695600986480713,69.0,498.0,160.0,528.0,1771,axis_front,69.0,526.0,mask PCA skeleton + low contact point,generated_videos/control_points_3_traffic.mp4
84,8,6,70,1.0,0.13483901169325266,boat,0.2695600986480713,69.0,498.0,160.0,528.0,1771,axis_back,159.0,506.0,mask PCA skeleton + low contact point,generated_videos/control_points_3_traffic.mp4
84,8,6,70,1.0,0.13483901169325266,boat,0.2695600986480713,69.0,498.0,160.0,528.0,1771,axis_left,116.0,527.0,mask PCA skeleton + low contact point,generated_videos/control_points_3_traffic.mp4
84,8,6,70,1.0,0.13483901169325266,boat,0.2695600986480713,69.0,498.0,160.0,528.0,1771,axis_right,116.0,498.0,mask PCA skeleton + low contact point,generated_videos/control_points_3_traffic.mp4
84,8,6,70,1.0,0.13483901169325266,boat,0.2695600986480713,69.0,498.0,160.0,528.0,1771,contact_low,95.0,526.0,mask PCA skeleton + low contact point,generated_videos/control_points_3_traffic.mp4
84,2,7,75,0.8531169940222032,2.112984585620066,person,0.8025062084197998,450.0,168.0,478.0,245.0,1517,centroid,463.2887268066406,204.31642150878906,mask PCA skeleton + low contact point,generated_videos/control_points_3_traffic.mp4
84,2,7,75,0.8531169940222032,2.112984585620066,person,0.8025062084197998,450.0,168.0,478.0,245.0,1517,axis_front,469.0,244.0,mask PCA skeleton + low contact point,generated_videos/control_points_3_traffic.mp4
84,2,7,75,0.8531169940222032,2.112984585620066,person,0.8025062084197998,450.0,168.0,478.0,245.0,1517,axis_back,456.0,168.0,mask PCA skeleton + low contact point,generated_videos/control_points_3_traffic.mp4
84,2,7,75,0.8531169940222032,2.112984585620066,person,0.8025062084197998,450.0,168.0,478.0,245.0,1517,axis_left,477.0,189.0,mask PCA skeleton + low contact point,generated_videos/control_points_3_traffic.mp4
84,2,7,75,0.8531169940222032,2.112984585620066,person,0.8025062084197998,450.0,168.0,478.0,245.0,1517,axis_right,450.0,209.0,mask PCA skeleton + low contact point,generated_videos/control_points_3_traffic.mp4
84,2,7,75,0.8531169940222032,2.112984585620066,person,0.8025062084197998,450.0,168.0,478.0,245.0,1517,contact_low,465.0,237.0,mask PCA skeleton + low contact point,generated_videos/control_points_3_traffic.mp4
84,1,10,68,0.7241379310344828,2.598287919585682,person,0.804478645324707,483.0,173.0,508.0,245.0,1392,centroid,494.1041564941406,207.32183837890625,mask PCA skeleton + low contact point,generated_videos/control_points_3_traffic.mp4
84,1,10,68,0.7241379310344828,2.598287919585682,person,0.804478645324707,483.0,173.0,508.0,245.0,1392,axis_front,490.0,244.0,mask PCA skeleton + low contact point,generated_videos/control_points_3_traffic.mp4
84,1,10,68,0.7241379310344828,2.598287919585682,person,0.804478645324707,483.0,173.0,508.0,245.0,1392,axis_back,488.0,173.0,mask PCA skeleton + low contact point,generated_videos/control_points_3_traffic.mp4
84,1,10,68,0.7241379310344828,2.598287919585682,person,0.804478645324707,483.0,173.0,508.0,245.0,1392,axis_left,507.0,208.0,mask PCA skeleton + low contact point,generated_videos/control_points_3_traffic.mp4
84,1,10,68,0.7241379310344828,2.598287919585682,person,0.804478645324707,483.0,173.0,508.0,245.0,1392,axis_right,483.0,208.0,mask PCA skeleton + low contact point,generated_videos/control_points_3_traffic.mp4
84,1,10,68,0.7241379310344828,2.598287919585682,person,0.804478645324707,483.0,173.0,508.0,245.0,1392,contact_low,492.0,239.0,mask PCA skeleton + low contact point,generated_videos/control_points_3_traffic.mp4
84,6,17,25,0.9007832898172323,2.4537396466745403,person,0.6731904745101929,267.0,179.0,293.0,249.0,1305,centroid,280.359375,211.26742553710938,mask PCA skeleton + low contact point,generated_videos/control_points_3_traffic.mp4
84,6,17,25,0.9007832898172323,2.4537396466745403,person,0.6731904745101929,267.0,179.0,293.0,249.0,1305,axis_front,285.0,248.0,mask PCA skeleton + low contact point,generated_videos/control_points_3_traffic.mp4
84,6,17,25,0.9007832898172323,2.4537396466745403,person,0.6731904745101929,267.0,179.0,293.0,249.0,1305,axis_back,274.0,179.0,mask PCA skeleton + low contact point,generated_videos/control_points_3_traffic.mp4
84,6,17,25,0.9007832898172323,2.4537396466745403,person,0.6731904745101929,267.0,179.0,293.0,249.0,1305,axis_left,292.0,197.0,mask PCA skeleton + low contact point,generated_videos/control_points_3_traffic.mp4
84,6,17,25,0.9007832898172323,2.4537396466745403,person,0.6731904745101929,267.0,179.0,293.0,249.0,1305,axis_right,267.0,211.0,mask PCA skeleton + low contact point,generated_videos/control_points_3_traffic.mp4
84,6,17,25,0.9007832898172323,2.4537396466745403,person,0.6731904745101929,267.0,179.0,293.0,249.0,1305,contact_low,282.0,242.0,mask PCA skeleton + low contact point,generated_videos/control_points_3_traffic.mp4
84,3,4,85,1.0,0.06161777826666978,car,0.7379551529884338,735.0,52.0,768.0,93.0,1287,centroid,751.44677734375,72.19269561767578,mask PCA skeleton + low contact point,generated_videos/control_points_3_traffic.mp4
84,3,4,85,1.0,0.06161777826666978,car,0.7379551529884338,735.0,52.0,768.0,93.0,1287,axis_front,736.0,92.0,mask PCA skeleton + low contact point,generated_videos/control_points_3_traffic.mp4
84,3,4,85,1.0,0.06161777826666978,car,0.7379551529884338,735.0,52.0,768.0,93.0,1287,axis_back,767.0,52.0,mask PCA skeleton + low contact point,generated_videos/control_points_3_traffic.mp4
84,3,4,85,1.0,0.06161777826666978,car,0.7379551529884338,735.0,52.0,768.0,93.0,1287,axis_left,767.0,92.0,mask PCA skeleton + low contact point,generated_videos/control_points_3_traffic.mp4
84,3,4,85,1.0,0.06161777826666978,car,0.7379551529884338,735.0,52.0,768.0,93.0,1287,axis_right,735.0,62.0,mask PCA skeleton + low contact point,generated_videos/control_points_3_traffic.mp4
84,3,4,85,1.0,0.06161777826666978,car,0.7379551529884338,735.0,52.0,768.0,93.0,1287,contact_low,749.0,90.0,mask PCA skeleton + low contact point,generated_videos/control_points_3_traffic.mp4
84,5,8,68,0.9871794871794872,1.5199578194020762,person,0.70888352394104,377.0,182.0,398.0,260.0,1115,centroid,386.1982116699219,219.6089630126953,mask PCA skeleton + low contact point,generated_videos/control_points_3_traffic.mp4
84,5,8,68,0.9871794871794872,1.5199578194020762,person,0.70888352394104,377.0,182.0,398.0,260.0,1115,axis_front,392.0,259.0,mask PCA skeleton + low contact point,generated_videos/control_points_3_traffic.mp4
84,5,8,68,0.9871794871794872,1.5199578194020762,person,0.70888352394104,377.0,182.0,398.0,260.0,1115,axis_back,383.0,182.0,mask PCA skeleton + low contact point,generated_videos/control_points_3_traffic.mp4
84,5,8,68,0.9871794871794872,1.5199578194020762,person,0.70888352394104,377.0,182.0,398.0,260.0,1115,axis_left,397.0,256.0,mask PCA skeleton + low contact point,generated_videos/control_points_3_traffic.mp4
84,5,8,68,0.9871794871794872,1.5199578194020762,person,0.70888352394104,377.0,182.0,398.0,260.0,1115,axis_right,377.0,219.0,mask PCA skeleton + low contact point,generated_videos/control_points_3_traffic.mp4
84,5,8,68,0.9871794871794872,1.5199578194020762,person,0.70888352394104,377.0,182.0,398.0,260.0,1115,contact_low,388.0,255.0,mask PCA skeleton + low contact point,generated_videos/control_points_3_traffic.mp4
84,4,19,8,0.75,1.7959361208648095,person,0.7246457934379578,266.0,54.0,280.0,87.0,366,centroid,271.78143310546875,70.25409698486328,mask PCA skeleton + low contact point,generated_videos/control_points_3_traffic.mp4
84,4,19,8,0.75,1.7959361208648095,person,0.7246457934379578,266.0,54.0,280.0,87.0,366,axis_front,273.0,86.0,mask PCA skeleton + low contact point,generated_videos/control_points_3_traffic.mp4
84,4,19,8,0.75,1.7959361208648095,person,0.7246457934379578,266.0,54.0,280.0,87.0,366,axis_back,268.0,54.0,mask PCA skeleton + low contact point,generated_videos/control_points_3_traffic.mp4
84,4,19,8,0.75,1.7959361208648095,person,0.7246457934379578,266.0,54.0,280.0,87.0,366,axis_left,279.0,80.0,mask PCA skeleton + low contact point,generated_videos/control_points_3_traffic.mp4
84,4,19,8,0.75,1.7959361208648095,person,0.7246457934379578,266.0,54.0,280.0,87.0,366,axis_right,266.0,80.0,mask PCA skeleton + low contact point,generated_videos/control_points_3_traffic.mp4
84,4,19,8,0.75,1.7959361208648095,person,0.7246457934379578,266.0,54.0,280.0,87.0,366,contact_low,272.0,83.0,mask PCA skeleton + low contact point,generated_videos/control_points_3_traffic.mp4
85,6,0,86,1.0,0.12931213748766993,truck,0.6311042308807373,653.0,45.0,724.0,101.0,3375,centroid,686.352294921875,70.97126007080078,mask PCA skeleton + low contact point,generated_videos/control_points_3_traffic.mp4
85,6,0,86,1.0,0.12931213748766993,truck,0.6311042308807373,653.0,45.0,724.0,101.0,3375,axis_front,653.0,54.0,mask PCA skeleton + low contact point,generated_videos/control_points_3_traffic.mp4
85,6,0,86,1.0,0.12931213748766993,truck,0.6311042308807373,653.0,45.0,724.0,101.0,3375,axis_back,723.0,85.0,mask PCA skeleton + low contact point,generated_videos/control_points_3_traffic.mp4
85,6,0,86,1.0,0.12931213748766993,truck,0.6311042308807373,653.0,45.0,724.0,101.0,3375,axis_left,696.0,100.0,mask PCA skeleton + low contact point,generated_videos/control_points_3_traffic.mp4
85,6,0,86,1.0,0.12931213748766993,truck,0.6311042308807373,653.0,45.0,724.0,101.0,3375,axis_right,709.0,45.0,mask PCA skeleton + low contact point,generated_videos/control_points_3_traffic.mp4
85,6,0,86,1.0,0.12931213748766993,truck,0.6311042308807373,653.0,45.0,724.0,101.0,3375,contact_low,689.0,93.0,mask PCA skeleton + low contact point,generated_videos/control_points_3_traffic.mp4
85,0,15,47,0.9371745921555016,3.461830584913529,person,0.819502592086792,566.0,180.0,596.0,272.0,1803,centroid,579.5219116210938,222.01109313964844,mask PCA skeleton + low contact point,generated_videos/control_points_3_traffic.mp4
85,0,15,47,0.9371745921555016,3.461830584913529,person,0.819502592086792,566.0,180.0,596.0,272.0,1803,axis_front,575.0,271.0,mask PCA skeleton + low contact point,generated_videos/control_points_3_traffic.mp4
85,0,15,47,0.9371745921555016,3.461830584913529,person,0.819502592086792,566.0,180.0,596.0,272.0,1803,axis_back,584.0,180.0,mask PCA skeleton + low contact point,generated_videos/control_points_3_traffic.mp4
85,0,15,47,0.9371745921555016,3.461830584913529,person,0.819502592086792,566.0,180.0,596.0,272.0,1803,axis_left,595.0,223.0,mask PCA skeleton + low contact point,generated_videos/control_points_3_traffic.mp4
85,0,15,47,0.9371745921555016,3.461830584913529,person,0.819502592086792,566.0,180.0,596.0,272.0,1803,axis_right,566.0,202.0,mask PCA skeleton + low contact point,generated_videos/control_points_3_traffic.mp4
85,0,15,47,0.9371745921555016,3.461830584913529,person,0.819502592086792,566.0,180.0,596.0,272.0,1803,contact_low,578.0,262.0,mask PCA skeleton + low contact point,generated_videos/control_points_3_traffic.mp4
85,1,7,76,0.8250428816466552,2.5506388107688958,person,0.7662615180015564,452.0,167.0,480.0,242.0,1567,centroid,465.5609436035156,203.15762329101562,mask PCA skeleton + low contact point,generated_videos/control_points_3_traffic.mp4
85,1,7,76,0.8250428816466552,2.5506388107688958,person,0.7662615180015564,452.0,167.0,480.0,242.0,1567,axis_front,465.0,241.0,mask PCA skeleton + low contact point,generated_videos/control_points_3_traffic.mp4
85,1,7,76,0.8250428816466552,2.5506388107688958,person,0.7662615180015564,452.0,167.0,480.0,242.0,1567,axis_back,459.0,167.0,mask PCA skeleton + low contact point,generated_videos/control_points_3_traffic.mp4
85,1,7,76,0.8250428816466552,2.5506388107688958,person,0.7662615180015564,452.0,167.0,480.0,242.0,1567,axis_left,479.0,190.0,mask PCA skeleton + low contact point,generated_videos/control_points_3_traffic.mp4
85,1,7,76,0.8250428816466552,2.5506388107688958,person,0.7662615180015564,452.0,167.0,480.0,242.0,1567,axis_right,452.0,202.0,mask PCA skeleton + low contact point,generated_videos/control_points_3_traffic.mp4
85,1,7,76,0.8250428816466552,2.5506388107688958,person,0.7662615180015564,452.0,167.0,480.0,242.0,1567,contact_low,465.0,235.0,mask PCA skeleton + low contact point,generated_videos/control_points_3_traffic.mp4
85,5,17,26,0.5452399685287176,7.766681189126199,person,0.6653299927711487,272.0,183.0,303.0,251.0,1425,centroid,285.865966796875,216.74456787109375,mask PCA skeleton + low contact point,generated_videos/control_points_3_traffic.mp4
85,5,17,26,0.5452399685287176,7.766681189126199,person,0.6653299927711487,272.0,183.0,303.0,251.0,1425,axis_front,296.0,250.0,mask PCA skeleton + low contact point,generated_videos/control_points_3_traffic.mp4
85,5,17,26,0.5452399685287176,7.766681189126199,person,0.6653299927711487,272.0,183.0,303.0,251.0,1425,axis_back,279.0,183.0,mask PCA skeleton + low contact point,generated_videos/control_points_3_traffic.mp4
85,5,17,26,0.5452399685287176,7.766681189126199,person,0.6653299927711487,272.0,183.0,303.0,251.0,1425,axis_left,302.0,246.0,mask PCA skeleton + low contact point,generated_videos/control_points_3_traffic.mp4
85,5,17,26,0.5452399685287176,7.766681189126199,person,0.6653299927711487,272.0,183.0,303.0,251.0,1425,axis_right,272.0,211.0,mask PCA skeleton + low contact point,generated_videos/control_points_3_traffic.mp4
85,5,17,26,0.5452399685287176,7.766681189126199,person,0.6653299927711487,272.0,183.0,303.0,251.0,1425,contact_low,294.0,245.0,mask PCA skeleton + low contact point,generated_videos/control_points_3_traffic.mp4
85,2,10,69,0.7990074441687345,4.920462414919389,person,0.7576395869255066,485.0,170.0,510.0,243.0,1289,centroid,496.1675720214844,202.85491943359375,mask PCA skeleton + low contact point,generated_videos/control_points_3_traffic.mp4
85,2,10,69,0.7990074441687345,4.920462414919389,person,0.7576395869255066,485.0,170.0,510.0,243.0,1289,axis_front,499.0,242.0,mask PCA skeleton + low contact point,generated_videos/control_points_3_traffic.mp4
85,2,10,69,0.7990074441687345,4.920462414919389,person,0.7576395869255066,485.0,170.0,510.0,243.0,1289,axis_back,489.0,170.0,mask PCA skeleton + low contact point,generated_videos/control_points_3_traffic.mp4
85,2,10,69,0.7990074441687345,4.920462414919389,person,0.7576395869255066,485.0,170.0,510.0,243.0,1289,axis_left,509.0,210.0,mask PCA skeleton + low contact point,generated_videos/control_points_3_traffic.mp4
85,2,10,69,0.7990074441687345,4.920462414919389,person,0.7576395869255066,485.0,170.0,510.0,243.0,1289,axis_right,485.0,213.0,mask PCA skeleton + low contact point,generated_videos/control_points_3_traffic.mp4
85,2,10,69,0.7990074441687345,4.920462414919389,person,0.7576395869255066,485.0,170.0,510.0,243.0,1289,contact_low,497.0,234.0,mask PCA skeleton + low contact point,generated_videos/control_points_3_traffic.mp4
85,4,4,86,1.0,0.0,car,0.7415475249290466,735.0,52.0,768.0,93.0,1287,centroid,751.44677734375,72.19269561767578,mask PCA skeleton + low contact point,generated_videos/control_points_3_traffic.mp4
85,4,4,86,1.0,0.0,car,0.7415475249290466,735.0,52.0,768.0,93.0,1287,axis_front,736.0,92.0,mask PCA skeleton + low contact point,generated_videos/control_points_3_traffic.mp4
85,4,4,86,1.0,0.0,car,0.7415475249290466,735.0,52.0,768.0,93.0,1287,axis_back,767.0,52.0,mask PCA skeleton + low contact point,generated_videos/control_points_3_traffic.mp4
85,4,4,86,1.0,0.0,car,0.7415475249290466,735.0,52.0,768.0,93.0,1287,axis_left,767.0,92.0,mask PCA skeleton + low contact point,generated_videos/control_points_3_traffic.mp4
85,4,4,86,1.0,0.0,car,0.7415475249290466,735.0,52.0,768.0,93.0,1287,axis_right,735.0,62.0,mask PCA skeleton + low contact point,generated_videos/control_points_3_traffic.mp4
85,4,4,86,1.0,0.0,car,0.7415475249290466,735.0,52.0,768.0,93.0,1287,contact_low,749.0,90.0,mask PCA skeleton + low contact point,generated_videos/control_points_3_traffic.mp4
85,3,8,69,0.853125,2.1320847268075473,person,0.7466171383857727,375.0,180.0,399.0,260.0,1277,centroid,386.7846374511719,217.5591278076172,mask PCA skeleton + low contact point,generated_videos/control_points_3_traffic.mp4
85,3,8,69,0.853125,2.1320847268075473,person,0.7466171383857727,375.0,180.0,399.0,260.0,1277,axis_front,393.0,259.0,mask PCA skeleton + low contact point,generated_videos/control_points_3_traffic.mp4
85,3,8,69,0.853125,2.1320847268075473,person,0.7466171383857727,375.0,180.0,399.0,260.0,1277,axis_back,384.0,180.0,mask PCA skeleton + low contact point,generated_videos/control_points_3_traffic.mp4
85,3,8,69,0.853125,2.1320847268075473,person,0.7466171383857727,375.0,180.0,399.0,260.0,1277,axis_left,398.0,206.0,mask PCA skeleton + low contact point,generated_videos/control_points_3_traffic.mp4
85,3,8,69,0.853125,2.1320847268075473,person,0.7466171383857727,375.0,180.0,399.0,260.0,1277,axis_right,375.0,215.0,mask PCA skeleton + low contact point,generated_videos/control_points_3_traffic.mp4
85,3,8,69,0.853125,2.1320847268075473,person,0.7466171383857727,375.0,180.0,399.0,260.0,1277,contact_low,389.0,254.0,mask PCA skeleton + low contact point,generated_videos/control_points_3_traffic.mp4
85,7,19,9,0.43564356435643564,4.276690088178804,person,0.5289555191993713,262.0,54.0,274.0,88.0,350,centroid,267.6171569824219,69.27999877929688,mask PCA skeleton + low contact point,generated_videos/control_points_3_traffic.mp4
85,7,19,9,0.43564356435643564,4.276690088178804,person,0.5289555191993713,262.0,54.0,274.0,88.0,350,axis_front,271.0,87.0,mask PCA skeleton + low contact point,generated_videos/control_points_3_traffic.mp4
85,7,19,9,0.43564356435643564,4.276690088178804,person,0.5289555191993713,262.0,54.0,274.0,88.0,350,axis_back,263.0,54.0,mask PCA skeleton + low contact point,generated_videos/control_points_3_traffic.mp4
85,7,19,9,0.43564356435643564,4.276690088178804,person,0.5289555191993713,262.0,54.0,274.0,88.0,350,axis_left,273.0,57.0,mask PCA skeleton + low contact point,generated_videos/control_points_3_traffic.mp4
85,7,19,9,0.43564356435643564,4.276690088178804,person,0.5289555191993713,262.0,54.0,274.0,88.0,350,axis_right,262.0,81.0,mask PCA skeleton + low contact point,generated_videos/control_points_3_traffic.mp4
85,7,19,9,0.43564356435643564,4.276690088178804,person,0.5289555191993713,262.0,54.0,274.0,88.0,350,contact_low,270.0,84.0,mask PCA skeleton + low contact point,generated_videos/control_points_3_traffic.mp4
86,6,0,87,1.0,0.052644191339293656,truck,0.6383039951324463,653.0,45.0,724.0,101.0,3383,centroid,686.3428955078125,71.02305603027344,mask PCA skeleton + low contact point,generated_videos/control_points_3_traffic.mp4
86,6,0,87,1.0,0.052644191339293656,truck,0.6383039951324463,653.0,45.0,724.0,101.0,3383,axis_front,653.0,54.0,mask PCA skeleton + low contact point,generated_videos/control_points_3_traffic.mp4
86,6,0,87,1.0,0.052644191339293656,truck,0.6383039951324463,653.0,45.0,724.0,101.0,3383,axis_back,723.0,85.0,mask PCA skeleton + low contact point,generated_videos/control_points_3_traffic.mp4
86,6,0,87,1.0,0.052644191339293656,truck,0.6383039951324463,653.0,45.0,724.0,101.0,3383,axis_left,696.0,100.0,mask PCA skeleton + low contact point,generated_videos/control_points_3_traffic.mp4
86,6,0,87,1.0,0.052644191339293656,truck,0.6383039951324463,653.0,45.0,724.0,101.0,3383,axis_right,709.0,45.0,mask PCA skeleton + low contact point,generated_videos/control_points_3_traffic.mp4
86,6,0,87,1.0,0.052644191339293656,truck,0.6383039951324463,653.0,45.0,724.0,101.0,3383,contact_low,689.0,93.0,mask PCA skeleton + low contact point,generated_videos/control_points_3_traffic.mp4
86,0,15,48,0.9358192900681248,1.9989824614816922,person,0.7880931496620178,567.0,179.0,596.0,270.0,1730,centroid,579.88037109375,220.0445098876953,mask PCA skeleton + low contact point,generated_videos/control_points_3_traffic.mp4
86,0,15,48,0.9358192900681248,1.9989824614816922,person,0.7880931496620178,567.0,179.0,596.0,270.0,1730,axis_front,578.0,269.0,mask PCA skeleton + low contact point,generated_videos/control_points_3_traffic.mp4
86,0,15,48,0.9358192900681248,1.9989824614816922,person,0.7880931496620178,567.0,179.0,596.0,270.0,1730,axis_back,584.0,179.0,mask PCA skeleton + low contact point,generated_videos/control_points_3_traffic.mp4
86,0,15,48,0.9358192900681248,1.9989824614816922,person,0.7880931496620178,567.0,179.0,596.0,270.0,1730,axis_left,595.0,221.0,mask PCA skeleton + low contact point,generated_videos/control_points_3_traffic.mp4
86,0,15,48,0.9358192900681248,1.9989824614816922,person,0.7880931496620178,567.0,179.0,596.0,270.0,1730,axis_right,567.0,196.0,mask PCA skeleton + low contact point,generated_videos/control_points_3_traffic.mp4
86,0,15,48,0.9358192900681248,1.9989824614816922,person,0.7880931496620178,567.0,179.0,596.0,270.0,1730,contact_low,579.0,260.0,mask PCA skeleton + low contact point,generated_videos/control_points_3_traffic.mp4
86,5,17,27,0.8188563945875164,3.481688586770961,person,0.701231062412262,275.0,184.0,304.0,255.0,1446,centroid,289.08782958984375,218.06431579589844,mask PCA skeleton + low contact point,generated_videos/control_points_3_traffic.mp4
86,5,17,27,0.8188563945875164,3.481688586770961,person,0.701231062412262,275.0,184.0,304.0,255.0,1446,axis_front,299.0,254.0,mask PCA skeleton + low contact point,generated_videos/control_points_3_traffic.mp4
86,5,17,27,0.8188563945875164,3.481688586770961,person,0.701231062412262,275.0,184.0,304.0,255.0,1446,axis_back,284.0,184.0,mask PCA skeleton + low contact point,generated_videos/control_points_3_traffic.mp4
86,5,17,27,0.8188563945875164,3.481688586770961,person,0.701231062412262,275.0,184.0,304.0,255.0,1446,axis_left,302.0,198.0,mask PCA skeleton + low contact point,generated_videos/control_points_3_traffic.mp4
86,5,17,27,0.8188563945875164,3.481688586770961,person,0.701231062412262,275.0,184.0,304.0,255.0,1446,axis_right,275.0,214.0,mask PCA skeleton + low contact point,generated_videos/control_points_3_traffic.mp4
86,5,17,27,0.8188563945875164,3.481688586770961,person,0.701231062412262,275.0,184.0,304.0,255.0,1446,contact_low,297.0,248.0,mask PCA skeleton + low contact point,generated_videos/control_points_3_traffic.mp4
86,1,7,77,0.9,2.168183756194636,person,0.7844673991203308,453.0,168.0,480.0,238.0,1389,centroid,466.6263427734375,201.26925659179688,mask PCA skeleton + low contact point,generated_videos/control_points_3_traffic.mp4
86,1,7,77,0.9,2.168183756194636,person,0.7844673991203308,453.0,168.0,480.0,238.0,1389,axis_front,466.0,237.0,mask PCA skeleton + low contact point,generated_videos/control_points_3_traffic.mp4
86,1,7,77,0.9,2.168183756194636,person,0.7844673991203308,453.0,168.0,480.0,238.0,1389,axis_back,461.0,168.0,mask PCA skeleton + low contact point,generated_videos/control_points_3_traffic.mp4
86,1,7,77,0.9,2.168183756194636,person,0.7844673991203308,453.0,168.0,480.0,238.0,1389,axis_left,479.0,185.0,mask PCA skeleton + low contact point,generated_videos/control_points_3_traffic.mp4
86,1,7,77,0.9,2.168183756194636,person,0.7844673991203308,453.0,168.0,480.0,238.0,1389,axis_right,453.0,199.0,mask PCA skeleton + low contact point,generated_videos/control_points_3_traffic.mp4
86,1,7,77,0.9,2.168183756194636,person,0.7844673991203308,453.0,168.0,480.0,238.0,1389,contact_low,464.0,231.0,mask PCA skeleton + low contact point,generated_videos/control_points_3_traffic.mp4
86,2,8,70,0.8583218707015131,1.6835186568382086,person,0.7533524632453918,374.0,179.0,401.0,258.0,1343,centroid,387.2367858886719,215.9374542236328,mask PCA skeleton + low contact point,generated_videos/control_points_3_traffic.mp4
86,2,8,70,0.8583218707015131,1.6835186568382086,person,0.7533524632453918,374.0,179.0,401.0,258.0,1343,axis_front,393.0,257.0,mask PCA skeleton + low contact point,generated_videos/control_points_3_traffic.mp4
86,2,8,70,0.8583218707015131,1.6835186568382086,person,0.7533524632453918,374.0,179.0,401.0,258.0,1343,axis_back,384.0,179.0,mask PCA skeleton + low contact point,generated_videos/control_points_3_traffic.mp4
86,2,8,70,0.8583218707015131,1.6835186568382086,person,0.7533524632453918,374.0,179.0,401.0,258.0,1343,axis_left,400.0,208.0,mask PCA skeleton + low contact point,generated_videos/control_points_3_traffic.mp4
86,2,8,70,0.8583218707015131,1.6835186568382086,person,0.7533524632453918,374.0,179.0,401.0,258.0,1343,axis_right,374.0,214.0,mask PCA skeleton + low contact point,generated_videos/control_points_3_traffic.mp4
86,2,8,70,0.8583218707015131,1.6835186568382086,person,0.7533524632453918,374.0,179.0,401.0,258.0,1343,contact_low,388.0,253.0,mask PCA skeleton + low contact point,generated_videos/control_points_3_traffic.mp4
86,3,10,70,0.9733333333333334,1.767228748937292,person,0.739835262298584,485.0,168.0,510.0,243.0,1289,centroid,496.5834045410156,201.13731384277344,mask PCA skeleton + low contact point,generated_videos/control_points_3_traffic.mp4
86,3,10,70,0.9733333333333334,1.767228748937292,person,0.739835262298584,485.0,168.0,510.0,243.0,1289,axis_front,499.0,242.0,mask PCA skeleton + low contact point,generated_videos/control_points_3_traffic.mp4
86,3,10,70,0.9733333333333334,1.767228748937292,person,0.739835262298584,485.0,168.0,510.0,243.0,1289,axis_back,490.0,168.0,mask PCA skeleton + low contact point,generated_videos/control_points_3_traffic.mp4
86,3,10,70,0.9733333333333334,1.767228748937292,person,0.739835262298584,485.0,168.0,510.0,243.0,1289,axis_left,509.0,209.0,mask PCA skeleton + low contact point,generated_videos/control_points_3_traffic.mp4
86,3,10,70,0.9733333333333334,1.767228748937292,person,0.739835262298584,485.0,168.0,510.0,243.0,1289,axis_right,485.0,209.0,mask PCA skeleton + low contact point,generated_videos/control_points_3_traffic.mp4
86,3,10,70,0.9733333333333334,1.767228748937292,person,0.739835262298584,485.0,168.0,510.0,243.0,1289,contact_low,498.0,233.0,mask PCA skeleton + low contact point,generated_videos/control_points_3_traffic.mp4
86,4,4,87,1.0,0.02859622543738604,car,0.7352629899978638,735.0,52.0,768.0,93.0,1285,centroid,751.4443359375,72.16419982910156,mask PCA skeleton + low contact point,generated_videos/control_points_3_traffic.mp4
86,4,4,87,1.0,0.02859622543738604,car,0.7352629899978638,735.0,52.0,768.0,93.0,1285,axis_front,736.0,92.0,mask PCA skeleton + low contact point,generated_videos/control_points_3_traffic.mp4
86,4,4,87,1.0,0.02859622543738604,car,0.7352629899978638,735.0,52.0,768.0,93.0,1285,axis_back,767.0,52.0,mask PCA skeleton + low contact point,generated_videos/control_points_3_traffic.mp4
86,4,4,87,1.0,0.02859622543738604,car,0.7352629899978638,735.0,52.0,768.0,93.0,1285,axis_left,767.0,92.0,mask PCA skeleton + low contact point,generated_videos/control_points_3_traffic.mp4
86,4,4,87,1.0,0.02859622543738604,car,0.7352629899978638,735.0,52.0,768.0,93.0,1285,axis_right,735.0,62.0,mask PCA skeleton + low contact point,generated_videos/control_points_3_traffic.mp4
86,4,4,87,1.0,0.02859622543738604,car,0.7352629899978638,735.0,52.0,768.0,93.0,1285,contact_low,749.0,90.0,mask PCA skeleton + low contact point,generated_videos/control_points_3_traffic.mp4
86,7,19,10,0.725531914893617,2.7691543962190215,person,0.5578643679618835,260.0,56.0,273.0,87.0,358,centroid,265.86871337890625,71.42737579345703,mask PCA skeleton + low contact point,generated_videos/control_points_3_traffic.mp4
86,7,19,10,0.725531914893617,2.7691543962190215,person,0.5578643679618835,260.0,56.0,273.0,87.0,358,axis_front,271.0,86.0,mask PCA skeleton + low contact point,generated_videos/control_points_3_traffic.mp4
86,7,19,10,0.725531914893617,2.7691543962190215,person,0.5578643679618835,260.0,56.0,273.0,87.0,358,axis_back,262.0,56.0,mask PCA skeleton + low contact point,generated_videos/control_points_3_traffic.mp4
86,7,19,10,0.725531914893617,2.7691543962190215,person,0.5578643679618835,260.0,56.0,273.0,87.0,358,axis_left,272.0,77.0,mask PCA skeleton + low contact point,generated_videos/control_points_3_traffic.mp4
86,7,19,10,0.725531914893617,2.7691543962190215,person,0.5578643679618835,260.0,56.0,273.0,87.0,358,axis_right,260.0,85.0,mask PCA skeleton + low contact point,generated_videos/control_points_3_traffic.mp4
86,7,19,10,0.725531914893617,2.7691543962190215,person,0.5578643679618835,260.0,56.0,273.0,87.0,358,contact_low,267.0,84.0,mask PCA skeleton + low contact point,generated_videos/control_points_3_traffic.mp4
87,6,0,88,1.0,0.024455960735275964,truck,0.6426169276237488,653.0,45.0,724.0,101.0,3383,centroid,686.321044921875,71.03399658203125,mask PCA skeleton + low contact point,generated_videos/control_points_3_traffic.mp4
87,6,0,88,1.0,0.024455960735275964,truck,0.6426169276237488,653.0,45.0,724.0,101.0,3383,axis_front,653.0,54.0,mask PCA skeleton + low contact point,generated_videos/control_points_3_traffic.mp4
87,6,0,88,1.0,0.024455960735275964,truck,0.6426169276237488,653.0,45.0,724.0,101.0,3383,axis_back,723.0,86.0,mask PCA skeleton + low contact point,generated_videos/control_points_3_traffic.mp4
87,6,0,88,1.0,0.024455960735275964,truck,0.6426169276237488,653.0,45.0,724.0,101.0,3383,axis_left,696.0,100.0,mask PCA skeleton + low contact point,generated_videos/control_points_3_traffic.mp4
87,6,0,88,1.0,0.024455960735275964,truck,0.6426169276237488,653.0,45.0,724.0,101.0,3383,axis_right,709.0,45.0,mask PCA skeleton + low contact point,generated_videos/control_points_3_traffic.mp4
87,6,0,88,1.0,0.024455960735275964,truck,0.6426169276237488,653.0,45.0,724.0,101.0,3383,contact_low,688.0,93.0,mask PCA skeleton + low contact point,generated_videos/control_points_3_traffic.mp4
87,9,6,71,1.0,0.02687340026472293,boat,0.25526636838912964,69.0,498.0,160.0,528.0,1764,centroid,114.33503723144531,513.2312622070312,mask PCA skeleton + low contact point,generated_videos/control_points_3_traffic.mp4
87,9,6,71,1.0,0.02687340026472293,boat,0.25526636838912964,69.0,498.0,160.0,528.0,1764,axis_front,69.0,526.0,mask PCA skeleton + low contact point,generated_videos/control_points_3_traffic.mp4
87,9,6,71,1.0,0.02687340026472293,boat,0.25526636838912964,69.0,498.0,160.0,528.0,1764,axis_back,159.0,506.0,mask PCA skeleton + low contact point,generated_videos/control_points_3_traffic.mp4
87,9,6,71,1.0,0.02687340026472293,boat,0.25526636838912964,69.0,498.0,160.0,528.0,1764,axis_left,116.0,527.0,mask PCA skeleton + low contact point,generated_videos/control_points_3_traffic.mp4
87,9,6,71,1.0,0.02687340026472293,boat,0.25526636838912964,69.0,498.0,160.0,528.0,1764,axis_right,116.0,498.0,mask PCA skeleton + low contact point,generated_videos/control_points_3_traffic.mp4
87,9,6,71,1.0,0.02687340026472293,boat,0.25526636838912964,69.0,498.0,160.0,528.0,1764,contact_low,95.0,526.0,mask PCA skeleton + low contact point,generated_videos/control_points_3_traffic.mp4
87,1,15,49,0.9246753246753247,1.3561073948053428,person,0.7859038710594177,568.0,177.0,596.0,268.0,1735,centroid,580.4449462890625,218.8115234375,mask PCA skeleton + low contact point,generated_videos/control_points_3_traffic.mp4
87,1,15,49,0.9246753246753247,1.3561073948053428,person,0.7859038710594177,568.0,177.0,596.0,268.0,1735,axis_front,579.0,267.0,mask PCA skeleton + low contact point,generated_videos/control_points_3_traffic.mp4
87,1,15,49,0.9246753246753247,1.3561073948053428,person,0.7859038710594177,568.0,177.0,596.0,268.0,1735,axis_back,575.0,177.0,mask PCA skeleton + low contact point,generated_videos/control_points_3_traffic.mp4
87,1,15,49,0.9246753246753247,1.3561073948053428,person,0.7859038710594177,568.0,177.0,596.0,268.0,1735,axis_left,595.0,208.0,mask PCA skeleton + low contact point,generated_videos/control_points_3_traffic.mp4
87,1,15,49,0.9246753246753247,1.3561073948053428,person,0.7859038710594177,568.0,177.0,596.0,268.0,1735,axis_right,568.0,225.0,mask PCA skeleton + low contact point,generated_videos/control_points_3_traffic.mp4
87,1,15,49,0.9246753246753247,1.3561073948053428,person,0.7859038710594177,568.0,177.0,596.0,268.0,1735,contact_low,580.0,258.0,mask PCA skeleton + low contact point,generated_videos/control_points_3_traffic.mp4
87,0,7,78,0.8513513513513513,1.6242565629008185,person,0.7949298024177551,453.0,165.0,483.0,239.0,1522,centroid,467.99932861328125,200.4014434814453,mask PCA skeleton + low contact point,generated_videos/control_points_3_traffic.mp4
87,0,7,78,0.8513513513513513,1.6242565629008185,person,0.7949298024177551,453.0,165.0,483.0,239.0,1522,axis_front,459.0,238.0,mask PCA skeleton + low contact point,generated_videos/control_points_3_traffic.mp4
87,0,7,78,0.8513513513513513,1.6242565629008185,person,0.7949298024177551,453.0,165.0,483.0,239.0,1522,axis_back,476.0,165.0,mask PCA skeleton + low contact point,generated_videos/control_points_3_traffic.mp4
87,0,7,78,0.8513513513513513,1.6242565629008185,person,0.7949298024177551,453.0,165.0,483.0,239.0,1522,axis_left,482.0,185.0,mask PCA skeleton + low contact point,generated_videos/control_points_3_traffic.mp4
87,0,7,78,0.8513513513513513,1.6242565629008185,person,0.7949298024177551,453.0,165.0,483.0,239.0,1522,axis_right,453.0,185.0,mask PCA skeleton + low contact point,generated_videos/control_points_3_traffic.mp4
87,0,7,78,0.8513513513513513,1.6242565629008185,person,0.7949298024177551,453.0,165.0,483.0,239.0,1522,contact_low,464.0,232.0,mask PCA skeleton + low contact point,generated_videos/control_points_3_traffic.mp4
87,3,17,28,0.8219821512447159,2.7769975021381703,person,0.7520128488540649,279.0,184.0,305.0,254.0,1474,centroid,291.8636474609375,217.9830322265625,mask PCA skeleton + low contact point,generated_videos/control_points_3_traffic.mp4
87,3,17,28,0.8219821512447159,2.7769975021381703,person,0.7520128488540649,279.0,184.0,305.0,254.0,1474,axis_front,304.0,253.0,mask PCA skeleton + low contact point,generated_videos/control_points_3_traffic.mp4
87,3,17,28,0.8219821512447159,2.7769975021381703,person,0.7520128488540649,279.0,184.0,305.0,254.0,1474,axis_back,286.0,184.0,mask PCA skeleton + low contact point,generated_videos/control_points_3_traffic.mp4
87,3,17,28,0.8219821512447159,2.7769975021381703,person,0.7520128488540649,279.0,184.0,305.0,254.0,1474,axis_left,304.0,202.0,mask PCA skeleton + low contact point,generated_videos/control_points_3_traffic.mp4
87,3,17,28,0.8219821512447159,2.7769975021381703,person,0.7520128488540649,279.0,184.0,305.0,254.0,1474,axis_right,279.0,248.0,mask PCA skeleton + low contact point,generated_videos/control_points_3_traffic.mp4
87,3,17,28,0.8219821512447159,2.7769975021381703,person,0.7520128488540649,279.0,184.0,305.0,254.0,1474,contact_low,297.0,248.0,mask PCA skeleton + low contact point,generated_videos/control_points_3_traffic.mp4
87,2,8,71,0.8897338403041825,0.6304788507767022,person,0.7586760520935059,372.0,179.0,402.0,257.0,1416,centroid,387.5416564941406,215.38558959960938,mask PCA skeleton + low contact point,generated_videos/control_points_3_traffic.mp4
87,2,8,71,0.8897338403041825,0.6304788507767022,person,0.7586760520935059,372.0,179.0,402.0,257.0,1416,axis_front,394.0,256.0,mask PCA skeleton + low contact point,generated_videos/control_points_3_traffic.mp4
87,2,8,71,0.8897338403041825,0.6304788507767022,person,0.7586760520935059,372.0,179.0,402.0,257.0,1416,axis_back,384.0,179.0,mask PCA skeleton + low contact point,generated_videos/control_points_3_traffic.mp4
87,2,8,71,0.8897338403041825,0.6304788507767022,person,0.7586760520935059,372.0,179.0,402.0,257.0,1416,axis_left,401.0,208.0,mask PCA skeleton + low contact point,generated_videos/control_points_3_traffic.mp4
87,2,8,71,0.8897338403041825,0.6304788507767022,person,0.7586760520935059,372.0,179.0,402.0,257.0,1416,axis_right,372.0,217.0,mask PCA skeleton + low contact point,generated_videos/control_points_3_traffic.mp4
87,2,8,71,0.8897338403041825,0.6304788507767022,person,0.7586760520935059,372.0,179.0,402.0,257.0,1416,contact_low,388.0,251.0,mask PCA skeleton + low contact point,generated_videos/control_points_3_traffic.mp4
87,4,4,88,1.0,0.028015564202291898,car,0.7404994964599609,735.0,52.0,768.0,93.0,1285,centroid,751.4723510742188,72.16419982910156,mask PCA skeleton + low contact point,generated_videos/control_points_3_traffic.mp4
87,4,4,88,1.0,0.028015564202291898,car,0.7404994964599609,735.0,52.0,768.0,93.0,1285,axis_front,736.0,92.0,mask PCA skeleton + low contact point,generated_videos/control_points_3_traffic.mp4
87,4,4,88,1.0,0.028015564202291898,car,0.7404994964599609,735.0,52.0,768.0,93.0,1285,axis_back,767.0,52.0,mask PCA skeleton + low contact point,generated_videos/control_points_3_traffic.mp4
87,4,4,88,1.0,0.028015564202291898,car,0.7404994964599609,735.0,52.0,768.0,93.0,1285,axis_left,767.0,92.0,mask PCA skeleton + low contact point,generated_videos/control_points_3_traffic.mp4
87,4,4,88,1.0,0.028015564202291898,car,0.7404994964599609,735.0,52.0,768.0,93.0,1285,axis_right,735.0,62.0,mask PCA skeleton + low contact point,generated_videos/control_points_3_traffic.mp4
87,4,4,88,1.0,0.028015564202291898,car,0.7404994964599609,735.0,52.0,768.0,93.0,1285,contact_low,753.0,90.0,mask PCA skeleton + low contact point,generated_videos/control_points_3_traffic.mp4
87,5,10,71,1.0,0.4255120631998964,person,0.7402417659759521,485.0,168.0,510.0,243.0,1283,centroid,496.8597106933594,200.813720703125,mask PCA skeleton + low contact point,generated_videos/control_points_3_traffic.mp4
87,5,10,71,1.0,0.4255120631998964,person,0.7402417659759521,485.0,168.0,510.0,243.0,1283,axis_front,499.0,242.0,mask PCA skeleton + low contact point,generated_videos/control_points_3_traffic.mp4
87,5,10,71,1.0,0.4255120631998964,person,0.7402417659759521,485.0,168.0,510.0,243.0,1283,axis_back,490.0,168.0,mask PCA skeleton + low contact point,generated_videos/control_points_3_traffic.mp4
87,5,10,71,1.0,0.4255120631998964,person,0.7402417659759521,485.0,168.0,510.0,243.0,1283,axis_left,508.0,185.0,mask PCA skeleton + low contact point,generated_videos/control_points_3_traffic.mp4
87,5,10,71,1.0,0.4255120631998964,person,0.7402417659759521,485.0,168.0,510.0,243.0,1283,axis_right,485.0,208.0,mask PCA skeleton + low contact point,generated_videos/control_points_3_traffic.mp4
87,5,10,71,1.0,0.4255120631998964,person,0.7402417659759521,485.0,168.0,510.0,243.0,1283,contact_low,498.0,234.0,mask PCA skeleton + low contact point,generated_videos/control_points_3_traffic.mp4
87,7,19,11,0.7632575757575758,2.894952402618653,person,0.6025333404541016,257.0,56.0,273.0,89.0,368,centroid,263.2690124511719,72.70108795166016,mask PCA skeleton + low contact point,generated_videos/control_points_3_traffic.mp4
87,7,19,11,0.7632575757575758,2.894952402618653,person,0.6025333404541016,257.0,56.0,273.0,89.0,368,axis_front,261.0,88.0,mask PCA skeleton + low contact point,generated_videos/control_points_3_traffic.mp4
87,7,19,11,0.7632575757575758,2.894952402618653,person,0.6025333404541016,257.0,56.0,273.0,89.0,368,axis_back,268.0,56.0,mask PCA skeleton + low contact point,generated_videos/control_points_3_traffic.mp4
87,7,19,11,0.7632575757575758,2.894952402618653,person,0.6025333404541016,257.0,56.0,273.0,89.0,368,axis_left,272.0,85.0,mask PCA skeleton + low contact point,generated_videos/control_points_3_traffic.mp4
87,7,19,11,0.7632575757575758,2.894952402618653,person,0.6025333404541016,257.0,56.0,273.0,89.0,368,axis_right,257.0,68.0,mask PCA skeleton + low contact point,generated_videos/control_points_3_traffic.mp4
87,7,19,11,0.7632575757575758,2.894952402618653,person,0.6025333404541016,257.0,56.0,273.0,89.0,368,contact_low,262.0,85.0,mask PCA skeleton + low contact point,generated_videos/control_points_3_traffic.mp4
87,8,20,1,,,person,0.2576058804988861,30.0,112.0,50.0,141.0,287,centroid,39.55052185058594,123.12892150878906,mask PCA skeleton + low contact point,generated_videos/control_points_3_traffic.mp4
87,8,20,1,,,person,0.2576058804988861,30.0,112.0,50.0,141.0,287,axis_front,41.0,140.0,mask PCA skeleton + low contact point,generated_videos/control_points_3_traffic.mp4
87,8,20,1,,,person,0.2576058804988861,30.0,112.0,50.0,141.0,287,axis_back,39.0,112.0,mask PCA skeleton + low contact point,generated_videos/control_points_3_traffic.mp4
87,8,20,1,,,person,0.2576058804988861,30.0,112.0,50.0,141.0,287,axis_left,49.0,112.0,mask PCA skeleton + low contact point,generated_videos/control_points_3_traffic.mp4
87,8,20,1,,,person,0.2576058804988861,30.0,112.0,50.0,141.0,287,axis_right,30.0,123.0,mask PCA skeleton + low contact point,generated_videos/control_points_3_traffic.mp4
87,8,20,1,,,person,0.2576058804988861,30.0,112.0,50.0,141.0,287,contact_low,41.0,137.0,mask PCA skeleton + low contact point,generated_videos/control_points_3_traffic.mp4
88,7,0,89,1.0,0.029896943938071373,truck,0.6503990292549133,653.0,45.0,724.0,101.0,3386,centroid,686.3485107421875,71.0457763671875,mask PCA skeleton + low contact point,generated_videos/control_points_3_traffic.mp4
88,7,0,89,1.0,0.029896943938071373,truck,0.6503990292549133,653.0,45.0,724.0,101.0,3386,axis_front,653.0,54.0,mask PCA skeleton + low contact point,generated_videos/control_points_3_traffic.mp4
88,7,0,89,1.0,0.029896943938071373,truck,0.6503990292549133,653.0,45.0,724.0,101.0,3386,axis_back,723.0,86.0,mask PCA skeleton + low contact point,generated_videos/control_points_3_traffic.mp4
88,7,0,89,1.0,0.029896943938071373,truck,0.6503990292549133,653.0,45.0,724.0,101.0,3386,axis_left,696.0,100.0,mask PCA skeleton + low contact point,generated_videos/control_points_3_traffic.mp4
88,7,0,89,1.0,0.029896943938071373,truck,0.6503990292549133,653.0,45.0,724.0,101.0,3386,axis_right,709.0,45.0,mask PCA skeleton + low contact point,generated_videos/control_points_3_traffic.mp4
88,7,0,89,1.0,0.029896943938071373,truck,0.6503990292549133,653.0,45.0,724.0,101.0,3386,contact_low,688.0,93.0,mask PCA skeleton + low contact point,generated_videos/control_points_3_traffic.mp4
88,1,15,50,0.8912621359223301,1.4176960321372956,person,0.7987467646598816,569.0,176.0,596.0,262.0,1779,centroid,581.5469360351562,217.91961669921875,mask PCA skeleton + low contact point,generated_videos/control_points_3_traffic.mp4
88,1,15,50,0.8912621359223301,1.4176960321372956,person,0.7987467646598816,569.0,176.0,596.0,262.0,1779,axis_front,579.0,261.0,mask PCA skeleton + low contact point,generated_videos/control_points_3_traffic.mp4
88,1,15,50,0.8912621359223301,1.4176960321372956,person,0.7987467646598816,569.0,176.0,596.0,262.0,1779,axis_back,576.0,176.0,mask PCA skeleton + low contact point,generated_videos/control_points_3_traffic.mp4
88,1,15,50,0.8912621359223301,1.4176960321372956,person,0.7987467646598816,569.0,176.0,596.0,262.0,1779,axis_left,595.0,201.0,mask PCA skeleton + low contact point,generated_videos/control_points_3_traffic.mp4
88,1,15,50,0.8912621359223301,1.4176960321372956,person,0.7987467646598816,569.0,176.0,596.0,262.0,1779,axis_right,569.0,212.0,mask PCA skeleton + low contact point,generated_videos/control_points_3_traffic.mp4
88,1,15,50,0.8912621359223301,1.4176960321372956,person,0.7987467646598816,569.0,176.0,596.0,262.0,1779,contact_low,579.0,255.0,mask PCA skeleton + low contact point,generated_videos/control_points_3_traffic.mp4
88,4,8,72,0.8477064220183487,1.7101168880012034,person,0.7634772062301636,370.0,180.0,405.0,257.0,1549,centroid,389.1484680175781,215.970947265625,mask PCA skeleton + low contact point,generated_videos/control_points_3_traffic.mp4
88,4,8,72,0.8477064220183487,1.7101168880012034,person,0.7634772062301636,370.0,180.0,405.0,257.0,1549,axis_front,394.0,256.0,mask PCA skeleton + low contact point,generated_videos/control_points_3_traffic.mp4
88,4,8,72,0.8477064220183487,1.7101168880012034,person,0.7634772062301636,370.0,180.0,405.0,257.0,1549,axis_back,384.0,180.0,mask PCA skeleton + low contact point,generated_videos/control_points_3_traffic.mp4
88,4,8,72,0.8477064220183487,1.7101168880012034,person,0.7634772062301636,370.0,180.0,405.0,257.0,1549,axis_left,404.0,209.0,mask PCA skeleton + low contact point,generated_videos/control_points_3_traffic.mp4
88,4,8,72,0.8477064220183487,1.7101168880012034,person,0.7634772062301636,370.0,180.0,405.0,257.0,1549,axis_right,370.0,218.0,mask PCA skeleton + low contact point,generated_videos/control_points_3_traffic.mp4
88,4,8,72,0.8477064220183487,1.7101168880012034,person,0.7634772062301636,370.0,180.0,405.0,257.0,1549,contact_low,389.0,250.0,mask PCA skeleton + low contact point,generated_videos/control_points_3_traffic.mp4
88,0,7,79,0.6160520607375272,6.058276006070309,person,0.832056999206543,459.0,161.0,489.0,236.0,1528,centroid,472.2918701171875,196.12631225585938,mask PCA skeleton + low contact point,generated_videos/control_points_3_traffic.mp4
88,0,7,79,0.6160520607375272,6.058276006070309,person,0.832056999206543,459.0,161.0,489.0,236.0,1528,axis_front,466.0,235.0,mask PCA skeleton + low contact point,generated_videos/control_points_3_traffic.mp4
88,0,7,79,0.6160520607375272,6.058276006070309,person,0.832056999206543,459.0,161.0,489.0,236.0,1528,axis_back,481.0,161.0,mask PCA skeleton + low contact point,generated_videos/control_points_3_traffic.mp4
88,0,7,79,0.6160520607375272,6.058276006070309,person,0.832056999206543,459.0,161.0,489.0,236.0,1528,axis_left,488.0,189.0,mask PCA skeleton + low contact point,generated_videos/control_points_3_traffic.mp4
88,0,7,79,0.6160520607375272,6.058276006070309,person,0.832056999206543,459.0,161.0,489.0,236.0,1528,axis_right,459.0,179.0,mask PCA skeleton + low contact point,generated_videos/control_points_3_traffic.mp4
88,0,7,79,0.6160520607375272,6.058276006070309,person,0.832056999206543,459.0,161.0,489.0,236.0,1528,contact_low,470.0,230.0,mask PCA skeleton + low contact point,generated_videos/control_points_3_traffic.mp4
88,2,10,72,0.6945218198700093,3.454676793743227,person,0.7766175270080566,488.0,165.0,513.0,236.0,1332,centroid,499.1711730957031,198.24624633789062,mask PCA skeleton + low contact point,generated_videos/control_points_3_traffic.mp4
88,2,10,72,0.6945218198700093,3.454676793743227,person,0.7766175270080566,488.0,165.0,513.0,236.0,1332,axis_front,502.0,235.0,mask PCA skeleton + low contact point,generated_videos/control_points_3_traffic.mp4
88,2,10,72,0.6945218198700093,3.454676793743227,person,0.7766175270080566,488.0,165.0,513.0,236.0,1332,axis_back,492.0,165.0,mask PCA skeleton + low contact point,generated_videos/control_points_3_traffic.mp4
88,2,10,72,0.6945218198700093,3.454676793743227,person,0.7766175270080566,488.0,165.0,513.0,236.0,1332,axis_left,512.0,203.0,mask PCA skeleton + low contact point,generated_videos/control_points_3_traffic.mp4
88,2,10,72,0.6945218198700093,3.454676793743227,person,0.7766175270080566,488.0,165.0,513.0,236.0,1332,axis_right,488.0,203.0,mask PCA skeleton + low contact point,generated_videos/control_points_3_traffic.mp4
88,2,10,72,0.6945218198700093,3.454676793743227,person,0.7766175270080566,488.0,165.0,513.0,236.0,1332,contact_low,500.0,228.0,mask PCA skeleton + low contact point,generated_videos/control_points_3_traffic.mp4
88,5,4,89,1.0,0.0,car,0.7395235300064087,735.0,52.0,768.0,93.0,1285,centroid,751.4723510742188,72.16419982910156,mask PCA skeleton + low contact point,generated_videos/control_points_3_traffic.mp4
88,5,4,89,1.0,0.0,car,0.7395235300064087,735.0,52.0,768.0,93.0,1285,axis_front,736.0,92.0,mask PCA skeleton + low contact point,generated_videos/control_points_3_traffic.mp4
88,5,4,89,1.0,0.0,car,0.7395235300064087,735.0,52.0,768.0,93.0,1285,axis_back,767.0,52.0,mask PCA skeleton + low contact point,generated_videos/control_points_3_traffic.mp4
88,5,4,89,1.0,0.0,car,0.7395235300064087,735.0,52.0,768.0,93.0,1285,axis_left,767.0,92.0,mask PCA skeleton + low contact point,generated_videos/control_points_3_traffic.mp4
88,5,4,89,1.0,0.0,car,0.7395235300064087,735.0,52.0,768.0,93.0,1285,axis_right,735.0,62.0,mask PCA skeleton + low contact point,generated_videos/control_points_3_traffic.mp4
88,5,4,89,1.0,0.0,car,0.7395235300064087,735.0,52.0,768.0,93.0,1285,contact_low,753.0,90.0,mask PCA skeleton + low contact point,generated_videos/control_points_3_traffic.mp4
88,3,17,29,0.5788590604026845,6.54896169012729,person,0.7647600769996643,285.0,185.0,312.0,257.0,1279,centroid,298.3307189941406,216.95074462890625,mask PCA skeleton + low contact point,generated_videos/control_points_3_traffic.mp4
88,3,17,29,0.5788590604026845,6.54896169012729,person,0.7647600769996643,285.0,185.0,312.0,257.0,1279,axis_front,304.0,256.0,mask PCA skeleton + low contact point,generated_videos/control_points_3_traffic.mp4
88,3,17,29,0.5788590604026845,6.54896169012729,person,0.7647600769996643,285.0,185.0,312.0,257.0,1279,axis_back,292.0,185.0,mask PCA skeleton + low contact point,generated_videos/control_points_3_traffic.mp4
88,3,17,29,0.5788590604026845,6.54896169012729,person,0.7647600769996643,285.0,185.0,312.0,257.0,1279,axis_left,311.0,204.0,mask PCA skeleton + low contact point,generated_videos/control_points_3_traffic.mp4
88,3,17,29,0.5788590604026845,6.54896169012729,person,0.7647600769996643,285.0,185.0,312.0,257.0,1279,axis_right,285.0,215.0,mask PCA skeleton + low contact point,generated_videos/control_points_3_traffic.mp4
88,3,17,29,0.5788590604026845,6.54896169012729,person,0.7647600769996643,285.0,185.0,312.0,257.0,1279,contact_low,299.0,250.0,mask PCA skeleton + low contact point,generated_videos/control_points_3_traffic.mp4
88,6,19,12,0.4492753623188406,3.8287850618207626,person,0.6674975156784058,254.0,57.0,266.0,88.0,322,centroid,259.6956481933594,71.32608795166016,mask PCA skeleton + low contact point,generated_videos/control_points_3_traffic.mp4
88,6,19,12,0.4492753623188406,3.8287850618207626,person,0.6674975156784058,254.0,57.0,266.0,88.0,322,axis_front,260.0,87.0,mask PCA skeleton + low contact point,generated_videos/control_points_3_traffic.mp4
88,6,19,12,0.4492753623188406,3.8287850618207626,person,0.6674975156784058,254.0,57.0,266.0,88.0,322,axis_back,263.0,57.0,mask PCA skeleton + low contact point,generated_videos/control_points_3_traffic.mp4
88,6,19,12,0.4492753623188406,3.8287850618207626,person,0.6674975156784058,254.0,57.0,266.0,88.0,322,axis_left,265.0,80.0,mask PCA skeleton + low contact point,generated_videos/control_points_3_traffic.mp4
88,6,19,12,0.4492753623188406,3.8287850618207626,person,0.6674975156784058,254.0,57.0,266.0,88.0,322,axis_right,254.0,66.0,mask PCA skeleton + low contact point,generated_videos/control_points_3_traffic.mp4
88,6,19,12,0.4492753623188406,3.8287850618207626,person,0.6674975156784058,254.0,57.0,266.0,88.0,322,contact_low,260.0,84.0,mask PCA skeleton + low contact point,generated_videos/control_points_3_traffic.mp4
89,6,0,90,1.0,0.06880905753156771,truck,0.6379044055938721,653.0,45.0,724.0,101.0,3376,centroid,686.3142700195312,70.98607635498047,mask PCA skeleton + low contact point,generated_videos/control_points_3_traffic.mp4
89,6,0,90,1.0,0.06880905753156771,truck,0.6379044055938721,653.0,45.0,724.0,101.0,3376,axis_front,653.0,54.0,mask PCA skeleton + low contact point,generated_videos/control_points_3_traffic.mp4
89,6,0,90,1.0,0.06880905753156771,truck,0.6379044055938721,653.0,45.0,724.0,101.0,3376,axis_back,723.0,85.0,mask PCA skeleton + low contact point,generated_videos/control_points_3_traffic.mp4
89,6,0,90,1.0,0.06880905753156771,truck,0.6379044055938721,653.0,45.0,724.0,101.0,3376,axis_left,696.0,100.0,mask PCA skeleton + low contact point,generated_videos/control_points_3_traffic.mp4
89,6,0,90,1.0,0.06880905753156771,truck,0.6379044055938721,653.0,45.0,724.0,101.0,3376,axis_right,709.0,45.0,mask PCA skeleton + low contact point,generated_videos/control_points_3_traffic.mp4
89,6,0,90,1.0,0.06880905753156771,truck,0.6379044055938721,653.0,45.0,724.0,101.0,3376,contact_low,689.0,93.0,mask PCA skeleton + low contact point,generated_videos/control_points_3_traffic.mp4
89,2,15,51,0.8764044943820225,2.962049169576219,person,0.8081152439117432,570.0,176.0,597.0,257.0,1715,centroid,582.9177856445312,215.29388427734375,mask PCA skeleton + low contact point,generated_videos/control_points_3_traffic.mp4
89,2,15,51,0.8764044943820225,2.962049169576219,person,0.8081152439117432,570.0,176.0,597.0,257.0,1715,axis_front,572.0,256.0,mask PCA skeleton + low contact point,generated_videos/control_points_3_traffic.mp4
89,2,15,51,0.8764044943820225,2.962049169576219,person,0.8081152439117432,570.0,176.0,597.0,257.0,1715,axis_back,589.0,176.0,mask PCA skeleton + low contact point,generated_videos/control_points_3_traffic.mp4
89,2,15,51,0.8764044943820225,2.962049169576219,person,0.8081152439117432,570.0,176.0,597.0,257.0,1715,axis_left,596.0,218.0,mask PCA skeleton + low contact point,generated_videos/control_points_3_traffic.mp4
89,2,15,51,0.8764044943820225,2.962049169576219,person,0.8081152439117432,570.0,176.0,597.0,257.0,1715,axis_right,570.0,189.0,mask PCA skeleton + low contact point,generated_videos/control_points_3_traffic.mp4
89,2,15,51,0.8764044943820225,2.962049169576219,person,0.8081152439117432,570.0,176.0,597.0,257.0,1715,contact_low,578.0,250.0,mask PCA skeleton + low contact point,generated_videos/control_points_3_traffic.mp4
89,5,8,73,0.9593257603517772,0.7467731803702847,person,0.6900252103805542,370.0,180.0,404.0,258.0,1528,centroid,389.5674133300781,215.35275268554688,mask PCA skeleton + low contact point,generated_videos/control_points_3_traffic.mp4
89,5,8,73,0.9593257603517772,0.7467731803702847,person,0.6900252103805542,370.0,180.0,404.0,258.0,1528,axis_front,393.0,257.0,mask PCA skeleton + low contact point,generated_videos/control_points_3_traffic.mp4
89,5,8,73,0.9593257603517772,0.7467731803702847,person,0.6900252103805542,370.0,180.0,404.0,258.0,1528,axis_back,384.0,180.0,mask PCA skeleton + low contact point,generated_videos/control_points_3_traffic.mp4
89,5,8,73,0.9593257603517772,0.7467731803702847,person,0.6900252103805542,370.0,180.0,404.0,258.0,1528,axis_left,403.0,198.0,mask PCA skeleton + low contact point,generated_videos/control_points_3_traffic.mp4
89,5,8,73,0.9593257603517772,0.7467731803702847,person,0.6900252103805542,370.0,180.0,404.0,258.0,1528,axis_right,370.0,220.0,mask PCA skeleton + low contact point,generated_videos/control_points_3_traffic.mp4
89,5,8,73,0.9593257603517772,0.7467731803702847,person,0.6900252103805542,370.0,180.0,404.0,258.0,1528,contact_low,390.0,249.0,mask PCA skeleton + low contact point,generated_videos/control_points_3_traffic.mp4
89,0,10,73,0.8541353383458646,1.5381872729185113,person,0.843370795249939,489.0,162.0,515.0,236.0,1521,centroid,500.6298522949219,198.73439025878906,mask PCA skeleton + low contact point,generated_videos/control_points_3_traffic.mp4
89,0,10,73,0.8541353383458646,1.5381872729185113,person,0.843370795249939,489.0,162.0,515.0,236.0,1521,axis_front,497.0,235.0,mask PCA skeleton + low contact point,generated_videos/control_points_3_traffic.mp4
89,0,10,73,0.8541353383458646,1.5381872729185113,person,0.843370795249939,489.0,162.0,515.0,236.0,1521,axis_back,495.0,162.0,mask PCA skeleton + low contact point,generated_videos/control_points_3_traffic.mp4
89,0,10,73,0.8541353383458646,1.5381872729185113,person,0.843370795249939,489.0,162.0,515.0,236.0,1521,axis_left,514.0,197.0,mask PCA skeleton + low contact point,generated_videos/control_points_3_traffic.mp4
89,0,10,73,0.8541353383458646,1.5381872729185113,person,0.843370795249939,489.0,162.0,515.0,236.0,1521,axis_right,489.0,208.0,mask PCA skeleton + low contact point,generated_videos/control_points_3_traffic.mp4
89,0,10,73,0.8541353383458646,1.5381872729185113,person,0.843370795249939,489.0,162.0,515.0,236.0,1521,contact_low,500.0,229.0,mask PCA skeleton + low contact point,generated_videos/control_points_3_traffic.mp4
89,1,7,80,0.9543659499780606,2.442409344079248,person,0.8120538592338562,460.0,160.0,489.0,236.0,1467,centroid,473.9325256347656,194.3169708251953,mask PCA skeleton + low contact point,generated_videos/control_points_3_traffic.mp4
89,1,7,80,0.9543659499780606,2.442409344079248,person,0.8120538592338562,460.0,160.0,489.0,236.0,1467,axis_front,471.0,235.0,mask PCA skeleton + low contact point,generated_videos/control_points_3_traffic.mp4
89,1,7,80,0.9543659499780606,2.442409344079248,person,0.8120538592338562,460.0,160.0,489.0,236.0,1467,axis_back,482.0,160.0,mask PCA skeleton + low contact point,generated_videos/control_points_3_traffic.mp4
89,1,7,80,0.9543659499780606,2.442409344079248,person,0.8120538592338562,460.0,160.0,489.0,236.0,1467,axis_left,488.0,191.0,mask PCA skeleton + low contact point,generated_videos/control_points_3_traffic.mp4
89,1,7,80,0.9543659499780606,2.442409344079248,person,0.8120538592338562,460.0,160.0,489.0,236.0,1467,axis_right,460.0,178.0,mask PCA skeleton + low contact point,generated_videos/control_points_3_traffic.mp4
89,1,7,80,0.9543659499780606,2.442409344079248,person,0.8120538592338562,460.0,160.0,489.0,236.0,1467,contact_low,472.0,228.0,mask PCA skeleton + low contact point,generated_videos/control_points_3_traffic.mp4
89,4,17,30,0.7366548042704626,4.610195341615125,person,0.7178983688354492,288.0,188.0,316.0,258.0,1318,centroid,301.5182189941406,220.281494140625,mask PCA skeleton + low contact point,generated_videos/control_points_3_traffic.mp4
89,4,17,30,0.7366548042704626,4.610195341615125,person,0.7178983688354492,288.0,188.0,316.0,258.0,1318,axis_front,311.0,257.0,mask PCA skeleton + low contact point,generated_videos/control_points_3_traffic.mp4
89,4,17,30,0.7366548042704626,4.610195341615125,person,0.7178983688354492,288.0,188.0,316.0,258.0,1318,axis_back,296.0,188.0,mask PCA skeleton + low contact point,generated_videos/control_points_3_traffic.mp4
89,4,17,30,0.7366548042704626,4.610195341615125,person,0.7178983688354492,288.0,188.0,316.0,258.0,1318,axis_left,315.0,209.0,mask PCA skeleton + low contact point,generated_videos/control_points_3_traffic.mp4
89,4,17,30,0.7366548042704626,4.610195341615125,person,0.7178983688354492,288.0,188.0,316.0,258.0,1318,axis_right,288.0,218.0,mask PCA skeleton + low contact point,generated_videos/control_points_3_traffic.mp4
89,4,17,30,0.7366548042704626,4.610195341615125,person,0.7178983688354492,288.0,188.0,316.0,258.0,1318,contact_low,305.0,252.0,mask PCA skeleton + low contact point,generated_videos/control_points_3_traffic.mp4
89,3,4,90,1.0,0.04512917246863178,car,0.7455107569694519,735.0,52.0,768.0,93.0,1282,centroid,751.4820556640625,72.12012481689453,mask PCA skeleton + low contact point,generated_videos/control_points_3_traffic.mp4
89,3,4,90,1.0,0.04512917246863178,car,0.7455107569694519,735.0,52.0,768.0,93.0,1282,axis_front,737.0,92.0,mask PCA skeleton + low contact point,generated_videos/control_points_3_traffic.mp4
89,3,4,90,1.0,0.04512917246863178,car,0.7455107569694519,735.0,52.0,768.0,93.0,1282,axis_back,767.0,52.0,mask PCA skeleton + low contact point,generated_videos/control_points_3_traffic.mp4
89,3,4,90,1.0,0.04512917246863178,car,0.7455107569694519,735.0,52.0,768.0,93.0,1282,axis_left,767.0,92.0,mask PCA skeleton + low contact point,generated_videos/control_points_3_traffic.mp4
89,3,4,90,1.0,0.04512917246863178,car,0.7455107569694519,735.0,52.0,768.0,93.0,1282,axis_right,735.0,62.0,mask PCA skeleton + low contact point,generated_videos/control_points_3_traffic.mp4
89,3,4,90,1.0,0.04512917246863178,car,0.7455107569694519,735.0,52.0,768.0,93.0,1282,contact_low,749.0,90.0,mask PCA skeleton + low contact point,generated_videos/control_points_3_traffic.mp4
89,7,19,13,0.6768558951965066,2.587591415832102,person,0.6055486798286438,252.0,57.0,264.0,90.0,350,centroid,257.7200012207031,72.99714660644531,mask PCA skeleton + low contact point,generated_videos/control_points_3_traffic.mp4
89,7,19,13,0.6768558951965066,2.587591415832102,person,0.6055486798286438,252.0,57.0,264.0,90.0,350,axis_front,252.0,89.0,mask PCA skeleton + low contact point,generated_videos/control_points_3_traffic.mp4
89,7,19,13,0.6768558951965066,2.587591415832102,person,0.6055486798286438,252.0,57.0,264.0,90.0,350,axis_back,262.0,57.0,mask PCA skeleton + low contact point,generated_videos/control_points_3_traffic.mp4
89,7,19,13,0.6768558951965066,2.587591415832102,person,0.6055486798286438,252.0,57.0,264.0,90.0,350,axis_left,263.0,85.0,mask PCA skeleton + low contact point,generated_videos/control_points_3_traffic.mp4
89,7,19,13,0.6768558951965066,2.587591415832102,person,0.6055486798286438,252.0,57.0,264.0,90.0,350,axis_right,252.0,68.0,mask PCA skeleton + low contact point,generated_videos/control_points_3_traffic.mp4
89,7,19,13,0.6768558951965066,2.587591415832102,person,0.6055486798286438,252.0,57.0,264.0,90.0,350,contact_low,255.0,86.0,mask PCA skeleton + low contact point,generated_videos/control_points_3_traffic.mp4
90,7,0,91,1.0,0.055729002920881836,truck,0.6296008825302124,653.0,45.0,724.0,101.0,3375,centroid,686.3697509765625,70.98103332519531,mask PCA skeleton + low contact point,generated_videos/control_points_3_traffic.mp4
90,7,0,91,1.0,0.055729002920881836,truck,0.6296008825302124,653.0,45.0,724.0,101.0,3375,axis_front,653.0,54.0,mask PCA skeleton + low contact point,generated_videos/control_points_3_traffic.mp4
90,7,0,91,1.0,0.055729002920881836,truck,0.6296008825302124,653.0,45.0,724.0,101.0,3375,axis_back,723.0,85.0,mask PCA skeleton + low contact point,generated_videos/control_points_3_traffic.mp4
90,7,0,91,1.0,0.055729002920881836,truck,0.6296008825302124,653.0,45.0,724.0,101.0,3375,axis_left,696.0,100.0,mask PCA skeleton + low contact point,generated_videos/control_points_3_traffic.mp4
90,7,0,91,1.0,0.055729002920881836,truck,0.6296008825302124,653.0,45.0,724.0,101.0,3375,axis_right,709.0,45.0,mask PCA skeleton + low contact point,generated_videos/control_points_3_traffic.mp4
90,7,0,91,1.0,0.055729002920881836,truck,0.6296008825302124,653.0,45.0,724.0,101.0,3375,contact_low,689.0,93.0,mask PCA skeleton + low contact point,generated_videos/control_points_3_traffic.mp4
90,0,15,52,0.8333333333333334,1.4724063069418183,person,0.8544673919677734,572.0,173.0,599.0,257.0,1731,centroid,583.8336181640625,214.14096069335938,mask PCA skeleton + low contact point,generated_videos/control_points_3_traffic.mp4
90,0,15,52,0.8333333333333334,1.4724063069418183,person,0.8544673919677734,572.0,173.0,599.0,257.0,1731,axis_front,573.0,256.0,mask PCA skeleton + low contact point,generated_videos/control_points_3_traffic.mp4
90,0,15,52,0.8333333333333334,1.4724063069418183,person,0.8544673919677734,572.0,173.0,599.0,257.0,1731,axis_back,591.0,173.0,mask PCA skeleton + low contact point,generated_videos/control_points_3_traffic.mp4
90,0,15,52,0.8333333333333334,1.4724063069418183,person,0.8544673919677734,572.0,173.0,599.0,257.0,1731,axis_left,598.0,213.0,mask PCA skeleton + low contact point,generated_videos/control_points_3_traffic.mp4
90,0,15,52,0.8333333333333334,1.4724063069418183,person,0.8544673919677734,572.0,173.0,599.0,257.0,1731,axis_right,572.0,190.0,mask PCA skeleton + low contact point,generated_videos/control_points_3_traffic.mp4
90,0,15,52,0.8333333333333334,1.4724063069418183,person,0.8544673919677734,572.0,173.0,599.0,257.0,1731,contact_low,579.0,250.0,mask PCA skeleton + low contact point,generated_videos/control_points_3_traffic.mp4
90,5,8,74,0.8079178885630498,1.7865404968252179,person,0.6722216010093689,375.0,180.0,405.0,256.0,1485,centroid,391.2922668457031,215.81817626953125,mask PCA skeleton + low contact point,generated_videos/control_points_3_traffic.mp4
90,5,8,74,0.8079178885630498,1.7865404968252179,person,0.6722216010093689,375.0,180.0,405.0,256.0,1485,axis_front,393.0,255.0,mask PCA skeleton + low contact point,generated_videos/control_points_3_traffic.mp4
90,5,8,74,0.8079178885630498,1.7865404968252179,person,0.6722216010093689,375.0,180.0,405.0,256.0,1485,axis_back,386.0,180.0,mask PCA skeleton + low contact point,generated_videos/control_points_3_traffic.mp4
90,5,8,74,0.8079178885630498,1.7865404968252179,person,0.6722216010093689,375.0,180.0,405.0,256.0,1485,axis_left,404.0,201.0,mask PCA skeleton + low contact point,generated_videos/control_points_3_traffic.mp4
90,5,8,74,0.8079178885630498,1.7865404968252179,person,0.6722216010093689,375.0,180.0,405.0,256.0,1485,axis_right,375.0,220.0,mask PCA skeleton + low contact point,generated_videos/control_points_3_traffic.mp4
90,5,8,74,0.8079178885630498,1.7865404968252179,person,0.6722216010093689,375.0,180.0,405.0,256.0,1485,contact_low,391.0,249.0,mask PCA skeleton + low contact point,generated_videos/control_points_3_traffic.mp4
90,2,10,74,0.8411214953271028,1.7202664316607463,person,0.7927927374839783,490.0,162.0,518.0,234.0,1449,centroid,501.900634765625,197.5748748779297,mask PCA skeleton + low contact point,generated_videos/control_points_3_traffic.mp4
90,2,10,74,0.8411214953271028,1.7202664316607463,person,0.7927927374839783,490.0,162.0,518.0,234.0,1449,axis_front,500.0,233.0,mask PCA skeleton + low contact point,generated_videos/control_points_3_traffic.mp4
90,2,10,74,0.8411214953271028,1.7202664316607463,person,0.7927927374839783,490.0,162.0,518.0,234.0,1449,axis_back,497.0,162.0,mask PCA skeleton + low contact point,generated_videos/control_points_3_traffic.mp4
90,2,10,74,0.8411214953271028,1.7202664316607463,person,0.7927927374839783,490.0,162.0,518.0,234.0,1449,axis_left,517.0,198.0,mask PCA skeleton + low contact point,generated_videos/control_points_3_traffic.mp4
90,2,10,74,0.8411214953271028,1.7202664316607463,person,0.7927927374839783,490.0,162.0,518.0,234.0,1449,axis_right,490.0,208.0,mask PCA skeleton + low contact point,generated_videos/control_points_3_traffic.mp4
90,2,10,74,0.8411214953271028,1.7202664316607463,person,0.7927927374839783,490.0,162.0,518.0,234.0,1449,contact_low,498.0,227.0,mask PCA skeleton + low contact point,generated_videos/control_points_3_traffic.mp4
90,1,7,81,0.8770851624231782,2.1453973779603777,person,0.8357217311859131,462.0,160.0,490.0,234.0,1312,centroid,475.8551940917969,193.36509704589844,mask PCA skeleton + low contact point,generated_videos/control_points_3_traffic.mp4
90,1,7,81,0.8770851624231782,2.1453973779603777,person,0.8357217311859131,462.0,160.0,490.0,234.0,1312,axis_front,471.0,233.0,mask PCA skeleton + low contact point,generated_videos/control_points_3_traffic.mp4
90,1,7,81,0.8770851624231782,2.1453973779603777,person,0.8357217311859131,462.0,160.0,490.0,234.0,1312,axis_back,483.0,160.0,mask PCA skeleton + low contact point,generated_videos/control_points_3_traffic.mp4
90,1,7,81,0.8770851624231782,2.1453973779603777,person,0.8357217311859131,462.0,160.0,490.0,234.0,1312,axis_left,489.0,190.0,mask PCA skeleton + low contact point,generated_videos/control_points_3_traffic.mp4
90,1,7,81,0.8770851624231782,2.1453973779603777,person,0.8357217311859131,462.0,160.0,490.0,234.0,1312,axis_right,462.0,179.0,mask PCA skeleton + low contact point,generated_videos/control_points_3_traffic.mp4
90,1,7,81,0.8770851624231782,2.1453973779603777,person,0.8357217311859131,462.0,160.0,490.0,234.0,1312,contact_low,474.0,227.0,mask PCA skeleton + low contact point,generated_videos/control_points_3_traffic.mp4
90,3,4,91,1.0,0.07352419164632455,car,0.7499353885650635,735.0,52.0,768.0,93.0,1277,centroid,751.4745483398438,72.04698181152344,mask PCA skeleton + low contact point,generated_videos/control_points_3_traffic.mp4
90,3,4,91,1.0,0.07352419164632455,car,0.7499353885650635,735.0,52.0,768.0,93.0,1277,axis_front,737.0,92.0,mask PCA skeleton + low contact point,generated_videos/control_points_3_traffic.mp4
90,3,4,91,1.0,0.07352419164632455,car,0.7499353885650635,735.0,52.0,768.0,93.0,1277,axis_back,767.0,52.0,mask PCA skeleton + low contact point,generated_videos/control_points_3_traffic.mp4
90,3,4,91,1.0,0.07352419164632455,car,0.7499353885650635,735.0,52.0,768.0,93.0,1277,axis_left,767.0,92.0,mask PCA skeleton + low contact point,generated_videos/control_points_3_traffic.mp4
90,3,4,91,1.0,0.07352419164632455,car,0.7499353885650635,735.0,52.0,768.0,93.0,1277,axis_right,735.0,62.0,mask PCA skeleton + low contact point,generated_videos/control_points_3_traffic.mp4
90,3,4,91,1.0,0.07352419164632455,car,0.7499353885650635,735.0,52.0,768.0,93.0,1277,contact_low,748.0,90.0,mask PCA skeleton + low contact point,generated_videos/control_points_3_traffic.mp4
90,4,17,31,0.7679083094555874,3.3359137665837744,person,0.7079369425773621,292.0,190.0,318.0,257.0,1239,centroid,304.81597900390625,220.7845001220703,mask PCA skeleton + low contact point,generated_videos/control_points_3_traffic.mp4
90,4,17,31,0.7679083094555874,3.3359137665837744,person,0.7079369425773621,292.0,190.0,318.0,257.0,1239,axis_front,315.0,256.0,mask PCA skeleton + low contact point,generated_videos/control_points_3_traffic.mp4
90,4,17,31,0.7679083094555874,3.3359137665837744,person,0.7079369425773621,292.0,190.0,318.0,257.0,1239,axis_back,296.0,190.0,mask PCA skeleton + low contact point,generated_videos/control_points_3_traffic.mp4
90,4,17,31,0.7679083094555874,3.3359137665837744,person,0.7079369425773621,292.0,190.0,318.0,257.0,1239,axis_left,317.0,212.0,mask PCA skeleton + low contact point,generated_videos/control_points_3_traffic.mp4
90,4,17,31,0.7679083094555874,3.3359137665837744,person,0.7079369425773621,292.0,190.0,318.0,257.0,1239,axis_right,292.0,218.0,mask PCA skeleton + low contact point,generated_videos/control_points_3_traffic.mp4
90,4,17,31,0.7679083094555874,3.3359137665837744,person,0.7079369425773621,292.0,190.0,318.0,257.0,1239,contact_low,309.0,251.0,mask PCA skeleton + low contact point,generated_videos/control_points_3_traffic.mp4
90,6,19,14,0.7857142857142857,1.8225510982710384,person,0.654937744140625,250.0,57.0,263.0,90.0,378,centroid,255.90740966796875,72.80687713623047,mask PCA skeleton + low contact point,generated_videos/control_points_3_traffic.mp4
90,6,19,14,0.7857142857142857,1.8225510982710384,person,0.654937744140625,250.0,57.0,263.0,90.0,378,axis_front,250.0,89.0,mask PCA skeleton + low contact point,generated_videos/control_points_3_traffic.mp4
90,6,19,14,0.7857142857142857,1.8225510982710384,person,0.654937744140625,250.0,57.0,263.0,90.0,378,axis_back,260.0,57.0,mask PCA skeleton + low contact point,generated_videos/control_points_3_traffic.mp4
90,6,19,14,0.7857142857142857,1.8225510982710384,person,0.654937744140625,250.0,57.0,263.0,90.0,378,axis_left,262.0,88.0,mask PCA skeleton + low contact point,generated_videos/control_points_3_traffic.mp4
90,6,19,14,0.7857142857142857,1.8225510982710384,person,0.654937744140625,250.0,57.0,263.0,90.0,378,axis_right,250.0,65.0,mask PCA skeleton + low contact point,generated_videos/control_points_3_traffic.mp4
90,6,19,14,0.7857142857142857,1.8225510982710384,person,0.654937744140625,250.0,57.0,263.0,90.0,378,contact_low,253.0,87.0,mask PCA skeleton + low contact point,generated_videos/control_points_3_traffic.mp4
91,7,0,92,1.0,0.05970468859828026,truck,0.6188774704933167,653.0,45.0,724.0,101.0,3368,centroid,686.401123046875,70.93022918701172,mask PCA skeleton + low contact point,generated_videos/control_points_3_traffic.mp4
91,7,0,92,1.0,0.05970468859828026,truck,0.6188774704933167,653.0,45.0,724.0,101.0,3368,axis_front,653.0,54.0,mask PCA skeleton + low contact point,generated_videos/control_points_3_traffic.mp4
91,7,0,92,1.0,0.05970468859828026,truck,0.6188774704933167,653.0,45.0,724.0,101.0,3368,axis_back,723.0,85.0,mask PCA skeleton + low contact point,generated_videos/control_points_3_traffic.mp4
91,7,0,92,1.0,0.05970468859828026,truck,0.6188774704933167,653.0,45.0,724.0,101.0,3368,axis_left,696.0,100.0,mask PCA skeleton + low contact point,generated_videos/control_points_3_traffic.mp4
91,7,0,92,1.0,0.05970468859828026,truck,0.6188774704933167,653.0,45.0,724.0,101.0,3368,axis_right,709.0,45.0,mask PCA skeleton + low contact point,generated_videos/control_points_3_traffic.mp4
91,7,0,92,1.0,0.05970468859828026,truck,0.6188774704933167,653.0,45.0,724.0,101.0,3368,contact_low,690.0,93.0,mask PCA skeleton + low contact point,generated_videos/control_points_3_traffic.mp4
91,0,15,53,0.9419924337957125,2.1442101460300838,person,0.8745942115783691,572.0,172.0,600.0,256.0,1824,centroid,584.930908203125,212.29879760742188,mask PCA skeleton + low contact point,generated_videos/control_points_3_traffic.mp4
91,0,15,53,0.9419924337957125,2.1442101460300838,person,0.8745942115783691,572.0,172.0,600.0,256.0,1824,axis_front,574.0,255.0,mask PCA skeleton + low contact point,generated_videos/control_points_3_traffic.mp4
91,0,15,53,0.9419924337957125,2.1442101460300838,person,0.8745942115783691,572.0,172.0,600.0,256.0,1824,axis_back,593.0,172.0,mask PCA skeleton + low contact point,generated_videos/control_points_3_traffic.mp4
91,0,15,53,0.9419924337957125,2.1442101460300838,person,0.8745942115783691,572.0,172.0,600.0,256.0,1824,axis_left,599.0,213.0,mask PCA skeleton + low contact point,generated_videos/control_points_3_traffic.mp4
91,0,15,53,0.9419924337957125,2.1442101460300838,person,0.8745942115783691,572.0,172.0,600.0,256.0,1824,axis_right,572.0,192.0,mask PCA skeleton + low contact point,generated_videos/control_points_3_traffic.mp4
91,0,15,53,0.9419924337957125,2.1442101460300838,person,0.8745942115783691,572.0,172.0,600.0,256.0,1824,contact_low,580.0,249.0,mask PCA skeleton + low contact point,generated_videos/control_points_3_traffic.mp4
91,3,8,75,0.8539325842696629,2.673250803069197,person,0.7566022276878357,377.0,180.0,407.0,258.0,1599,centroid,392.5903625488281,218.15509033203125,mask PCA skeleton + low contact point,generated_videos/control_points_3_traffic.mp4
91,3,8,75,0.8539325842696629,2.673250803069197,person,0.7566022276878357,377.0,180.0,407.0,258.0,1599,axis_front,392.0,257.0,mask PCA skeleton + low contact point,generated_videos/control_points_3_traffic.mp4
91,3,8,75,0.8539325842696629,2.673250803069197,person,0.7566022276878357,377.0,180.0,407.0,258.0,1599,axis_back,387.0,180.0,mask PCA skeleton + low contact point,generated_videos/control_points_3_traffic.mp4
91,3,8,75,0.8539325842696629,2.673250803069197,person,0.7566022276878357,377.0,180.0,407.0,258.0,1599,axis_left,406.0,203.0,mask PCA skeleton + low contact point,generated_videos/control_points_3_traffic.mp4
91,3,8,75,0.8539325842696629,2.673250803069197,person,0.7566022276878357,377.0,180.0,407.0,258.0,1599,axis_right,377.0,223.0,mask PCA skeleton + low contact point,generated_videos/control_points_3_traffic.mp4
91,3,8,75,0.8539325842696629,2.673250803069197,person,0.7566022276878357,377.0,180.0,407.0,258.0,1599,contact_low,392.0,251.0,mask PCA skeleton + low contact point,generated_videos/control_points_3_traffic.mp4
91,2,10,75,0.8845232390991854,2.249783587239844,person,0.7705996036529541,492.0,162.0,519.0,233.0,1451,centroid,504.11370849609375,197.17022705078125,mask PCA skeleton + low contact point,generated_videos/control_points_3_traffic.mp4
91,2,10,75,0.8845232390991854,2.249783587239844,person,0.7705996036529541,492.0,162.0,519.0,233.0,1451,axis_front,500.0,232.0,mask PCA skeleton + low contact point,generated_videos/control_points_3_traffic.mp4
91,2,10,75,0.8845232390991854,2.249783587239844,person,0.7705996036529541,492.0,162.0,519.0,233.0,1451,axis_back,500.0,162.0,mask PCA skeleton + low contact point,generated_videos/control_points_3_traffic.mp4
91,2,10,75,0.8845232390991854,2.249783587239844,person,0.7705996036529541,492.0,162.0,519.0,233.0,1451,axis_left,518.0,194.0,mask PCA skeleton + low contact point,generated_videos/control_points_3_traffic.mp4
91,2,10,75,0.8845232390991854,2.249783587239844,person,0.7705996036529541,492.0,162.0,519.0,233.0,1451,axis_right,492.0,226.0,mask PCA skeleton + low contact point,generated_videos/control_points_3_traffic.mp4
91,2,10,75,0.8845232390991854,2.249783587239844,person,0.7705996036529541,492.0,162.0,519.0,233.0,1451,contact_low,499.0,226.0,mask PCA skeleton + low contact point,generated_videos/control_points_3_traffic.mp4
91,5,17,32,0.688785046728972,4.304424356552755,person,0.7305066585540771,296.0,190.0,322.0,262.0,1338,centroid,308.80792236328125,222.39462280273438,mask PCA skeleton + low contact point,generated_videos/control_points_3_traffic.mp4
91,5,17,32,0.688785046728972,4.304424356552755,person,0.7305066585540771,296.0,190.0,322.0,262.0,1338,axis_front,316.0,261.0,mask PCA skeleton + low contact point,generated_videos/control_points_3_traffic.mp4
91,5,17,32,0.688785046728972,4.304424356552755,person,0.7305066585540771,296.0,190.0,322.0,262.0,1338,axis_back,296.0,190.0,mask PCA skeleton + low contact point,generated_videos/control_points_3_traffic.mp4
91,5,17,32,0.688785046728972,4.304424356552755,person,0.7305066585540771,296.0,190.0,322.0,262.0,1338,axis_left,321.0,210.0,mask PCA skeleton + low contact point,generated_videos/control_points_3_traffic.mp4
91,5,17,32,0.688785046728972,4.304424356552755,person,0.7305066585540771,296.0,190.0,322.0,262.0,1338,axis_right,296.0,219.0,mask PCA skeleton + low contact point,generated_videos/control_points_3_traffic.mp4
91,5,17,32,0.688785046728972,4.304424356552755,person,0.7305066585540771,296.0,190.0,322.0,262.0,1338,contact_low,312.0,254.0,mask PCA skeleton + low contact point,generated_videos/control_points_3_traffic.mp4
91,1,7,82,0.896551724137931,1.6401980402047134,person,0.869415819644928,464.0,160.0,491.0,234.0,1311,centroid,477.4485168457031,193.75437927246094,mask PCA skeleton + low contact point,generated_videos/control_points_3_traffic.mp4
91,1,7,82,0.896551724137931,1.6401980402047134,person,0.869415819644928,464.0,160.0,491.0,234.0,1311,axis_front,472.0,233.0,mask PCA skeleton + low contact point,generated_videos/control_points_3_traffic.mp4
91,1,7,82,0.896551724137931,1.6401980402047134,person,0.869415819644928,464.0,160.0,491.0,234.0,1311,axis_back,484.0,160.0,mask PCA skeleton + low contact point,generated_videos/control_points_3_traffic.mp4
91,1,7,82,0.896551724137931,1.6401980402047134,person,0.869415819644928,464.0,160.0,491.0,234.0,1311,axis_left,490.0,193.0,mask PCA skeleton + low contact point,generated_videos/control_points_3_traffic.mp4
91,1,7,82,0.896551724137931,1.6401980402047134,person,0.869415819644928,464.0,160.0,491.0,234.0,1311,axis_right,464.0,178.0,mask PCA skeleton + low contact point,generated_videos/control_points_3_traffic.mp4
91,1,7,82,0.896551724137931,1.6401980402047134,person,0.869415819644928,464.0,160.0,491.0,234.0,1311,contact_low,475.0,227.0,mask PCA skeleton + low contact point,generated_videos/control_points_3_traffic.mp4
91,4,4,92,1.0,0.01975777424159294,car,0.7537320256233215,735.0,52.0,768.0,93.0,1278,centroid,751.4624633789062,72.0625991821289,mask PCA skeleton + low contact point,generated_videos/control_points_3_traffic.mp4
91,4,4,92,1.0,0.01975777424159294,car,0.7537320256233215,735.0,52.0,768.0,93.0,1278,axis_front,736.0,92.0,mask PCA skeleton + low contact point,generated_videos/control_points_3_traffic.mp4
91,4,4,92,1.0,0.01975777424159294,car,0.7537320256233215,735.0,52.0,768.0,93.0,1278,axis_back,767.0,52.0,mask PCA skeleton + low contact point,generated_videos/control_points_3_traffic.mp4
91,4,4,92,1.0,0.01975777424159294,car,0.7537320256233215,735.0,52.0,768.0,93.0,1278,axis_left,767.0,92.0,mask PCA skeleton + low contact point,generated_videos/control_points_3_traffic.mp4
91,4,4,92,1.0,0.01975777424159294,car,0.7537320256233215,735.0,52.0,768.0,93.0,1278,axis_right,735.0,62.0,mask PCA skeleton + low contact point,generated_videos/control_points_3_traffic.mp4
91,4,4,92,1.0,0.01975777424159294,car,0.7537320256233215,735.0,52.0,768.0,93.0,1278,contact_low,748.0,90.0,mask PCA skeleton + low contact point,generated_videos/control_points_3_traffic.mp4
91,6,19,15,0.7954110898661568,2.3912773399728335,person,0.6194000244140625,248.0,58.0,263.0,92.0,387,centroid,254.1291961669922,74.40568542480469,mask PCA skeleton + low contact point,generated_videos/control_points_3_traffic.mp4
91,6,19,15,0.7954110898661568,2.3912773399728335,person,0.6194000244140625,248.0,58.0,263.0,92.0,387,axis_front,253.0,91.0,mask PCA skeleton + low contact point,generated_videos/control_points_3_traffic.mp4
91,6,19,15,0.7954110898661568,2.3912773399728335,person,0.6194000244140625,248.0,58.0,263.0,92.0,387,axis_back,250.0,58.0,mask PCA skeleton + low contact point,generated_videos/control_points_3_traffic.mp4
91,6,19,15,0.7954110898661568,2.3912773399728335,person,0.6194000244140625,248.0,58.0,263.0,92.0,387,axis_left,262.0,82.0,mask PCA skeleton + low contact point,generated_videos/control_points_3_traffic.mp4
91,6,19,15,0.7954110898661568,2.3912773399728335,person,0.6194000244140625,248.0,58.0,263.0,92.0,387,axis_right,248.0,86.0,mask PCA skeleton + low contact point,generated_videos/control_points_3_traffic.mp4
91,6,19,15,0.7954110898661568,2.3912773399728335,person,0.6194000244140625,248.0,58.0,263.0,92.0,387,contact_low,252.0,88.0,mask PCA skeleton + low contact point,generated_videos/control_points_3_traffic.mp4
92,7,0,93,1.0,0.07936508829510876,truck,0.6218592524528503,653.0,45.0,724.0,101.0,3377,centroid,686.3556518554688,70.9952621459961,mask PCA skeleton + low contact point,generated_videos/control_points_3_traffic.mp4
92,7,0,93,1.0,0.07936508829510876,truck,0.6218592524528503,653.0,45.0,724.0,101.0,3377,axis_front,653.0,54.0,mask PCA skeleton + low contact point,generated_videos/control_points_3_traffic.mp4
92,7,0,93,1.0,0.07936508829510876,truck,0.6218592524528503,653.0,45.0,724.0,101.0,3377,axis_back,723.0,85.0,mask PCA skeleton + low contact point,generated_videos/control_points_3_traffic.mp4
92,7,0,93,1.0,0.07936508829510876,truck,0.6218592524528503,653.0,45.0,724.0,101.0,3377,axis_left,696.0,100.0,mask PCA skeleton + low contact point,generated_videos/control_points_3_traffic.mp4
92,7,0,93,1.0,0.07936508829510876,truck,0.6218592524528503,653.0,45.0,724.0,101.0,3377,axis_right,709.0,45.0,mask PCA skeleton + low contact point,generated_videos/control_points_3_traffic.mp4
92,7,0,93,1.0,0.07936508829510876,truck,0.6218592524528503,653.0,45.0,724.0,101.0,3377,contact_low,689.0,93.0,mask PCA skeleton + low contact point,generated_videos/control_points_3_traffic.mp4
92,2,15,54,0.7640608418818535,7.110569964452831,person,0.8117772936820984,573.0,167.0,604.0,252.0,1719,centroid,587.9598388671875,205.86561584472656,mask PCA skeleton + low contact point,generated_videos/control_points_3_traffic.mp4
92,2,15,54,0.7640608418818535,7.110569964452831,person,0.8117772936820984,573.0,167.0,604.0,252.0,1719,axis_front,585.0,251.0,mask PCA skeleton + low contact point,generated_videos/control_points_3_traffic.mp4
92,2,15,54,0.7640608418818535,7.110569964452831,person,0.8117772936820984,573.0,167.0,604.0,252.0,1719,axis_back,595.0,167.0,mask PCA skeleton + low contact point,generated_videos/control_points_3_traffic.mp4
92,2,15,54,0.7640608418818535,7.110569964452831,person,0.8117772936820984,573.0,167.0,604.0,252.0,1719,axis_left,603.0,208.0,mask PCA skeleton + low contact point,generated_videos/control_points_3_traffic.mp4
92,2,15,54,0.7640608418818535,7.110569964452831,person,0.8117772936820984,573.0,167.0,604.0,252.0,1719,axis_right,573.0,192.0,mask PCA skeleton + low contact point,generated_videos/control_points_3_traffic.mp4
92,2,15,54,0.7640608418818535,7.110569964452831,person,0.8117772936820984,573.0,167.0,604.0,252.0,1719,contact_low,586.0,244.0,mask PCA skeleton + low contact point,generated_videos/control_points_3_traffic.mp4
92,5,8,76,0.8087557603686636,2.234064227733581,person,0.7291132807731628,380.0,179.0,410.0,258.0,1641,centroid,394.7068786621094,217.43997192382812,mask PCA skeleton + low contact point,generated_videos/control_points_3_traffic.mp4
92,5,8,76,0.8087557603686636,2.234064227733581,person,0.7291132807731628,380.0,179.0,410.0,258.0,1641,axis_front,387.0,257.0,mask PCA skeleton + low contact point,generated_videos/control_points_3_traffic.mp4
92,5,8,76,0.8087557603686636,2.234064227733581,person,0.7291132807731628,380.0,179.0,410.0,258.0,1641,axis_back,400.0,179.0,mask PCA skeleton + low contact point,generated_videos/control_points_3_traffic.mp4
92,5,8,76,0.8087557603686636,2.234064227733581,person,0.7291132807731628,380.0,179.0,410.0,258.0,1641,axis_left,409.0,211.0,mask PCA skeleton + low contact point,generated_videos/control_points_3_traffic.mp4
92,5,8,76,0.8087557603686636,2.234064227733581,person,0.7291132807731628,380.0,179.0,410.0,258.0,1641,axis_right,380.0,207.0,mask PCA skeleton + low contact point,generated_videos/control_points_3_traffic.mp4
92,5,8,76,0.8087557603686636,2.234064227733581,person,0.7291132807731628,380.0,179.0,410.0,258.0,1641,contact_low,392.0,251.0,mask PCA skeleton + low contact point,generated_videos/control_points_3_traffic.mp4
92,1,17,33,0.5408702724684831,8.892004311471299,person,0.8152498006820679,303.0,192.0,330.0,263.0,1495,centroid,315.82342529296875,227.8582000732422,mask PCA skeleton + low contact point,generated_videos/control_points_3_traffic.mp4
92,1,17,33,0.5408702724684831,8.892004311471299,person,0.8152498006820679,303.0,192.0,330.0,263.0,1495,axis_front,327.0,262.0,mask PCA skeleton + low contact point,generated_videos/control_points_3_traffic.mp4
92,1,17,33,0.5408702724684831,8.892004311471299,person,0.8152498006820679,303.0,192.0,330.0,263.0,1495,axis_back,311.0,192.0,mask PCA skeleton + low contact point,generated_videos/control_points_3_traffic.mp4
92,1,17,33,0.5408702724684831,8.892004311471299,person,0.8152498006820679,303.0,192.0,330.0,263.0,1495,axis_left,327.0,212.0,mask PCA skeleton + low contact point,generated_videos/control_points_3_traffic.mp4
92,1,17,33,0.5408702724684831,8.892004311471299,person,0.8152498006820679,303.0,192.0,330.0,263.0,1495,axis_right,303.0,225.0,mask PCA skeleton + low contact point,generated_videos/control_points_3_traffic.mp4
92,1,17,33,0.5408702724684831,8.892004311471299,person,0.8152498006820679,303.0,192.0,330.0,263.0,1495,contact_low,317.0,258.0,mask PCA skeleton + low contact point,generated_videos/control_points_3_traffic.mp4
92,0,10,76,0.6261884183232498,5.723509466461053,person,0.8623541593551636,498.0,160.0,524.0,231.0,1439,centroid,509.511474609375,195.266845703125,mask PCA skeleton + low contact point,generated_videos/control_points_3_traffic.mp4
92,0,10,76,0.6261884183232498,5.723509466461053,person,0.8623541593551636,498.0,160.0,524.0,231.0,1439,axis_front,498.0,230.0,mask PCA skeleton + low contact point,generated_videos/control_points_3_traffic.mp4
92,0,10,76,0.6261884183232498,5.723509466461053,person,0.8623541593551636,498.0,160.0,524.0,231.0,1439,axis_back,517.0,160.0,mask PCA skeleton + low contact point,generated_videos/control_points_3_traffic.mp4
92,0,10,76,0.6261884183232498,5.723509466461053,person,0.8623541593551636,498.0,160.0,524.0,231.0,1439,axis_left,523.0,200.0,mask PCA skeleton + low contact point,generated_videos/control_points_3_traffic.mp4
92,0,10,76,0.6261884183232498,5.723509466461053,person,0.8623541593551636,498.0,160.0,524.0,231.0,1439,axis_right,498.0,174.0,mask PCA skeleton + low contact point,generated_videos/control_points_3_traffic.mp4
92,0,10,76,0.6261884183232498,5.723509466461053,person,0.8623541593551636,498.0,160.0,524.0,231.0,1439,contact_low,507.0,225.0,mask PCA skeleton + low contact point,generated_videos/control_points_3_traffic.mp4
92,3,7,83,0.597489539748954,6.493700733198902,person,0.7897095680236816,470.0,158.0,496.0,228.0,1292,centroid,482.29180908203125,189.4287872314453,mask PCA skeleton + low contact point,generated_videos/control_points_3_traffic.mp4
92,3,7,83,0.597489539748954,6.493700733198902,person,0.7897095680236816,470.0,158.0,496.0,228.0,1292,axis_front,484.0,227.0,mask PCA skeleton + low contact point,generated_videos/control_points_3_traffic.mp4
92,3,7,83,0.597489539748954,6.493700733198902,person,0.7897095680236816,470.0,158.0,496.0,228.0,1292,axis_back,476.0,158.0,mask PCA skeleton + low contact point,generated_videos/control_points_3_traffic.mp4
92,3,7,83,0.597489539748954,6.493700733198902,person,0.7897095680236816,470.0,158.0,496.0,228.0,1292,axis_left,495.0,177.0,mask PCA skeleton + low contact point,generated_videos/control_points_3_traffic.mp4
92,3,7,83,0.597489539748954,6.493700733198902,person,0.7897095680236816,470.0,158.0,496.0,228.0,1292,axis_right,470.0,195.0,mask PCA skeleton + low contact point,generated_videos/control_points_3_traffic.mp4
92,3,7,83,0.597489539748954,6.493700733198902,person,0.7897095680236816,470.0,158.0,496.0,228.0,1292,contact_low,481.0,219.0,mask PCA skeleton + low contact point,generated_videos/control_points_3_traffic.mp4
92,4,4,93,1.0,0.0,car,0.755327582359314,735.0,52.0,768.0,93.0,1278,centroid,751.4624633789062,72.0625991821289,mask PCA skeleton + low contact point,generated_videos/control_points_3_traffic.mp4
92,4,4,93,1.0,0.0,car,0.755327582359314,735.0,52.0,768.0,93.0,1278,axis_front,736.0,92.0,mask PCA skeleton + low contact point,generated_videos/control_points_3_traffic.mp4
92,4,4,93,1.0,0.0,car,0.755327582359314,735.0,52.0,768.0,93.0,1278,axis_back,767.0,52.0,mask PCA skeleton + low contact point,generated_videos/control_points_3_traffic.mp4
92,4,4,93,1.0,0.0,car,0.755327582359314,735.0,52.0,768.0,93.0,1278,axis_left,767.0,92.0,mask PCA skeleton + low contact point,generated_videos/control_points_3_traffic.mp4
92,4,4,93,1.0,0.0,car,0.755327582359314,735.0,52.0,768.0,93.0,1278,axis_right,735.0,62.0,mask PCA skeleton + low contact point,generated_videos/control_points_3_traffic.mp4
92,4,4,93,1.0,0.0,car,0.755327582359314,735.0,52.0,768.0,93.0,1278,contact_low,748.0,90.0,mask PCA skeleton + low contact point,generated_videos/control_points_3_traffic.mp4
92,6,19,16,0.42105263157894735,4.7747719780175295,person,0.6652440428733826,244.0,58.0,256.0,92.0,338,centroid,249.61834716796875,72.84024047851562,mask PCA skeleton + low contact point,generated_videos/control_points_3_traffic.mp4
92,6,19,16,0.42105263157894735,4.7747719780175295,person,0.6652440428733826,244.0,58.0,256.0,92.0,338,axis_front,253.0,91.0,mask PCA skeleton + low contact point,generated_videos/control_points_3_traffic.mp4
92,6,19,16,0.42105263157894735,4.7747719780175295,person,0.6652440428733826,244.0,58.0,256.0,92.0,338,axis_back,245.0,58.0,mask PCA skeleton + low contact point,generated_videos/control_points_3_traffic.mp4
92,6,19,16,0.42105263157894735,4.7747719780175295,person,0.6652440428733826,244.0,58.0,256.0,92.0,338,axis_left,255.0,63.0,mask PCA skeleton + low contact point,generated_videos/control_points_3_traffic.mp4
92,6,19,16,0.42105263157894735,4.7747719780175295,person,0.6652440428733826,244.0,58.0,256.0,92.0,338,axis_right,244.0,83.0,mask PCA skeleton + low contact point,generated_videos/control_points_3_traffic.mp4
92,6,19,16,0.42105263157894735,4.7747719780175295,person,0.6652440428733826,244.0,58.0,256.0,92.0,338,contact_low,252.0,87.0,mask PCA skeleton + low contact point,generated_videos/control_points_3_traffic.mp4
93,6,0,94,1.0,0.07896347922638963,truck,0.6294993162155151,653.0,45.0,724.0,101.0,3371,centroid,686.390380859375,70.92435455322266,mask PCA skeleton + low contact point,generated_videos/control_points_3_traffic.mp4
93,6,0,94,1.0,0.07896347922638963,truck,0.6294993162155151,653.0,45.0,724.0,101.0,3371,axis_front,653.0,54.0,mask PCA skeleton + low contact point,generated_videos/control_points_3_traffic.mp4
93,6,0,94,1.0,0.07896347922638963,truck,0.6294993162155151,653.0,45.0,724.0,101.0,3371,axis_back,723.0,85.0,mask PCA skeleton + low contact point,generated_videos/control_points_3_traffic.mp4
93,6,0,94,1.0,0.07896347922638963,truck,0.6294993162155151,653.0,45.0,724.0,101.0,3371,axis_left,696.0,100.0,mask PCA skeleton + low contact point,generated_videos/control_points_3_traffic.mp4
93,6,0,94,1.0,0.07896347922638963,truck,0.6294993162155151,653.0,45.0,724.0,101.0,3371,axis_right,709.0,45.0,mask PCA skeleton + low contact point,generated_videos/control_points_3_traffic.mp4
93,6,0,94,1.0,0.07896347922638963,truck,0.6294993162155151,653.0,45.0,724.0,101.0,3371,contact_low,690.0,93.0,mask PCA skeleton + low contact point,generated_videos/control_points_3_traffic.mp4
93,5,8,77,0.8713235294117647,1.2183881861461587,person,0.7442772388458252,378.0,178.0,412.0,258.0,1728,centroid,395.85589599609375,217.03472900390625,mask PCA skeleton + low contact point,generated_videos/control_points_3_traffic.mp4
93,5,8,77,0.8713235294117647,1.2183881861461587,person,0.7442772388458252,378.0,178.0,412.0,258.0,1728,axis_front,387.0,257.0,mask PCA skeleton + low contact point,generated_videos/control_points_3_traffic.mp4
93,5,8,77,0.8713235294117647,1.2183881861461587,person,0.7442772388458252,378.0,178.0,412.0,258.0,1728,axis_back,403.0,178.0,mask PCA skeleton + low contact point,generated_videos/control_points_3_traffic.mp4
93,5,8,77,0.8713235294117647,1.2183881861461587,person,0.7442772388458252,378.0,178.0,412.0,258.0,1728,axis_left,411.0,212.0,mask PCA skeleton + low contact point,generated_videos/control_points_3_traffic.mp4
93,5,8,77,0.8713235294117647,1.2183881861461587,person,0.7442772388458252,378.0,178.0,412.0,258.0,1728,axis_right,378.0,209.0,mask PCA skeleton + low contact point,generated_videos/control_points_3_traffic.mp4
93,5,8,77,0.8713235294117647,1.2183881861461587,person,0.7442772388458252,378.0,178.0,412.0,258.0,1728,contact_low,393.0,251.0,mask PCA skeleton + low contact point,generated_videos/control_points_3_traffic.mp4
93,0,15,55,0.9163636363636364,2.7779634041700927,person,0.8277426362037659,574.0,166.0,605.0,251.0,1630,centroid,589.4828491210938,203.54232788085938,mask PCA skeleton + low contact point,generated_videos/control_points_3_traffic.mp4
93,0,15,55,0.9163636363636364,2.7779634041700927,person,0.8277426362037659,574.0,166.0,605.0,251.0,1630,axis_front,590.0,250.0,mask PCA skeleton + low contact point,generated_videos/control_points_3_traffic.mp4
93,0,15,55,0.9163636363636364,2.7779634041700927,person,0.8277426362037659,574.0,166.0,605.0,251.0,1630,axis_back,585.0,166.0,mask PCA skeleton + low contact point,generated_videos/control_points_3_traffic.mp4
93,0,15,55,0.9163636363636364,2.7779634041700927,person,0.8277426362037659,574.0,166.0,605.0,251.0,1630,axis_left,604.0,189.0,mask PCA skeleton + low contact point,generated_videos/control_points_3_traffic.mp4
93,0,15,55,0.9163636363636364,2.7779634041700927,person,0.8277426362037659,574.0,166.0,605.0,251.0,1630,axis_right,574.0,211.0,mask PCA skeleton + low contact point,generated_videos/control_points_3_traffic.mp4
93,0,15,55,0.9163636363636364,2.7779634041700927,person,0.8277426362037659,574.0,166.0,605.0,251.0,1630,contact_low,589.0,242.0,mask PCA skeleton + low contact point,generated_videos/control_points_3_traffic.mp4
93,3,17,34,0.6270352139341159,4.209223064829857,person,0.7607221603393555,306.0,194.0,340.0,264.0,1522,centroid,319.91326904296875,228.85348510742188,mask PCA skeleton + low contact point,generated_videos/control_points_3_traffic.mp4
93,3,17,34,0.6270352139341159,4.209223064829857,person,0.7607221603393555,306.0,194.0,340.0,264.0,1522,axis_front,337.0,263.0,mask PCA skeleton + low contact point,generated_videos/control_points_3_traffic.mp4
93,3,17,34,0.6270352139341159,4.209223064829857,person,0.7607221603393555,306.0,194.0,340.0,264.0,1522,axis_back,314.0,194.0,mask PCA skeleton + low contact point,generated_videos/control_points_3_traffic.mp4
93,3,17,34,0.6270352139341159,4.209223064829857,person,0.7607221603393555,306.0,194.0,340.0,264.0,1522,axis_left,339.0,260.0,mask PCA skeleton + low contact point,generated_videos/control_points_3_traffic.mp4
93,3,17,34,0.6270352139341159,4.209223064829857,person,0.7607221603393555,306.0,194.0,340.0,264.0,1522,axis_right,306.0,253.0,mask PCA skeleton + low contact point,generated_videos/control_points_3_traffic.mp4
93,3,17,34,0.6270352139341159,4.209223064829857,person,0.7607221603393555,306.0,194.0,340.0,264.0,1522,contact_low,330.0,259.0,mask PCA skeleton + low contact point,generated_videos/control_points_3_traffic.mp4
93,1,7,84,0.8574228319451249,1.9229235550304922,person,0.8140131235122681,471.0,155.0,498.0,228.0,1475,centroid,484.06915283203125,190.16270446777344,mask PCA skeleton + low contact point,generated_videos/control_points_3_traffic.mp4
93,1,7,84,0.8574228319451249,1.9229235550304922,person,0.8140131235122681,471.0,155.0,498.0,228.0,1475,axis_front,487.0,227.0,mask PCA skeleton + low contact point,generated_videos/control_points_3_traffic.mp4
93,1,7,84,0.8574228319451249,1.9229235550304922,person,0.8140131235122681,471.0,155.0,498.0,228.0,1475,axis_back,478.0,155.0,mask PCA skeleton + low contact point,generated_videos/control_points_3_traffic.mp4
93,1,7,84,0.8574228319451249,1.9229235550304922,person,0.8140131235122681,471.0,155.0,498.0,228.0,1475,axis_left,497.0,179.0,mask PCA skeleton + low contact point,generated_videos/control_points_3_traffic.mp4
93,1,7,84,0.8574228319451249,1.9229235550304922,person,0.8140131235122681,471.0,155.0,498.0,228.0,1475,axis_right,471.0,193.0,mask PCA skeleton + low contact point,generated_videos/control_points_3_traffic.mp4
93,1,7,84,0.8574228319451249,1.9229235550304922,person,0.8140131235122681,471.0,155.0,498.0,228.0,1475,contact_low,484.0,221.0,mask PCA skeleton + low contact point,generated_videos/control_points_3_traffic.mp4
93,2,10,77,0.81067472306143,3.0045831947283648,person,0.7961035370826721,501.0,160.0,526.0,230.0,1328,centroid,512.0880737304688,193.7213897705078,mask PCA skeleton + low contact point,generated_videos/control_points_3_traffic.mp4
93,2,10,77,0.81067472306143,3.0045831947283648,person,0.7961035370826721,501.0,160.0,526.0,230.0,1328,axis_front,506.0,229.0,mask PCA skeleton + low contact point,generated_videos/control_points_3_traffic.mp4
93,2,10,77,0.81067472306143,3.0045831947283648,person,0.7961035370826721,501.0,160.0,526.0,230.0,1328,axis_back,519.0,160.0,mask PCA skeleton + low contact point,generated_videos/control_points_3_traffic.mp4
93,2,10,77,0.81067472306143,3.0045831947283648,person,0.7961035370826721,501.0,160.0,526.0,230.0,1328,axis_left,525.0,200.0,mask PCA skeleton + low contact point,generated_videos/control_points_3_traffic.mp4
93,2,10,77,0.81067472306143,3.0045831947283648,person,0.7961035370826721,501.0,160.0,526.0,230.0,1328,axis_right,501.0,173.0,mask PCA skeleton + low contact point,generated_videos/control_points_3_traffic.mp4
93,2,10,77,0.81067472306143,3.0045831947283648,person,0.7961035370826721,501.0,160.0,526.0,230.0,1328,contact_low,511.0,225.0,mask PCA skeleton + low contact point,generated_videos/control_points_3_traffic.mp4
93,4,4,94,1.0,0.01975777424159294,car,0.7514488101005554,735.0,52.0,768.0,93.0,1277,centroid,751.4745483398438,72.04698181152344,mask PCA skeleton + low contact point,generated_videos/control_points_3_traffic.mp4
93,4,4,94,1.0,0.01975777424159294,car,0.7514488101005554,735.0,52.0,768.0,93.0,1277,axis_front,737.0,92.0,mask PCA skeleton + low contact point,generated_videos/control_points_3_traffic.mp4
93,4,4,94,1.0,0.01975777424159294,car,0.7514488101005554,735.0,52.0,768.0,93.0,1277,axis_back,767.0,52.0,mask PCA skeleton + low contact point,generated_videos/control_points_3_traffic.mp4
93,4,4,94,1.0,0.01975777424159294,car,0.7514488101005554,735.0,52.0,768.0,93.0,1277,axis_left,767.0,92.0,mask PCA skeleton + low contact point,generated_videos/control_points_3_traffic.mp4
93,4,4,94,1.0,0.01975777424159294,car,0.7514488101005554,735.0,52.0,768.0,93.0,1277,axis_right,735.0,62.0,mask PCA skeleton + low contact point,generated_videos/control_points_3_traffic.mp4
93,4,4,94,1.0,0.01975777424159294,car,0.7514488101005554,735.0,52.0,768.0,93.0,1277,contact_low,748.0,90.0,mask PCA skeleton + low contact point,generated_videos/control_points_3_traffic.mp4
93,7,19,17,0.8461538461538461,1.7074707413945045,person,0.5920688509941101,243.0,58.0,255.0,92.0,361,centroid,248.29086303710938,73.91413116455078,mask PCA skeleton + low contact point,generated_videos/control_points_3_traffic.mp4
93,7,19,17,0.8461538461538461,1.7074707413945045,person,0.5920688509941101,243.0,58.0,255.0,92.0,361,axis_front,248.0,91.0,mask PCA skeleton + low contact point,generated_videos/control_points_3_traffic.mp4
93,7,19,17,0.8461538461538461,1.7074707413945045,person,0.5920688509941101,243.0,58.0,255.0,92.0,361,axis_back,253.0,58.0,mask PCA skeleton + low contact point,generated_videos/control_points_3_traffic.mp4
93,7,19,17,0.8461538461538461,1.7074707413945045,person,0.5920688509941101,243.0,58.0,255.0,92.0,361,axis_left,254.0,88.0,mask PCA skeleton + low contact point,generated_videos/control_points_3_traffic.mp4
93,7,19,17,0.8461538461538461,1.7074707413945045,person,0.5920688509941101,243.0,58.0,255.0,92.0,361,axis_right,243.0,64.0,mask PCA skeleton + low contact point,generated_videos/control_points_3_traffic.mp4
93,7,19,17,0.8461538461538461,1.7074707413945045,person,0.5920688509941101,243.0,58.0,255.0,92.0,361,contact_low,249.0,88.0,mask PCA skeleton + low contact point,generated_videos/control_points_3_traffic.mp4
94,6,0,95,1.0,0.08094351514610001,truck,0.622943639755249,653.0,45.0,724.0,101.0,3364,centroid,686.3121337890625,70.9036865234375,mask PCA skeleton + low contact point,generated_videos/control_points_3_traffic.mp4
94,6,0,95,1.0,0.08094351514610001,truck,0.622943639755249,653.0,45.0,724.0,101.0,3364,axis_front,653.0,54.0,mask PCA skeleton + low contact point,generated_videos/control_points_3_traffic.mp4
94,6,0,95,1.0,0.08094351514610001,truck,0.622943639755249,653.0,45.0,724.0,101.0,3364,axis_back,723.0,85.0,mask PCA skeleton + low contact point,generated_videos/control_points_3_traffic.mp4
94,6,0,95,1.0,0.08094351514610001,truck,0.622943639755249,653.0,45.0,724.0,101.0,3364,axis_left,696.0,100.0,mask PCA skeleton + low contact point,generated_videos/control_points_3_traffic.mp4
94,6,0,95,1.0,0.08094351514610001,truck,0.622943639755249,653.0,45.0,724.0,101.0,3364,axis_right,709.0,45.0,mask PCA skeleton + low contact point,generated_videos/control_points_3_traffic.mp4
94,6,0,95,1.0,0.08094351514610001,truck,0.622943639755249,653.0,45.0,724.0,101.0,3364,contact_low,690.0,93.0,mask PCA skeleton + low contact point,generated_videos/control_points_3_traffic.mp4
94,5,8,78,0.8995929443690638,1.2954805397493054,person,0.7115995287895203,377.0,180.0,413.0,260.0,1717,centroid,396.92254638671875,217.7699432373047,mask PCA skeleton + low contact point,generated_videos/control_points_3_traffic.mp4
94,5,8,78,0.8995929443690638,1.2954805397493054,person,0.7115995287895203,377.0,180.0,413.0,260.0,1717,axis_front,387.0,259.0,mask PCA skeleton + low contact point,generated_videos/control_points_3_traffic.mp4
94,5,8,78,0.8995929443690638,1.2954805397493054,person,0.7115995287895203,377.0,180.0,413.0,260.0,1717,axis_back,403.0,180.0,mask PCA skeleton + low contact point,generated_videos/control_points_3_traffic.mp4
94,5,8,78,0.8995929443690638,1.2954805397493054,person,0.7115995287895203,377.0,180.0,413.0,260.0,1717,axis_left,412.0,220.0,mask PCA skeleton + low contact point,generated_videos/control_points_3_traffic.mp4
94,5,8,78,0.8995929443690638,1.2954805397493054,person,0.7115995287895203,377.0,180.0,413.0,260.0,1717,axis_right,377.0,207.0,mask PCA skeleton + low contact point,generated_videos/control_points_3_traffic.mp4
94,5,8,78,0.8995929443690638,1.2954805397493054,person,0.7115995287895203,377.0,180.0,413.0,260.0,1717,contact_low,391.0,252.0,mask PCA skeleton + low contact point,generated_videos/control_points_3_traffic.mp4
94,0,15,56,0.8529411764705882,1.2424512744506484,person,0.8105114698410034,576.0,166.0,608.0,251.0,1599,centroid,590.724853515625,203.50906372070312,mask PCA skeleton + low contact point,generated_videos/control_points_3_traffic.mp4
94,0,15,56,0.8529411764705882,1.2424512744506484,person,0.8105114698410034,576.0,166.0,608.0,251.0,1599,axis_front,586.0,250.0,mask PCA skeleton + low contact point,generated_videos/control_points_3_traffic.mp4
94,0,15,56,0.8529411764705882,1.2424512744506484,person,0.8105114698410034,576.0,166.0,608.0,251.0,1599,axis_back,596.0,166.0,mask PCA skeleton + low contact point,generated_videos/control_points_3_traffic.mp4
94,0,15,56,0.8529411764705882,1.2424512744506484,person,0.8105114698410034,576.0,166.0,608.0,251.0,1599,axis_left,607.0,203.0,mask PCA skeleton + low contact point,generated_videos/control_points_3_traffic.mp4
94,0,15,56,0.8529411764705882,1.2424512744506484,person,0.8105114698410034,576.0,166.0,608.0,251.0,1599,axis_right,576.0,186.0,mask PCA skeleton + low contact point,generated_videos/control_points_3_traffic.mp4
94,0,15,56,0.8529411764705882,1.2424512744506484,person,0.8105114698410034,576.0,166.0,608.0,251.0,1599,contact_low,589.0,242.0,mask PCA skeleton + low contact point,generated_videos/control_points_3_traffic.mp4
94,4,7,85,0.7702888583218707,3.2169706779754392,person,0.7315541505813599,474.0,156.0,501.0,226.0,1505,centroid,487.2843933105469,190.2684326171875,mask PCA skeleton + low contact point,generated_videos/control_points_3_traffic.mp4
94,4,7,85,0.7702888583218707,3.2169706779754392,person,0.7315541505813599,474.0,156.0,501.0,226.0,1505,axis_front,484.0,225.0,mask PCA skeleton + low contact point,generated_videos/control_points_3_traffic.mp4
94,4,7,85,0.7702888583218707,3.2169706779754392,person,0.7315541505813599,474.0,156.0,501.0,226.0,1505,axis_back,482.0,156.0,mask PCA skeleton + low contact point,generated_videos/control_points_3_traffic.mp4
94,4,7,85,0.7702888583218707,3.2169706779754392,person,0.7315541505813599,474.0,156.0,501.0,226.0,1505,axis_left,500.0,179.0,mask PCA skeleton + low contact point,generated_videos/control_points_3_traffic.mp4
94,4,7,85,0.7702888583218707,3.2169706779754392,person,0.7315541505813599,474.0,156.0,501.0,226.0,1505,axis_right,474.0,190.0,mask PCA skeleton + low contact point,generated_videos/control_points_3_traffic.mp4
94,4,7,85,0.7702888583218707,3.2169706779754392,person,0.7315541505813599,474.0,156.0,501.0,226.0,1505,contact_low,490.0,220.0,mask PCA skeleton + low contact point,generated_videos/control_points_3_traffic.mp4
94,1,17,35,0.8111066072152412,4.127209702660558,person,0.7729851603507996,310.0,195.0,339.0,267.0,1490,centroid,323.9167785644531,229.8563690185547,mask PCA skeleton + low contact point,generated_videos/control_points_3_traffic.mp4
94,1,17,35,0.8111066072152412,4.127209702660558,person,0.7729851603507996,310.0,195.0,339.0,267.0,1490,axis_front,338.0,266.0,mask PCA skeleton + low contact point,generated_videos/control_points_3_traffic.mp4
94,1,17,35,0.8111066072152412,4.127209702660558,person,0.7729851603507996,310.0,195.0,339.0,267.0,1490,axis_back,318.0,195.0,mask PCA skeleton + low contact point,generated_videos/control_points_3_traffic.mp4
94,1,17,35,0.8111066072152412,4.127209702660558,person,0.7729851603507996,310.0,195.0,339.0,267.0,1490,axis_left,337.0,216.0,mask PCA skeleton + low contact point,generated_videos/control_points_3_traffic.mp4
94,1,17,35,0.8111066072152412,4.127209702660558,person,0.7729851603507996,310.0,195.0,339.0,267.0,1490,axis_right,310.0,261.0,mask PCA skeleton + low contact point,generated_videos/control_points_3_traffic.mp4
94,1,17,35,0.8111066072152412,4.127209702660558,person,0.7729851603507996,310.0,195.0,339.0,267.0,1490,contact_low,331.0,260.0,mask PCA skeleton + low contact point,generated_videos/control_points_3_traffic.mp4
94,2,4,95,1.0,0.01730055628915062,car,0.7490008473396301,735.0,52.0,768.0,93.0,1278,centroid,751.4819946289062,72.0625991821289,mask PCA skeleton + low contact point,generated_videos/control_points_3_traffic.mp4
94,2,4,95,1.0,0.01730055628915062,car,0.7490008473396301,735.0,52.0,768.0,93.0,1278,axis_front,737.0,92.0,mask PCA skeleton + low contact point,generated_videos/control_points_3_traffic.mp4
94,2,4,95,1.0,0.01730055628915062,car,0.7490008473396301,735.0,52.0,768.0,93.0,1278,axis_back,767.0,52.0,mask PCA skeleton + low contact point,generated_videos/control_points_3_traffic.mp4
94,2,4,95,1.0,0.01730055628915062,car,0.7490008473396301,735.0,52.0,768.0,93.0,1278,axis_left,767.0,92.0,mask PCA skeleton + low contact point,generated_videos/control_points_3_traffic.mp4
94,2,4,95,1.0,0.01730055628915062,car,0.7490008473396301,735.0,52.0,768.0,93.0,1278,axis_right,735.0,62.0,mask PCA skeleton + low contact point,generated_videos/control_points_3_traffic.mp4
94,2,4,95,1.0,0.01730055628915062,car,0.7490008473396301,735.0,52.0,768.0,93.0,1278,contact_low,748.0,90.0,mask PCA skeleton + low contact point,generated_videos/control_points_3_traffic.mp4
94,3,10,78,0.9105691056910569,3.7339263248078542,person,0.7422937154769897,502.0,159.0,527.0,230.0,1233,centroid,513.9132080078125,190.4639129638672,mask PCA skeleton + low contact point,generated_videos/control_points_3_traffic.mp4
94,3,10,78,0.9105691056910569,3.7339263248078542,person,0.7422937154769897,502.0,159.0,527.0,230.0,1233,axis_front,515.0,229.0,mask PCA skeleton + low contact point,generated_videos/control_points_3_traffic.mp4
94,3,10,78,0.9105691056910569,3.7339263248078542,person,0.7422937154769897,502.0,159.0,527.0,230.0,1233,axis_back,510.0,159.0,mask PCA skeleton + low contact point,generated_videos/control_points_3_traffic.mp4
94,3,10,78,0.9105691056910569,3.7339263248078542,person,0.7422937154769897,502.0,159.0,527.0,230.0,1233,axis_left,526.0,183.0,mask PCA skeleton + low contact point,generated_videos/control_points_3_traffic.mp4
94,3,10,78,0.9105691056910569,3.7339263248078542,person,0.7422937154769897,502.0,159.0,527.0,230.0,1233,axis_right,502.0,195.0,mask PCA skeleton + low contact point,generated_videos/control_points_3_traffic.mp4
94,3,10,78,0.9105691056910569,3.7339263248078542,person,0.7422937154769897,502.0,159.0,527.0,230.0,1233,contact_low,514.0,221.0,mask PCA skeleton + low contact point,generated_videos/control_points_3_traffic.mp4
94,7,19,18,0.6722222222222223,3.2236904202568013,person,0.5780305862426758,239.0,59.0,254.0,92.0,387,centroid,245.52713012695312,75.57364654541016,mask PCA skeleton + low contact point,generated_videos/control_points_3_traffic.mp4
94,7,19,18,0.6722222222222223,3.2236904202568013,person,0.5780305862426758,239.0,59.0,254.0,92.0,387,axis_front,251.0,91.0,mask PCA skeleton + low contact point,generated_videos/control_points_3_traffic.mp4
94,7,19,18,0.6722222222222223,3.2236904202568013,person,0.5780305862426758,239.0,59.0,254.0,92.0,387,axis_back,242.0,59.0,mask PCA skeleton + low contact point,generated_videos/control_points_3_traffic.mp4
94,7,19,18,0.6722222222222223,3.2236904202568013,person,0.5780305862426758,239.0,59.0,254.0,92.0,387,axis_left,253.0,83.0,mask PCA skeleton + low contact point,generated_videos/control_points_3_traffic.mp4
94,7,19,18,0.6722222222222223,3.2236904202568013,person,0.5780305862426758,239.0,59.0,254.0,92.0,387,axis_right,239.0,86.0,mask PCA skeleton + low contact point,generated_videos/control_points_3_traffic.mp4
94,7,19,18,0.6722222222222223,3.2236904202568013,person,0.5780305862426758,239.0,59.0,254.0,92.0,387,contact_low,248.0,89.0,mask PCA skeleton + low contact point,generated_videos/control_points_3_traffic.mp4
95,6,0,96,1.0,0.06218353719898094,truck,0.6330593824386597,653.0,45.0,724.0,101.0,3371,centroid,686.364013671875,70.93800354003906,mask PCA skeleton + low contact point,generated_videos/control_points_3_traffic.mp4
95,6,0,96,1.0,0.06218353719898094,truck,0.6330593824386597,653.0,45.0,724.0,101.0,3371,axis_front,653.0,54.0,mask PCA skeleton + low contact point,generated_videos/control_points_3_traffic.mp4
95,6,0,96,1.0,0.06218353719898094,truck,0.6330593824386597,653.0,45.0,724.0,101.0,3371,axis_back,723.0,85.0,mask PCA skeleton + low contact point,generated_videos/control_points_3_traffic.mp4
95,6,0,96,1.0,0.06218353719898094,truck,0.6330593824386597,653.0,45.0,724.0,101.0,3371,axis_left,694.0,100.0,mask PCA skeleton + low contact point,generated_videos/control_points_3_traffic.mp4
95,6,0,96,1.0,0.06218353719898094,truck,0.6330593824386597,653.0,45.0,724.0,101.0,3371,axis_right,709.0,45.0,mask PCA skeleton + low contact point,generated_videos/control_points_3_traffic.mp4
95,6,0,96,1.0,0.06218353719898094,truck,0.6330593824386597,653.0,45.0,724.0,101.0,3371,contact_low,690.0,93.0,mask PCA skeleton + low contact point,generated_videos/control_points_3_traffic.mp4
95,5,8,79,0.9459459459459459,0.21981582335251756,person,0.6904823780059814,378.0,180.0,414.0,260.0,1691,centroid,397.1170959472656,217.8722686767578,mask PCA skeleton + low contact point,generated_videos/control_points_3_traffic.mp4
95,5,8,79,0.9459459459459459,0.21981582335251756,person,0.6904823780059814,378.0,180.0,414.0,260.0,1691,axis_front,386.0,259.0,mask PCA skeleton + low contact point,generated_videos/control_points_3_traffic.mp4
95,5,8,79,0.9459459459459459,0.21981582335251756,person,0.6904823780059814,378.0,180.0,414.0,260.0,1691,axis_back,404.0,180.0,mask PCA skeleton + low contact point,generated_videos/control_points_3_traffic.mp4
95,5,8,79,0.9459459459459459,0.21981582335251756,person,0.6904823780059814,378.0,180.0,414.0,260.0,1691,axis_left,413.0,215.0,mask PCA skeleton + low contact point,generated_videos/control_points_3_traffic.mp4
95,5,8,79,0.9459459459459459,0.21981582335251756,person,0.6904823780059814,378.0,180.0,414.0,260.0,1691,axis_right,378.0,206.0,mask PCA skeleton + low contact point,generated_videos/control_points_3_traffic.mp4
95,5,8,79,0.9459459459459459,0.21981582335251756,person,0.6904823780059814,378.0,180.0,414.0,260.0,1691,contact_low,391.0,252.0,mask PCA skeleton + low contact point,generated_videos/control_points_3_traffic.mp4
95,0,15,57,0.8861404146962532,1.472302657496917,person,0.8031693696975708,579.0,165.0,608.0,250.0,1550,centroid,592.1077270507812,203.00387573242188,mask PCA skeleton + low contact point,generated_videos/control_points_3_traffic.mp4
95,0,15,57,0.8861404146962532,1.472302657496917,person,0.8031693696975708,579.0,165.0,608.0,250.0,1550,axis_front,587.0,249.0,mask PCA skeleton + low contact point,generated_videos/control_points_3_traffic.mp4
95,0,15,57,0.8861404146962532,1.472302657496917,person,0.8031693696975708,579.0,165.0,608.0,250.0,1550,axis_back,596.0,165.0,mask PCA skeleton + low contact point,generated_videos/control_points_3_traffic.mp4
95,0,15,57,0.8861404146962532,1.472302657496917,person,0.8031693696975708,579.0,165.0,608.0,250.0,1550,axis_left,607.0,207.0,mask PCA skeleton + low contact point,generated_videos/control_points_3_traffic.mp4
95,0,15,57,0.8861404146962532,1.472302657496917,person,0.8031693696975708,579.0,165.0,608.0,250.0,1550,axis_right,579.0,184.0,mask PCA skeleton + low contact point,generated_videos/control_points_3_traffic.mp4
95,0,15,57,0.8861404146962532,1.472302657496917,person,0.8031693696975708,579.0,165.0,608.0,250.0,1550,contact_low,590.0,241.0,mask PCA skeleton + low contact point,generated_videos/control_points_3_traffic.mp4
95,2,17,36,0.71875,4.770919138812131,person,0.7683669924736023,316.0,195.0,342.0,267.0,1449,centroid,328.6777038574219,230.16494750976562,mask PCA skeleton + low contact point,generated_videos/control_points_3_traffic.mp4
95,2,17,36,0.71875,4.770919138812131,person,0.7683669924736023,316.0,195.0,342.0,267.0,1449,axis_front,338.0,266.0,mask PCA skeleton + low contact point,generated_videos/control_points_3_traffic.mp4
95,2,17,36,0.71875,4.770919138812131,person,0.7683669924736023,316.0,195.0,342.0,267.0,1449,axis_back,322.0,195.0,mask PCA skeleton + low contact point,generated_videos/control_points_3_traffic.mp4
95,2,17,36,0.71875,4.770919138812131,person,0.7683669924736023,316.0,195.0,342.0,267.0,1449,axis_left,341.0,219.0,mask PCA skeleton + low contact point,generated_videos/control_points_3_traffic.mp4
95,2,17,36,0.71875,4.770919138812131,person,0.7683669924736023,316.0,195.0,342.0,267.0,1449,axis_right,316.0,226.0,mask PCA skeleton + low contact point,generated_videos/control_points_3_traffic.mp4
95,2,17,36,0.71875,4.770919138812131,person,0.7683669924736023,316.0,195.0,342.0,267.0,1449,contact_low,331.0,260.0,mask PCA skeleton + low contact point,generated_videos/control_points_3_traffic.mp4
95,1,7,86,0.8333333333333334,1.6752312309652806,person,0.7982016205787659,476.0,156.0,504.0,226.0,1391,centroid,488.93890380859375,190.00575256347656,mask PCA skeleton + low contact point,generated_videos/control_points_3_traffic.mp4
95,1,7,86,0.8333333333333334,1.6752312309652806,person,0.7982016205787659,476.0,156.0,504.0,226.0,1391,axis_front,484.0,225.0,mask PCA skeleton + low contact point,generated_videos/control_points_3_traffic.mp4
95,1,7,86,0.8333333333333334,1.6752312309652806,person,0.7982016205787659,476.0,156.0,504.0,226.0,1391,axis_back,485.0,156.0,mask PCA skeleton + low contact point,generated_videos/control_points_3_traffic.mp4
95,1,7,86,0.8333333333333334,1.6752312309652806,person,0.7982016205787659,476.0,156.0,504.0,226.0,1391,axis_left,503.0,212.0,mask PCA skeleton + low contact point,generated_videos/control_points_3_traffic.mp4
95,1,7,86,0.8333333333333334,1.6752312309652806,person,0.7982016205787659,476.0,156.0,504.0,226.0,1391,axis_right,476.0,187.0,mask PCA skeleton + low contact point,generated_videos/control_points_3_traffic.mp4
95,1,7,86,0.8333333333333334,1.6752312309652806,person,0.7982016205787659,476.0,156.0,504.0,226.0,1391,contact_low,483.0,218.0,mask PCA skeleton + low contact point,generated_videos/control_points_3_traffic.mp4
95,3,4,96,1.0,0.04509334371117226,car,0.7407459020614624,735.0,52.0,768.0,93.0,1281,centroid,751.473876953125,72.10694885253906,mask PCA skeleton + low contact point,generated_videos/control_points_3_traffic.mp4
95,3,4,96,1.0,0.04509334371117226,car,0.7407459020614624,735.0,52.0,768.0,93.0,1281,axis_front,736.0,92.0,mask PCA skeleton + low contact point,generated_videos/control_points_3_traffic.mp4
95,3,4,96,1.0,0.04509334371117226,car,0.7407459020614624,735.0,52.0,768.0,93.0,1281,axis_back,767.0,52.0,mask PCA skeleton + low contact point,generated_videos/control_points_3_traffic.mp4
95,3,4,96,1.0,0.04509334371117226,car,0.7407459020614624,735.0,52.0,768.0,93.0,1281,axis_left,767.0,92.0,mask PCA skeleton + low contact point,generated_videos/control_points_3_traffic.mp4
95,3,4,96,1.0,0.04509334371117226,car,0.7407459020614624,735.0,52.0,768.0,93.0,1281,axis_right,735.0,62.0,mask PCA skeleton + low contact point,generated_videos/control_points_3_traffic.mp4
95,3,4,96,1.0,0.04509334371117226,car,0.7407459020614624,735.0,52.0,768.0,93.0,1281,contact_low,754.0,90.0,mask PCA skeleton + low contact point,generated_videos/control_points_3_traffic.mp4
95,4,10,79,0.9070422535211268,1.5843677394161517,person,0.7360156774520874,504.0,160.0,527.0,230.0,1203,centroid,515.2152709960938,191.3665771484375,mask PCA skeleton + low contact point,generated_videos/control_points_3_traffic.mp4
95,4,10,79,0.9070422535211268,1.5843677394161517,person,0.7360156774520874,504.0,160.0,527.0,230.0,1203,axis_front,510.0,229.0,mask PCA skeleton + low contact point,generated_videos/control_points_3_traffic.mp4
95,4,10,79,0.9070422535211268,1.5843677394161517,person,0.7360156774520874,504.0,160.0,527.0,230.0,1203,axis_back,521.0,160.0,mask PCA skeleton + low contact point,generated_videos/control_points_3_traffic.mp4
95,4,10,79,0.9070422535211268,1.5843677394161517,person,0.7360156774520874,504.0,160.0,527.0,230.0,1203,axis_left,526.0,201.0,mask PCA skeleton + low contact point,generated_videos/control_points_3_traffic.mp4
95,4,10,79,0.9070422535211268,1.5843677394161517,person,0.7360156774520874,504.0,160.0,527.0,230.0,1203,axis_right,504.0,172.0,mask PCA skeleton + low contact point,generated_videos/control_points_3_traffic.mp4
95,4,10,79,0.9070422535211268,1.5843677394161517,person,0.7360156774520874,504.0,160.0,527.0,230.0,1203,contact_low,514.0,223.0,mask PCA skeleton + low contact point,generated_videos/control_points_3_traffic.mp4
95,7,19,19,0.629695885509839,2.0255200526554553,person,0.6323640942573547,237.0,60.0,250.0,92.0,350,centroid,243.56857299804688,75.05714416503906,mask PCA skeleton + low contact point,generated_videos/control_points_3_traffic.mp4
95,7,19,19,0.629695885509839,2.0255200526554553,person,0.6323640942573547,237.0,60.0,250.0,92.0,350,axis_front,245.0,91.0,mask PCA skeleton + low contact point,generated_videos/control_points_3_traffic.mp4
95,7,19,19,0.629695885509839,2.0255200526554553,person,0.6323640942573547,237.0,60.0,250.0,92.0,350,axis_back,249.0,60.0,mask PCA skeleton + low contact point,generated_videos/control_points_3_traffic.mp4
95,7,19,19,0.629695885509839,2.0255200526554553,person,0.6323640942573547,237.0,60.0,250.0,92.0,350,axis_left,249.0,89.0,mask PCA skeleton + low contact point,generated_videos/control_points_3_traffic.mp4
95,7,19,19,0.629695885509839,2.0255200526554553,person,0.6323640942573547,237.0,60.0,250.0,92.0,350,axis_right,237.0,72.0,mask PCA skeleton + low contact point,generated_videos/control_points_3_traffic.mp4
95,7,19,19,0.629695885509839,2.0255200526554553,person,0.6323640942573547,237.0,60.0,250.0,92.0,350,contact_low,246.0,88.0,mask PCA skeleton + low contact point,generated_videos/control_points_3_traffic.mp4
96,6,0,97,1.0,0.02803110371964717,truck,0.6407026648521423,653.0,45.0,724.0,101.0,3367,centroid,686.3513793945312,70.91297912597656,mask PCA skeleton + low contact point,generated_videos/control_points_3_traffic.mp4
96,6,0,97,1.0,0.02803110371964717,truck,0.6407026648521423,653.0,45.0,724.0,101.0,3367,axis_front,653.0,54.0,mask PCA skeleton + low contact point,generated_videos/control_points_3_traffic.mp4
96,6,0,97,1.0,0.02803110371964717,truck,0.6407026648521423,653.0,45.0,724.0,101.0,3367,axis_back,723.0,85.0,mask PCA skeleton + low contact point,generated_videos/control_points_3_traffic.mp4
96,6,0,97,1.0,0.02803110371964717,truck,0.6407026648521423,653.0,45.0,724.0,101.0,3367,axis_left,694.0,100.0,mask PCA skeleton + low contact point,generated_videos/control_points_3_traffic.mp4
96,6,0,97,1.0,0.02803110371964717,truck,0.6407026648521423,653.0,45.0,724.0,101.0,3367,axis_right,709.0,45.0,mask PCA skeleton + low contact point,generated_videos/control_points_3_traffic.mp4
96,6,0,97,1.0,0.02803110371964717,truck,0.6407026648521423,653.0,45.0,724.0,101.0,3367,contact_low,690.0,93.0,mask PCA skeleton + low contact point,generated_videos/control_points_3_traffic.mp4
96,3,8,80,0.9245283018867925,0.928300330812328,person,0.764439046382904,378.0,179.0,413.0,257.0,1741,centroid,396.5347595214844,217.1493377685547,mask PCA skeleton + low contact point,generated_videos/control_points_3_traffic.mp4
96,3,8,80,0.9245283018867925,0.928300330812328,person,0.764439046382904,378.0,179.0,413.0,257.0,1741,axis_front,384.0,256.0,mask PCA skeleton + low contact point,generated_videos/control_points_3_traffic.mp4
96,3,8,80,0.9245283018867925,0.928300330812328,person,0.764439046382904,378.0,179.0,413.0,257.0,1741,axis_back,404.0,179.0,mask PCA skeleton + low contact point,generated_videos/control_points_3_traffic.mp4
96,3,8,80,0.9245283018867925,0.928300330812328,person,0.764439046382904,378.0,179.0,413.0,257.0,1741,axis_left,412.0,213.0,mask PCA skeleton + low contact point,generated_videos/control_points_3_traffic.mp4
96,3,8,80,0.9245283018867925,0.928300330812328,person,0.764439046382904,378.0,179.0,413.0,257.0,1741,axis_right,378.0,212.0,mask PCA skeleton + low contact point,generated_videos/control_points_3_traffic.mp4
96,3,8,80,0.9245283018867925,0.928300330812328,person,0.764439046382904,378.0,179.0,413.0,257.0,1741,contact_low,391.0,251.0,mask PCA skeleton + low contact point,generated_videos/control_points_3_traffic.mp4
96,0,15,58,0.7572815533980582,4.234695446409993,person,0.8346084952354431,582.0,160.0,609.0,243.0,1597,centroid,594.8829345703125,199.80526733398438,mask PCA skeleton + low contact point,generated_videos/control_points_3_traffic.mp4
96,0,15,58,0.7572815533980582,4.234695446409993,person,0.8346084952354431,582.0,160.0,609.0,243.0,1597,axis_front,597.0,242.0,mask PCA skeleton + low contact point,generated_videos/control_points_3_traffic.mp4
96,0,15,58,0.7572815533980582,4.234695446409993,person,0.8346084952354431,582.0,160.0,609.0,243.0,1597,axis_back,591.0,160.0,mask PCA skeleton + low contact point,generated_videos/control_points_3_traffic.mp4
96,0,15,58,0.7572815533980582,4.234695446409993,person,0.8346084952354431,582.0,160.0,609.0,243.0,1597,axis_left,608.0,191.0,mask PCA skeleton + low contact point,generated_videos/control_points_3_traffic.mp4
96,0,15,58,0.7572815533980582,4.234695446409993,person,0.8346084952354431,582.0,160.0,609.0,243.0,1597,axis_right,582.0,196.0,mask PCA skeleton + low contact point,generated_videos/control_points_3_traffic.mp4
96,0,15,58,0.7572815533980582,4.234695446409993,person,0.8346084952354431,582.0,160.0,609.0,243.0,1597,contact_low,594.0,235.0,mask PCA skeleton + low contact point,generated_videos/control_points_3_traffic.mp4
96,1,17,37,0.4346138921226232,9.77454071003127,person,0.830130398273468,326.0,197.0,351.0,270.0,1427,centroid,338.0350341796875,232.9901885986328,mask PCA skeleton + low contact point,generated_videos/control_points_3_traffic.mp4
96,1,17,37,0.4346138921226232,9.77454071003127,person,0.830130398273468,326.0,197.0,351.0,270.0,1427,axis_front,349.0,269.0,mask PCA skeleton + low contact point,generated_videos/control_points_3_traffic.mp4
96,1,17,37,0.4346138921226232,9.77454071003127,person,0.830130398273468,326.0,197.0,351.0,270.0,1427,axis_back,332.0,197.0,mask PCA skeleton + low contact point,generated_videos/control_points_3_traffic.mp4
96,1,17,37,0.4346138921226232,9.77454071003127,person,0.830130398273468,326.0,197.0,351.0,270.0,1427,axis_left,350.0,218.0,mask PCA skeleton + low contact point,generated_videos/control_points_3_traffic.mp4
96,1,17,37,0.4346138921226232,9.77454071003127,person,0.830130398273468,326.0,197.0,351.0,270.0,1427,axis_right,326.0,230.0,mask PCA skeleton + low contact point,generated_videos/control_points_3_traffic.mp4
96,1,17,37,0.4346138921226232,9.77454071003127,person,0.830130398273468,326.0,197.0,351.0,270.0,1427,contact_low,343.0,265.0,mask PCA skeleton + low contact point,generated_videos/control_points_3_traffic.mp4
96,5,7,87,0.6634615384615384,6.104206979445054,person,0.7045748829841614,482.0,154.0,508.0,225.0,1357,centroid,494.2859191894531,187.0611572265625,mask PCA skeleton + low contact point,generated_videos/control_points_3_traffic.mp4
96,5,7,87,0.6634615384615384,6.104206979445054,person,0.7045748829841614,482.0,154.0,508.0,225.0,1357,axis_front,482.0,224.0,mask PCA skeleton + low contact point,generated_videos/control_points_3_traffic.mp4
96,5,7,87,0.6634615384615384,6.104206979445054,person,0.7045748829841614,482.0,154.0,508.0,225.0,1357,axis_back,503.0,154.0,mask PCA skeleton + low contact point,generated_videos/control_points_3_traffic.mp4
96,5,7,87,0.6634615384615384,6.104206979445054,person,0.7045748829841614,482.0,154.0,508.0,225.0,1357,axis_left,506.0,214.0,mask PCA skeleton + low contact point,generated_videos/control_points_3_traffic.mp4
96,5,7,87,0.6634615384615384,6.104206979445054,person,0.7045748829841614,482.0,154.0,508.0,225.0,1357,axis_right,482.0,172.0,mask PCA skeleton + low contact point,generated_videos/control_points_3_traffic.mp4
96,5,7,87,0.6634615384615384,6.104206979445054,person,0.7045748829841614,482.0,154.0,508.0,225.0,1357,contact_low,487.0,217.0,mask PCA skeleton + low contact point,generated_videos/control_points_3_traffic.mp4
96,4,4,97,1.0,0.06440332116211726,car,0.7411401867866516,735.0,52.0,768.0,93.0,1285,centroid,751.4443359375,72.16419982910156,mask PCA skeleton + low contact point,generated_videos/control_points_3_traffic.mp4
96,4,4,97,1.0,0.06440332116211726,car,0.7411401867866516,735.0,52.0,768.0,93.0,1285,axis_front,736.0,92.0,mask PCA skeleton + low contact point,generated_videos/control_points_3_traffic.mp4
96,4,4,97,1.0,0.06440332116211726,car,0.7411401867866516,735.0,52.0,768.0,93.0,1285,axis_back,767.0,52.0,mask PCA skeleton + low contact point,generated_videos/control_points_3_traffic.mp4
96,4,4,97,1.0,0.06440332116211726,car,0.7411401867866516,735.0,52.0,768.0,93.0,1285,axis_left,767.0,92.0,mask PCA skeleton + low contact point,generated_videos/control_points_3_traffic.mp4
96,4,4,97,1.0,0.06440332116211726,car,0.7411401867866516,735.0,52.0,768.0,93.0,1285,axis_right,735.0,62.0,mask PCA skeleton + low contact point,generated_videos/control_points_3_traffic.mp4
96,4,4,97,1.0,0.06440332116211726,car,0.7411401867866516,735.0,52.0,768.0,93.0,1285,contact_low,749.0,90.0,mask PCA skeleton + low contact point,generated_videos/control_points_3_traffic.mp4
96,2,10,80,0.6862533692722372,4.302483072073539,person,0.7649853825569153,508.0,158.0,530.0,227.0,1140,centroid,518.2526245117188,188.31930541992188,mask PCA skeleton + low contact point,generated_videos/control_points_3_traffic.mp4
96,2,10,80,0.6862533692722372,4.302483072073539,person,0.7649853825569153,508.0,158.0,530.0,227.0,1140,axis_front,520.0,226.0,mask PCA skeleton + low contact point,generated_videos/control_points_3_traffic.mp4
96,2,10,80,0.6862533692722372,4.302483072073539,person,0.7649853825569153,508.0,158.0,530.0,227.0,1140,axis_back,513.0,158.0,mask PCA skeleton + low contact point,generated_videos/control_points_3_traffic.mp4
96,2,10,80,0.6862533692722372,4.302483072073539,person,0.7649853825569153,508.0,158.0,530.0,227.0,1140,axis_left,529.0,176.0,mask PCA skeleton + low contact point,generated_videos/control_points_3_traffic.mp4
96,2,10,80,0.6862533692722372,4.302483072073539,person,0.7649853825569153,508.0,158.0,530.0,227.0,1140,axis_right,508.0,199.0,mask PCA skeleton + low contact point,generated_videos/control_points_3_traffic.mp4
96,2,10,80,0.6862533692722372,4.302483072073539,person,0.7649853825569153,508.0,158.0,530.0,227.0,1140,contact_low,518.0,219.0,mask PCA skeleton + low contact point,generated_videos/control_points_3_traffic.mp4
96,7,19,20,0.7878787878787878,3.7379100711395625,person,0.6081334948539734,234.0,60.0,250.0,93.0,380,centroid,240.29736328125,76.86579132080078,mask PCA skeleton + low contact point,generated_videos/control_points_3_traffic.mp4
96,7,19,20,0.7878787878787878,3.7379100711395625,person,0.6081334948539734,234.0,60.0,250.0,93.0,380,axis_front,238.0,92.0,mask PCA skeleton + low contact point,generated_videos/control_points_3_traffic.mp4
96,7,19,20,0.7878787878787878,3.7379100711395625,person,0.6081334948539734,234.0,60.0,250.0,93.0,380,axis_back,237.0,60.0,mask PCA skeleton + low contact point,generated_videos/control_points_3_traffic.mp4
96,7,19,20,0.7878787878787878,3.7379100711395625,person,0.6081334948539734,234.0,60.0,250.0,93.0,380,axis_left,249.0,88.0,mask PCA skeleton + low contact point,generated_videos/control_points_3_traffic.mp4
96,7,19,20,0.7878787878787878,3.7379100711395625,person,0.6081334948539734,234.0,60.0,250.0,93.0,380,axis_right,234.0,89.0,mask PCA skeleton + low contact point,generated_videos/control_points_3_traffic.mp4
96,7,19,20,0.7878787878787878,3.7379100711395625,person,0.6081334948539734,234.0,60.0,250.0,93.0,380,contact_low,239.0,90.0,mask PCA skeleton + low contact point,generated_videos/control_points_3_traffic.mp4
97,6,0,98,1.0,0.02494967531343129,truck,0.6344284415245056,653.0,45.0,724.0,101.0,3371,centroid,686.3690185546875,70.93058776855469,mask PCA skeleton + low contact point,generated_videos/control_points_3_traffic.mp4
97,6,0,98,1.0,0.02494967531343129,truck,0.6344284415245056,653.0,45.0,724.0,101.0,3371,axis_front,653.0,54.0,mask PCA skeleton + low contact point,generated_videos/control_points_3_traffic.mp4
97,6,0,98,1.0,0.02494967531343129,truck,0.6344284415245056,653.0,45.0,724.0,101.0,3371,axis_back,723.0,85.0,mask PCA skeleton + low contact point,generated_videos/control_points_3_traffic.mp4
97,6,0,98,1.0,0.02494967531343129,truck,0.6344284415245056,653.0,45.0,724.0,101.0,3371,axis_left,695.0,100.0,mask PCA skeleton + low contact point,generated_videos/control_points_3_traffic.mp4
97,6,0,98,1.0,0.02494967531343129,truck,0.6344284415245056,653.0,45.0,724.0,101.0,3371,axis_right,709.0,45.0,mask PCA skeleton + low contact point,generated_videos/control_points_3_traffic.mp4
97,6,0,98,1.0,0.02494967531343129,truck,0.6344284415245056,653.0,45.0,724.0,101.0,3371,contact_low,690.0,93.0,mask PCA skeleton + low contact point,generated_videos/control_points_3_traffic.mp4
97,0,15,59,0.872093023255814,1.86038733073654,person,0.8346491456031799,584.0,161.0,610.0,242.0,1715,centroid,596.4786987304688,200.7615203857422,mask PCA skeleton + low contact point,generated_videos/control_points_3_traffic.mp4
97,0,15,59,0.872093023255814,1.86038733073654,person,0.8346491456031799,584.0,161.0,610.0,242.0,1715,axis_front,588.0,241.0,mask PCA skeleton + low contact point,generated_videos/control_points_3_traffic.mp4
97,0,15,59,0.872093023255814,1.86038733073654,person,0.8346491456031799,584.0,161.0,610.0,242.0,1715,axis_back,602.0,161.0,mask PCA skeleton + low contact point,generated_videos/control_points_3_traffic.mp4
97,0,15,59,0.872093023255814,1.86038733073654,person,0.8346491456031799,584.0,161.0,610.0,242.0,1715,axis_left,609.0,205.0,mask PCA skeleton + low contact point,generated_videos/control_points_3_traffic.mp4
97,0,15,59,0.872093023255814,1.86038733073654,person,0.8346491456031799,584.0,161.0,610.0,242.0,1715,axis_right,584.0,176.0,mask PCA skeleton + low contact point,generated_videos/control_points_3_traffic.mp4
97,0,15,59,0.872093023255814,1.86038733073654,person,0.8346491456031799,584.0,161.0,610.0,242.0,1715,contact_low,593.0,235.0,mask PCA skeleton + low contact point,generated_videos/control_points_3_traffic.mp4
97,4,8,81,0.7897435897435897,0.35721419550587047,person,0.7441833019256592,384.0,179.0,412.0,256.0,1687,centroid,396.74273681640625,216.85891723632812,mask PCA skeleton + low contact point,generated_videos/control_points_3_traffic.mp4
97,4,8,81,0.7897435897435897,0.35721419550587047,person,0.7441833019256592,384.0,179.0,412.0,256.0,1687,axis_front,386.0,255.0,mask PCA skeleton + low contact point,generated_videos/control_points_3_traffic.mp4
97,4,8,81,0.7897435897435897,0.35721419550587047,person,0.7441833019256592,384.0,179.0,412.0,256.0,1687,axis_back,403.0,179.0,mask PCA skeleton + low contact point,generated_videos/control_points_3_traffic.mp4
97,4,8,81,0.7897435897435897,0.35721419550587047,person,0.7441833019256592,384.0,179.0,412.0,256.0,1687,axis_left,411.0,223.0,mask PCA skeleton + low contact point,generated_videos/control_points_3_traffic.mp4
97,4,8,81,0.7897435897435897,0.35721419550587047,person,0.7441833019256592,384.0,179.0,412.0,256.0,1687,axis_right,384.0,194.0,mask PCA skeleton + low contact point,generated_videos/control_points_3_traffic.mp4
97,4,8,81,0.7897435897435897,0.35721419550587047,person,0.7441833019256592,384.0,179.0,412.0,256.0,1687,contact_low,392.0,249.0,mask PCA skeleton + low contact point,generated_videos/control_points_3_traffic.mp4
97,1,17,38,0.6350336101225781,4.82281128247431,person,0.8184347152709961,329.0,196.0,359.0,273.0,1455,centroid,342.6763000488281,234.301025390625,mask PCA skeleton + low contact point,generated_videos/control_points_3_traffic.mp4
97,1,17,38,0.6350336101225781,4.82281128247431,person,0.8184347152709961,329.0,196.0,359.0,273.0,1455,axis_front,358.0,272.0,mask PCA skeleton + low contact point,generated_videos/control_points_3_traffic.mp4
97,1,17,38,0.6350336101225781,4.82281128247431,person,0.8184347152709961,329.0,196.0,359.0,273.0,1455,axis_back,336.0,196.0,mask PCA skeleton + low contact point,generated_videos/control_points_3_traffic.mp4
97,1,17,38,0.6350336101225781,4.82281128247431,person,0.8184347152709961,329.0,196.0,359.0,273.0,1455,axis_left,355.0,222.0,mask PCA skeleton + low contact point,generated_videos/control_points_3_traffic.mp4
97,1,17,38,0.6350336101225781,4.82281128247431,person,0.8184347152709961,329.0,196.0,359.0,273.0,1455,axis_right,329.0,262.0,mask PCA skeleton + low contact point,generated_videos/control_points_3_traffic.mp4
97,1,17,38,0.6350336101225781,4.82281128247431,person,0.8184347152709961,329.0,196.0,359.0,273.0,1455,contact_low,352.0,266.0,mask PCA skeleton + low contact point,generated_videos/control_points_3_traffic.mp4
97,5,4,98,1.0,0.02859622543738604,car,0.7437580823898315,735.0,52.0,768.0,93.0,1287,centroid,751.44677734375,72.19269561767578,mask PCA skeleton + low contact point,generated_videos/control_points_3_traffic.mp4
97,5,4,98,1.0,0.02859622543738604,car,0.7437580823898315,735.0,52.0,768.0,93.0,1287,axis_front,736.0,92.0,mask PCA skeleton + low contact point,generated_videos/control_points_3_traffic.mp4
97,5,4,98,1.0,0.02859622543738604,car,0.7437580823898315,735.0,52.0,768.0,93.0,1287,axis_back,767.0,52.0,mask PCA skeleton + low contact point,generated_videos/control_points_3_traffic.mp4
97,5,4,98,1.0,0.02859622543738604,car,0.7437580823898315,735.0,52.0,768.0,93.0,1287,axis_left,767.0,92.0,mask PCA skeleton + low contact point,generated_videos/control_points_3_traffic.mp4
97,5,4,98,1.0,0.02859622543738604,car,0.7437580823898315,735.0,52.0,768.0,93.0,1287,axis_right,735.0,62.0,mask PCA skeleton + low contact point,generated_videos/control_points_3_traffic.mp4
97,5,4,98,1.0,0.02859622543738604,car,0.7437580823898315,735.0,52.0,768.0,93.0,1287,contact_low,749.0,90.0,mask PCA skeleton + low contact point,generated_videos/control_points_3_traffic.mp4
97,2,7,88,0.8070175438596491,3.4025238699197673,person,0.786647379398346,485.0,153.0,509.0,222.0,1268,centroid,497.54022216796875,186.0678253173828,mask PCA skeleton + low contact point,generated_videos/control_points_3_traffic.mp4
97,2,7,88,0.8070175438596491,3.4025238699197673,person,0.786647379398346,485.0,153.0,509.0,222.0,1268,axis_front,493.0,221.0,mask PCA skeleton + low contact point,generated_videos/control_points_3_traffic.mp4
97,2,7,88,0.8070175438596491,3.4025238699197673,person,0.786647379398346,485.0,153.0,509.0,222.0,1268,axis_back,495.0,153.0,mask PCA skeleton + low contact point,generated_videos/control_points_3_traffic.mp4
97,2,7,88,0.8070175438596491,3.4025238699197673,person,0.786647379398346,485.0,153.0,509.0,222.0,1268,axis_left,508.0,165.0,mask PCA skeleton + low contact point,generated_videos/control_points_3_traffic.mp4
97,2,7,88,0.8070175438596491,3.4025238699197673,person,0.786647379398346,485.0,153.0,509.0,222.0,1268,axis_right,485.0,184.0,mask PCA skeleton + low contact point,generated_videos/control_points_3_traffic.mp4
97,2,7,88,0.8070175438596491,3.4025238699197673,person,0.786647379398346,485.0,153.0,509.0,222.0,1268,contact_low,498.0,216.0,mask PCA skeleton + low contact point,generated_videos/control_points_3_traffic.mp4
97,3,10,81,0.7494407158836689,2.6965661260133214,person,0.7651887536048889,510.0,155.0,533.0,225.0,1185,centroid,520.3873291015625,186.67172241210938,mask PCA skeleton + low contact point,generated_videos/control_points_3_traffic.mp4
97,3,10,81,0.7494407158836689,2.6965661260133214,person,0.7651887536048889,510.0,155.0,533.0,225.0,1185,axis_front,523.0,224.0,mask PCA skeleton + low contact point,generated_videos/control_points_3_traffic.mp4
97,3,10,81,0.7494407158836689,2.6965661260133214,person,0.7651887536048889,510.0,155.0,533.0,225.0,1185,axis_back,514.0,155.0,mask PCA skeleton + low contact point,generated_videos/control_points_3_traffic.mp4
97,3,10,81,0.7494407158836689,2.6965661260133214,person,0.7651887536048889,510.0,155.0,533.0,225.0,1185,axis_left,532.0,180.0,mask PCA skeleton + low contact point,generated_videos/control_points_3_traffic.mp4
97,3,10,81,0.7494407158836689,2.6965661260133214,person,0.7651887536048889,510.0,155.0,533.0,225.0,1185,axis_right,510.0,195.0,mask PCA skeleton + low contact point,generated_videos/control_points_3_traffic.mp4
97,3,10,81,0.7494407158836689,2.6965661260133214,person,0.7651887536048889,510.0,155.0,533.0,225.0,1185,contact_low,520.0,217.0,mask PCA skeleton + low contact point,generated_videos/control_points_3_traffic.mp4
97,7,19,21,0.7573770491803279,2.3899600974397246,person,0.5281845331192017,232.0,60.0,248.0,94.0,379,centroid,237.95249938964844,76.40369415283203,mask PCA skeleton + low contact point,generated_videos/control_points_3_traffic.mp4
97,7,19,21,0.7573770491803279,2.3899600974397246,person,0.5281845331192017,232.0,60.0,248.0,94.0,379,axis_front,233.0,93.0,mask PCA skeleton + low contact point,generated_videos/control_points_3_traffic.mp4
97,7,19,21,0.7573770491803279,2.3899600974397246,person,0.5281845331192017,232.0,60.0,248.0,94.0,379,axis_back,242.0,60.0,mask PCA skeleton + low contact point,generated_videos/control_points_3_traffic.mp4
97,7,19,21,0.7573770491803279,2.3899600974397246,person,0.5281845331192017,232.0,60.0,248.0,94.0,379,axis_left,247.0,89.0,mask PCA skeleton + low contact point,generated_videos/control_points_3_traffic.mp4
97,7,19,21,0.7573770491803279,2.3899600974397246,person,0.5281845331192017,232.0,60.0,248.0,94.0,379,axis_right,232.0,71.0,mask PCA skeleton + low contact point,generated_videos/control_points_3_traffic.mp4
97,7,19,21,0.7573770491803279,2.3899600974397246,person,0.5281845331192017,232.0,60.0,248.0,94.0,379,contact_low,234.0,90.0,mask PCA skeleton + low contact point,generated_videos/control_points_3_traffic.mp4
98,6,0,99,1.0,0.022220945305074756,truck,0.6274162530899048,653.0,45.0,724.0,101.0,3368,centroid,686.358642578125,70.91092681884766,mask PCA skeleton + low contact point,generated_videos/control_points_3_traffic.mp4
98,6,0,99,1.0,0.022220945305074756,truck,0.6274162530899048,653.0,45.0,724.0,101.0,3368,axis_front,653.0,54.0,mask PCA skeleton + low contact point,generated_videos/control_points_3_traffic.mp4
98,6,0,99,1.0,0.022220945305074756,truck,0.6274162530899048,653.0,45.0,724.0,101.0,3368,axis_back,723.0,85.0,mask PCA skeleton + low contact point,generated_videos/control_points_3_traffic.mp4
98,6,0,99,1.0,0.022220945305074756,truck,0.6274162530899048,653.0,45.0,724.0,101.0,3368,axis_left,695.0,100.0,mask PCA skeleton + low contact point,generated_videos/control_points_3_traffic.mp4
98,6,0,99,1.0,0.022220945305074756,truck,0.6274162530899048,653.0,45.0,724.0,101.0,3368,axis_right,709.0,45.0,mask PCA skeleton + low contact point,generated_videos/control_points_3_traffic.mp4
98,6,0,99,1.0,0.022220945305074756,truck,0.6274162530899048,653.0,45.0,724.0,101.0,3368,contact_low,690.0,93.0,mask PCA skeleton + low contact point,generated_videos/control_points_3_traffic.mp4
98,3,15,60,0.857918552036199,1.101498008676346,person,0.7730588316917419,586.0,160.0,611.0,240.0,1689,centroid,597.4996948242188,200.34812927246094,mask PCA skeleton + low contact point,generated_videos/control_points_3_traffic.mp4
98,3,15,60,0.857918552036199,1.101498008676346,person,0.7730588316917419,586.0,160.0,611.0,240.0,1689,axis_front,587.0,239.0,mask PCA skeleton + low contact point,generated_videos/control_points_3_traffic.mp4
98,3,15,60,0.857918552036199,1.101498008676346,person,0.7730588316917419,586.0,160.0,611.0,240.0,1689,axis_back,604.0,160.0,mask PCA skeleton + low contact point,generated_videos/control_points_3_traffic.mp4
98,3,15,60,0.857918552036199,1.101498008676346,person,0.7730588316917419,586.0,160.0,611.0,240.0,1689,axis_left,610.0,230.0,mask PCA skeleton + low contact point,generated_videos/control_points_3_traffic.mp4
98,3,15,60,0.857918552036199,1.101498008676346,person,0.7730588316917419,586.0,160.0,611.0,240.0,1689,axis_right,586.0,172.0,mask PCA skeleton + low contact point,generated_videos/control_points_3_traffic.mp4
98,3,15,60,0.857918552036199,1.101498008676346,person,0.7730588316917419,586.0,160.0,611.0,240.0,1689,contact_low,593.0,233.0,mask PCA skeleton + low contact point,generated_videos/control_points_3_traffic.mp4
98,5,8,82,0.9193548387096774,1.0556480425456203,person,0.7072765827178955,383.0,180.0,411.0,256.0,1602,centroid,395.6941223144531,216.98065185546875,mask PCA skeleton + low contact point,generated_videos/control_points_3_traffic.mp4
98,5,8,82,0.9193548387096774,1.0556480425456203,person,0.7072765827178955,383.0,180.0,411.0,256.0,1602,axis_front,386.0,255.0,mask PCA skeleton + low contact point,generated_videos/control_points_3_traffic.mp4
98,5,8,82,0.9193548387096774,1.0556480425456203,person,0.7072765827178955,383.0,180.0,411.0,256.0,1602,axis_back,403.0,180.0,mask PCA skeleton + low contact point,generated_videos/control_points_3_traffic.mp4
98,5,8,82,0.9193548387096774,1.0556480425456203,person,0.7072765827178955,383.0,180.0,411.0,256.0,1602,axis_left,410.0,223.0,mask PCA skeleton + low contact point,generated_videos/control_points_3_traffic.mp4
98,5,8,82,0.9193548387096774,1.0556480425456203,person,0.7072765827178955,383.0,180.0,411.0,256.0,1602,axis_right,383.0,195.0,mask PCA skeleton + low contact point,generated_videos/control_points_3_traffic.mp4
98,5,8,82,0.9193548387096774,1.0556480425456203,person,0.7072765827178955,383.0,180.0,411.0,256.0,1602,contact_low,392.0,250.0,mask PCA skeleton + low contact point,generated_videos/control_points_3_traffic.mp4
98,1,17,39,0.7977621218400331,4.189727947578601,person,0.7998645305633545,334.0,196.0,360.0,274.0,1435,centroid,346.8592224121094,234.06271362304688,mask PCA skeleton + low contact point,generated_videos/control_points_3_traffic.mp4
98,1,17,39,0.7977621218400331,4.189727947578601,person,0.7998645305633545,334.0,196.0,360.0,274.0,1435,axis_front,357.0,273.0,mask PCA skeleton + low contact point,generated_videos/control_points_3_traffic.mp4
98,1,17,39,0.7977621218400331,4.189727947578601,person,0.7998645305633545,334.0,196.0,360.0,274.0,1435,axis_back,341.0,196.0,mask PCA skeleton + low contact point,generated_videos/control_points_3_traffic.mp4
98,1,17,39,0.7977621218400331,4.189727947578601,person,0.7998645305633545,334.0,196.0,360.0,274.0,1435,axis_left,359.0,225.0,mask PCA skeleton + low contact point,generated_videos/control_points_3_traffic.mp4
98,1,17,39,0.7977621218400331,4.189727947578601,person,0.7998645305633545,334.0,196.0,360.0,274.0,1435,axis_right,334.0,260.0,mask PCA skeleton + low contact point,generated_videos/control_points_3_traffic.mp4
98,1,17,39,0.7977621218400331,4.189727947578601,person,0.7998645305633545,334.0,196.0,360.0,274.0,1435,contact_low,353.0,265.0,mask PCA skeleton + low contact point,generated_videos/control_points_3_traffic.mp4
98,4,4,99,1.0,0.0721041174479294,car,0.7439869046211243,735.0,52.0,768.0,93.0,1292,centroid,751.450439453125,72.26470947265625,mask PCA skeleton + low contact point,generated_videos/control_points_3_traffic.mp4
98,4,4,99,1.0,0.0721041174479294,car,0.7439869046211243,735.0,52.0,768.0,93.0,1292,axis_front,736.0,92.0,mask PCA skeleton + low contact point,generated_videos/control_points_3_traffic.mp4
98,4,4,99,1.0,0.0721041174479294,car,0.7439869046211243,735.0,52.0,768.0,93.0,1292,axis_back,767.0,52.0,mask PCA skeleton + low contact point,generated_videos/control_points_3_traffic.mp4
98,4,4,99,1.0,0.0721041174479294,car,0.7439869046211243,735.0,52.0,768.0,93.0,1292,axis_left,767.0,92.0,mask PCA skeleton + low contact point,generated_videos/control_points_3_traffic.mp4
98,4,4,99,1.0,0.0721041174479294,car,0.7439869046211243,735.0,52.0,768.0,93.0,1292,axis_right,735.0,62.0,mask PCA skeleton + low contact point,generated_videos/control_points_3_traffic.mp4
98,4,4,99,1.0,0.0721041174479294,car,0.7439869046211243,735.0,52.0,768.0,93.0,1292,contact_low,750.0,90.0,mask PCA skeleton + low contact point,generated_videos/control_points_3_traffic.mp4
98,2,10,82,0.8281341965862272,1.7722669740491084,person,0.7998170256614685,512.0,154.0,534.0,222.0,1254,centroid,522.0103759765625,187.38357543945312,mask PCA skeleton + low contact point,generated_videos/control_points_3_traffic.mp4
98,2,10,82,0.8281341965862272,1.7722669740491084,person,0.7998170256614685,512.0,154.0,534.0,222.0,1254,axis_front,526.0,221.0,mask PCA skeleton + low contact point,generated_videos/control_points_3_traffic.mp4
98,2,10,82,0.8281341965862272,1.7722669740491084,person,0.7998170256614685,512.0,154.0,534.0,222.0,1254,axis_back,515.0,154.0,mask PCA skeleton + low contact point,generated_videos/control_points_3_traffic.mp4
98,2,10,82,0.8281341965862272,1.7722669740491084,person,0.7998170256614685,512.0,154.0,534.0,222.0,1254,axis_left,533.0,182.0,mask PCA skeleton + low contact point,generated_videos/control_points_3_traffic.mp4
98,2,10,82,0.8281341965862272,1.7722669740491084,person,0.7998170256614685,512.0,154.0,534.0,222.0,1254,axis_right,512.0,196.0,mask PCA skeleton + low contact point,generated_videos/control_points_3_traffic.mp4
98,2,10,82,0.8281341965862272,1.7722669740491084,person,0.7998170256614685,512.0,154.0,534.0,222.0,1254,contact_low,523.0,217.0,mask PCA skeleton + low contact point,generated_videos/control_points_3_traffic.mp4
98,0,7,89,0.8176197836166924,3.278950278967454,person,0.851046085357666,486.0,150.0,512.0,222.0,1230,centroid,499.4780578613281,183.42276000976562,mask PCA skeleton + low contact point,generated_videos/control_points_3_traffic.mp4
98,0,7,89,0.8176197836166924,3.278950278967454,person,0.851046085357666,486.0,150.0,512.0,222.0,1230,axis_front,502.0,221.0,mask PCA skeleton + low contact point,generated_videos/control_points_3_traffic.mp4
98,0,7,89,0.8176197836166924,3.278950278967454,person,0.851046085357666,486.0,150.0,512.0,222.0,1230,axis_back,497.0,150.0,mask PCA skeleton + low contact point,generated_videos/control_points_3_traffic.mp4
98,0,7,89,0.8176197836166924,3.278950278967454,person,0.851046085357666,486.0,150.0,512.0,222.0,1230,axis_left,511.0,166.0,mask PCA skeleton + low contact point,generated_videos/control_points_3_traffic.mp4
98,0,7,89,0.8176197836166924,3.278950278967454,person,0.851046085357666,486.0,150.0,512.0,222.0,1230,axis_right,486.0,184.0,mask PCA skeleton + low contact point,generated_videos/control_points_3_traffic.mp4
98,0,7,89,0.8176197836166924,3.278950278967454,person,0.851046085357666,486.0,150.0,512.0,222.0,1230,contact_low,500.0,216.0,mask PCA skeleton + low contact point,generated_videos/control_points_3_traffic.mp4
98,7,19,22,0.6456953642384106,2.1215599620946937,person,0.618046224117279,230.0,62.0,245.0,92.0,366,centroid,236.01365661621094,77.26502990722656,mask PCA skeleton + low contact point,generated_videos/control_points_3_traffic.mp4
98,7,19,22,0.6456953642384106,2.1215599620946937,person,0.618046224117279,230.0,62.0,245.0,92.0,366,axis_front,242.0,91.0,mask PCA skeleton + low contact point,generated_videos/control_points_3_traffic.mp4
98,7,19,22,0.6456953642384106,2.1215599620946937,person,0.618046224117279,230.0,62.0,245.0,92.0,366,axis_back,231.0,62.0,mask PCA skeleton + low contact point,generated_videos/control_points_3_traffic.mp4
98,7,19,22,0.6456953642384106,2.1215599620946937,person,0.618046224117279,230.0,62.0,245.0,92.0,366,axis_left,244.0,88.0,mask PCA skeleton + low contact point,generated_videos/control_points_3_traffic.mp4
98,7,19,22,0.6456953642384106,2.1215599620946937,person,0.618046224117279,230.0,62.0,245.0,92.0,366,axis_right,230.0,88.0,mask PCA skeleton + low contact point,generated_videos/control_points_3_traffic.mp4
98,7,19,22,0.6456953642384106,2.1215599620946937,person,0.618046224117279,230.0,62.0,245.0,92.0,366,contact_low,237.0,90.0,mask PCA skeleton + low contact point,generated_videos/control_points_3_traffic.mp4
99,7,0,100,1.0,0.01163601529244526,truck,0.6318255662918091,653.0,45.0,724.0,101.0,3366,centroid,686.3490600585938,70.90433502197266,mask PCA skeleton + low contact point,generated_videos/control_points_3_traffic.mp4
99,7,0,100,1.0,0.01163601529244526,truck,0.6318255662918091,653.0,45.0,724.0,101.0,3366,axis_front,653.0,54.0,mask PCA skeleton + low contact point,generated_videos/control_points_3_traffic.mp4
99,7,0,100,1.0,0.01163601529244526,truck,0.6318255662918091,653.0,45.0,724.0,101.0,3366,axis_back,723.0,85.0,mask PCA skeleton + low contact point,generated_videos/control_points_3_traffic.mp4
99,7,0,100,1.0,0.01163601529244526,truck,0.6318255662918091,653.0,45.0,724.0,101.0,3366,axis_left,695.0,100.0,mask PCA skeleton + low contact point,generated_videos/control_points_3_traffic.mp4
99,7,0,100,1.0,0.01163601529244526,truck,0.6318255662918091,653.0,45.0,724.0,101.0,3366,axis_right,709.0,45.0,mask PCA skeleton + low contact point,generated_videos/control_points_3_traffic.mp4
99,7,0,100,1.0,0.01163601529244526,truck,0.6318255662918091,653.0,45.0,724.0,101.0,3366,contact_low,690.0,93.0,mask PCA skeleton + low contact point,generated_videos/control_points_3_traffic.mp4
99,5,8,83,0.709749719835637,2.4086432472588695,person,0.7482267618179321,377.0,178.0,408.0,257.0,1680,centroid,393.29998779296875,217.24464416503906,mask PCA skeleton + low contact point,generated_videos/control_points_3_traffic.mp4
99,5,8,83,0.709749719835637,2.4086432472588695,person,0.7482267618179321,377.0,178.0,408.0,257.0,1680,axis_front,391.0,256.0,mask PCA skeleton + low contact point,generated_videos/control_points_3_traffic.mp4
99,5,8,83,0.709749719835637,2.4086432472588695,person,0.7482267618179321,377.0,178.0,408.0,257.0,1680,axis_back,389.0,178.0,mask PCA skeleton + low contact point,generated_videos/control_points_3_traffic.mp4
99,5,8,83,0.709749719835637,2.4086432472588695,person,0.7482267618179321,377.0,178.0,408.0,257.0,1680,axis_left,407.0,212.0,mask PCA skeleton + low contact point,generated_videos/control_points_3_traffic.mp4
99,5,8,83,0.709749719835637,2.4086432472588695,person,0.7482267618179321,377.0,178.0,408.0,257.0,1680,axis_right,377.0,218.0,mask PCA skeleton + low contact point,generated_videos/control_points_3_traffic.mp4
99,5,8,83,0.709749719835637,2.4086432472588695,person,0.7482267618179321,377.0,178.0,408.0,257.0,1680,contact_low,392.0,251.0,mask PCA skeleton + low contact point,generated_videos/control_points_3_traffic.mp4
99,2,17,40,0.40496760259179265,10.6142430011745,person,0.789465606212616,345.0,198.0,370.0,273.0,1568,centroid,356.97576904296875,237.27487182617188,mask PCA skeleton + low contact point,generated_videos/control_points_3_traffic.mp4
99,2,17,40,0.40496760259179265,10.6142430011745,person,0.789465606212616,345.0,198.0,370.0,273.0,1568,axis_front,362.0,272.0,mask PCA skeleton + low contact point,generated_videos/control_points_3_traffic.mp4
99,2,17,40,0.40496760259179265,10.6142430011745,person,0.789465606212616,345.0,198.0,370.0,273.0,1568,axis_back,351.0,198.0,mask PCA skeleton + low contact point,generated_videos/control_points_3_traffic.mp4
99,2,17,40,0.40496760259179265,10.6142430011745,person,0.789465606212616,345.0,198.0,370.0,273.0,1568,axis_left,369.0,230.0,mask PCA skeleton + low contact point,generated_videos/control_points_3_traffic.mp4
99,2,17,40,0.40496760259179265,10.6142430011745,person,0.789465606212616,345.0,198.0,370.0,273.0,1568,axis_right,345.0,239.0,mask PCA skeleton + low contact point,generated_videos/control_points_3_traffic.mp4
99,2,17,40,0.40496760259179265,10.6142430011745,person,0.789465606212616,345.0,198.0,370.0,273.0,1568,contact_low,359.0,268.0,mask PCA skeleton + low contact point,generated_videos/control_points_3_traffic.mp4
99,1,15,61,0.6324435318275154,5.596050282292453,person,0.79729163646698,591.0,158.0,616.0,237.0,1565,centroid,601.9386596679688,196.94058227539062,mask PCA skeleton + low contact point,generated_videos/control_points_3_traffic.mp4
99,1,15,61,0.6324435318275154,5.596050282292453,person,0.79729163646698,591.0,158.0,616.0,237.0,1565,axis_front,591.0,236.0,mask PCA skeleton + low contact point,generated_videos/control_points_3_traffic.mp4
99,1,15,61,0.6324435318275154,5.596050282292453,person,0.79729163646698,591.0,158.0,616.0,237.0,1565,axis_back,609.0,158.0,mask PCA skeleton + low contact point,generated_videos/control_points_3_traffic.mp4
99,1,15,61,0.6324435318275154,5.596050282292453,person,0.79729163646698,591.0,158.0,616.0,237.0,1565,axis_left,615.0,195.0,mask PCA skeleton + low contact point,generated_videos/control_points_3_traffic.mp4
99,1,15,61,0.6324435318275154,5.596050282292453,person,0.79729163646698,591.0,158.0,616.0,237.0,1565,axis_right,591.0,174.0,mask PCA skeleton + low contact point,generated_videos/control_points_3_traffic.mp4
99,1,15,61,0.6324435318275154,5.596050282292453,person,0.79729163646698,591.0,158.0,616.0,237.0,1565,contact_low,598.0,231.0,mask PCA skeleton + low contact point,generated_videos/control_points_3_traffic.mp4
99,4,4,100,1.0,0.05942334897127061,car,0.7486643195152283,735.0,52.0,768.0,93.0,1296,centroid,751.4406127929688,72.32330322265625,mask PCA skeleton + low contact point,generated_videos/control_points_3_traffic.mp4
99,4,4,100,1.0,0.05942334897127061,car,0.7486643195152283,735.0,52.0,768.0,93.0,1296,axis_front,736.0,92.0,mask PCA skeleton + low contact point,generated_videos/control_points_3_traffic.mp4
99,4,4,100,1.0,0.05942334897127061,car,0.7486643195152283,735.0,52.0,768.0,93.0,1296,axis_back,767.0,52.0,mask PCA skeleton + low contact point,generated_videos/control_points_3_traffic.mp4
99,4,4,100,1.0,0.05942334897127061,car,0.7486643195152283,735.0,52.0,768.0,93.0,1296,axis_left,767.0,92.0,mask PCA skeleton + low contact point,generated_videos/control_points_3_traffic.mp4
99,4,4,100,1.0,0.05942334897127061,car,0.7486643195152283,735.0,52.0,768.0,93.0,1296,axis_right,735.0,62.0,mask PCA skeleton + low contact point,generated_videos/control_points_3_traffic.mp4
99,4,4,100,1.0,0.05942334897127061,car,0.7486643195152283,735.0,52.0,768.0,93.0,1296,contact_low,750.0,90.0,mask PCA skeleton + low contact point,generated_videos/control_points_3_traffic.mp4
99,3,10,83,0.6594488188976378,3.721847879863829,person,0.7506584525108337,514.0,155.0,542.0,222.0,1282,centroid,525.6653442382812,188.08580017089844,mask PCA skeleton + low contact point,generated_videos/control_points_3_traffic.mp4
99,3,10,83,0.6594488188976378,3.721847879863829,person,0.7506584525108337,514.0,155.0,542.0,222.0,1282,axis_front,519.0,221.0,mask PCA skeleton + low contact point,generated_videos/control_points_3_traffic.mp4
99,3,10,83,0.6594488188976378,3.721847879863829,person,0.7506584525108337,514.0,155.0,542.0,222.0,1282,axis_back,532.0,155.0,mask PCA skeleton + low contact point,generated_videos/control_points_3_traffic.mp4
99,3,10,83,0.6594488188976378,3.721847879863829,person,0.7506584525108337,514.0,155.0,542.0,222.0,1282,axis_left,541.0,213.0,mask PCA skeleton + low contact point,generated_videos/control_points_3_traffic.mp4
99,3,10,83,0.6594488188976378,3.721847879863829,person,0.7506584525108337,514.0,155.0,542.0,222.0,1282,axis_right,514.0,182.0,mask PCA skeleton + low contact point,generated_videos/control_points_3_traffic.mp4
99,3,10,83,0.6594488188976378,3.721847879863829,person,0.7506584525108337,514.0,155.0,542.0,222.0,1282,contact_low,520.0,215.0,mask PCA skeleton + low contact point,generated_videos/control_points_3_traffic.mp4
99,0,7,90,0.6919908466819222,4.167850255397003,person,0.8129578232765198,491.0,149.0,516.0,222.0,1235,centroid,503.54656982421875,182.51821899414062,mask PCA skeleton + low contact point,generated_videos/control_points_3_traffic.mp4
99,0,7,90,0.6919908466819222,4.167850255397003,person,0.8129578232765198,491.0,149.0,516.0,222.0,1235,axis_front,501.0,221.0,mask PCA skeleton + low contact point,generated_videos/control_points_3_traffic.mp4
99,0,7,90,0.6919908466819222,4.167850255397003,person,0.8129578232765198,491.0,149.0,516.0,222.0,1235,axis_back,511.0,149.0,mask PCA skeleton + low contact point,generated_videos/control_points_3_traffic.mp4
99,0,7,90,0.6919908466819222,4.167850255397003,person,0.8129578232765198,491.0,149.0,516.0,222.0,1235,axis_left,515.0,173.0,mask PCA skeleton + low contact point,generated_videos/control_points_3_traffic.mp4
99,0,7,90,0.6919908466819222,4.167850255397003,person,0.8129578232765198,491.0,149.0,516.0,222.0,1235,axis_right,491.0,166.0,mask PCA skeleton + low contact point,generated_videos/control_points_3_traffic.mp4
99,0,7,90,0.6919908466819222,4.167850255397003,person,0.8129578232765198,491.0,149.0,516.0,222.0,1235,contact_low,502.0,215.0,mask PCA skeleton + low contact point,generated_videos/control_points_3_traffic.mp4
99,6,19,23,0.40404040404040403,4.6648403836100485,person,0.6444413661956787,226.0,62.0,238.0,94.0,335,centroid,231.39105224609375,76.63880920410156,mask PCA skeleton + low contact point,generated_videos/control_points_3_traffic.mp4
99,6,19,23,0.40404040404040403,4.6648403836100485,person,0.6444413661956787,226.0,62.0,238.0,94.0,335,axis_front,233.0,93.0,mask PCA skeleton + low contact point,generated_videos/control_points_3_traffic.mp4
99,6,19,23,0.40404040404040403,4.6648403836100485,person,0.6444413661956787,226.0,62.0,238.0,94.0,335,axis_back,227.0,62.0,mask PCA skeleton + low contact point,generated_videos/control_points_3_traffic.mp4
99,6,19,23,0.40404040404040403,4.6648403836100485,person,0.6444413661956787,226.0,62.0,238.0,94.0,335,axis_left,237.0,69.0,mask PCA skeleton + low contact point,generated_videos/control_points_3_traffic.mp4
99,6,19,23,0.40404040404040403,4.6648403836100485,person,0.6444413661956787,226.0,62.0,238.0,94.0,335,axis_right,226.0,88.0,mask PCA skeleton + low contact point,generated_videos/control_points_3_traffic.mp4
99,6,19,23,0.40404040404040403,4.6648403836100485,person,0.6444413661956787,226.0,62.0,238.0,94.0,335,contact_low,233.0,90.0,mask PCA skeleton + low contact point,generated_videos/control_points_3_traffic.mp4
99,8,21,1,,,person,0.26575490832328796,30.0,112.0,50.0,141.0,287,centroid,39.602787017822266,123.27177429199219,mask PCA skeleton + low contact point,generated_videos/control_points_3_traffic.mp4
99,8,21,1,,,person,0.26575490832328796,30.0,112.0,50.0,141.0,287,axis_front,41.0,140.0,mask PCA skeleton + low contact point,generated_videos/control_points_3_traffic.mp4
99,8,21,1,,,person,0.26575490832328796,30.0,112.0,50.0,141.0,287,axis_back,39.0,112.0,mask PCA skeleton + low contact point,generated_videos/control_points_3_traffic.mp4
99,8,21,1,,,person,0.26575490832328796,30.0,112.0,50.0,141.0,287,axis_left,49.0,112.0,mask PCA skeleton + low contact point,generated_videos/control_points_3_traffic.mp4
99,8,21,1,,,person,0.26575490832328796,30.0,112.0,50.0,141.0,287,axis_right,30.0,123.0,mask PCA skeleton + low contact point,generated_videos/control_points_3_traffic.mp4
99,8,21,1,,,person,0.26575490832328796,30.0,112.0,50.0,141.0,287,contact_low,40.0,138.0,mask PCA skeleton + low contact point,generated_videos/control_points_3_traffic.mp4
