frame,agents,grid_points_total,grid_points_tracked,background_pixels,median_dx_from_start,median_dy_from_start,median_speed_from_start,video_path
0,15,706,706,742721,0.0,0.0,0.0,generated_videos/surface_grid_5_hard.mp4
1,17,752,703,738033,0.0,0.0,0.0005505740991793573,generated_videos/surface_grid_5_hard.mp4
2,14,803,706,739557,0.0,0.0,0.0006562937051057816,generated_videos/surface_grid_5_hard.mp4
3,14,855,704,738117,0.0,0.0,0.0007972612511366606,generated_videos/surface_grid_5_hard.mp4
4,20,913,689,714668,0.0,0.0,0.0007653769571334124,generated_videos/surface_grid_5_hard.mp4
5,22,964,680,709927,3.4332275390625e-05,0.0,0.002305717673152685,generated_videos/surface_grid_5_hard.mp4
6,18,1013,679,711408,6.103515625e-05,0.0,0.0028790226206183434,generated_videos/surface_grid_5_hard.mp4
7,17,1080,698,738283,6.103515625e-05,0.0,0.002778859343379736,generated_videos/surface_grid_5_hard.mp4
8,15,1134,705,743265,3.0517578125e-05,0.0,0.0030800935346633196,generated_videos/surface_grid_5_hard.mp4
9,15,1187,711,748157,9.918212890625e-05,0.0,0.009404812939465046,generated_videos/surface_grid_5_hard.mp4
10,14,1237,715,749063,-3.814697265625e-05,0.0003662109375,0.04462634027004242,generated_videos/surface_grid_5_hard.mp4
11,15,1285,691,717975,-0.0006103515625,-0.00030517578125,0.07296168059110641,generated_videos/surface_grid_5_hard.mp4
12,15,1351,711,745363,-0.0001220703125,-0.00408935546875,0.09262042492628098,generated_videos/surface_grid_5_hard.mp4
13,13,1401,712,743755,-0.06992149353027344,-0.0099945068359375,0.09633037447929382,generated_videos/surface_grid_5_hard.mp4
14,19,1448,710,741575,-0.083892822265625,-0.0110626220703125,0.11060205101966858,generated_videos/surface_grid_5_hard.mp4
15,16,1494,710,740309,-0.091644287109375,-0.011871337890625,0.12031909823417664,generated_videos/surface_grid_5_hard.mp4
16,16,1546,719,742633,-0.10693359375,-0.0130615234375,0.14797036349773407,generated_videos/surface_grid_5_hard.mp4
17,18,1592,715,738313,-0.1195068359375,-0.01531982421875,0.1495789736509323,generated_videos/surface_grid_5_hard.mp4
18,16,1636,712,736575,-0.1274871826171875,-0.0156402587890625,0.16310718655586243,generated_videos/surface_grid_5_hard.mp4
19,16,1685,710,732805,-0.13446044921875,-0.016307830810546875,0.16560523211956024,generated_videos/surface_grid_5_hard.mp4
20,14,1735,711,735867,-0.137939453125,-0.016143798828125,0.16715142130851746,generated_videos/surface_grid_5_hard.mp4
21,14,1782,712,737345,-0.15167236328125,-0.018005847930908203,0.17770791053771973,generated_videos/surface_grid_5_hard.mp4
22,15,1830,710,734687,-0.1569366455078125,-0.017802715301513672,0.18269318342208862,generated_videos/surface_grid_5_hard.mp4
23,16,1873,707,733439,-0.1611328125,-0.018402099609375,0.18467286229133606,generated_videos/surface_grid_5_hard.mp4
24,19,1922,706,729325,-0.1644287109375,-0.01792144775390625,0.18831166625022888,generated_videos/surface_grid_5_hard.mp4
25,14,1972,709,735267,-0.16827392578125,-0.0186309814453125,0.19271986186504364,generated_videos/surface_grid_5_hard.mp4
26,17,2017,705,734743,-0.17144775390625,-0.019775390625,0.1935199350118637,generated_videos/surface_grid_5_hard.mp4
27,16,2064,706,732691,-0.1718006134033203,-0.0200653076171875,0.19360363483428955,generated_videos/surface_grid_5_hard.mp4
28,16,2114,709,730823,-0.17369556427001953,-0.0196533203125,0.1940273940563202,generated_videos/surface_grid_5_hard.mp4
29,13,2163,713,732253,-0.17718505859375,-0.021087646484375,0.20160424709320068,generated_videos/surface_grid_5_hard.mp4
30,21,2210,707,729241,-0.1787109375,-0.02104949951171875,0.20306627452373505,generated_videos/surface_grid_5_hard.mp4
31,15,2254,707,731655,-0.17974853515625,-0.021513938903808594,0.20424120128154755,generated_videos/surface_grid_5_hard.mp4
32,15,2302,711,731013,-0.18182373046875,-0.02227783203125,0.2062455713748932,generated_videos/surface_grid_5_hard.mp4
33,16,2350,714,732987,-0.184326171875,-0.021511554718017578,0.20822887122631073,generated_videos/surface_grid_5_hard.mp4
34,15,2396,712,733957,-0.18408203125,-0.02250957489013672,0.20974883437156677,generated_videos/surface_grid_5_hard.mp4
35,14,2444,714,734843,-0.1849365234375,-0.021640777587890625,0.21006175875663757,generated_videos/surface_grid_5_hard.mp4
36,15,2493,713,731595,-0.188140869140625,-0.0218505859375,0.2108190506696701,generated_videos/surface_grid_5_hard.mp4
37,16,2537,710,732769,-0.19033050537109375,-0.022779464721679688,0.2133605033159256,generated_videos/surface_grid_5_hard.mp4
38,16,2587,711,730549,-0.1898193359375,-0.02282238006591797,0.21231383085250854,generated_videos/surface_grid_5_hard.mp4
39,16,2639,713,732077,-0.18804931640625,-0.0224609375,0.21244704723358154,generated_videos/surface_grid_5_hard.mp4
40,17,2682,704,725465,-0.18975830078125,-0.022686004638671875,0.21327167749404907,generated_videos/surface_grid_5_hard.mp4
41,18,2725,689,709799,-0.1895751953125,-0.02496337890625,0.21633349359035492,generated_videos/surface_grid_5_hard.mp4
42,17,2769,686,708439,-0.189666748046875,-0.025146484375,0.21570231020450592,generated_videos/surface_grid_5_hard.mp4
43,17,2817,690,711521,-0.18994140625,-0.02426910400390625,0.21606683731079102,generated_videos/surface_grid_5_hard.mp4
44,17,2876,699,724691,-0.1878662109375,-0.0244140625,0.21450500190258026,generated_videos/surface_grid_5_hard.mp4
45,13,2923,701,727289,-0.19073486328125,-0.024139404296875,0.21531370282173157,generated_videos/surface_grid_5_hard.mp4
46,13,2969,700,727575,-0.189483642578125,-0.02494049072265625,0.21560052037239075,generated_videos/surface_grid_5_hard.mp4
47,14,3014,703,725883,-0.1888427734375,-0.025299072265625,0.21596141159534454,generated_videos/surface_grid_5_hard.mp4
48,14,3059,702,725545,-0.1884613037109375,-0.024261474609375,0.21572965383529663,generated_videos/surface_grid_5_hard.mp4
49,16,3109,706,727165,-0.1948699951171875,-0.02608489990234375,0.2202642858028412,generated_videos/surface_grid_5_hard.mp4
50,12,3157,707,725791,-0.195068359375,-0.02631378173828125,0.2204042226076126,generated_videos/surface_grid_5_hard.mp4
51,12,3206,710,726571,-0.18914794921875,-0.026386260986328125,0.216531440615654,generated_videos/surface_grid_5_hard.mp4
52,13,3249,704,721675,-0.190185546875,-0.0279693603515625,0.21912935376167297,generated_videos/surface_grid_5_hard.mp4
53,13,3298,709,727267,-0.190216064453125,-0.02685546875,0.2178962677717209,generated_videos/surface_grid_5_hard.mp4
54,14,3341,702,725731,-0.1939544677734375,-0.026468276977539062,0.2182506024837494,generated_videos/surface_grid_5_hard.mp4
55,12,3390,703,721855,-0.1942138671875,-0.0262451171875,0.2190759778022766,generated_videos/surface_grid_5_hard.mp4
56,12,3439,709,725429,-0.19139862060546875,-0.0272979736328125,0.21906250715255737,generated_videos/surface_grid_5_hard.mp4
57,10,3494,720,734945,-0.19000244140625,-0.026458740234375,0.21954351663589478,generated_videos/surface_grid_5_hard.mp4
58,12,3538,707,724407,-0.1942138671875,-0.027862548828125,0.2206667959690094,generated_videos/surface_grid_5_hard.mp4
59,14,3585,706,722669,-0.19427490234375,-0.0270538330078125,0.21901723742485046,generated_videos/surface_grid_5_hard.mp4
60,16,3630,706,724253,-0.194793701171875,-0.02685546875,0.2216048538684845,generated_videos/surface_grid_5_hard.mp4
61,14,3675,709,724175,-0.1964111328125,-0.0267333984375,0.2229279726743698,generated_videos/surface_grid_5_hard.mp4
62,15,3719,708,724109,-0.19622802734375,-0.0275421142578125,0.22178351879119873,generated_videos/surface_grid_5_hard.mp4
63,10,3775,720,738185,-0.18672943115234375,-0.025726318359375,0.21606960892677307,generated_videos/surface_grid_5_hard.mp4
64,10,3823,723,738495,-0.185546875,-0.026580810546875,0.2171640694141388,generated_videos/surface_grid_5_hard.mp4
65,7,3877,731,747671,-0.196807861328125,-0.026275634765625,0.2227708250284195,generated_videos/surface_grid_5_hard.mp4
66,8,3927,717,737327,-0.19921875,-0.027099609375,0.2291184365749359,generated_videos/surface_grid_5_hard.mp4
67,11,3976,682,701139,-0.1972198486328125,-0.031368255615234375,0.22934186458587646,generated_videos/surface_grid_5_hard.mp4
68,9,4027,685,702635,-0.1966552734375,-0.03668212890625,0.23324009776115417,generated_videos/surface_grid_5_hard.mp4
69,10,4072,682,700542,-0.19661712646484375,-0.0330352783203125,0.2275245487689972,generated_videos/surface_grid_5_hard.mp4
70,9,4120,684,702143,-0.1976318359375,-0.029394149780273438,0.22464638948440552,generated_videos/surface_grid_5_hard.mp4
71,10,4175,692,708543,-0.2002105712890625,-0.0174102783203125,0.2274782657623291,generated_videos/surface_grid_5_hard.mp4
72,5,4235,706,722129,-0.20025634765625,-0.01143646240234375,0.23101861774921417,generated_videos/surface_grid_5_hard.mp4
73,6,4281,694,711257,-0.19982051849365234,-0.0217437744140625,0.22879810631275177,generated_videos/surface_grid_5_hard.mp4
74,8,4368,728,743537,-0.1910400390625,-0.022439956665039062,0.21875855326652527,generated_videos/surface_grid_5_hard.mp4
75,8,4423,732,746749,-0.19305419921875,-0.027872085571289062,0.22159557044506073,generated_videos/surface_grid_5_hard.mp4
76,10,4470,727,742673,-0.191162109375,-0.03116130828857422,0.22478167712688446,generated_videos/surface_grid_5_hard.mp4
77,8,4522,724,744215,-0.19229888916015625,-0.029033184051513672,0.22176381945610046,generated_videos/surface_grid_5_hard.mp4
78,9,4573,711,729277,-0.2005615234375,-0.01776123046875,0.2272566854953766,generated_videos/surface_grid_5_hard.mp4
79,8,4624,716,734491,-0.20223617553710938,-0.015166282653808594,0.22993695735931396,generated_videos/surface_grid_5_hard.mp4
80,9,4677,717,733537,-0.205322265625,-0.0149383544921875,0.2337103933095932,generated_videos/surface_grid_5_hard.mp4
81,10,4722,713,726693,-0.20367431640625,-0.019775390625,0.23172785341739655,generated_videos/surface_grid_5_hard.mp4
82,10,4771,716,729389,-0.1982269287109375,-0.027252197265625,0.22689521312713623,generated_videos/surface_grid_5_hard.mp4
83,11,4824,722,730505,-0.19781494140625,-0.027069091796875,0.2256847769021988,generated_videos/surface_grid_5_hard.mp4
84,13,4875,714,723705,-0.1965789794921875,-0.02231597900390625,0.22348913550376892,generated_videos/surface_grid_5_hard.mp4
85,12,4929,713,727532,-0.196624755859375,-0.018707275390625,0.2239060252904892,generated_videos/surface_grid_5_hard.mp4
86,9,4980,711,726967,-0.19683837890625,-0.0152587890625,0.22219859063625336,generated_videos/surface_grid_5_hard.mp4
87,6,5038,718,737841,-0.19536399841308594,-0.01885986328125,0.22081489861011505,generated_videos/surface_grid_5_hard.mp4
88,10,5088,715,735630,-0.19158935546875,-0.023529052734375,0.22053110599517822,generated_videos/surface_grid_5_hard.mp4
89,8,5143,725,743785,-0.19390869140625,-0.02130126953125,0.22130781412124634,generated_videos/surface_grid_5_hard.mp4
90,8,5190,725,742929,-0.19659423828125,-0.01971435546875,0.2237982600927353,generated_videos/surface_grid_5_hard.mp4
91,9,5245,730,745829,-0.1981658935546875,-0.01126861572265625,0.22678008675575256,generated_videos/surface_grid_5_hard.mp4
92,8,5301,736,755947,-0.197998046875,-0.007781982421875,0.2284531593322754,generated_videos/surface_grid_5_hard.mp4
93,8,5352,727,744263,-0.19989013671875,-0.0137939453125,0.22670653462409973,generated_videos/surface_grid_5_hard.mp4
94,11,5398,724,742259,-0.20078277587890625,-0.01694488525390625,0.2282262146472931,generated_videos/surface_grid_5_hard.mp4
95,10,5449,724,746581,-0.2010040283203125,-0.0118408203125,0.22357425093650818,generated_videos/surface_grid_5_hard.mp4
96,9,5499,727,750867,-0.202850341796875,-0.007427215576171875,0.22302530705928802,generated_videos/surface_grid_5_hard.mp4
97,10,5546,721,745175,-0.202423095703125,-0.008056640625,0.22471241652965546,generated_videos/surface_grid_5_hard.mp4
98,11,5594,722,743741,-0.20098876953125,-0.007781982421875,0.22267331182956696,generated_videos/surface_grid_5_hard.mp4
99,8,5646,725,751983,-0.1983642578125,-0.008209228515625,0.2191113531589508,generated_videos/surface_grid_5_hard.mp4
100,8,5691,725,749457,-0.199432373046875,-0.009063720703125,0.2190023958683014,generated_videos/surface_grid_5_hard.mp4
101,9,5736,724,747129,-0.19840717315673828,-0.00720977783203125,0.21873745322227478,generated_videos/surface_grid_5_hard.mp4
102,9,5785,725,745863,-0.1990966796875,-0.00628662109375,0.21905522048473358,generated_videos/surface_grid_5_hard.mp4
103,9,5833,725,747887,-0.199462890625,-0.007568359375,0.21806888282299042,generated_videos/surface_grid_5_hard.mp4
104,9,5885,728,747361,-0.1976318359375,-0.007986068725585938,0.21711012721061707,generated_videos/surface_grid_5_hard.mp4
105,10,5931,726,746273,-0.1996307373046875,-0.008026123046875,0.2198719084262848,generated_videos/surface_grid_5_hard.mp4
106,9,5975,727,747427,-0.19921875,-0.00836181640625,0.2215007096529007,generated_videos/surface_grid_5_hard.mp4
107,9,6019,726,747511,-0.200286865234375,-0.008630752563476562,0.22195297479629517,generated_videos/surface_grid_5_hard.mp4
108,9,6068,730,750115,-0.19940185546875,-0.00873565673828125,0.22221709787845612,generated_videos/surface_grid_5_hard.mp4
109,7,6113,730,751715,-0.1988372802734375,-0.0092315673828125,0.22413715720176697,generated_videos/surface_grid_5_hard.mp4
110,8,6163,732,752855,-0.19873046875,-0.0073699951171875,0.223445862531662,generated_videos/surface_grid_5_hard.mp4
111,8,6210,732,752367,-0.19879150390625,-0.0072021484375,0.2234329879283905,generated_videos/surface_grid_5_hard.mp4
112,6,6257,734,756483,-0.198944091796875,-0.0066070556640625,0.2238433063030243,generated_videos/surface_grid_5_hard.mp4
113,7,6301,734,756515,-0.20086669921875,-0.006927490234375,0.2244640588760376,generated_videos/surface_grid_5_hard.mp4
114,8,6348,730,753591,-0.2008209228515625,-0.00571441650390625,0.22387917339801788,generated_videos/surface_grid_5_hard.mp4
115,8,6398,733,753997,-0.2001953125,-0.005645751953125,0.2226332277059555,generated_videos/surface_grid_5_hard.mp4
116,7,6450,737,757215,-0.198211669921875,-0.004852294921875,0.21976570785045624,generated_videos/surface_grid_5_hard.mp4
117,7,6494,732,758121,-0.19537353515625,-0.0013580322265625,0.2176358997821808,generated_videos/surface_grid_5_hard.mp4
118,8,6543,733,758779,-0.19189453125,-0.000213623046875,0.21397127211093903,generated_videos/surface_grid_5_hard.mp4
119,7,6593,739,765519,-0.190643310546875,-9.1552734375e-05,0.21381354331970215,generated_videos/surface_grid_5_hard.mp4
120,7,6639,736,758923,-0.1902313232421875,-0.00177001953125,0.21376481652259827,generated_videos/surface_grid_5_hard.mp4
121,7,6687,740,765159,-0.1913909912109375,-0.0001373291015625,0.2126510739326477,generated_videos/surface_grid_5_hard.mp4
122,6,6739,745,765401,-0.19140625,0.0,0.21281009912490845,generated_videos/surface_grid_5_hard.mp4
123,8,6788,743,765159,-0.190826416015625,-6.103515625e-05,0.21394024789333344,generated_videos/surface_grid_5_hard.mp4
124,7,6838,747,763591,-0.191650390625,0.0,0.2148120254278183,generated_videos/surface_grid_5_hard.mp4
125,8,6886,747,760607,-0.19049072265625,0.0,0.21375930309295654,generated_videos/surface_grid_5_hard.mp4
126,5,6937,750,768735,-0.189544677734375,0.0,0.2127954363822937,generated_videos/surface_grid_5_hard.mp4
127,7,6982,750,766707,-0.190338134765625,0.0,0.21456117928028107,generated_videos/surface_grid_5_hard.mp4
128,8,7029,741,754887,-0.1894378662109375,0.0,0.21537275612354279,generated_videos/surface_grid_5_hard.mp4
129,9,7077,733,746161,-0.18524169921875,0.0,0.2096799910068512,generated_videos/surface_grid_5_hard.mp4
130,9,7131,736,753655,-0.18808746337890625,0.0,0.20861369371414185,generated_videos/surface_grid_5_hard.mp4
131,9,7177,738,752811,-0.1863412857055664,0.0,0.2094106674194336,generated_videos/surface_grid_5_hard.mp4
132,7,7227,742,756757,-0.184173583984375,0.0,0.20843647420406342,generated_videos/surface_grid_5_hard.mp4
133,7,7274,743,756125,-0.185333251953125,0.0,0.20812158286571503,generated_videos/surface_grid_5_hard.mp4
134,9,7323,744,754645,-0.185089111328125,0.0,0.20877793431282043,generated_videos/surface_grid_5_hard.mp4
135,9,7373,743,751233,-0.1845703125,0.0,0.20889562368392944,generated_videos/surface_grid_5_hard.mp4
136,10,7419,740,750163,-0.18389892578125,0.0,0.20872995257377625,generated_videos/surface_grid_5_hard.mp4
137,9,7466,739,751163,-0.1845703125,0.0,0.2103750854730606,generated_videos/surface_grid_5_hard.mp4
138,8,7517,739,754345,-0.18389892578125,0.0,0.20990486443042755,generated_videos/surface_grid_5_hard.mp4
139,11,7563,734,747401,-0.18448257446289062,0.0,0.20865699648857117,generated_videos/surface_grid_5_hard.mp4
140,9,7612,737,750833,-0.18355941772460938,0.0,0.20820337533950806,generated_videos/surface_grid_5_hard.mp4
141,9,7660,739,752077,-0.18487548828125,0.0,0.2083507627248764,generated_videos/surface_grid_5_hard.mp4
142,10,7704,732,747583,-0.18328857421875,0.0,0.20878292620182037,generated_videos/surface_grid_5_hard.mp4
143,12,7751,730,744721,-0.1826019287109375,0.0,0.20694246888160706,generated_videos/surface_grid_5_hard.mp4
144,11,7800,729,743067,-0.1811065673828125,0.0,0.20707537233829498,generated_videos/surface_grid_5_hard.mp4
145,12,7849,732,744975,-0.18463134765625,0.0,0.20851056277751923,generated_videos/surface_grid_5_hard.mp4
146,11,7898,727,743121,-0.18359375,0.0,0.2090744525194168,generated_videos/surface_grid_5_hard.mp4
147,15,7947,727,739857,-0.18359375,0.0,0.20815744996070862,generated_videos/surface_grid_5_hard.mp4
148,15,7992,724,738373,-0.18212890625,0.0,0.20950719714164734,generated_videos/surface_grid_5_hard.mp4
149,16,8039,719,736815,-0.18096923828125,0.0,0.20493750274181366,generated_videos/surface_grid_5_hard.mp4
150,19,8089,720,737601,-0.17952966690063477,0.0,0.2042359858751297,generated_videos/surface_grid_5_hard.mp4
151,13,8138,722,739399,-0.171539306640625,0.0,0.19478023052215576,generated_videos/surface_grid_5_hard.mp4
152,14,8188,723,739203,-0.164794921875,0.0,0.19101116061210632,generated_videos/surface_grid_5_hard.mp4
153,14,8236,720,736733,-0.17682647705078125,0.0,0.19934149086475372,generated_videos/surface_grid_5_hard.mp4
154,14,8282,719,735923,-0.179473876953125,0.0,0.20005778968334198,generated_videos/surface_grid_5_hard.mp4
155,12,8334,724,740529,-0.17734527587890625,0.0,0.19783303141593933,generated_videos/surface_grid_5_hard.mp4
156,14,8381,716,731115,-0.1764678955078125,0.0,0.1966933310031891,generated_videos/surface_grid_5_hard.mp4
157,17,8429,717,730775,-0.1778564453125,0.0,0.2010989487171173,generated_videos/surface_grid_5_hard.mp4
158,16,8478,719,733181,-0.1787261962890625,0.0,0.20157119631767273,generated_videos/surface_grid_5_hard.mp4
159,14,8531,721,739801,-0.17787551879882812,0.0,0.20030176639556885,generated_videos/surface_grid_5_hard.mp4
160,14,8579,719,737851,-0.1773681640625,0.0,0.20027558505535126,generated_videos/surface_grid_5_hard.mp4
161,15,8629,723,737791,-0.1776123046875,0.0,0.19977350533008575,generated_videos/surface_grid_5_hard.mp4
162,14,8677,719,736293,-0.177490234375,0.0,0.19892124831676483,generated_videos/surface_grid_5_hard.mp4
163,12,8731,725,739539,-0.177490234375,0.0,0.19730445742607117,generated_videos/surface_grid_5_hard.mp4
164,13,8778,712,729047,-0.1778717041015625,0.0,0.19805553555488586,generated_videos/surface_grid_5_hard.mp4
165,13,8828,713,729005,-0.1783447265625,0.0,0.19932138919830322,generated_videos/surface_grid_5_hard.mp4
166,17,8873,701,719667,-0.177947998046875,0.0,0.19881516695022583,generated_videos/surface_grid_5_hard.mp4
167,17,8918,701,718743,-0.177490234375,0.0,0.19807420670986176,generated_videos/surface_grid_5_hard.mp4
168,16,8965,696,718381,-0.1776123046875,0.0,0.19822919368743896,generated_videos/surface_grid_5_hard.mp4
169,11,9025,709,732497,-0.1771240234375,0.0,0.194194495677948,generated_videos/surface_grid_5_hard.mp4
170,13,9072,708,728879,-0.1778717041015625,0.0,0.19730710983276367,generated_videos/surface_grid_5_hard.mp4
171,13,9121,706,722213,-0.1785888671875,0.0,0.19752034544944763,generated_videos/surface_grid_5_hard.mp4
172,13,9176,711,727371,-0.1776123046875,0.0,0.19671881198883057,generated_videos/surface_grid_5_hard.mp4
173,12,9227,715,730515,-0.17669677734375,0.0,0.19780409336090088,generated_videos/surface_grid_5_hard.mp4
174,13,9279,714,727351,-0.177001953125,0.0,0.19892647862434387,generated_videos/surface_grid_5_hard.mp4
175,16,9333,713,724633,-0.1766357421875,0.0,0.1976986974477768,generated_videos/surface_grid_5_hard.mp4
176,14,9379,709,725805,-0.17578125,0.0,0.19957579672336578,generated_videos/surface_grid_5_hard.mp4
177,14,9431,711,727571,-0.17584228515625,0.0,0.19853416085243225,generated_videos/surface_grid_5_hard.mp4
178,13,9480,711,726691,-0.1768951416015625,0.0,0.19930323958396912,generated_videos/surface_grid_5_hard.mp4
179,13,9526,708,723169,-0.17706298828125,0.0,0.19963374733924866,generated_videos/surface_grid_5_hard.mp4
180,15,9573,703,720193,-0.176361083984375,0.0,0.19956104457378387,generated_videos/surface_grid_5_hard.mp4
181,13,9623,707,723449,-0.17081451416015625,0.0,0.1929650902748108,generated_videos/surface_grid_5_hard.mp4
182,12,9670,706,726147,-0.15758132934570312,0.0,0.18583014607429504,generated_videos/surface_grid_5_hard.mp4
183,14,9721,708,726107,-0.1575927734375,0.0,0.18425004184246063,generated_videos/surface_grid_5_hard.mp4
184,13,9768,707,724829,-0.155609130859375,0.0,0.18317312002182007,generated_videos/surface_grid_5_hard.mp4
185,13,9813,704,721409,-0.156585693359375,0.0,0.18441802263259888,generated_videos/surface_grid_5_hard.mp4
186,12,9860,701,719703,-0.156707763671875,0.0,0.18276026844978333,generated_videos/surface_grid_5_hard.mp4
187,12,9913,707,722011,-0.15557861328125,0.0,0.17953956127166748,generated_videos/surface_grid_5_hard.mp4
188,12,9959,708,723703,-0.15692901611328125,0.0,0.18284934759140015,generated_videos/surface_grid_5_hard.mp4
189,13,10007,704,720747,-0.1541748046875,0.0,0.18094924092292786,generated_videos/surface_grid_5_hard.mp4
190,10,10056,710,725099,-0.15496826171875,0.0,0.18104910850524902,generated_videos/surface_grid_5_hard.mp4
191,13,10099,704,721013,-0.1553192138671875,0.0,0.1820119321346283,generated_videos/surface_grid_5_hard.mp4
192,11,10145,704,721629,-0.15636444091796875,0.0,0.18041527271270752,generated_videos/surface_grid_5_hard.mp4
193,11,10191,708,723655,-0.1542816162109375,0.0,0.18015459179878235,generated_videos/surface_grid_5_hard.mp4
194,12,10237,704,719701,-0.15549850463867188,0.0,0.17929887771606445,generated_videos/surface_grid_5_hard.mp4
195,10,10285,707,718539,-0.15362548828125,0.0,0.17862388491630554,generated_videos/surface_grid_5_hard.mp4
196,11,10329,706,717329,-0.1528167724609375,0.0,0.17863142490386963,generated_videos/surface_grid_5_hard.mp4
197,11,10373,703,717127,-0.1517333984375,0.0,0.17765748500823975,generated_videos/surface_grid_5_hard.mp4
198,12,10418,704,717241,-0.153839111328125,0.0,0.17885076999664307,generated_videos/surface_grid_5_hard.mp4
199,11,10463,701,717539,-0.153564453125,0.0,0.1788172572851181,generated_videos/surface_grid_5_hard.mp4
200,13,10509,701,716229,-0.1529541015625,0.0,0.17846441268920898,generated_videos/surface_grid_5_hard.mp4
201,12,10555,703,719341,-0.1519775390625,0.0,0.1780748963356018,generated_videos/surface_grid_5_hard.mp4
202,13,10604,708,723149,-0.1518402099609375,0.0,0.17645162343978882,generated_videos/surface_grid_5_hard.mp4
203,10,10652,710,725001,-0.1524810791015625,0.0,0.17743079364299774,generated_videos/surface_grid_5_hard.mp4
204,11,10695,709,725523,-0.1536865234375,0.0,0.17841704189777374,generated_videos/surface_grid_5_hard.mp4
205,9,10740,709,727753,-0.15447998046875,0.0,0.17787496745586395,generated_videos/surface_grid_5_hard.mp4
206,11,10788,714,728259,-0.153411865234375,0.0,0.1777833104133606,generated_videos/surface_grid_5_hard.mp4
207,11,10832,712,725211,-0.1550445556640625,3.0517578125e-05,0.17908498644828796,generated_videos/surface_grid_5_hard.mp4
208,12,10875,708,724889,-0.1551666259765625,0.0005950927734375,0.1789068579673767,generated_videos/surface_grid_5_hard.mp4
209,15,10921,707,723705,-0.154205322265625,9.1552734375e-05,0.17846117913722992,generated_videos/surface_grid_5_hard.mp4
210,11,10970,712,729409,-0.154693603515625,0.0,0.17844480276107788,generated_videos/surface_grid_5_hard.mp4
211,11,11016,715,731949,-0.1553955078125,0.0,0.18092910945415497,generated_videos/surface_grid_5_hard.mp4
212,14,11061,716,733101,-0.15533447265625,0.0,0.18164978921413422,generated_videos/surface_grid_5_hard.mp4
213,15,11106,716,730303,-0.13934326171875,0.000823974609375,0.16970020532608032,generated_videos/surface_grid_5_hard.mp4
214,17,11150,715,727775,-0.128143310546875,0.00238037109375,0.1613904982805252,generated_videos/surface_grid_5_hard.mp4
215,17,11198,716,728405,-0.10684967041015625,0.0076313018798828125,0.14807331562042236,generated_videos/surface_grid_5_hard.mp4
216,15,11261,731,743363,-0.09393310546875,0.006107330322265625,0.14439459145069122,generated_videos/surface_grid_5_hard.mp4
217,13,11305,722,732019,-0.0602569580078125,0.014984130859375,0.1269964575767517,generated_videos/surface_grid_5_hard.mp4
218,14,11350,720,730767,-0.05225563049316406,0.0151824951171875,0.12192024290561676,generated_videos/surface_grid_5_hard.mp4
219,14,11396,722,730423,-0.0457611083984375,0.0182037353515625,0.12147609889507294,generated_videos/surface_grid_5_hard.mp4
220,11,11442,723,734619,-0.046722412109375,0.01544189453125,0.1217041164636612,generated_videos/surface_grid_5_hard.mp4
221,8,11505,740,750717,-0.041412353515625,0.01503753662109375,0.11952456086874008,generated_videos/surface_grid_5_hard.mp4
222,14,11551,736,742179,-0.04035377502441406,0.015533447265625,0.1201898455619812,generated_videos/surface_grid_5_hard.mp4
223,13,11595,734,743287,-0.042938232421875,0.015167236328125,0.12075276672840118,generated_videos/surface_grid_5_hard.mp4
224,12,11640,729,744723,-0.044342041015625,0.016204833984375,0.12048720568418503,generated_videos/surface_grid_5_hard.mp4
225,14,11686,717,731296,-0.04730224609375,0.018310546875,0.1194315180182457,generated_videos/surface_grid_5_hard.mp4
226,13,11731,708,729691,-0.048614501953125,0.0182342529296875,0.11907534301280975,generated_videos/surface_grid_5_hard.mp4
227,13,11776,700,726343,-0.04296875,0.019268035888671875,0.11648997664451599,generated_videos/surface_grid_5_hard.mp4
228,15,11823,700,724395,-0.0409088134765625,0.0190887451171875,0.11591403186321259,generated_videos/surface_grid_5_hard.mp4
229,13,11874,706,726911,-0.040065765380859375,0.01926422119140625,0.11563795804977417,generated_videos/surface_grid_5_hard.mp4
230,15,11919,700,724181,-0.040191650390625,0.0188751220703125,0.11686361581087112,generated_videos/surface_grid_5_hard.mp4
231,14,11967,702,725659,-0.038570404052734375,0.01793670654296875,0.11599685251712799,generated_videos/surface_grid_5_hard.mp4
232,15,12028,715,739935,-0.03564453125,0.01507568359375,0.11308912187814713,generated_videos/surface_grid_5_hard.mp4
233,16,12075,700,725095,-0.0367584228515625,0.0169830322265625,0.11583703011274338,generated_videos/surface_grid_5_hard.mp4
234,15,12124,702,725339,-0.035614013671875,0.01598358154296875,0.1151278167963028,generated_videos/surface_grid_5_hard.mp4
235,16,12170,701,726161,-0.03857421875,0.0167236328125,0.1164967268705368,generated_videos/surface_grid_5_hard.mp4
236,16,12227,711,739980,-0.0362548828125,0.01523590087890625,0.11436188220977783,generated_videos/surface_grid_5_hard.mp4
237,15,12272,706,738388,-0.0400390625,0.015048980712890625,0.11938096582889557,generated_videos/surface_grid_5_hard.mp4
238,15,12317,695,724878,-0.03619384765625,0.017364501953125,0.11689518392086029,generated_videos/surface_grid_5_hard.mp4
239,14,12375,710,738160,-0.03314208984375,0.01352691650390625,0.11439236998558044,generated_videos/surface_grid_5_hard.mp4
240,14,12423,700,727860,-0.03411865234375,0.0157012939453125,0.11538884043693542,generated_videos/surface_grid_5_hard.mp4
241,16,12471,699,723786,-0.0335693359375,0.0177001953125,0.115492083132267,generated_videos/surface_grid_5_hard.mp4
242,20,12518,702,724518,-0.0325927734375,0.0166015625,0.11435946822166443,generated_videos/surface_grid_5_hard.mp4
243,16,12569,708,728240,-0.0317230224609375,0.015472412109375,0.11453980207443237,generated_videos/surface_grid_5_hard.mp4
244,15,12625,715,738594,-0.0306396484375,0.01580810546875,0.11296174675226212,generated_videos/surface_grid_5_hard.mp4
245,12,12672,707,731764,-0.031585693359375,0.0186309814453125,0.11534355580806732,generated_videos/surface_grid_5_hard.mp4
246,16,12717,700,727194,-0.03161048889160156,0.01844024658203125,0.11275237798690796,generated_videos/surface_grid_5_hard.mp4
247,13,12767,706,728937,-0.0304412841796875,0.01828765869140625,0.11196285486221313,generated_videos/surface_grid_5_hard.mp4
248,15,12819,710,729440,-0.030853271484375,0.017620086669921875,0.11104138195514679,generated_videos/surface_grid_5_hard.mp4
249,17,12867,710,729742,-0.030853271484375,0.0147857666015625,0.11033932864665985,generated_videos/surface_grid_5_hard.mp4
250,19,12914,708,724584,-0.0120391845703125,0.03541755676269531,0.11694526672363281,generated_videos/surface_grid_5_hard.mp4
251,18,12967,710,725604,-0.01302337646484375,0.031982421875,0.11650178581476212,generated_videos/surface_grid_5_hard.mp4
252,21,13014,702,718926,-0.013885498046875,0.03554534912109375,0.1167498230934143,generated_videos/surface_grid_5_hard.mp4
253,22,13061,701,718320,-0.013916015625,0.035400390625,0.11647824943065643,generated_videos/surface_grid_5_hard.mp4
254,20,13110,703,721601,-0.0142822265625,0.034881591796875,0.116141676902771,generated_videos/surface_grid_5_hard.mp4
255,17,13156,704,721173,-0.0147705078125,0.034637451171875,0.1170077919960022,generated_videos/surface_grid_5_hard.mp4
256,18,13203,700,719459,-0.014240264892578125,0.03503608703613281,0.11630198359489441,generated_videos/surface_grid_5_hard.mp4
257,12,13252,703,721277,-0.01416015625,0.034912109375,0.1170063242316246,generated_videos/surface_grid_5_hard.mp4
258,14,13297,699,720179,-0.014129638671875,0.0356597900390625,0.1175379529595375,generated_videos/surface_grid_5_hard.mp4
259,17,13346,699,717329,-0.01397705078125,0.03485107421875,0.116141676902771,generated_videos/surface_grid_5_hard.mp4
260,18,13393,698,718005,-0.014892578125,0.03443145751953125,0.11669027805328369,generated_videos/surface_grid_5_hard.mp4
261,14,13442,702,721157,-0.014537811279296875,0.0345611572265625,0.11601294577121735,generated_videos/surface_grid_5_hard.mp4
262,13,13493,704,720907,-0.015350341796875,0.034912109375,0.11595148593187332,generated_videos/surface_grid_5_hard.mp4
263,14,13541,704,718927,-0.01563262939453125,0.035064697265625,0.11637035012245178,generated_videos/surface_grid_5_hard.mp4
264,11,13597,713,728449,-0.014190673828125,0.0318603515625,0.11522965878248215,generated_videos/surface_grid_5_hard.mp4
265,16,13646,706,720610,-0.014690399169921875,0.03275299072265625,0.11586469411849976,generated_videos/surface_grid_5_hard.mp4
266,15,13696,707,721844,-0.014862060546875,0.03179931640625,0.11669425666332245,generated_videos/surface_grid_5_hard.mp4
267,17,13754,712,724369,-0.014434814453125,0.029541015625,0.11492158472537994,generated_videos/surface_grid_5_hard.mp4
268,16,13805,712,723090,-0.0149078369140625,0.031162261962890625,0.11509125679731369,generated_videos/surface_grid_5_hard.mp4
269,14,13857,715,723657,-0.015380859375,0.03108978271484375,0.1148323193192482,generated_videos/surface_grid_5_hard.mp4
270,17,13903,708,720661,-0.0157470703125,0.031121253967285156,0.11588148772716522,generated_videos/surface_grid_5_hard.mp4
271,14,13953,712,721777,-0.015411376953125,0.030193328857421875,0.11588148772716522,generated_videos/surface_grid_5_hard.mp4
272,14,13999,713,723285,-0.01611328125,0.030059814453125,0.11711101979017258,generated_videos/surface_grid_5_hard.mp4
273,18,14045,712,721995,-0.0165863037109375,0.03088998794555664,0.11680078506469727,generated_videos/surface_grid_5_hard.mp4
274,13,14097,718,725307,-0.0154876708984375,0.03021240234375,0.11684630811214447,generated_videos/surface_grid_5_hard.mp4
275,13,14144,718,726365,-0.01617431640625,0.030969619750976562,0.11791346222162247,generated_videos/surface_grid_5_hard.mp4
276,15,14197,724,725403,-0.01621246337890625,0.029552459716796875,0.1172075942158699,generated_videos/surface_grid_5_hard.mp4
277,12,14248,728,726443,-0.0173797607421875,0.029224395751953125,0.11704739183187485,generated_videos/surface_grid_5_hard.mp4
278,14,14297,727,726789,-0.0183258056640625,0.02935028076171875,0.11718414723873138,generated_videos/surface_grid_5_hard.mp4
279,16,14344,720,727955,-0.0167694091796875,0.03025054931640625,0.11694393306970596,generated_videos/surface_grid_5_hard.mp4
280,15,14391,717,729585,-0.0166015625,0.02960205078125,0.11585915833711624,generated_videos/surface_grid_5_hard.mp4
281,15,14438,713,724579,-0.0166015625,0.034027099609375,0.11685527116060257,generated_videos/surface_grid_5_hard.mp4
282,14,14488,710,725633,-0.01607513427734375,0.03265380859375,0.11582492291927338,generated_videos/surface_grid_5_hard.mp4
283,18,14535,707,723337,-0.015380859375,0.0335235595703125,0.1160438060760498,generated_videos/surface_grid_5_hard.mp4
284,19,14588,710,721595,-0.014434814453125,0.03290557861328125,0.11528277397155762,generated_videos/surface_grid_5_hard.mp4
285,16,14638,712,724851,-0.015869140625,0.032073974609375,0.1162797287106514,generated_videos/surface_grid_5_hard.mp4
286,19,14686,711,722357,-0.0157470703125,0.0321044921875,0.11747563630342484,generated_videos/surface_grid_5_hard.mp4
287,19,14734,711,724623,-0.01593017578125,0.03350830078125,0.11722803115844727,generated_videos/surface_grid_5_hard.mp4
288,13,14786,716,729731,-0.015838623046875,0.03173065185546875,0.11585888266563416,generated_videos/surface_grid_5_hard.mp4
289,14,14833,715,729858,-0.0157470703125,0.03350830078125,0.11610276252031326,generated_videos/surface_grid_5_hard.mp4
290,15,14881,714,727654,-0.01662445068359375,0.03322601318359375,0.1158016175031662,generated_videos/surface_grid_5_hard.mp4
291,17,14927,714,726020,-0.01662445068359375,0.03458404541015625,0.11598595976829529,generated_videos/surface_grid_5_hard.mp4
292,19,14975,716,725340,-0.0188446044921875,0.03455352783203125,0.11730898171663284,generated_videos/surface_grid_5_hard.mp4
293,22,15026,716,722553,-0.01765727996826172,0.03456878662109375,0.11645370721817017,generated_videos/surface_grid_5_hard.mp4
294,21,15077,715,722210,-0.0179443359375,0.03533935546875,0.11595991998910904,generated_videos/surface_grid_5_hard.mp4
295,20,15124,715,721928,-0.01904296875,0.0355682373046875,0.11708176881074905,generated_videos/surface_grid_5_hard.mp4
296,20,15172,714,723526,-0.0198974609375,0.035984039306640625,0.11808427423238754,generated_videos/surface_grid_5_hard.mp4
297,23,15219,712,721618,-0.02032470703125,0.036167144775390625,0.11821600049734116,generated_videos/surface_grid_5_hard.mp4
298,23,15265,711,721570,-0.02069091796875,0.03826904296875,0.11979660391807556,generated_videos/surface_grid_5_hard.mp4
299,21,15317,714,723660,-0.0205078125,0.036529541015625,0.11706161499023438,generated_videos/surface_grid_5_hard.mp4
300,21,15369,715,724234,-0.02032470703125,0.03826904296875,0.11800847947597504,generated_videos/surface_grid_5_hard.mp4
301,19,15417,714,727076,-0.018951416015625,0.04089212417602539,0.11771081387996674,generated_videos/surface_grid_5_hard.mp4
302,20,15470,712,729701,-0.0186767578125,0.0420842170715332,0.11683808267116547,generated_videos/surface_grid_5_hard.mp4
303,20,15518,709,725342,-0.0181884765625,0.0435791015625,0.11684222519397736,generated_videos/surface_grid_5_hard.mp4
304,16,15568,709,726760,-0.01904296875,0.0435791015625,0.1170402243733406,generated_videos/surface_grid_5_hard.mp4
305,16,15630,725,742873,-0.0172576904296875,0.043487548828125,0.11466435343027115,generated_videos/surface_grid_5_hard.mp4
306,15,15680,729,744721,-0.02032470703125,0.044921875,0.1184312179684639,generated_videos/surface_grid_5_hard.mp4
307,16,15725,727,743341,-0.0216064453125,0.0478515625,0.12082256376743317,generated_videos/surface_grid_5_hard.mp4
308,17,15771,728,742775,-0.02154541015625,0.04811859130859375,0.12109171599149704,generated_videos/surface_grid_5_hard.mp4
309,18,15815,726,741849,-0.020660400390625,0.04714202880859375,0.12076728045940399,generated_videos/surface_grid_5_hard.mp4
310,16,15862,725,740807,-0.020263671875,0.04541015625,0.12103831768035889,generated_videos/surface_grid_5_hard.mp4
311,16,15906,724,739843,-0.0211181640625,0.04762554168701172,0.12099988758563995,generated_videos/surface_grid_5_hard.mp4
312,19,15952,723,739431,-0.02105712890625,0.04803466796875,0.12186452746391296,generated_videos/surface_grid_5_hard.mp4
313,17,16003,729,743747,-0.01959228515625,0.0460205078125,0.12072619795799255,generated_videos/surface_grid_5_hard.mp4
314,15,16050,727,743261,-0.02105712890625,0.04781341552734375,0.12196507304906845,generated_videos/surface_grid_5_hard.mp4
315,16,16104,733,744071,-0.0189208984375,0.0451507568359375,0.12116746604442596,generated_videos/surface_grid_5_hard.mp4
316,21,16152,730,739839,-0.02105712890625,0.04677581787109375,0.12323716282844543,generated_videos/surface_grid_5_hard.mp4
317,18,16198,732,742855,-0.021209716796875,0.04773712158203125,0.12445393204689026,generated_videos/surface_grid_5_hard.mp4
318,20,16243,730,738987,-0.02252197265625,0.047756195068359375,0.12524673342704773,generated_videos/surface_grid_5_hard.mp4
319,17,16295,737,744705,-0.0211181640625,0.0472412109375,0.12492088973522186,generated_videos/surface_grid_5_hard.mp4
320,15,16350,746,755805,-0.021209716796875,0.047637939453125,0.12559473514556885,generated_videos/surface_grid_5_hard.mp4
321,19,16396,724,733609,-0.022186279296875,0.0497894287109375,0.12602968513965607,generated_videos/surface_grid_5_hard.mp4
322,19,16450,731,735901,-0.0216064453125,0.0486602783203125,0.1254144012928009,generated_videos/surface_grid_5_hard.mp4
323,18,16508,741,746329,-0.02313232421875,0.04827880859375,0.12604370713233948,generated_videos/surface_grid_5_hard.mp4
324,17,16557,743,747589,-0.02392578125,0.04974365234375,0.1300177127122879,generated_videos/surface_grid_5_hard.mp4
325,20,16604,726,732287,-0.024688720703125,0.05303192138671875,0.13065022230148315,generated_videos/surface_grid_5_hard.mp4
326,15,16652,727,732359,-0.02392578125,0.05169677734375,0.13133364915847778,generated_videos/surface_grid_5_hard.mp4
327,13,16705,731,739011,-0.0247802734375,0.0538330078125,0.13190163671970367,generated_videos/surface_grid_5_hard.mp4
328,17,16755,725,728743,-0.0244140625,0.05377197265625,0.1342940479516983,generated_videos/surface_grid_5_hard.mp4
329,18,16802,721,730819,-0.023345947265625,0.05535888671875,0.13807201385498047,generated_videos/surface_grid_5_hard.mp4
330,17,16858,731,739917,-0.0194091796875,0.0524444580078125,0.13769905269145966,generated_videos/surface_grid_5_hard.mp4
331,18,16906,719,725786,-0.01824951171875,0.0532379150390625,0.13564598560333252,generated_videos/surface_grid_5_hard.mp4
332,17,16964,728,737099,-0.0167236328125,0.05162811279296875,0.13163170218467712,generated_videos/surface_grid_5_hard.mp4
333,19,17011,717,727658,-0.0171966552734375,0.05553245544433594,0.13563047349452972,generated_videos/surface_grid_5_hard.mp4
334,18,17060,715,725740,-0.0162353515625,0.054981231689453125,0.1328411102294922,generated_videos/surface_grid_5_hard.mp4
335,18,17113,719,729601,-0.0150146484375,0.05258750915527344,0.13327699899673462,generated_videos/surface_grid_5_hard.mp4
336,15,17164,725,734973,-0.01617431640625,0.0538330078125,0.13793699443340302,generated_videos/surface_grid_5_hard.mp4
337,17,17212,724,732675,-0.015716552734375,0.05722808837890625,0.14056359231472015,generated_videos/surface_grid_5_hard.mp4
338,19,17260,722,729103,-0.014892578125,0.05535888671875,0.13897359371185303,generated_videos/surface_grid_5_hard.mp4
339,21,17306,716,729654,-0.0152130126953125,0.056243896484375,0.13890960812568665,generated_videos/surface_grid_5_hard.mp4
340,19,17366,726,739821,-0.0132904052734375,0.054901123046875,0.13507035374641418,generated_videos/surface_grid_5_hard.mp4
341,20,17412,722,732689,-0.0152587890625,0.05706787109375,0.14098091423511505,generated_videos/surface_grid_5_hard.mp4
342,16,17460,722,735359,-0.01458740234375,0.05713844299316406,0.1400851458311081,generated_videos/surface_grid_5_hard.mp4
343,18,17514,724,735593,-0.0140380859375,0.05677032470703125,0.13810479640960693,generated_videos/surface_grid_5_hard.mp4
344,24,17561,718,728325,-0.0157470703125,0.057830810546875,0.13944369554519653,generated_videos/surface_grid_5_hard.mp4
345,17,17613,725,734639,-0.01580810546875,0.05743408203125,0.1370547115802765,generated_videos/surface_grid_5_hard.mp4
346,19,17658,716,728497,-0.019134521484375,0.06268310546875,0.14117690920829773,generated_videos/surface_grid_5_hard.mp4
347,21,17704,716,727127,-0.018280029296875,0.06365203857421875,0.1414860188961029,generated_videos/surface_grid_5_hard.mp4
348,21,17753,719,728849,-0.01788330078125,0.0631103515625,0.14074227213859558,generated_videos/surface_grid_5_hard.mp4
349,20,17802,720,729819,-0.016326904296875,0.06372833251953125,0.14267084002494812,generated_videos/surface_grid_5_hard.mp4
350,22,17856,725,730741,-0.0164794921875,0.058746337890625,0.14324115216732025,generated_videos/surface_grid_5_hard.mp4
351,17,17905,724,732533,-0.0167236328125,0.060970306396484375,0.1472906768321991,generated_videos/surface_grid_5_hard.mp4
352,17,17954,724,734855,-0.017333984375,0.0627288818359375,0.1488485336303711,generated_videos/surface_grid_5_hard.mp4
353,14,18002,723,734698,-0.01715087890625,0.07012939453125,0.15074869990348816,generated_videos/surface_grid_5_hard.mp4
354,18,18047,718,731732,-0.015594482421875,0.07030296325683594,0.15231359004974365,generated_videos/surface_grid_5_hard.mp4
355,14,18096,721,735031,-0.0140380859375,0.0706939697265625,0.15211232006549835,generated_videos/surface_grid_5_hard.mp4
356,17,18151,730,740115,-0.013971328735351562,0.070159912109375,0.15212517976760864,generated_videos/surface_grid_5_hard.mp4
357,15,18199,728,740721,-0.0147705078125,0.07390975952148438,0.15437211096286774,generated_videos/surface_grid_5_hard.mp4
358,16,18245,716,730661,-0.017364501953125,0.07360458374023438,0.15374404191970825,generated_videos/surface_grid_5_hard.mp4
359,18,18291,715,729767,-0.0186767578125,0.07472991943359375,0.1537018120288849,generated_videos/surface_grid_5_hard.mp4
360,17,18343,718,732171,-0.0150146484375,0.07326889038085938,0.1533118188381195,generated_videos/surface_grid_5_hard.mp4
361,19,18396,720,734357,-0.014984130859375,0.07458114624023438,0.15525782108306885,generated_videos/surface_grid_5_hard.mp4
362,16,18446,722,736740,-0.01690673828125,0.0731964111328125,0.15639396011829376,generated_videos/surface_grid_5_hard.mp4
363,16,18493,719,734797,-0.01568603515625,0.07822418212890625,0.15624642372131348,generated_videos/surface_grid_5_hard.mp4
364,19,18552,728,741129,-0.01507568359375,0.07281112670898438,0.15393492579460144,generated_videos/surface_grid_5_hard.mp4
365,17,18598,729,741873,-0.0162353515625,0.073028564453125,0.15480589866638184,generated_videos/surface_grid_5_hard.mp4
366,16,18650,729,738999,-0.01654052734375,0.0736083984375,0.15480589866638184,generated_videos/surface_grid_5_hard.mp4
367,20,18695,721,730967,-0.017242431640625,0.0727691650390625,0.15513385832309723,generated_videos/surface_grid_5_hard.mp4
368,20,18746,724,733661,-0.0157470703125,0.07269668579101562,0.15446268022060394,generated_videos/surface_grid_5_hard.mp4
369,20,18795,727,735027,-0.01513671875,0.0730133056640625,0.155879408121109,generated_videos/surface_grid_5_hard.mp4
370,19,18843,728,735207,-0.0166778564453125,0.07190847396850586,0.155422180891037,generated_videos/surface_grid_5_hard.mp4
371,15,18895,732,740533,-0.01528167724609375,0.07060623168945312,0.1559901386499405,generated_videos/surface_grid_5_hard.mp4
372,17,18941,729,736405,-0.015625,0.0726318359375,0.1573817878961563,generated_videos/surface_grid_5_hard.mp4
373,17,18991,730,738535,-0.0164794921875,0.0727081298828125,0.1556796133518219,generated_videos/surface_grid_5_hard.mp4
374,17,19042,732,737269,-0.0159912109375,0.07269287109375,0.15566352009773254,generated_videos/surface_grid_5_hard.mp4
375,18,19089,727,733845,-0.01513671875,0.0740966796875,0.15654465556144714,generated_videos/surface_grid_5_hard.mp4
376,15,19139,733,739161,-0.0150146484375,0.073150634765625,0.1572289913892746,generated_videos/surface_grid_5_hard.mp4
377,15,19186,732,739991,-0.0159912109375,0.07682991027832031,0.15829867124557495,generated_videos/surface_grid_5_hard.mp4
378,15,19231,725,739643,-0.01593017578125,0.079559326171875,0.1580338180065155,generated_videos/surface_grid_5_hard.mp4
379,14,19278,723,739617,-0.014190673828125,0.07977294921875,0.15822657942771912,generated_videos/surface_grid_5_hard.mp4
380,15,19324,715,739061,-0.0140380859375,0.08083724975585938,0.158304363489151,generated_videos/surface_grid_5_hard.mp4
381,14,19373,717,738365,-0.0133056640625,0.08197021484375,0.15732909739017487,generated_videos/surface_grid_5_hard.mp4
382,14,19423,717,738721,-0.01385498046875,0.0836181640625,0.15794087946414948,generated_videos/surface_grid_5_hard.mp4
383,12,19471,718,740189,-0.01318359375,0.08326530456542969,0.15839064121246338,generated_videos/surface_grid_5_hard.mp4
384,14,19519,718,740575,-0.013275146484375,0.0828094482421875,0.16003216803073883,generated_videos/surface_grid_5_hard.mp4
385,15,19573,725,746837,-0.0126953125,0.08172607421875,0.15843476355075836,generated_videos/surface_grid_5_hard.mp4
386,17,19620,711,733851,-0.01409912109375,0.08322906494140625,0.15957872569561005,generated_videos/surface_grid_5_hard.mp4
387,14,19683,726,749651,-0.011199951171875,0.0797576904296875,0.1580251157283783,generated_videos/surface_grid_5_hard.mp4
388,13,19735,728,751001,-0.011199951171875,0.08063507080078125,0.15928120911121368,generated_videos/surface_grid_5_hard.mp4
389,13,19785,721,749017,-0.01409912109375,0.194305419921875,0.38799533247947693,generated_videos/surface_grid_5_hard.mp4
390,16,19833,710,734783,-0.0285491943359375,0.1139373779296875,0.23938295245170593,generated_videos/surface_grid_5_hard.mp4
391,15,19888,719,743131,-0.0223388671875,0.08514404296875,0.19217243790626526,generated_videos/surface_grid_5_hard.mp4
392,15,19936,711,733239,-0.00811767578125,0.0816650390625,0.18298248946666718,generated_videos/surface_grid_5_hard.mp4
393,14,19994,724,744605,-0.024415969848632812,0.08212089538574219,0.16917192935943604,generated_videos/surface_grid_5_hard.mp4
394,13,20059,738,758255,-0.028167724609375,0.08147430419921875,0.16877129673957825,generated_videos/surface_grid_5_hard.mp4
395,14,20107,722,740465,-0.0237884521484375,0.0838775634765625,0.17030251026153564,generated_videos/surface_grid_5_hard.mp4
396,14,20165,732,752411,-0.0174102783203125,0.081451416015625,0.1720638871192932,generated_videos/surface_grid_5_hard.mp4
397,13,20219,725,745189,-0.01904296875,0.082763671875,0.16772590577602386,generated_videos/surface_grid_5_hard.mp4
398,13,20267,723,742303,-0.02880859375,0.08331298828125,0.1652662307024002,generated_videos/surface_grid_5_hard.mp4
399,14,20315,719,742539,-0.02423095703125,0.0838623046875,0.16530084609985352,generated_videos/surface_grid_5_hard.mp4
400,14,20368,723,742697,-0.0224609375,0.08349609375,0.161533921957016,generated_videos/surface_grid_5_hard.mp4
401,17,20413,721,739921,-0.0191650390625,0.0843353271484375,0.1609364151954651,generated_videos/surface_grid_5_hard.mp4
402,19,20459,718,737033,-0.015045166015625,0.08371305465698242,0.15974637866020203,generated_videos/surface_grid_5_hard.mp4
403,16,20508,721,737005,-0.02117919921875,0.0843505859375,0.15937690436840057,generated_videos/surface_grid_5_hard.mp4
404,15,20556,717,734433,-0.0208740234375,0.08501434326171875,0.16538676619529724,generated_videos/surface_grid_5_hard.mp4
405,16,20606,714,733179,-0.015380859375,0.08504867553710938,0.15897905826568604,generated_videos/surface_grid_5_hard.mp4
406,15,20664,725,745561,-0.013580322265625,0.0828857421875,0.15836693346500397,generated_videos/surface_grid_5_hard.mp4
407,17,20709,714,734431,-0.018768310546875,0.08469390869140625,0.1608411967754364,generated_videos/surface_grid_5_hard.mp4
408,15,20754,709,732101,-0.0204620361328125,0.085479736328125,0.16080182790756226,generated_videos/surface_grid_5_hard.mp4
409,14,20807,714,735687,-0.045867919921875,0.0848236083984375,0.15831740200519562,generated_videos/surface_grid_5_hard.mp4
410,13,20857,714,736075,-0.049774169921875,0.08502960205078125,0.15970954298973083,generated_videos/surface_grid_5_hard.mp4
411,13,20903,712,735531,-0.06201171875,0.0849456787109375,0.16145206987857819,generated_videos/surface_grid_5_hard.mp4
412,13,20952,714,740027,-0.0636749267578125,0.08401012420654297,0.16258588433265686,generated_videos/surface_grid_5_hard.mp4
413,13,21004,716,742747,-0.0672760009765625,0.08333778381347656,0.1637648344039917,generated_videos/surface_grid_5_hard.mp4
414,15,21050,714,738605,-0.07503890991210938,0.08336639404296875,0.16968154907226562,generated_videos/surface_grid_5_hard.mp4
415,14,21100,718,739301,-0.093658447265625,0.08251953125,0.17052558064460754,generated_videos/surface_grid_5_hard.mp4
416,10,21151,723,745749,-0.0938568115234375,0.08074951171875,0.17065444588661194,generated_videos/surface_grid_5_hard.mp4
417,12,21199,713,732071,-0.1033477783203125,0.07926559448242188,0.17670761048793793,generated_videos/surface_grid_5_hard.mp4
418,13,21245,709,728341,-0.106689453125,0.08167457580566406,0.18215763568878174,generated_videos/surface_grid_5_hard.mp4
419,14,21291,707,729161,-0.10986328125,0.0826416015625,0.18519030511379242,generated_videos/surface_grid_5_hard.mp4
420,15,21341,709,727491,-0.10986328125,0.083221435546875,0.18906567990779877,generated_videos/surface_grid_5_hard.mp4
421,12,21395,711,730499,-0.11651611328125,0.080841064453125,0.19053485989570618,generated_videos/surface_grid_5_hard.mp4
422,12,21442,707,726677,-0.12359619140625,0.08282470703125,0.19253574311733246,generated_videos/surface_grid_5_hard.mp4
423,13,21493,708,728765,-0.116973876953125,0.0828704833984375,0.19015057384967804,generated_videos/surface_grid_5_hard.mp4
424,12,21546,710,739019,-0.11505126953125,0.08107757568359375,0.19035577774047852,generated_videos/surface_grid_5_hard.mp4
425,9,21594,713,738445,-0.12261962890625,0.08319091796875,0.1939558982849121,generated_videos/surface_grid_5_hard.mp4
426,9,21639,712,735729,-0.123260498046875,0.08255577087402344,0.19362366199493408,generated_videos/surface_grid_5_hard.mp4
427,18,21684,697,717103,-0.12579345703125,0.08465576171875,0.1948375254869461,generated_videos/surface_grid_5_hard.mp4
428,15,21737,705,723431,-0.1253662109375,0.0836334228515625,0.1920221745967865,generated_videos/surface_grid_5_hard.mp4
429,14,21789,709,731589,-0.1248779296875,0.082794189453125,0.19469913840293884,generated_videos/surface_grid_5_hard.mp4
430,14,21838,710,736173,-0.1245880126953125,0.0834197998046875,0.19183491170406342,generated_videos/surface_grid_5_hard.mp4
431,12,21887,714,738151,-0.125030517578125,0.08089351654052734,0.19365820288658142,generated_videos/surface_grid_5_hard.mp4
432,11,21933,711,739207,-0.1253662109375,0.080810546875,0.19373074173927307,generated_videos/surface_grid_5_hard.mp4
433,10,21980,710,734905,-0.125,0.08166122436523438,0.19189369678497314,generated_videos/surface_grid_5_hard.mp4
434,10,22032,712,740535,-0.12566757202148438,0.08036041259765625,0.19193047285079956,generated_videos/surface_grid_5_hard.mp4
435,9,22084,717,741241,-0.1266937255859375,0.08111572265625,0.19436708092689514,generated_videos/surface_grid_5_hard.mp4
436,12,22137,717,736029,-0.12664794921875,0.0816650390625,0.1946798413991928,generated_videos/surface_grid_5_hard.mp4
437,15,22185,711,730845,-0.1279296875,0.082183837890625,0.1951070874929428,generated_videos/surface_grid_5_hard.mp4
438,14,22242,721,735621,-0.1253662109375,0.081207275390625,0.19356562197208405,generated_videos/surface_grid_5_hard.mp4
439,12,22291,720,734641,-0.12592315673828125,0.08197593688964844,0.19387471675872803,generated_videos/surface_grid_5_hard.mp4
440,11,22341,721,738625,-0.127197265625,0.08165264129638672,0.1937004178762436,generated_videos/surface_grid_5_hard.mp4
441,8,22387,719,740075,-0.1279754638671875,0.082763671875,0.19479574263095856,generated_videos/surface_grid_5_hard.mp4
442,11,22433,717,736855,-0.13055419921875,0.082763671875,0.19490818679332733,generated_videos/surface_grid_5_hard.mp4
443,11,22483,721,735461,-0.12776947021484375,0.08331298828125,0.1955825686454773,generated_videos/surface_grid_5_hard.mp4
444,9,22537,724,739295,-0.125274658203125,0.08115386962890625,0.193927600979805,generated_videos/surface_grid_5_hard.mp4
445,12,22585,709,727775,-0.128936767578125,0.0821685791015625,0.19288600981235504,generated_videos/surface_grid_5_hard.mp4
446,11,22639,711,730661,-0.126190185546875,0.0813140869140625,0.19076386094093323,generated_videos/surface_grid_5_hard.mp4
447,11,22688,711,731123,-0.12895965576171875,0.08148193359375,0.19272637367248535,generated_videos/surface_grid_5_hard.mp4
448,11,22734,704,727325,-0.12845230102539062,0.0823974609375,0.19253988564014435,generated_videos/surface_grid_5_hard.mp4
449,11,22786,708,732289,-0.12808990478515625,0.0818328857421875,0.19137170910835266,generated_videos/surface_grid_5_hard.mp4
450,13,22839,711,732235,-0.127197265625,0.0811920166015625,0.1906406283378601,generated_videos/surface_grid_5_hard.mp4
451,10,22890,713,734455,-0.1281585693359375,0.08197021484375,0.19449321925640106,generated_videos/surface_grid_5_hard.mp4
452,10,22936,713,734945,-0.1307373046875,0.08128643035888672,0.19195084273815155,generated_videos/surface_grid_5_hard.mp4
453,9,22985,716,736889,-0.130462646484375,0.08052253723144531,0.19079819321632385,generated_videos/surface_grid_5_hard.mp4
454,8,23036,716,742643,-0.127838134765625,0.07990646362304688,0.18986865878105164,generated_videos/surface_grid_5_hard.mp4
455,10,23082,711,735481,-0.12982177734375,0.08121013641357422,0.19372308254241943,generated_videos/surface_grid_5_hard.mp4
456,10,23133,713,734589,-0.1285552978515625,0.0810546875,0.19256749749183655,generated_videos/surface_grid_5_hard.mp4
457,11,23180,713,733473,-0.13006591796875,0.08066940307617188,0.19258932769298553,generated_videos/surface_grid_5_hard.mp4
458,10,23227,712,734269,-0.1309814453125,0.080352783203125,0.1924995481967926,generated_videos/surface_grid_5_hard.mp4
459,11,23273,712,734549,-0.129364013671875,0.08024978637695312,0.1893499791622162,generated_videos/surface_grid_5_hard.mp4
460,10,23324,714,736435,-0.125823974609375,0.0805511474609375,0.18846525251865387,generated_videos/surface_grid_5_hard.mp4
461,11,23372,711,735035,-0.124267578125,0.08144855499267578,0.1867179572582245,generated_videos/surface_grid_5_hard.mp4
462,11,23432,725,747769,-0.1126708984375,0.08083915710449219,0.18162095546722412,generated_videos/surface_grid_5_hard.mp4
463,14,23476,710,734509,-0.09712982177734375,0.08518218994140625,0.17838650941848755,generated_videos/surface_grid_5_hard.mp4
464,10,23535,725,749577,-0.06982421875,0.08473968505859375,0.16697238385677338,generated_videos/surface_grid_5_hard.mp4
465,10,23585,725,749259,-0.041748046875,0.090179443359375,0.16507506370544434,generated_videos/surface_grid_5_hard.mp4
466,12,23636,713,735873,-0.033203125,0.093841552734375,0.163740873336792,generated_videos/surface_grid_5_hard.mp4
467,12,23685,709,734631,-0.033294677734375,0.0954132080078125,0.16372211277484894,generated_videos/surface_grid_5_hard.mp4
468,10,23751,730,753845,-0.029296875,0.0914459228515625,0.16036996245384216,generated_videos/surface_grid_5_hard.mp4
469,9,23798,732,755681,-0.03192138671875,0.0919952392578125,0.16588443517684937,generated_videos/surface_grid_5_hard.mp4
470,11,23847,713,733237,-0.031982421875,0.0960693359375,0.16345643997192383,generated_videos/surface_grid_5_hard.mp4
471,9,23900,719,741507,-0.0318603515625,0.095611572265625,0.16206857562065125,generated_videos/surface_grid_5_hard.mp4
472,9,23961,731,755235,-0.0311279296875,0.092559814453125,0.16104985773563385,generated_videos/surface_grid_5_hard.mp4
473,11,24008,716,738791,-0.032073974609375,0.096221923828125,0.16621512174606323,generated_videos/surface_grid_5_hard.mp4
474,13,24052,709,730551,-0.0318603515625,0.098541259765625,0.1707361489534378,generated_videos/surface_grid_5_hard.mp4
475,12,24096,709,730131,-0.03204345703125,0.0991668701171875,0.17066973447799683,generated_videos/surface_grid_5_hard.mp4
476,12,24142,710,735155,-0.0313720703125,0.0989389419555664,0.17057383060455322,generated_videos/surface_grid_5_hard.mp4
477,12,24199,722,748609,-0.027242660522460938,0.09757232666015625,0.1687621772289276,generated_videos/surface_grid_5_hard.mp4
478,12,24253,717,737109,-0.0303955078125,0.098480224609375,0.16876229643821716,generated_videos/surface_grid_5_hard.mp4
479,11,24309,727,753027,-0.0303955078125,0.09716796875,0.16869202256202698,generated_videos/surface_grid_5_hard.mp4
480,11,24358,726,748343,-0.033199310302734375,0.09747314453125,0.17326128482818604,generated_videos/surface_grid_5_hard.mp4
481,11,24404,719,743257,-0.022216796875,0.10198974609375,0.1802883893251419,generated_videos/surface_grid_5_hard.mp4
482,12,24450,719,744929,-0.031646728515625,0.104339599609375,0.17546023428440094,generated_videos/surface_grid_5_hard.mp4
483,14,24494,700,727817,-0.026641845703125,0.10562896728515625,0.1748618632555008,generated_videos/surface_grid_5_hard.mp4
484,14,24547,708,730182,-0.02780914306640625,0.104217529296875,0.1747441291809082,generated_videos/surface_grid_5_hard.mp4
485,14,24596,707,728329,-0.023061752319335938,0.102386474609375,0.17598026990890503,generated_videos/surface_grid_5_hard.mp4
486,11,24650,712,731889,-0.02495574951171875,0.1044769287109375,0.1744949370622635,generated_videos/surface_grid_5_hard.mp4
487,14,24696,706,727793,-0.02770233154296875,0.10761642456054688,0.17634686827659607,generated_videos/surface_grid_5_hard.mp4
488,14,24749,709,730229,-0.0277099609375,0.107421875,0.17700916528701782,generated_videos/surface_grid_5_hard.mp4
489,12,24797,712,728779,-0.02587890625,0.1092529296875,0.18011733889579773,generated_videos/surface_grid_5_hard.mp4
490,11,24845,715,734567,-0.0260009765625,0.109710693359375,0.1792568415403366,generated_videos/surface_grid_5_hard.mp4
491,10,24896,714,732133,-0.02093505859375,0.1083221435546875,0.17467379570007324,generated_videos/surface_grid_5_hard.mp4
492,11,24943,714,736889,-0.021392822265625,0.1077880859375,0.17714470624923706,generated_videos/surface_grid_5_hard.mp4
493,11,24988,711,732759,-0.02203369140625,0.10919189453125,0.17705228924751282,generated_videos/surface_grid_5_hard.mp4
494,10,25035,715,736839,-0.0213623046875,0.108642578125,0.177125945687294,generated_videos/surface_grid_5_hard.mp4
495,10,25081,712,732771,-0.0203857421875,0.10784912109375,0.1772221475839615,generated_videos/surface_grid_5_hard.mp4
496,11,25125,708,731447,-0.0198974609375,0.1097412109375,0.17632752656936646,generated_videos/surface_grid_5_hard.mp4
497,11,25176,717,736987,-0.0184326171875,0.10833740234375,0.17608685791492462,generated_videos/surface_grid_5_hard.mp4
498,10,25224,720,738313,-0.0208740234375,0.10871505737304688,0.17580565810203552,generated_videos/surface_grid_5_hard.mp4
499,9,25272,720,739939,-0.0201416015625,0.108367919921875,0.174809068441391,generated_videos/surface_grid_5_hard.mp4
500,8,25319,723,742011,0.0,0.1307373046875,0.19385524094104767,generated_videos/surface_grid_5_hard.mp4
501,9,25368,716,732123,0.0,0.1314697265625,0.19180837273597717,generated_videos/surface_grid_5_hard.mp4
502,10,25420,712,732667,0.0,0.130950927734375,0.1899719387292862,generated_videos/surface_grid_5_hard.mp4
503,11,25468,712,731723,0.0,0.13092708587646484,0.19084754586219788,generated_videos/surface_grid_5_hard.mp4
504,11,25519,717,734691,0.0,0.1301898956298828,0.1909719556570053,generated_videos/surface_grid_5_hard.mp4
505,10,25565,716,737337,0.0,0.1311492919921875,0.1924181878566742,generated_videos/surface_grid_5_hard.mp4
506,11,25609,713,733143,0.0,0.1312255859375,0.19243505597114563,generated_videos/surface_grid_5_hard.mp4
507,11,25660,713,733147,0.0,0.13140869140625,0.19177643954753876,generated_videos/surface_grid_5_hard.mp4
508,13,25705,697,716608,0.0,0.1318359375,0.19173330068588257,generated_videos/surface_grid_5_hard.mp4
509,12,25757,702,724290,0.0,0.131805419921875,0.18900731205940247,generated_videos/surface_grid_5_hard.mp4
510,14,25801,693,713110,0.0,0.133819580078125,0.19089114665985107,generated_videos/surface_grid_5_hard.mp4
511,13,25854,702,721661,0.0,0.13234710693359375,0.18666422367095947,generated_videos/surface_grid_5_hard.mp4
512,14,25901,700,717951,0.0,0.13298797607421875,0.19026070833206177,generated_videos/surface_grid_5_hard.mp4
513,10,25954,707,730145,0.0,0.132354736328125,0.18858623504638672,generated_videos/surface_grid_5_hard.mp4
514,12,26005,700,721439,0.0,0.1332855224609375,0.18989041447639465,generated_videos/surface_grid_5_hard.mp4
515,15,26052,701,719997,0.0,0.13311767578125,0.18899446725845337,generated_videos/surface_grid_5_hard.mp4
516,12,26107,710,727939,0.0,0.1320648193359375,0.18813437223434448,generated_videos/surface_grid_5_hard.mp4
517,13,26154,697,717211,0.0,0.134246826171875,0.18682684004306793,generated_videos/surface_grid_5_hard.mp4
518,14,26200,697,715427,0.0,0.1337890625,0.18671932816505432,generated_videos/surface_grid_5_hard.mp4
519,12,26255,706,726277,0.0,0.1322021484375,0.18576593697071075,generated_videos/surface_grid_5_hard.mp4
520,15,26303,699,722925,0.0,0.1322021484375,0.18580687046051025,generated_videos/surface_grid_5_hard.mp4
521,12,26356,706,727029,0.0,0.1292877197265625,0.1837187260389328,generated_videos/surface_grid_5_hard.mp4
522,13,26404,701,723459,0.0,0.1317138671875,0.18622922897338867,generated_videos/surface_grid_5_hard.mp4
523,12,26454,704,727235,0.0,0.12986373901367188,0.18612417578697205,generated_videos/surface_grid_5_hard.mp4
524,14,26502,704,727459,0.0,0.13137435913085938,0.1876802295446396,generated_videos/surface_grid_5_hard.mp4
525,13,26551,702,725313,0.0,0.13346099853515625,0.18753474950790405,generated_videos/surface_grid_5_hard.mp4
526,15,26602,707,728795,0.0,0.1336669921875,0.18802690505981445,generated_videos/surface_grid_5_hard.mp4
527,15,26648,704,724887,0.0,0.13379669189453125,0.18872132897377014,generated_videos/surface_grid_5_hard.mp4
528,16,26699,707,727597,0.0,0.132415771484375,0.1866854429244995,generated_videos/surface_grid_5_hard.mp4
529,17,26745,701,721175,0.0,0.1336669921875,0.18644942343235016,generated_videos/surface_grid_5_hard.mp4
530,14,26796,704,721309,0.0,0.13364410400390625,0.18570834398269653,generated_videos/surface_grid_5_hard.mp4
531,16,26844,706,723387,0.0,0.1323699951171875,0.18555378913879395,generated_videos/surface_grid_5_hard.mp4
532,18,26890,702,722293,0.0,0.1336517333984375,0.18597179651260376,generated_videos/surface_grid_5_hard.mp4
533,12,26943,709,733701,0.0,0.13238525390625,0.18562817573547363,generated_videos/surface_grid_5_hard.mp4
534,14,26992,704,724425,0.0,0.13213729858398438,0.1855114996433258,generated_videos/surface_grid_5_hard.mp4
535,12,27046,709,729493,0.0,0.131622314453125,0.1857253909111023,generated_videos/surface_grid_5_hard.mp4
536,13,27094,712,730531,0.0,0.13176727294921875,0.18655064702033997,generated_videos/surface_grid_5_hard.mp4
537,13,27141,711,730959,0.0,0.13275146484375,0.18781845271587372,generated_videos/surface_grid_5_hard.mp4
538,19,27193,707,727353,0.0,0.1326904296875,0.18572162091732025,generated_videos/surface_grid_5_hard.mp4
539,16,27241,710,729241,0.0,0.13251113891601562,0.19921138882637024,generated_videos/surface_grid_5_hard.mp4
540,14,27292,712,731425,0.0,0.1324615478515625,0.187297061085701,generated_videos/surface_grid_5_hard.mp4
541,12,27346,718,737249,0.0,0.13268280029296875,0.18606975674629211,generated_videos/surface_grid_5_hard.mp4
542,14,27394,715,731989,0.0,0.13232421875,0.18753448128700256,generated_videos/surface_grid_5_hard.mp4
543,11,27440,714,732145,0.0,0.13250732421875,0.18855363130569458,generated_videos/surface_grid_5_hard.mp4
544,12,27489,708,726221,0.0,0.1326904296875,0.18590393662452698,generated_videos/surface_grid_5_hard.mp4
545,12,27536,702,723383,0.0,0.13278961181640625,0.18856176733970642,generated_videos/surface_grid_5_hard.mp4
546,12,27581,700,722309,0.0,0.1325531005859375,0.19065305590629578,generated_videos/surface_grid_5_hard.mp4
547,11,27626,701,723845,0.0,0.1329193115234375,0.19064241647720337,generated_videos/surface_grid_5_hard.mp4
548,12,27675,695,720825,0.0,0.13458251953125,0.18787431716918945,generated_videos/surface_grid_5_hard.mp4
549,12,27727,702,727975,0.0,0.133087158203125,0.18767677247524261,generated_videos/surface_grid_5_hard.mp4
550,13,27777,691,719117,0.0,0.13507080078125,0.18758343160152435,generated_videos/surface_grid_5_hard.mp4
551,12,27838,706,735411,0.0,0.13250732421875,0.18582141399383545,generated_videos/surface_grid_5_hard.mp4
552,12,27884,696,723089,0.0,0.1346435546875,0.1880415380001068,generated_videos/surface_grid_5_hard.mp4
553,11,27935,694,726344,0.0,0.135284423828125,0.18706679344177246,generated_videos/surface_grid_5_hard.mp4
554,13,27990,698,725861,0.0,0.1340179443359375,0.1849912405014038,generated_videos/surface_grid_5_hard.mp4
555,10,28042,706,738127,0.0,0.1325531005859375,0.1843099147081375,generated_videos/surface_grid_5_hard.mp4
556,12,28088,696,729789,0.0,0.13448524475097656,0.1875954270362854,generated_videos/surface_grid_5_hard.mp4
557,11,28142,701,731601,0.0,0.1326751708984375,0.18590523302555084,generated_videos/surface_grid_5_hard.mp4
558,12,28193,704,732483,0.0,0.134124755859375,0.18588465452194214,generated_videos/surface_grid_5_hard.mp4
559,11,28242,702,731043,0.0,0.135040283203125,0.18565386533737183,generated_videos/surface_grid_5_hard.mp4
560,10,28290,705,733801,0.0,0.13372802734375,0.18823707103729248,generated_videos/surface_grid_5_hard.mp4
561,11,28334,702,731185,0.0,0.13401031494140625,0.1870453655719757,generated_videos/surface_grid_5_hard.mp4
562,10,28382,704,732487,0.0,0.13290071487426758,0.18654096126556396,generated_videos/surface_grid_5_hard.mp4
563,13,28426,693,720647,0.0,0.13720703125,0.18824224174022675,generated_videos/surface_grid_5_hard.mp4
564,10,28477,699,723435,0.0,0.1348876953125,0.1849302053451538,generated_videos/surface_grid_5_hard.mp4
565,9,28524,701,726817,0.0,0.13372802734375,0.18572460114955902,generated_videos/surface_grid_5_hard.mp4
566,11,28570,692,714777,0.0,0.1353759765625,0.18515855073928833,generated_videos/surface_grid_5_hard.mp4
567,12,28628,701,731455,0.0,0.13236236572265625,0.18344835937023163,generated_videos/surface_grid_5_hard.mp4
568,10,28675,682,709368,0.0,0.13603973388671875,0.18515658378601074,generated_videos/surface_grid_5_hard.mp4
569,10,28745,708,735593,0.0,0.13116455078125,0.1795404851436615,generated_videos/surface_grid_5_hard.mp4
570,10,28798,714,743173,0.0,0.1302032470703125,0.1832423061132431,generated_videos/surface_grid_5_hard.mp4
571,10,28846,708,735361,0.0,0.131072998046875,0.18363705277442932,generated_videos/surface_grid_5_hard.mp4
572,9,28898,713,746227,0.0,0.1309814453125,0.18299706280231476,generated_videos/surface_grid_5_hard.mp4
573,9,28944,713,746157,0.0,0.130889892578125,0.18401090800762177,generated_videos/surface_grid_5_hard.mp4
574,7,28996,720,751871,0.0,0.1308746337890625,0.18347813189029694,generated_videos/surface_grid_5_hard.mp4
575,11,29041,712,743823,0.0,0.1310882568359375,0.1827472448348999,generated_videos/surface_grid_5_hard.mp4
576,10,29087,712,744701,0.0,0.1308135986328125,0.18223963677883148,generated_videos/surface_grid_5_hard.mp4
577,11,29133,713,745371,0.0,0.13104248046875,0.18236567080020905,generated_videos/surface_grid_5_hard.mp4
578,11,29177,692,725993,0.0,0.13557672500610352,0.18143922090530396,generated_videos/surface_grid_5_hard.mp4
579,9,29239,710,745509,0.0,0.13092041015625,0.18014252185821533,generated_videos/surface_grid_5_hard.mp4
580,11,29287,695,723509,0.0,0.13494873046875,0.1818995475769043,generated_videos/surface_grid_5_hard.mp4
581,10,29356,717,745123,0.0,0.12945556640625,0.1788245439529419,generated_videos/surface_grid_5_hard.mp4
582,9,29400,698,725597,0.0,0.13385820388793945,0.18326672911643982,generated_videos/surface_grid_5_hard.mp4
583,10,29447,698,725295,-2.288818359375e-05,0.13377809524536133,0.18293264508247375,generated_videos/surface_grid_5_hard.mp4
584,11,29498,681,704664,0.0,0.1358642578125,0.18251042068004608,generated_videos/surface_grid_5_hard.mp4
585,9,29567,703,726607,0.0,0.1306304931640625,0.17909693717956543,generated_videos/surface_grid_5_hard.mp4
586,10,29617,700,725308,0.0,0.13143157958984375,0.17959095537662506,generated_videos/surface_grid_5_hard.mp4
587,11,29663,698,724959,-0.0001220703125,0.13124847412109375,0.17876490950584412,generated_videos/surface_grid_5_hard.mp4
588,10,29714,705,726777,0.0,0.1295928955078125,0.17754827439785004,generated_videos/surface_grid_5_hard.mp4
589,9,29762,708,728681,-7.62939453125e-05,0.12834930419921875,0.17648300528526306,generated_videos/surface_grid_5_hard.mp4
590,9,29808,707,729071,0.0,0.126708984375,0.17715850472450256,generated_videos/surface_grid_5_hard.mp4
591,11,29856,710,730150,-0.0001220703125,0.12630701065063477,0.17764419317245483,generated_videos/surface_grid_5_hard.mp4
592,9,29916,725,745623,0.0,0.1234130859375,0.17518456280231476,generated_videos/surface_grid_5_hard.mp4
593,10,29961,725,744185,0.0,0.1265869140625,0.1774161010980606,generated_videos/surface_grid_5_hard.mp4
594,10,30005,723,744667,-7.62939453125e-05,0.1291961669921875,0.17785656452178955,generated_videos/surface_grid_5_hard.mp4
595,11,30051,721,743175,0.0,0.125762939453125,0.17785505950450897,generated_videos/surface_grid_5_hard.mp4
596,10,30098,721,742783,0.0,0.1257457733154297,0.17758235335350037,generated_videos/surface_grid_5_hard.mp4
597,8,30146,719,742219,0.0,0.12664794921875,0.17758235335350037,generated_videos/surface_grid_5_hard.mp4
598,7,30200,725,744021,0.0,0.1246337890625,0.17556583881378174,generated_videos/surface_grid_5_hard.mp4
599,7,30245,720,745059,0.0,0.12682390213012695,0.17769603431224823,generated_videos/surface_grid_5_hard.mp4
600,7,30294,722,744243,0.0,0.126251220703125,0.17767050862312317,generated_videos/surface_grid_5_hard.mp4
601,9,30342,711,733899,0.0,0.12890625,0.1807040125131607,generated_videos/surface_grid_5_hard.mp4
602,11,30394,718,734135,0.0,0.12628173828125,0.17984265089035034,generated_videos/surface_grid_5_hard.mp4
603,9,30440,718,736407,0.0,0.1287078857421875,0.18126019835472107,generated_videos/surface_grid_5_hard.mp4
604,9,30486,718,735959,0.0,0.12923002243041992,0.18036511540412903,generated_videos/surface_grid_5_hard.mp4
605,10,30530,717,734625,0.0,0.1290283203125,0.18109062314033508,generated_videos/surface_grid_5_hard.mp4
606,10,30578,717,733447,0.0,0.12847900390625,0.18063968420028687,generated_videos/surface_grid_5_hard.mp4
607,9,30625,720,735491,0.0,0.128143310546875,0.18066471815109253,generated_videos/surface_grid_5_hard.mp4
608,11,30672,717,733305,0.0,0.12823486328125,0.18164607882499695,generated_videos/surface_grid_5_hard.mp4
609,9,30722,723,737785,0.0,0.1280517578125,0.18110975623130798,generated_videos/surface_grid_5_hard.mp4
610,10,30768,716,734529,0.0,0.1274261474609375,0.18098582327365875,generated_videos/surface_grid_5_hard.mp4
611,10,30820,722,735133,0.0,0.12766265869140625,0.18141025304794312,generated_videos/surface_grid_5_hard.mp4
612,9,30867,719,733677,0.0,0.12799072265625,0.1803128868341446,generated_videos/surface_grid_5_hard.mp4
613,11,30913,720,734281,0.0,0.128997802734375,0.17961028218269348,generated_videos/surface_grid_5_hard.mp4
614,11,30960,717,734751,0.0,0.1292438507080078,0.18040210008621216,generated_videos/surface_grid_5_hard.mp4
615,10,31007,718,738379,0.0,0.12949609756469727,0.18104925751686096,generated_videos/surface_grid_5_hard.mp4
616,12,31054,716,737127,0.0,0.12885284423828125,0.18013480305671692,generated_videos/surface_grid_5_hard.mp4
617,11,31102,718,736567,0.0,0.12895917892456055,0.18014776706695557,generated_videos/surface_grid_5_hard.mp4
618,10,31147,718,736461,0.0,0.1289215087890625,0.18013480305671692,generated_videos/surface_grid_5_hard.mp4
619,13,31191,717,736563,0.0,0.12901782989501953,0.1801156848669052,generated_videos/surface_grid_5_hard.mp4
620,12,31236,719,738899,0.0,0.129364013671875,0.18097715079784393,generated_videos/surface_grid_5_hard.mp4
621,14,31281,720,739161,0.0,0.1226959228515625,0.19003459811210632,generated_videos/surface_grid_5_hard.mp4
622,15,31333,712,733085,-0.032745361328125,0.08467864990234375,0.3905438184738159,generated_videos/surface_grid_5_hard.mp4
623,15,31383,710,727419,-0.0247802734375,0.1291656494140625,0.2056187093257904,generated_videos/surface_grid_5_hard.mp4
624,13,31437,716,730399,-0.0147552490234375,0.13208770751953125,0.2025074064731598,generated_videos/surface_grid_5_hard.mp4
625,14,31485,717,734329,-0.030731201171875,0.118011474609375,0.1762913167476654,generated_videos/surface_grid_5_hard.mp4
626,14,31529,714,733715,-0.035888671875,0.11460113525390625,0.17889735102653503,generated_videos/surface_grid_5_hard.mp4
627,14,31573,715,732777,-0.05316162109375,0.109954833984375,0.17773588001728058,generated_videos/surface_grid_5_hard.mp4
628,13,31619,714,732479,-0.067962646484375,0.105438232421875,0.17726540565490723,generated_videos/surface_grid_5_hard.mp4
629,11,31670,719,736415,-0.0690155029296875,0.1044921875,0.17413774132728577,generated_videos/surface_grid_5_hard.mp4
630,13,31717,720,734707,-0.07573699951171875,0.102630615234375,0.17708751559257507,generated_videos/surface_grid_5_hard.mp4
631,12,31762,720,733751,-0.085693359375,0.09929513931274414,0.17713084816932678,generated_videos/surface_grid_5_hard.mp4
632,12,31805,716,728135,-0.09122467041015625,0.09883880615234375,0.1779719591140747,generated_videos/surface_grid_5_hard.mp4
633,12,31851,716,728241,-0.09307861328125,0.0980377197265625,0.17740973830223083,generated_videos/surface_grid_5_hard.mp4
634,13,31899,716,729585,-0.095550537109375,0.09569549560546875,0.17777380347251892,generated_videos/surface_grid_5_hard.mp4
635,15,31945,714,727421,-0.09833526611328125,0.096099853515625,0.17661240696907043,generated_videos/surface_grid_5_hard.mp4
636,13,31996,716,728787,-0.0985107421875,0.0958709716796875,0.17695598304271698,generated_videos/surface_grid_5_hard.mp4
637,11,32045,717,736301,-0.0985107421875,0.097076416015625,0.17709702253341675,generated_videos/surface_grid_5_hard.mp4
638,13,32093,718,731499,-0.09923553466796875,0.0966796875,0.17863276600837708,generated_videos/surface_grid_5_hard.mp4
639,11,32139,716,729549,-0.09980010986328125,0.09406280517578125,0.1760944128036499,generated_videos/surface_grid_5_hard.mp4
640,9,32187,719,731281,-0.10009765625,0.091796875,0.175349622964859,generated_videos/surface_grid_5_hard.mp4
641,12,32233,717,726673,-0.10052490234375,0.093597412109375,0.17864130437374115,generated_videos/surface_grid_5_hard.mp4
642,11,32280,715,727577,-0.100830078125,0.09344482421875,0.17467986047267914,generated_videos/surface_grid_5_hard.mp4
643,13,32324,715,728163,-0.1011962890625,0.09326171875,0.17839622497558594,generated_videos/surface_grid_5_hard.mp4
644,13,32371,717,729155,-0.0999755859375,0.09263992309570312,0.17595727741718292,generated_videos/surface_grid_5_hard.mp4
645,13,32417,717,730065,-0.10009765625,0.09356689453125,0.17584408819675446,generated_videos/surface_grid_5_hard.mp4
646,13,32464,719,730185,-0.099609375,0.093841552734375,0.17529051005840302,generated_videos/surface_grid_5_hard.mp4
647,10,32515,725,737419,-0.09930419921875,0.0931396484375,0.1762162446975708,generated_videos/surface_grid_5_hard.mp4
648,10,32563,723,736411,-0.10137939453125,0.09235382080078125,0.17876175045967102,generated_videos/surface_grid_5_hard.mp4
649,11,32611,726,737465,-0.100982666015625,0.09264326095581055,0.17932233214378357,generated_videos/surface_grid_5_hard.mp4
650,11,32655,721,731433,-0.1038665771484375,0.09344482421875,0.1828737109899521,generated_videos/surface_grid_5_hard.mp4
651,11,32703,725,733423,-0.101837158203125,0.09155941009521484,0.182769775390625,generated_videos/surface_grid_5_hard.mp4
652,10,32749,722,733915,-0.10260963439941406,0.0922398567199707,0.18083682656288147,generated_videos/surface_grid_5_hard.mp4
653,8,32794,722,734533,-0.10101318359375,0.09223508834838867,0.17886799573898315,generated_videos/surface_grid_5_hard.mp4
654,8,32838,717,733223,-0.10333251953125,0.091461181640625,0.17934079468250275,generated_videos/surface_grid_5_hard.mp4
655,7,32884,716,732533,-0.10268402099609375,0.09116554260253906,0.178066223859787,generated_videos/surface_grid_5_hard.mp4
656,8,32932,717,731755,-0.101318359375,0.0909414291381836,0.17884491384029388,generated_videos/surface_grid_5_hard.mp4
657,7,32977,717,730435,-0.10359954833984375,0.09095001220703125,0.17798343300819397,generated_videos/surface_grid_5_hard.mp4
658,8,33023,719,731429,-0.103759765625,0.08984375,0.17717698216438293,generated_videos/surface_grid_5_hard.mp4
659,7,33068,721,730603,-0.10498046875,0.08974075317382812,0.1780460923910141,generated_videos/surface_grid_5_hard.mp4
660,8,33116,724,731545,-0.10614013671875,0.08953857421875,0.17906945943832397,generated_videos/surface_grid_5_hard.mp4
661,7,33162,725,732653,-0.11785888671875,0.088592529296875,0.1930401772260666,generated_videos/surface_grid_5_hard.mp4
662,9,33208,723,731183,-0.11932373046875,0.08885955810546875,0.19487549364566803,generated_videos/surface_grid_5_hard.mp4
663,7,33253,724,733461,-0.10797119140625,0.08841323852539062,0.17961016297340393,generated_videos/surface_grid_5_hard.mp4
664,5,33309,735,745261,-0.10626220703125,0.0853271484375,0.17535589635372162,generated_videos/surface_grid_5_hard.mp4
665,7,33355,730,737769,-0.10693359375,0.08502960205078125,0.17769041657447815,generated_videos/surface_grid_5_hard.mp4
666,9,33401,721,732525,-0.1035308837890625,0.085296630859375,0.1751948893070221,generated_videos/surface_grid_5_hard.mp4
667,8,33450,723,734389,-0.1024169921875,0.081085205078125,0.17948570847511292,generated_videos/surface_grid_5_hard.mp4
668,9,33499,723,732779,-0.10626220703125,0.0853271484375,0.17743828892707825,generated_videos/surface_grid_5_hard.mp4
669,8,33547,723,733791,-0.10601806640625,0.08599853515625,0.1760886013507843,generated_videos/surface_grid_5_hard.mp4
670,9,33596,725,731289,-0.104156494140625,0.0853271484375,0.1748117059469223,generated_videos/surface_grid_5_hard.mp4
671,8,33644,724,731333,-0.104339599609375,0.0861673355102539,0.17499789595603943,generated_videos/surface_grid_5_hard.mp4
672,8,33699,731,740981,-0.10406494140625,0.0850830078125,0.1745435893535614,generated_videos/surface_grid_5_hard.mp4
673,8,33746,722,732871,-0.10430908203125,0.08570098876953125,0.17532029747962952,generated_videos/surface_grid_5_hard.mp4
674,9,33803,726,738611,-0.0994415283203125,0.08385848999023438,0.17168396711349487,generated_videos/surface_grid_5_hard.mp4
675,7,33850,727,741591,-0.11480712890625,0.08731746673583984,0.18878817558288574,generated_videos/surface_grid_5_hard.mp4
676,9,33902,716,727157,-0.1036224365234375,0.08598136901855469,0.17405180633068085,generated_videos/surface_grid_5_hard.mp4
677,8,33964,727,737765,-0.101348876953125,0.08251953125,0.17346875369548798,generated_videos/surface_grid_5_hard.mp4
678,7,34012,728,739775,-0.1024169921875,0.0825958251953125,0.17752113938331604,generated_videos/surface_grid_5_hard.mp4
679,7,34057,725,737217,-0.104278564453125,0.08327484130859375,0.17788200080394745,generated_videos/surface_grid_5_hard.mp4
680,6,34102,723,738225,-0.10400390625,0.08266544342041016,0.17747551202774048,generated_videos/surface_grid_5_hard.mp4
681,8,34145,709,725801,-0.10400390625,0.08382415771484375,0.17518451809883118,generated_videos/surface_grid_5_hard.mp4
682,9,34188,708,726225,-0.105072021484375,0.08514404296875,0.17511820793151855,generated_videos/surface_grid_5_hard.mp4
683,6,34244,720,737947,-0.102325439453125,0.08404541015625,0.17451980710029602,generated_videos/surface_grid_5_hard.mp4
684,7,34288,721,736977,-0.104248046875,0.0848388671875,0.1783522516489029,generated_videos/surface_grid_5_hard.mp4
685,6,34334,720,738557,-0.103271484375,0.08442497253417969,0.1764984279870987,generated_videos/surface_grid_5_hard.mp4
686,7,34380,710,723889,-0.1045074462890625,0.08448505401611328,0.1750582754611969,generated_videos/surface_grid_5_hard.mp4
687,5,34439,724,740891,-0.10125732421875,0.08206939697265625,0.17392678558826447,generated_videos/surface_grid_5_hard.mp4
688,6,34486,721,739539,-0.102783203125,0.082763671875,0.178814098238945,generated_videos/surface_grid_5_hard.mp4
689,6,34535,720,740713,-0.1022186279296875,0.0839996337890625,0.17763106524944305,generated_videos/surface_grid_5_hard.mp4
690,5,34585,725,742405,-0.102325439453125,0.0821533203125,0.17628902196884155,generated_videos/surface_grid_5_hard.mp4
691,5,34631,721,738679,-0.10174560546875,0.082275390625,0.17716637253761292,generated_videos/surface_grid_5_hard.mp4
692,6,34679,722,740677,-0.100738525390625,0.08154106140136719,0.17645928263664246,generated_videos/surface_grid_5_hard.mp4
693,7,34725,721,738877,-0.1017608642578125,0.079437255859375,0.17894835770130157,generated_videos/surface_grid_5_hard.mp4
694,7,34772,721,738475,-0.10015869140625,0.06976318359375,0.17925405502319336,generated_videos/surface_grid_5_hard.mp4
695,7,34819,722,738789,-0.102142333984375,0.08123779296875,0.17982164025306702,generated_videos/surface_grid_5_hard.mp4
696,12,34866,719,737553,-0.1026611328125,0.0811452865600586,0.1798950731754303,generated_videos/surface_grid_5_hard.mp4
697,9,34913,720,737715,-0.10260009765625,0.08250570297241211,0.179828941822052,generated_videos/surface_grid_5_hard.mp4
698,9,34959,719,737291,-0.1029052734375,0.0825958251953125,0.17978107929229736,generated_videos/surface_grid_5_hard.mp4
699,10,35007,721,736401,-0.102996826171875,0.083251953125,0.17852221429347992,generated_videos/surface_grid_5_hard.mp4
700,10,35053,716,731844,-0.1026611328125,0.08412933349609375,0.17813709378242493,generated_videos/surface_grid_5_hard.mp4
701,8,35106,724,738789,-0.10199737548828125,0.08331298828125,0.178092360496521,generated_videos/surface_grid_5_hard.mp4
702,11,35156,717,728438,-0.102294921875,0.08380126953125,0.17638598382472992,generated_videos/surface_grid_5_hard.mp4
703,10,35205,720,732165,-0.09912109375,0.083587646484375,0.17647594213485718,generated_videos/surface_grid_5_hard.mp4
704,13,35250,715,728117,-0.1022024154663086,0.084442138671875,0.17909260094165802,generated_videos/surface_grid_5_hard.mp4
705,13,35299,720,734711,-0.100860595703125,0.08400726318359375,0.17898477613925934,generated_videos/surface_grid_5_hard.mp4
706,12,35354,727,739151,-0.09908294677734375,0.0831298828125,0.17664827406406403,generated_videos/surface_grid_5_hard.mp4
707,12,35401,727,738397,-0.0997314453125,0.084991455078125,0.181061789393425,generated_videos/surface_grid_5_hard.mp4
708,9,35454,734,745911,-0.0989990234375,0.08332061767578125,0.18032723665237427,generated_videos/surface_grid_5_hard.mp4
709,10,35502,734,742645,-0.10276031494140625,0.083770751953125,0.1837669014930725,generated_videos/surface_grid_5_hard.mp4
710,8,35550,728,739745,-0.09954071044921875,0.08502197265625,0.18205083906650543,generated_videos/surface_grid_5_hard.mp4
711,9,35594,721,731817,-0.09674072265625,0.085052490234375,0.18286147713661194,generated_videos/surface_grid_5_hard.mp4
712,7,35652,732,748551,-0.0951080322265625,0.082122802734375,0.17934492230415344,generated_videos/surface_grid_5_hard.mp4
713,10,35701,724,733211,-0.096435546875,0.08404541015625,0.1806039959192276,generated_videos/surface_grid_5_hard.mp4
714,9,35748,725,733723,-0.096527099609375,0.0831298828125,0.1809554547071457,generated_videos/surface_grid_5_hard.mp4
715,8,35801,734,743903,-0.095062255859375,0.08197784423828125,0.17972394824028015,generated_videos/surface_grid_5_hard.mp4
716,9,35845,724,729685,-0.09616851806640625,0.08338165283203125,0.18052230775356293,generated_videos/surface_grid_5_hard.mp4
717,9,35900,736,740655,-0.09503173828125,0.082275390625,0.17910277843475342,generated_videos/surface_grid_5_hard.mp4
718,8,35946,735,741185,-0.0992431640625,0.0833740234375,0.18245521187782288,generated_videos/surface_grid_5_hard.mp4
719,8,35997,735,740605,-0.0960693359375,0.08557891845703125,0.1843641996383667,generated_videos/surface_grid_5_hard.mp4
720,7,36042,736,743635,-0.09539794921875,0.08612060546875,0.18594560027122498,generated_videos/surface_grid_5_hard.mp4
721,9,36088,736,744691,-0.095794677734375,0.08509254455566406,0.18542900681495667,generated_videos/surface_grid_5_hard.mp4
722,9,36135,727,733869,-0.0958251953125,0.08709716796875,0.1850772351026535,generated_videos/surface_grid_5_hard.mp4
723,7,36197,745,749781,-0.094482421875,0.083740234375,0.18382976949214935,generated_videos/surface_grid_5_hard.mp4
724,7,36247,739,742769,-0.0958251953125,0.08554458618164062,0.18640407919883728,generated_videos/surface_grid_5_hard.mp4
725,7,36295,733,732435,-0.095947265625,0.08731842041015625,0.18649430572986603,generated_videos/surface_grid_5_hard.mp4
726,9,36349,738,738777,-0.095550537109375,0.08608627319335938,0.18658989667892456,generated_videos/surface_grid_5_hard.mp4
727,10,36401,729,729513,-0.0948486328125,0.0888671875,0.18591950833797455,generated_videos/surface_grid_5_hard.mp4
728,7,36450,729,731777,-0.094970703125,0.0890350341796875,0.18627874553203583,generated_videos/surface_grid_5_hard.mp4
729,8,36498,730,731863,-0.0947113037109375,0.08978271484375,0.1862400472164154,generated_videos/surface_grid_5_hard.mp4
730,8,36546,726,732552,-0.09519195556640625,0.09040069580078125,0.18658649921417236,generated_videos/surface_grid_5_hard.mp4
731,9,36620,754,760869,-0.0888519287109375,0.083526611328125,0.1824844479560852,generated_videos/surface_grid_5_hard.mp4
732,12,36665,735,737905,-0.09173583984375,0.08977127075195312,0.186976358294487,generated_videos/surface_grid_5_hard.mp4
733,11,36718,736,740229,-0.0919189453125,0.0897979736328125,0.18584361672401428,generated_videos/surface_grid_5_hard.mp4
734,11,36765,720,724223,-0.091522216796875,0.0952606201171875,0.18622823059558868,generated_videos/surface_grid_5_hard.mp4
735,11,36815,715,721842,-0.0916748046875,0.09002685546875,0.18614928424358368,generated_videos/surface_grid_5_hard.mp4
736,11,36865,708,724975,-0.08869171142578125,0.09043121337890625,0.18466900289058685,generated_videos/surface_grid_5_hard.mp4
737,12,36913,710,727260,-0.089447021484375,0.08992385864257812,0.184744194149971,generated_videos/surface_grid_5_hard.mp4
738,15,36961,705,724260,-0.090576171875,0.0924072265625,0.18570135533809662,generated_videos/surface_grid_5_hard.mp4
739,15,37014,708,721478,-0.08819293975830078,0.0920867919921875,0.18484467267990112,generated_videos/surface_grid_5_hard.mp4
740,14,37061,704,719480,-0.091064453125,0.09430694580078125,0.18622291088104248,generated_videos/surface_grid_5_hard.mp4
741,16,37109,706,722878,-0.0897064208984375,0.09391021728515625,0.18594491481781006,generated_videos/surface_grid_5_hard.mp4
742,14,37157,710,723897,-0.089447021484375,0.09185791015625,0.1849757730960846,generated_videos/surface_grid_5_hard.mp4
743,12,37206,713,726730,-0.08837890625,0.09173583984375,0.18490035831928253,generated_videos/surface_grid_5_hard.mp4
744,12,37252,706,723246,-0.089996337890625,0.0936126708984375,0.18617244064807892,generated_videos/surface_grid_5_hard.mp4
745,16,37302,710,723765,-0.08831787109375,0.09051322937011719,0.1854366511106491,generated_videos/surface_grid_5_hard.mp4
746,13,37351,714,726289,-0.088653564453125,0.090911865234375,0.18690600991249084,generated_videos/surface_grid_5_hard.mp4
747,12,37398,709,723062,-0.0926513671875,0.0926513671875,0.18939876556396484,generated_videos/surface_grid_5_hard.mp4
748,11,37465,731,749981,-0.08660888671875,0.08518314361572266,0.18376557528972626,generated_videos/surface_grid_5_hard.mp4
749,12,37514,718,731269,-0.092376708984375,0.0908966064453125,0.18856404721736908,generated_videos/surface_grid_5_hard.mp4
750,14,37564,717,728421,-0.0859375,0.092071533203125,0.18795126676559448,generated_videos/surface_grid_5_hard.mp4
751,17,37617,719,728993,-0.11358642578125,0.0902099609375,0.2318941354751587,generated_videos/surface_grid_5_hard.mp4
752,14,37678,714,730703,-0.08703231811523438,0.0904998779296875,0.18931777775287628,generated_videos/surface_grid_5_hard.mp4
753,15,37725,715,730305,-0.08441162109375,0.0922393798828125,0.1953238695859909,generated_videos/surface_grid_5_hard.mp4
754,15,37773,714,730319,-0.0851593017578125,0.0953521728515625,0.19505071640014648,generated_videos/surface_grid_5_hard.mp4
755,15,37844,739,744939,-0.08251953125,0.09088134765625,0.18608900904655457,generated_videos/surface_grid_5_hard.mp4
756,14,37890,741,745147,-0.08636474609375,0.094940185546875,0.19148659706115723,generated_videos/surface_grid_5_hard.mp4
757,13,37936,740,745431,-0.0877532958984375,0.09608268737792969,0.1943279504776001,generated_videos/surface_grid_5_hard.mp4
758,11,37983,739,746501,-0.084228515625,0.09627342224121094,0.19421003758907318,generated_videos/surface_grid_5_hard.mp4
759,13,38030,741,745657,-0.0836181640625,0.09613037109375,0.19250555336475372,generated_videos/surface_grid_5_hard.mp4
760,13,38079,741,743255,-0.0848236083984375,0.095672607421875,0.19195304811000824,generated_videos/surface_grid_5_hard.mp4
761,14,38125,739,742119,-0.087066650390625,0.095947265625,0.19421003758907318,generated_videos/surface_grid_5_hard.mp4
762,15,38171,741,743695,-0.08553314208984375,0.09368896484375,0.19607695937156677,generated_videos/surface_grid_5_hard.mp4
763,13,38219,741,745239,-0.08628082275390625,0.093994140625,0.1953619122505188,generated_videos/surface_grid_5_hard.mp4
764,15,38264,740,741305,-0.08776092529296875,0.09478378295898438,0.1957463026046753,generated_videos/surface_grid_5_hard.mp4
765,18,38310,734,737704,-0.08782958984375,0.09697723388671875,0.195663720369339,generated_videos/surface_grid_5_hard.mp4
766,14,38360,739,744729,-0.09012603759765625,0.096099853515625,0.19521348178386688,generated_videos/surface_grid_5_hard.mp4
767,16,38410,737,741049,-0.08929443359375,0.097137451171875,0.1961156725883484,generated_videos/surface_grid_5_hard.mp4
768,15,38457,740,743147,-0.090423583984375,0.0963592529296875,0.19675181806087494,generated_videos/surface_grid_5_hard.mp4
769,14,38509,746,746607,-0.09127235412597656,0.09674072265625,0.19299761950969696,generated_videos/surface_grid_5_hard.mp4
770,16,38554,740,739659,-0.1033935546875,0.0979461669921875,0.20302742719650269,generated_videos/surface_grid_5_hard.mp4
771,14,38600,741,743383,-0.094970703125,0.0966949462890625,0.19613507390022278,generated_videos/surface_grid_5_hard.mp4
772,12,38647,742,746775,-0.09417724609375,0.097320556640625,0.19538387656211853,generated_videos/surface_grid_5_hard.mp4
773,13,38696,741,745117,-0.09368896484375,0.0968170166015625,0.19392777979373932,generated_videos/surface_grid_5_hard.mp4
774,12,38749,743,750039,-0.09228515625,0.096466064453125,0.19328971207141876,generated_videos/surface_grid_5_hard.mp4
775,11,38799,746,750645,-0.0948944091796875,0.09733104705810547,0.1961987018585205,generated_videos/surface_grid_5_hard.mp4
776,11,38848,749,751419,-0.094970703125,0.0972442626953125,0.19530397653579712,generated_videos/surface_grid_5_hard.mp4
777,12,38897,739,747829,-0.09466552734375,0.098907470703125,0.19304335117340088,generated_videos/surface_grid_5_hard.mp4
778,12,38944,739,748461,-0.09466552734375,0.0994110107421875,0.19389335811138153,generated_videos/surface_grid_5_hard.mp4
779,10,38993,740,749449,-0.094329833984375,0.0991973876953125,0.19358789920806885,generated_videos/surface_grid_5_hard.mp4
780,8,39042,741,751953,-0.0947265625,0.0968017578125,0.1915099024772644,generated_videos/surface_grid_5_hard.mp4
781,7,39094,747,754453,-0.094482421875,0.094085693359375,0.19115471839904785,generated_videos/surface_grid_5_hard.mp4
782,7,39141,749,754785,-0.0946044921875,0.09466552734375,0.1924808919429779,generated_videos/surface_grid_5_hard.mp4
783,7,39188,751,754979,-0.095703125,0.093536376953125,0.19396083056926727,generated_videos/surface_grid_5_hard.mp4
784,8,39239,748,752203,-0.095123291015625,0.09266281127929688,0.19086331129074097,generated_videos/surface_grid_5_hard.mp4
785,9,39285,746,752079,-0.097015380859375,0.09341812133789062,0.19063156843185425,generated_videos/surface_grid_5_hard.mp4
786,8,39330,745,753727,-0.09649658203125,0.09289169311523438,0.1903749406337738,generated_videos/surface_grid_5_hard.mp4
787,9,39375,744,751813,-0.098052978515625,0.09186553955078125,0.19085952639579773,generated_videos/surface_grid_5_hard.mp4
788,10,39422,740,749629,-0.09619140625,0.09234809875488281,0.18864057958126068,generated_videos/surface_grid_5_hard.mp4
789,11,39470,742,751301,-0.095001220703125,0.09251976013183594,0.19048944115638733,generated_videos/surface_grid_5_hard.mp4
790,11,39522,744,750207,-0.0948944091796875,0.09077835083007812,0.18904080986976624,generated_videos/surface_grid_5_hard.mp4
791,13,39574,747,749463,-0.09423828125,0.09284210205078125,0.1912393867969513,generated_videos/surface_grid_5_hard.mp4
792,16,39621,746,748409,-0.094573974609375,0.092926025390625,0.19160772860050201,generated_videos/surface_grid_5_hard.mp4
793,19,39667,740,747567,-0.093505859375,0.09310436248779297,0.19118064641952515,generated_videos/surface_grid_5_hard.mp4
794,13,39716,744,749995,-0.09326171875,0.091094970703125,0.19115528464317322,generated_videos/surface_grid_5_hard.mp4
795,13,39764,745,749449,-0.093505859375,0.09366607666015625,0.19099843502044678,generated_videos/surface_grid_5_hard.mp4
796,11,39810,743,750465,-0.0931396484375,0.093231201171875,0.19166305661201477,generated_videos/surface_grid_5_hard.mp4
797,11,39856,737,746987,-0.0947265625,0.094207763671875,0.19164280593395233,generated_videos/surface_grid_5_hard.mp4
798,10,39905,742,751067,-0.0941162109375,0.09307861328125,0.1924099326133728,generated_videos/surface_grid_5_hard.mp4
799,10,39951,728,747767,-0.0912017822265625,0.0953826904296875,0.1910950243473053,generated_videos/surface_grid_5_hard.mp4
800,11,39998,729,747933,-0.0911865234375,0.09539794921875,0.19036923348903656,generated_videos/surface_grid_5_hard.mp4
801,11,40047,731,748335,-0.091033935546875,0.0953369140625,0.1903386265039444,generated_videos/surface_grid_5_hard.mp4
802,12,40092,730,748597,-0.091766357421875,0.09728240966796875,0.19047531485557556,generated_videos/surface_grid_5_hard.mp4
803,12,40143,733,750277,-0.089263916015625,0.094970703125,0.18919022381305695,generated_videos/surface_grid_5_hard.mp4
804,11,40191,734,749988,-0.09136199951171875,0.095703125,0.19034123420715332,generated_videos/surface_grid_5_hard.mp4
805,11,40237,731,747191,-0.0905914306640625,0.097137451171875,0.1902083158493042,generated_videos/surface_grid_5_hard.mp4
806,14,40284,729,744267,-0.0924072265625,0.098846435546875,0.1904493272304535,generated_videos/surface_grid_5_hard.mp4
807,14,40332,730,747929,-0.0909576416015625,0.10074615478515625,0.1905318796634674,generated_videos/surface_grid_5_hard.mp4
808,14,40378,732,747330,-0.09137725830078125,0.10040283203125,0.19093550741672516,generated_videos/surface_grid_5_hard.mp4
809,15,40424,732,746814,-0.090545654296875,0.10074234008789062,0.1909630298614502,generated_videos/surface_grid_5_hard.mp4
810,14,40470,725,737954,-0.0910186767578125,0.10077667236328125,0.18986722826957703,generated_videos/surface_grid_5_hard.mp4
811,13,40524,732,745244,-0.07733154296875,0.093841552734375,0.18653877079486847,generated_videos/surface_grid_5_hard.mp4
812,12,40570,732,745624,-0.0788888931274414,0.09273719787597656,0.1870071291923523,generated_videos/surface_grid_5_hard.mp4
813,14,40615,715,736684,-0.0789794921875,0.093292236328125,0.187057763338089,generated_videos/surface_grid_5_hard.mp4
814,12,40661,712,736416,-0.07842683792114258,0.093231201171875,0.18683385848999023,generated_videos/surface_grid_5_hard.mp4
815,14,40712,713,735607,-0.07611083984375,0.09173583984375,0.18613725900650024,generated_videos/surface_grid_5_hard.mp4
816,11,40764,719,737456,-0.07470703125,0.09033203125,0.185381218791008,generated_videos/surface_grid_5_hard.mp4
817,12,40810,717,738609,-0.0755615234375,0.0906829833984375,0.18436072766780853,generated_videos/surface_grid_5_hard.mp4
818,12,40857,718,737476,-0.0771484375,0.09047698974609375,0.18724989891052246,generated_videos/surface_grid_5_hard.mp4
819,10,40903,718,739081,-0.07430267333984375,0.089813232421875,0.18410895764827728,generated_videos/surface_grid_5_hard.mp4
820,11,40951,715,736164,-0.0745849609375,0.08984375,0.181850403547287,generated_videos/surface_grid_5_hard.mp4
821,11,40998,716,737456,-0.0740966796875,0.08980560302734375,0.1838155835866928,generated_videos/surface_grid_5_hard.mp4
822,11,41043,715,738268,-0.07421875,0.09150314331054688,0.1862926483154297,generated_videos/surface_grid_5_hard.mp4
823,12,41092,716,738722,-0.072418212890625,0.0915679931640625,0.1849510371685028,generated_videos/surface_grid_5_hard.mp4
824,11,41139,716,739200,-0.072998046875,0.09162378311157227,0.18571001291275024,generated_videos/surface_grid_5_hard.mp4
825,12,41191,723,738575,-0.07183837890625,0.090576171875,0.1838252693414688,generated_videos/surface_grid_5_hard.mp4
826,11,41239,725,740479,-0.07171630859375,0.090484619140625,0.1841142326593399,generated_videos/surface_grid_5_hard.mp4
827,9,41284,720,742294,-0.072509765625,0.0904541015625,0.18661430478096008,generated_videos/surface_grid_5_hard.mp4
828,11,41331,718,739394,-0.072723388671875,0.090667724609375,0.18114972114562988,generated_videos/surface_grid_5_hard.mp4
829,10,41379,719,742346,-0.07281494140625,0.09051513671875,0.178852379322052,generated_videos/surface_grid_5_hard.mp4
830,13,41425,719,741168,-0.07293701171875,0.09027099609375,0.1791108250617981,generated_videos/surface_grid_5_hard.mp4
831,14,41474,722,741434,-0.072357177734375,0.0894775390625,0.1792023479938507,generated_videos/surface_grid_5_hard.mp4
832,14,41518,720,742456,-0.0733795166015625,0.0890045166015625,0.18359628319740295,generated_videos/surface_grid_5_hard.mp4
833,13,41562,719,741290,-0.072784423828125,0.089202880859375,0.18181975185871124,generated_videos/surface_grid_5_hard.mp4
834,12,41621,735,757968,-0.0701904296875,0.087646484375,0.17810337245464325,generated_videos/surface_grid_5_hard.mp4
835,12,41665,736,758576,-0.07337188720703125,0.09013605117797852,0.18550048768520355,generated_videos/surface_grid_5_hard.mp4
836,10,41712,738,761594,-0.072418212890625,0.089935302734375,0.18491090834140778,generated_videos/surface_grid_5_hard.mp4
837,10,41761,741,762294,-0.07281494140625,0.09014892578125,0.18521901965141296,generated_videos/surface_grid_5_hard.mp4
838,11,41805,742,762136,-0.074310302734375,0.092041015625,0.18732762336730957,generated_videos/surface_grid_5_hard.mp4
839,11,41849,736,757110,-0.074981689453125,0.09255218505859375,0.1857362985610962,generated_videos/surface_grid_5_hard.mp4
840,10,41894,736,757158,-0.07503509521484375,0.09288787841796875,0.18527767062187195,generated_videos/surface_grid_5_hard.mp4
841,10,41939,736,757334,-0.076934814453125,0.09466552734375,0.1853308081626892,generated_videos/surface_grid_5_hard.mp4
842,13,41983,736,756492,-0.07579421997070312,0.0953826904296875,0.18598732352256775,generated_videos/surface_grid_5_hard.mp4
843,11,42032,741,758890,-0.0745849609375,0.094940185546875,0.18438857793807983,generated_videos/surface_grid_5_hard.mp4
844,11,42076,738,758024,-0.0745697021484375,0.095855712890625,0.18719139695167542,generated_videos/surface_grid_5_hard.mp4
845,14,42121,736,755957,-0.0763397216796875,0.0971527099609375,0.18699154257774353,generated_videos/surface_grid_5_hard.mp4
846,13,42168,739,758329,-0.076904296875,0.09656906127929688,0.18550272285938263,generated_videos/surface_grid_5_hard.mp4
847,13,42215,740,758465,-0.075347900390625,0.09691047668457031,0.18579524755477905,generated_videos/surface_grid_5_hard.mp4
848,13,42262,743,759185,-0.07550048828125,0.096099853515625,0.18571674823760986,generated_videos/surface_grid_5_hard.mp4
849,16,42311,743,758427,-0.074951171875,0.095428466796875,0.18576878309249878,generated_videos/surface_grid_5_hard.mp4
850,16,42354,742,759639,-0.07720947265625,0.095672607421875,0.18666784465312958,generated_videos/surface_grid_5_hard.mp4
851,17,42402,744,759795,-0.0753173828125,0.09494781494140625,0.18663740158081055,generated_videos/surface_grid_5_hard.mp4
852,16,42451,732,747395,-0.075286865234375,0.09374237060546875,0.18683584034442902,generated_videos/surface_grid_5_hard.mp4
853,13,42507,742,760259,-0.0720977783203125,0.09144067764282227,0.18568268418312073,generated_videos/surface_grid_5_hard.mp4
854,14,42559,747,761173,-0.07281494140625,0.0903167724609375,0.18528343737125397,generated_videos/surface_grid_5_hard.mp4
855,12,42607,751,766612,-0.07061767578125,0.0892486572265625,0.18481013178825378,generated_videos/surface_grid_5_hard.mp4
856,15,42654,747,760910,-0.071990966796875,0.09039306640625,0.18651224672794342,generated_videos/surface_grid_5_hard.mp4
857,15,42704,753,767012,-0.0714111328125,0.0889892578125,0.1856256127357483,generated_videos/surface_grid_5_hard.mp4
858,15,42750,752,763870,-0.07086181640625,0.08782958984375,0.18617230653762817,generated_videos/surface_grid_5_hard.mp4
859,17,42796,748,762598,-0.07061767578125,0.08802032470703125,0.18620836734771729,generated_videos/surface_grid_5_hard.mp4
860,16,42840,747,762442,-0.0706787109375,0.0883026123046875,0.18674924969673157,generated_videos/surface_grid_5_hard.mp4
861,13,42890,752,767390,-0.07025146484375,0.08697509765625,0.18570417165756226,generated_videos/surface_grid_5_hard.mp4
862,19,42934,739,753488,-0.0721588134765625,0.0891876220703125,0.18863314390182495,generated_videos/surface_grid_5_hard.mp4
863,15,42979,739,754026,-0.07177734375,0.090606689453125,0.1879732608795166,generated_videos/surface_grid_5_hard.mp4
864,17,43028,737,753306,-0.0728759765625,0.09087371826171875,0.1871868520975113,generated_videos/surface_grid_5_hard.mp4
865,19,43077,739,751468,-0.07281494140625,0.09079360961914062,0.1866414099931717,generated_videos/surface_grid_5_hard.mp4
866,18,43127,740,752644,-0.071533203125,0.0908203125,0.18604877591133118,generated_videos/surface_grid_5_hard.mp4
867,17,43176,742,752890,-0.072357177734375,0.09085416793823242,0.1861942708492279,generated_videos/surface_grid_5_hard.mp4
868,20,43226,743,757408,-0.0722503662109375,0.09063053131103516,0.1853732317686081,generated_videos/surface_grid_5_hard.mp4
869,17,43276,744,756518,-0.072235107421875,0.09077262878417969,0.18626180291175842,generated_videos/surface_grid_5_hard.mp4
870,19,43324,742,757844,-0.0723419189453125,0.09076499938964844,0.18630367517471313,generated_videos/surface_grid_5_hard.mp4
871,18,43375,745,756861,-0.07086181640625,0.0904693603515625,0.18427589535713196,generated_videos/surface_grid_5_hard.mp4
872,17,43429,747,763475,-0.07086181640625,0.09013080596923828,0.1846025437116623,generated_videos/surface_grid_5_hard.mp4
873,17,43478,746,762436,-0.0726318359375,0.091064453125,0.1881307065486908,generated_videos/surface_grid_5_hard.mp4
874,15,43535,752,769538,-0.070831298828125,0.09066486358642578,0.18728041648864746,generated_videos/surface_grid_5_hard.mp4
875,16,43585,750,770361,-0.0714111328125,0.09108352661132812,0.18914929032325745,generated_videos/surface_grid_5_hard.mp4
876,16,43639,752,769721,-0.070831298828125,0.090911865234375,0.1882394701242447,generated_videos/surface_grid_5_hard.mp4
877,15,43698,756,769270,-0.07086181640625,0.09128618240356445,0.1874215006828308,generated_videos/surface_grid_5_hard.mp4
878,19,43754,750,761028,-0.0718994140625,0.09122133255004883,0.18618710339069366,generated_videos/surface_grid_5_hard.mp4
879,18,43812,752,763065,-0.071990966796875,0.091339111328125,0.1852399706840515,generated_videos/surface_grid_5_hard.mp4
880,15,43872,755,765948,-0.072265625,0.09107208251953125,0.18651612102985382,generated_videos/surface_grid_5_hard.mp4
881,15,43926,753,765470,-0.0740966796875,0.091827392578125,0.18947167694568634,generated_videos/surface_grid_5_hard.mp4
882,16,43984,752,765158,-0.0714111328125,0.0906829833984375,0.18797221779823303,generated_videos/surface_grid_5_hard.mp4
883,15,44038,749,763882,-0.0726318359375,0.09097671508789062,0.18902067840099335,generated_videos/surface_grid_5_hard.mp4
884,14,44098,753,767279,-0.0718994140625,0.09130859375,0.1866934895515442,generated_videos/surface_grid_5_hard.mp4
885,19,44151,743,761557,-0.0750732421875,0.0910797119140625,0.18752649426460266,generated_videos/surface_grid_5_hard.mp4
886,16,44208,745,761089,-0.07275390625,0.09088134765625,0.1861044466495514,generated_videos/surface_grid_5_hard.mp4
887,18,44262,739,753397,-0.0748291015625,0.092864990234375,0.18936021625995636,generated_videos/surface_grid_5_hard.mp4
888,16,44321,741,759743,-0.0723876953125,0.09241962432861328,0.18557487428188324,generated_videos/surface_grid_5_hard.mp4
889,13,44383,751,763919,-0.071533203125,0.09074115753173828,0.18661418557167053,generated_videos/surface_grid_5_hard.mp4
890,14,44440,752,764191,-0.070953369140625,0.09095382690429688,0.18716076016426086,generated_videos/surface_grid_5_hard.mp4
891,17,44494,748,758442,-0.0721588134765625,0.09052276611328125,0.18862786889076233,generated_videos/surface_grid_5_hard.mp4
892,16,44548,749,758540,-0.073974609375,0.0906524658203125,0.18839211761951447,generated_videos/surface_grid_5_hard.mp4
893,17,44602,749,758611,-0.07513427734375,0.09004783630371094,0.18821042776107788,generated_videos/surface_grid_5_hard.mp4
894,17,44655,746,757965,-0.07623291015625,0.09049797058105469,0.18890175223350525,generated_videos/surface_grid_5_hard.mp4
895,15,44713,750,760085,-0.0753173828125,0.0913238525390625,0.18778538703918457,generated_videos/surface_grid_5_hard.mp4
896,15,44767,749,760371,-0.075439453125,0.0926513671875,0.19183515012264252,generated_videos/surface_grid_5_hard.mp4
897,15,44823,750,761645,-0.07733154296875,0.09291839599609375,0.19372545182704926,generated_videos/surface_grid_5_hard.mp4
898,17,44880,748,761421,-0.078399658203125,0.095367431640625,0.19455879926681519,generated_videos/surface_grid_5_hard.mp4
899,15,44939,752,765769,-0.0748291015625,0.09125900268554688,0.18973557651042938,generated_videos/surface_grid_5_hard.mp4
900,15,44993,751,765889,-0.07696533203125,0.09108543395996094,0.19113841652870178,generated_videos/surface_grid_5_hard.mp4
901,15,45049,748,763589,-0.075347900390625,0.0930328369140625,0.1905689537525177,generated_videos/surface_grid_5_hard.mp4
902,18,45101,747,761555,-0.07781982421875,0.09344482421875,0.19394832849502563,generated_videos/surface_grid_5_hard.mp4
903,17,45153,746,762524,-0.078094482421875,0.09393310546875,0.19468361139297485,generated_videos/surface_grid_5_hard.mp4
904,18,45207,746,761538,-0.076751708984375,0.0930938720703125,0.19383834302425385,generated_videos/surface_grid_5_hard.mp4
905,16,45263,747,763644,-0.07757568359375,0.09307861328125,0.19374656677246094,generated_videos/surface_grid_5_hard.mp4
906,14,45319,750,766788,-0.075347900390625,0.0928955078125,0.19408747553825378,generated_videos/surface_grid_5_hard.mp4
907,15,45372,748,763502,-0.06903076171875,0.0953369140625,0.22052252292633057,generated_videos/surface_grid_5_hard.mp4
908,16,45427,749,764707,-0.05145263671875,0.206085205078125,0.35360029339790344,generated_videos/surface_grid_5_hard.mp4
909,16,45480,745,762639,-0.05224609375,0.3809356689453125,0.4954797029495239,generated_videos/surface_grid_5_hard.mp4
910,19,45535,741,758601,-0.05169677734375,0.7525177001953125,0.8298513889312744,generated_videos/surface_grid_5_hard.mp4
911,21,45592,744,760417,-0.06591796875,1.0966796875,1.1545006036758423,generated_videos/surface_grid_5_hard.mp4
912,21,45645,744,760193,-0.0913543701171875,1.3757972717285156,1.4491925239562988,generated_videos/surface_grid_5_hard.mp4
913,22,45700,743,760781,-0.1185302734375,1.760528564453125,1.8443667888641357,generated_videos/surface_grid_5_hard.mp4
914,20,45753,745,762070,-0.1878662109375,2.0877532958984375,2.1625165939331055,generated_videos/surface_grid_5_hard.mp4
915,19,45805,746,761353,-0.26824951171875,2.336090087890625,2.447005033493042,generated_videos/surface_grid_5_hard.mp4
916,20,45858,747,760967,-0.3114013671875,2.468048095703125,2.618969678878784,generated_videos/surface_grid_5_hard.mp4
917,21,45909,745,760485,-0.3575439453125,2.568634033203125,2.718930959701538,generated_videos/surface_grid_5_hard.mp4
918,18,45964,747,765361,-0.3648681640625,2.642181396484375,2.813084602355957,generated_videos/surface_grid_5_hard.mp4
919,19,46013,746,762249,-0.3504638671875,2.635345458984375,2.7944657802581787,generated_videos/surface_grid_5_hard.mp4
920,18,46064,750,763467,-0.3259124755859375,2.573322296142578,2.7561144828796387,generated_videos/surface_grid_5_hard.mp4
921,18,46114,749,761383,-0.315673828125,2.5359954833984375,2.7230381965637207,generated_videos/surface_grid_5_hard.mp4
922,20,46166,748,762979,-0.29248046875,2.4602203369140625,2.673895835876465,generated_videos/surface_grid_5_hard.mp4
923,20,46216,749,761497,-0.3160400390625,2.395904541015625,2.6471519470214844,generated_videos/surface_grid_5_hard.mp4
924,18,46269,751,764449,-0.3385009765625,2.3005218505859375,2.5691680908203125,generated_videos/surface_grid_5_hard.mp4
925,22,46321,751,764562,-0.3740692138671875,2.1505126953125,2.487764596939087,generated_videos/surface_grid_5_hard.mp4
926,21,46374,750,765457,-0.39111328125,2.09332275390625,2.4216537475585938,generated_videos/surface_grid_5_hard.mp4
927,21,46423,748,761609,-0.4974365234375,2.074878692626953,2.4770874977111816,generated_videos/surface_grid_5_hard.mp4
928,21,46478,752,767709,-0.589599609375,2.06512451171875,2.5308990478515625,generated_videos/surface_grid_5_hard.mp4
929,20,46529,750,767048,-0.6202850341796875,2.073802947998047,2.569427013397217,generated_videos/surface_grid_5_hard.mp4
930,23,46584,754,768543,-0.6413116455078125,2.069854736328125,2.632683753967285,generated_videos/surface_grid_5_hard.mp4
931,20,46638,752,769535,-0.6959381103515625,2.0633544921875,2.7172632217407227,generated_videos/surface_grid_5_hard.mp4
932,19,46702,765,777751,-0.6876220703125,1.9774169921875,2.7962100505828857,generated_videos/surface_grid_5_hard.mp4
933,20,46753,755,772021,-0.87152099609375,2.0274658203125,2.9303908348083496,generated_videos/surface_grid_5_hard.mp4
934,19,46810,760,774001,-0.79876708984375,2.0375823974609375,3.017697334289551,generated_videos/surface_grid_5_hard.mp4
935,18,46869,767,780773,-0.73876953125,1.9583425521850586,3.0486509799957275,generated_videos/surface_grid_5_hard.mp4
936,18,46923,767,777249,-0.84698486328125,1.9427108764648438,3.2906439304351807,generated_videos/surface_grid_5_hard.mp4
937,20,46980,764,777015,-1.02117919921875,1.9299602508544922,3.441791534423828,generated_videos/surface_grid_5_hard.mp4
938,21,47038,766,776619,-0.97613525390625,1.8707351684570312,3.495486259460449,generated_videos/surface_grid_5_hard.mp4
939,20,47099,769,776971,-1.061279296875,1.850494384765625,3.569403886795044,generated_videos/surface_grid_5_hard.mp4
940,23,47153,767,775155,-1.333831787109375,1.8904190063476562,3.863529920578003,generated_videos/surface_grid_5_hard.mp4
941,17,47211,769,779943,-1.351715087890625,1.976898193359375,4.120640754699707,generated_videos/surface_grid_5_hard.mp4
942,20,47267,772,780293,-1.46929931640625,2.059600830078125,4.385472297668457,generated_videos/surface_grid_5_hard.mp4
943,19,47321,775,779563,-1.5169677734375,2.250457763671875,4.6617584228515625,generated_videos/surface_grid_5_hard.mp4
944,18,47381,775,781006,-1.390380859375,2.51605224609375,4.876878261566162,generated_videos/surface_grid_5_hard.mp4
945,17,47436,777,781651,-1.52374267578125,2.8407468795776367,5.1690144538879395,generated_videos/surface_grid_5_hard.mp4
946,16,47493,778,782875,-1.48272705078125,3.3228607177734375,5.591089248657227,generated_videos/surface_grid_5_hard.mp4
947,16,47548,781,783605,-1.544677734375,3.7573394775390625,5.90540075302124,generated_videos/surface_grid_5_hard.mp4
948,15,47608,779,782920,-1.55517578125,4.360015869140625,6.351858139038086,generated_videos/surface_grid_5_hard.mp4
949,11,47664,783,791119,-1.642852783203125,4.9752960205078125,6.81475830078125,generated_videos/surface_grid_5_hard.mp4
950,14,47722,779,786647,-1.75048828125,5.40399169921875,7.46699857711792,generated_videos/surface_grid_5_hard.mp4
951,15,47776,781,783565,-1.839141845703125,5.92254638671875,8.065194129943848,generated_videos/surface_grid_5_hard.mp4
952,17,47841,777,783518,-2.00518798828125,6.706390380859375,8.96854305267334,generated_videos/surface_grid_5_hard.mp4
953,16,47901,764,768615,-1.845855712890625,6.948020935058594,9.300111770629883,generated_videos/surface_grid_5_hard.mp4
954,19,47958,765,769535,-1.78106689453125,7.079559326171875,9.628271102905273,generated_videos/surface_grid_5_hard.mp4
955,18,48027,757,767325,-1.8538818359375,7.058013916015625,9.676475524902344,generated_videos/surface_grid_5_hard.mp4
956,19,48101,767,775842,-1.80828857421875,6.795616149902344,9.68336296081543,generated_videos/surface_grid_5_hard.mp4
957,16,48161,773,777440,-1.89630126953125,6.571342468261719,9.886039733886719,generated_videos/surface_grid_5_hard.mp4
958,16,48220,766,777088,-2.0373992919921875,6.401851654052734,9.880303382873535,generated_videos/surface_grid_5_hard.mp4
959,16,48279,766,777486,-2.086029052734375,6.1904754638671875,10.058549880981445,generated_videos/surface_grid_5_hard.mp4
960,17,48343,766,769354,-2.309661865234375,5.800956726074219,10.175874710083008,generated_videos/surface_grid_5_hard.mp4
961,18,48406,770,769229,-2.397979736328125,5.4153900146484375,10.149605751037598,generated_videos/surface_grid_5_hard.mp4
962,20,48466,770,766305,-2.570526123046875,5.079498291015625,10.508285522460938,generated_videos/surface_grid_5_hard.mp4
963,20,48525,771,766829,-2.95587158203125,4.62115478515625,10.583473205566406,generated_videos/surface_grid_5_hard.mp4
964,21,48591,773,766473,-2.92120361328125,4.3973541259765625,10.840691566467285,generated_videos/surface_grid_5_hard.mp4
965,18,48656,776,766772,-3.48748779296875,3.9795989990234375,11.209193229675293,generated_videos/surface_grid_5_hard.mp4
966,18,48715,772,765914,-3.3968963623046875,3.7913894653320312,11.559496879577637,generated_videos/surface_grid_5_hard.mp4
967,14,48788,780,779940,-2.93255615234375,3.3194198608398438,11.796884536743164,generated_videos/surface_grid_5_hard.mp4
968,15,48859,786,779136,-2.965850830078125,2.6473379135131836,11.751307487487793,generated_videos/surface_grid_5_hard.mp4
969,15,48924,784,779324,-3.0876007080078125,2.2416534423828125,12.201238632202148,generated_videos/surface_grid_5_hard.mp4
970,16,48987,780,778410,-3.4902267456054688,2.1808624267578125,12.811614036560059,generated_videos/surface_grid_5_hard.mp4
971,16,49050,785,778590,-3.56341552734375,1.5715255737304688,13.791069984436035,generated_videos/surface_grid_5_hard.mp4
972,18,49111,773,775354,-3.8896484375,0.8370361328125,13.713460922241211,generated_videos/surface_grid_5_hard.mp4
973,20,49180,766,764769,-3.99920654296875,0.40968894958496094,13.735929489135742,generated_videos/surface_grid_5_hard.mp4
974,19,49256,772,772789,-3.499908447265625,0.0,13.671876907348633,generated_videos/surface_grid_5_hard.mp4
975,17,49327,777,773544,-3.609130859375,0.0,14.196078300476074,generated_videos/surface_grid_5_hard.mp4
976,15,49401,792,779306,-3.64337158203125,0.0,14.429648399353027,generated_videos/surface_grid_5_hard.mp4
977,18,49464,794,777745,-3.722381591796875,0.0,15.060646057128906,generated_videos/surface_grid_5_hard.mp4
978,15,49537,802,780774,-3.7649497985839844,-0.0343170166015625,14.432079315185547,generated_videos/surface_grid_5_hard.mp4
979,19,49602,794,776022,-3.80694580078125,-0.21466064453125,14.536667823791504,generated_videos/surface_grid_5_hard.mp4
980,18,49666,786,775295,-3.9834327697753906,-0.3264617919921875,15.65177059173584,generated_videos/surface_grid_5_hard.mp4
981,18,49731,783,776825,-4.122314453125,-0.361968994140625,15.52546215057373,generated_videos/surface_grid_5_hard.mp4
982,19,49791,776,774311,-4.330780029296875,-0.33270263671875,16.44791030883789,generated_videos/surface_grid_5_hard.mp4
983,19,49849,770,770892,-4.6219482421875,-0.24437713623046875,17.025232315063477,generated_videos/surface_grid_5_hard.mp4
984,18,49911,768,772300,-4.7220458984375,-0.05458831787109375,16.878339767456055,generated_videos/surface_grid_5_hard.mp4
985,18,49972,771,774165,-5.044677734375,0.0,16.54255485534668,generated_videos/surface_grid_5_hard.mp4
986,19,50032,776,766826,-5.573131561279297,0.0,16.973981857299805,generated_videos/surface_grid_5_hard.mp4
987,17,50100,792,775223,-5.561454772949219,0.0,17.401296615600586,generated_videos/surface_grid_5_hard.mp4
988,17,50167,797,771788,-5.6202392578125,0.0,17.19684410095215,generated_videos/surface_grid_5_hard.mp4
989,18,50230,798,770940,-5.877197265625,0.0,17.632186889648438,generated_videos/surface_grid_5_hard.mp4
990,17,50292,802,773551,-5.94281005859375,0.0,17.824962615966797,generated_videos/surface_grid_5_hard.mp4
991,18,50348,793,771400,-6.00482177734375,0.0,18.96293067932129,generated_videos/surface_grid_5_hard.mp4
992,17,50416,804,771548,-5.935558319091797,0.0,18.779296875,generated_videos/surface_grid_5_hard.mp4
993,17,50479,805,771294,-5.93048095703125,0.0,19.817384719848633,generated_videos/surface_grid_5_hard.mp4
994,16,50541,811,771694,-6.18048095703125,0.0,19.897972106933594,generated_videos/surface_grid_5_hard.mp4
995,15,50606,815,771305,-6.32391357421875,0.0,19.841333389282227,generated_videos/surface_grid_5_hard.mp4
996,16,50665,806,762642,-6.4569549560546875,0.0,21.373790740966797,generated_videos/surface_grid_5_hard.mp4
997,16,50733,807,767846,-6.2718505859375,-0.2078723907470703,21.439783096313477,generated_videos/surface_grid_5_hard.mp4
998,16,50798,806,770577,-5.789520263671875,-0.6434478759765625,22.13410186767578,generated_videos/surface_grid_5_hard.mp4
999,16,50861,811,768939,-5.81463623046875,-1.01727294921875,21.959444046020508,generated_videos/surface_grid_5_hard.mp4
1000,14,50928,812,768309,-5.4263916015625,-1.2811660766601562,22.262592315673828,generated_videos/surface_grid_5_hard.mp4
1001,19,50987,801,759129,-6.386077880859375,-1.968170166015625,22.596704483032227,generated_videos/surface_grid_5_hard.mp4
1002,19,51044,792,754717,-6.6535491943359375,-2.760223388671875,23.8461971282959,generated_videos/surface_grid_5_hard.mp4
1003,18,51101,791,753364,-6.60321044921875,-3.3770751953125,23.817262649536133,generated_videos/surface_grid_5_hard.mp4
1004,20,51161,790,752919,-6.111265182495117,-3.8404855728149414,24.386783599853516,generated_videos/surface_grid_5_hard.mp4
1005,18,51224,791,754375,-5.7760467529296875,-4.154296875,24.58751106262207,generated_videos/surface_grid_5_hard.mp4
1006,18,51283,791,751320,-6.726445198059082,-4.1239471435546875,25.160524368286133,generated_videos/surface_grid_5_hard.mp4
1007,20,51341,791,747265,-7.25982666015625,-4.18975830078125,26.2992000579834,generated_videos/surface_grid_5_hard.mp4
1008,16,51404,793,750028,-6.81781005859375,-4.108612060546875,26.727930068969727,generated_videos/surface_grid_5_hard.mp4
1009,18,51469,799,748355,-6.786102294921875,-3.59149169921875,26.978307723999023,generated_videos/surface_grid_5_hard.mp4
1010,16,51527,797,751176,-7.36541748046875,-3.72308349609375,27.960683822631836,generated_videos/surface_grid_5_hard.mp4
1011,18,51595,802,751610,-6.965324401855469,-3.4066009521484375,27.761215209960938,generated_videos/surface_grid_5_hard.mp4
1012,16,51656,795,744677,-7.452850341796875,-3.59051513671875,27.950876235961914,generated_videos/surface_grid_5_hard.mp4
1013,19,51721,796,747575,-7.153167724609375,-3.5798721313476562,28.262033462524414,generated_videos/surface_grid_5_hard.mp4
1014,17,51779,793,745193,-7.379638671875,-3.881103515625,28.815122604370117,generated_videos/surface_grid_5_hard.mp4
1015,21,51832,785,741361,-7.7269744873046875,-4.1485595703125,29.835342407226562,generated_videos/surface_grid_5_hard.mp4
1016,18,51888,784,743305,-7.90521240234375,-4.3399810791015625,30.141738891601562,generated_videos/surface_grid_5_hard.mp4
1017,19,51942,782,742726,-8.318740844726562,-4.586204528808594,31.355262756347656,generated_videos/surface_grid_5_hard.mp4
1018,23,52000,780,741169,-8.22186279296875,-4.900806427001953,32.0150146484375,generated_videos/surface_grid_5_hard.mp4
1019,22,52064,788,743874,-7.402907371520996,-5.296348571777344,31.44902229309082,generated_videos/surface_grid_5_hard.mp4
1020,20,52124,791,744520,-7.69329833984375,-5.695220947265625,31.20652961730957,generated_videos/surface_grid_5_hard.mp4
1021,18,52191,799,745415,-7.6290283203125,-5.776359558105469,31.47590446472168,generated_videos/surface_grid_5_hard.mp4
1022,17,52251,801,744501,-8.14748477935791,-6.0213623046875,32.73170852661133,generated_videos/surface_grid_5_hard.mp4
1023,17,52317,800,744056,-8.014434814453125,-6.652162551879883,33.18177032470703,generated_videos/surface_grid_5_hard.mp4
1024,22,52387,803,742499,-8.343217849731445,-7.094146728515625,32.3773193359375,generated_videos/surface_grid_5_hard.mp4
1025,23,52452,800,741208,-8.335235595703125,-7.499755859375,32.47057342529297,generated_videos/surface_grid_5_hard.mp4
1026,15,52513,793,746367,-8.5550537109375,-7.8184051513671875,32.56595993041992,generated_videos/surface_grid_5_hard.mp4
1027,19,52571,794,745038,-9.271392822265625,-8.280807495117188,32.61834716796875,generated_videos/surface_grid_5_hard.mp4
1028,21,52631,792,745373,-9.478790283203125,-8.531228065490723,33.095550537109375,generated_videos/surface_grid_5_hard.mp4
1029,20,52696,796,743641,-8.787300109863281,-8.949103355407715,33.66516876220703,generated_videos/surface_grid_5_hard.mp4
1030,20,52752,789,738690,-9.57049560546875,-9.886871337890625,35.713417053222656,generated_videos/surface_grid_5_hard.mp4
1031,20,52820,798,738279,-8.413909912109375,-9.92111587524414,35.529563903808594,generated_videos/surface_grid_5_hard.mp4
1032,19,52879,796,738979,-8.413909912109375,-10.389152526855469,36.71750259399414,generated_videos/surface_grid_5_hard.mp4
1033,17,52939,795,740714,-8.749267578125,-10.988250732421875,38.398651123046875,generated_videos/surface_grid_5_hard.mp4
1034,19,52998,789,735447,-9.12432861328125,-11.54266357421875,39.64493179321289,generated_videos/surface_grid_5_hard.mp4
1035,19,53054,782,733556,-8.95654296875,-11.724491119384766,40.14718246459961,generated_videos/surface_grid_5_hard.mp4
1036,20,53115,781,732362,-8.3157958984375,-11.483428955078125,39.22077178955078,generated_videos/surface_grid_5_hard.mp4
1037,21,53184,783,730865,-8.8831787109375,-11.001953125,38.4119873046875,generated_videos/surface_grid_5_hard.mp4
1038,18,53243,778,728614,-9.567157745361328,-10.707893371582031,38.763893127441406,generated_videos/surface_grid_5_hard.mp4
1039,19,53300,775,727975,-10.096923828125,-10.254150390625,37.9736442565918,generated_videos/surface_grid_5_hard.mp4
1040,21,53363,776,724605,-10.29815673828125,-9.798828125,38.093353271484375,generated_videos/surface_grid_5_hard.mp4
1041,24,53422,765,722431,-11.12786865234375,-9.71270751953125,37.28315734863281,generated_videos/surface_grid_5_hard.mp4
1042,21,53479,761,720832,-10.63214111328125,-9.74267578125,37.31722640991211,generated_videos/surface_grid_5_hard.mp4
1043,23,53537,757,716766,-10.962554931640625,-9.308563232421875,37.617061614990234,generated_videos/surface_grid_5_hard.mp4
1044,21,53587,748,716345,-10.905099868774414,-9.447883605957031,38.31114196777344,generated_videos/surface_grid_5_hard.mp4
1045,20,53642,750,713955,-10.42919921875,-8.915374755859375,38.51256561279297,generated_videos/surface_grid_5_hard.mp4
1046,23,53700,746,713437,-9.490509033203125,-8.772125244140625,38.62446975708008,generated_videos/surface_grid_5_hard.mp4
1047,20,53763,746,715709,-9.142242431640625,-8.856124877929688,38.702606201171875,generated_videos/surface_grid_5_hard.mp4
1048,20,53825,741,715389,-9.3021240234375,-9.09332275390625,38.72282409667969,generated_videos/surface_grid_5_hard.mp4
1049,19,53885,730,707846,-9.229248046875,-9.117324829101562,39.25322723388672,generated_videos/surface_grid_5_hard.mp4
1050,21,53954,732,710292,-7.513999938964844,-9.270371437072754,38.36592102050781,generated_videos/surface_grid_5_hard.mp4
1051,21,54009,723,701965,-8.57965087890625,-9.38604736328125,38.82843780517578,generated_videos/surface_grid_5_hard.mp4
1052,17,54067,725,699125,-8.88214111328125,-9.000778198242188,38.721405029296875,generated_videos/surface_grid_5_hard.mp4
1053,18,54123,725,694351,-9.33612060546875,-9.3017578125,39.43073654174805,generated_videos/surface_grid_5_hard.mp4
1054,16,54188,731,700007,-8.9305419921875,-8.562652587890625,39.12891387939453,generated_videos/surface_grid_5_hard.mp4
1055,16,54242,722,692907,-9.529693603515625,-9.321243286132812,40.117218017578125,generated_videos/surface_grid_5_hard.mp4
1056,16,54299,722,689482,-9.522814750671387,-9.223922729492188,40.48013687133789,generated_videos/surface_grid_5_hard.mp4
1057,16,54354,727,690673,-9.8128662109375,-8.975128173828125,40.19008255004883,generated_videos/surface_grid_5_hard.mp4
1058,15,54409,726,683777,-10.000640869140625,-8.450820922851562,39.67036437988281,generated_videos/surface_grid_5_hard.mp4
1059,15,54463,730,680997,-10.425256729125977,-8.278494834899902,39.75956344604492,generated_videos/surface_grid_5_hard.mp4
1060,17,54521,733,677019,-10.61572265625,-8.311599731445312,40.30524826049805,generated_videos/surface_grid_5_hard.mp4
1061,15,54569,669,624009,-7.69464111328125,-7.506378173828125,39.10450744628906,generated_videos/surface_grid_5_hard.mp4
1062,15,54667,721,673933,-5.79876708984375,-4.117279052734375,34.405948638916016,generated_videos/surface_grid_5_hard.mp4
1063,14,54724,720,669547,-5.95037841796875,-3.7760467529296875,33.71159362792969,generated_videos/surface_grid_5_hard.mp4
1064,12,54787,732,678913,-6.318511962890625,-3.226207733154297,32.51241683959961,generated_videos/surface_grid_5_hard.mp4
1065,11,54848,739,681170,-6.069709777832031,-2.768707275390625,31.735248565673828,generated_videos/surface_grid_5_hard.mp4
1066,12,54904,724,670779,-6.60870361328125,-2.65838623046875,32.56293487548828,generated_videos/surface_grid_5_hard.mp4
1067,11,54965,729,677032,-6.71466064453125,-2.050018310546875,31.223806381225586,generated_videos/surface_grid_5_hard.mp4
1068,19,55014,662,611562,-7.771942138671875,-4.925102233886719,36.94877624511719,generated_videos/surface_grid_5_hard.mp4
1069,17,55065,655,612358,-7.591796875,-4.6291046142578125,34.31541061401367,generated_videos/surface_grid_5_hard.mp4
1070,14,55160,680,660531,-5.599578857421875,-3.0181350708007812,28.71125602722168,generated_videos/surface_grid_5_hard.mp4
1071,15,55213,684,661449,-5.8603057861328125,-2.6573410034179688,29.05689239501953,generated_videos/surface_grid_5_hard.mp4
1072,16,55266,646,621312,-7.5988006591796875,-3.656147003173828,32.821083068847656,generated_videos/surface_grid_5_hard.mp4
1073,21,55318,630,614411,-6.560676574707031,-3.3847274780273438,30.433998107910156,generated_videos/surface_grid_5_hard.mp4
1074,24,55365,571,555190,-8.2042236328125,-4.085693359375,30.49580955505371,generated_videos/surface_grid_5_hard.mp4
1075,18,55462,626,610446,-6.080047607421875,-1.681549072265625,24.605995178222656,generated_videos/surface_grid_5_hard.mp4
1076,16,55577,693,688657,-2.520660400390625,-0.22293472290039062,19.196516036987305,generated_videos/surface_grid_5_hard.mp4
1077,18,55630,683,678189,-3.464691162109375,-0.293975830078125,19.45965003967285,generated_videos/surface_grid_5_hard.mp4
1078,17,55681,675,677008,-4.44439697265625,-0.432373046875,19.46873664855957,generated_videos/surface_grid_5_hard.mp4
1079,16,55748,686,687824,-4.9071502685546875,-0.4556427001953125,18.878278732299805,generated_videos/surface_grid_5_hard.mp4
1080,13,55803,625,621865,-7.22210693359375,-1.241241455078125,24.08319664001465,generated_videos/surface_grid_5_hard.mp4
1081,14,55919,696,701489,-5.8462677001953125,0.0,18.895299911499023,generated_videos/surface_grid_5_hard.mp4
1082,14,55973,691,699270,-7.122344970703125,-0.053192138671875,20.06252098083496,generated_videos/surface_grid_5_hard.mp4
1083,12,56034,706,709458,-7.604400634765625,0.0,19.53887176513672,generated_videos/surface_grid_5_hard.mp4
1084,12,56082,709,712419,-7.634765625,0.0,20.55042839050293,generated_videos/surface_grid_5_hard.mp4
1085,12,56133,715,715921,-8.463165283203125,0.0,21.21989631652832,generated_videos/surface_grid_5_hard.mp4
1086,14,56187,711,717075,-8.449066162109375,0.0,21.635740280151367,generated_videos/surface_grid_5_hard.mp4
1087,16,56247,714,723712,-7.8692626953125,0.0,22.26766586303711,generated_videos/surface_grid_5_hard.mp4
1088,17,56300,714,726842,-6.987213134765625,0.0435028076171875,23.390514373779297,generated_videos/surface_grid_5_hard.mp4
1089,15,56356,723,733926,-7.26348876953125,0.32757568359375,24.296350479125977,generated_videos/surface_grid_5_hard.mp4
1090,16,56419,735,746386,-7.38824462890625,0.5289306640625,24.679706573486328,generated_videos/surface_grid_5_hard.mp4
1091,18,56471,728,738391,-7.394561767578125,0.835540771484375,26.282495498657227,generated_videos/surface_grid_5_hard.mp4
1092,13,56534,747,764115,-6.89581298828125,0.74920654296875,26.724811553955078,generated_videos/surface_grid_5_hard.mp4
1093,17,56597,744,759599,-7.12811279296875,0.6983532905578613,27.22913360595703,generated_videos/surface_grid_5_hard.mp4
1094,17,56649,750,762405,-8.007293701171875,1.0255279541015625,28.140260696411133,generated_videos/surface_grid_5_hard.mp4
1095,16,56706,753,768610,-7.4893798828125,1.28155517578125,28.39982032775879,generated_videos/surface_grid_5_hard.mp4
1096,17,56763,717,719804,-10.2421875,0.6392669677734375,29.211584091186523,generated_videos/surface_grid_5_hard.mp4
1097,16,56818,727,724477,-10.43536376953125,0.933319091796875,29.61850357055664,generated_videos/surface_grid_5_hard.mp4
1098,18,56882,732,728965,-9.925155639648438,0.5898361206054688,29.414539337158203,generated_videos/surface_grid_5_hard.mp4
1099,15,56954,756,747972,-9.19573974609375,0.347381591796875,29.418758392333984,generated_videos/surface_grid_5_hard.mp4
1100,15,57021,774,754900,-8.763526916503906,0.1886749267578125,29.49571990966797,generated_videos/surface_grid_5_hard.mp4
1101,17,57079,773,757723,-10.01751708984375,0.0,30.11028480529785,generated_videos/surface_grid_5_hard.mp4
1102,16,57137,773,762371,-10.58489990234375,0.0,31.575061798095703,generated_videos/surface_grid_5_hard.mp4
1103,16,57193,773,766619,-10.6473388671875,0.0,32.89364242553711,generated_videos/surface_grid_5_hard.mp4
1104,16,57269,795,780972,-10.17828369140625,0.0,32.71017074584961,generated_videos/surface_grid_5_hard.mp4
1105,18,57337,789,774036,-10.95574951171875,0.0,34.404178619384766,generated_videos/surface_grid_5_hard.mp4
1106,17,57419,807,783008,-10.268157958984375,0.0,33.41448211669922,generated_videos/surface_grid_5_hard.mp4
1107,15,57491,806,785336,-10.743804931640625,-0.04656982421875,33.849124908447266,generated_videos/surface_grid_5_hard.mp4
1108,19,57565,812,783389,-11.11114501953125,-0.7030186653137207,34.1359977722168,generated_videos/surface_grid_5_hard.mp4
1109,20,57633,815,783148,-11.36090087890625,-1.61083984375,34.32163619995117,generated_videos/surface_grid_5_hard.mp4
1110,17,57709,812,785954,-10.99786376953125,-2.1850433349609375,34.90864562988281,generated_videos/surface_grid_5_hard.mp4
1111,17,57774,814,786609,-11.134429931640625,-2.897369384765625,35.811805725097656,generated_videos/surface_grid_5_hard.mp4
1112,21,57838,809,785118,-11.1331787109375,-4.0130615234375,36.816951751708984,generated_videos/surface_grid_5_hard.mp4
1113,19,57908,817,784107,-11.31390380859375,-4.458587646484375,37.66704559326172,generated_videos/surface_grid_5_hard.mp4
1114,20,57979,821,785416,-11.06207275390625,-4.635406494140625,37.92351150512695,generated_videos/surface_grid_5_hard.mp4
1115,20,58051,818,786858,-10.70428466796875,-5.303253173828125,38.635345458984375,generated_videos/surface_grid_5_hard.mp4
1116,22,58119,815,780296,-10.33734130859375,-5.924560546875,39.30595779418945,generated_videos/surface_grid_5_hard.mp4
1117,23,58193,816,780896,-9.362274169921875,-6.491455078125,39.94536209106445,generated_videos/surface_grid_5_hard.mp4
1118,18,58278,827,792709,-8.31842041015625,-6.366363525390625,38.44284439086914,generated_videos/surface_grid_5_hard.mp4
1119,18,58358,834,786128,-7.727630615234375,-6.260101318359375,40.02027893066406,generated_videos/surface_grid_5_hard.mp4
1120,18,58442,838,788717,-7.5932464599609375,-6.39640998840332,40.08409118652344,generated_videos/surface_grid_5_hard.mp4
1121,22,58525,845,786623,-7.52049446105957,-6.387969970703125,40.769779205322266,generated_videos/surface_grid_5_hard.mp4
1122,19,58604,838,788101,-7.941322326660156,-6.846174240112305,39.79581069946289,generated_videos/surface_grid_5_hard.mp4
1123,17,58678,799,745220,-6.2616424560546875,-7.850128173828125,40.03990173339844,generated_videos/surface_grid_5_hard.mp4
1124,22,58751,799,740596,-6.568603515625,-8.066162109375,41.31118392944336,generated_videos/surface_grid_5_hard.mp4
1125,18,58826,791,738213,-6.719531059265137,-8.13134765625,41.224464416503906,generated_videos/surface_grid_5_hard.mp4
1126,18,58906,786,736796,-5.3566436767578125,-7.7398681640625,40.170326232910156,generated_videos/surface_grid_5_hard.mp4
1127,22,58982,773,731196,-5.46856689453125,-7.667022705078125,39.4996337890625,generated_videos/surface_grid_5_hard.mp4
1128,23,59065,776,728392,-4.445281982421875,-7.414482116699219,38.72840118408203,generated_videos/surface_grid_5_hard.mp4
1129,18,59145,784,730135,-4.6169586181640625,-6.661590576171875,38.804527282714844,generated_videos/surface_grid_5_hard.mp4
1130,17,59252,815,755873,-2.26593017578125,-4.57672119140625,37.35680389404297,generated_videos/surface_grid_5_hard.mp4
1131,18,59339,788,728217,-1.9130477905273438,-4.6623382568359375,38.88115692138672,generated_videos/surface_grid_5_hard.mp4
1132,18,59430,789,739898,-1.2913818359375,-4.476226806640625,38.50859451293945,generated_videos/surface_grid_5_hard.mp4
1133,17,59515,802,743218,-0.63983154296875,-3.8122406005859375,37.40343475341797,generated_videos/surface_grid_5_hard.mp4
1134,16,59599,794,741730,-0.4104766845703125,-4.096225738525391,38.67022705078125,generated_videos/surface_grid_5_hard.mp4
1135,16,59732,844,782080,0.0,-1.2435951232910156,36.15753173828125,generated_videos/surface_grid_5_hard.mp4
1136,18,59810,839,781843,-1.0552444458007812,-1.444244384765625,36.685245513916016,generated_videos/surface_grid_5_hard.mp4
1137,16,59905,852,796146,-0.9027786254882812,-1.4073715209960938,35.24603271484375,generated_videos/surface_grid_5_hard.mp4
1138,15,59994,801,747917,0.0,-2.917633056640625,39.39173889160156,generated_videos/surface_grid_5_hard.mp4
1139,15,60083,788,729893,0.0,-3.198211669921875,39.50965881347656,generated_videos/surface_grid_5_hard.mp4
1140,19,60190,802,740394,0.0,-2.30743408203125,38.1871337890625,generated_videos/surface_grid_5_hard.mp4
1141,16,60319,847,780676,0.0,-1.569580078125,34.0463981628418,generated_videos/surface_grid_5_hard.mp4
1142,17,60430,844,778651,0.0,-1.556915283203125,32.994197845458984,generated_videos/surface_grid_5_hard.mp4
1143,16,60529,830,772894,-0.284271240234375,-2.4053955078125,33.63797378540039,generated_videos/surface_grid_5_hard.mp4
1144,17,60637,829,773842,-0.369384765625,-2.5665454864501953,34.01927947998047,generated_videos/surface_grid_5_hard.mp4
1145,15,60752,832,783289,-0.170684814453125,-2.935791015625,33.1512451171875,generated_videos/surface_grid_5_hard.mp4
1146,14,60876,848,797164,0.0,-2.8023300170898438,31.565271377563477,generated_videos/surface_grid_5_hard.mp4
1147,15,60982,802,755718,0.0,-4.520503997802734,33.841888427734375,generated_videos/surface_grid_5_hard.mp4
1148,13,61123,843,793597,0.0,-3.4290313720703125,29.85224723815918,generated_videos/surface_grid_5_hard.mp4
1149,15,61233,858,796035,-0.464019775390625,-4.136924743652344,29.91497230529785,generated_videos/surface_grid_5_hard.mp4
1150,14,61348,869,800767,-0.4288330078125,-4.715919494628906,31.268325805664062,generated_videos/surface_grid_5_hard.mp4
1151,14,61453,877,806385,-0.936309814453125,-5.1013641357421875,32.32988357543945,generated_videos/surface_grid_5_hard.mp4
1152,15,61563,877,807836,-1.252532958984375,-5.9068603515625,33.24382400512695,generated_videos/surface_grid_5_hard.mp4
1153,14,61685,894,822510,-0.3496551513671875,-5.9379730224609375,35.586334228515625,generated_videos/surface_grid_5_hard.mp4
1154,12,61805,879,816468,-0.208282470703125,-6.29010009765625,36.98286819458008,generated_videos/surface_grid_5_hard.mp4
1155,15,61913,889,817422,-0.65887451171875,-6.509674072265625,37.7765007019043,generated_videos/surface_grid_5_hard.mp4
1156,14,62030,845,823598,0.0,-5.2169189453125,35.99578857421875,generated_videos/surface_grid_5_hard.mp4
1157,14,62159,827,827527,0.0,-2.7078399658203125,33.0811653137207,generated_videos/surface_grid_5_hard.mp4
1158,13,62302,859,859259,0.0,-1.81304931640625,31.15294647216797,generated_videos/surface_grid_5_hard.mp4
1159,13,62430,859,858703,0.0,-1.312530517578125,33.01810836791992,generated_videos/surface_grid_5_hard.mp4
1160,12,62562,857,859017,0.0,-1.4298791885375977,33.4023323059082,generated_videos/surface_grid_5_hard.mp4
1161,14,62686,847,853573,0.0,-1.2457275390625,33.74140930175781,generated_videos/surface_grid_5_hard.mp4
1162,13,62829,851,852710,0.0,-1.2759857177734375,31.12567901611328,generated_videos/surface_grid_5_hard.mp4
1163,13,62935,844,852710,-0.5344390869140625,-1.6916732788085938,32.105873107910156,generated_videos/surface_grid_5_hard.mp4
1164,14,63032,836,852849,-0.978546142578125,-1.8815383911132812,33.03367614746094,generated_videos/surface_grid_5_hard.mp4
1165,13,63153,842,853915,0.0,-1.688323974609375,32.6156005859375,generated_videos/surface_grid_5_hard.mp4
1166,14,63271,847,855101,0.0,-2.17193603515625,31.745616912841797,generated_videos/surface_grid_5_hard.mp4
1167,15,63382,850,854240,-1.1253814697265625,-2.3278350830078125,31.069515228271484,generated_videos/surface_grid_5_hard.mp4
1168,15,63491,862,854805,-1.4693145751953125,-2.5943145751953125,30.91162872314453,generated_videos/surface_grid_5_hard.mp4
1169,16,63595,833,821123,-0.78460693359375,-2.839324951171875,32.73080825805664,generated_videos/surface_grid_5_hard.mp4
1170,16,63695,835,821539,-1.885009765625,-3.73406982421875,34.36298751831055,generated_videos/surface_grid_5_hard.mp4
1171,16,63810,863,856306,-0.618560791015625,-4.422454833984375,33.251991271972656,generated_videos/surface_grid_5_hard.mp4
1172,16,63900,863,856842,-2.0473785400390625,-5.45123291015625,33.896392822265625,generated_videos/surface_grid_5_hard.mp4
1173,17,63994,827,810682,-1.1337890625,-6.780181884765625,37.14638137817383,generated_videos/surface_grid_5_hard.mp4
1174,14,64099,844,816712,-0.4659423828125,-7.049224853515625,36.499473571777344,generated_videos/surface_grid_5_hard.mp4
1175,13,64236,874,857958,0.0,-6.115142822265625,34.876495361328125,generated_videos/surface_grid_5_hard.mp4
1176,13,64331,880,857912,-1.7723541259765625,-6.632354736328125,35.73614501953125,generated_videos/surface_grid_5_hard.mp4
1177,15,64428,873,856164,-2.89569091796875,-6.77410888671875,36.633121490478516,generated_videos/surface_grid_5_hard.mp4
1178,16,64523,883,861790,-3.14190673828125,-6.768012523651123,35.735992431640625,generated_videos/surface_grid_5_hard.mp4
1179,16,64620,889,868078,-4.68310546875,-6.6851959228515625,36.54682540893555,generated_videos/surface_grid_5_hard.mp4
1180,18,64718,881,854118,-3.24151611328125,-7.805084228515625,38.7949104309082,generated_videos/surface_grid_5_hard.mp4
1181,17,64828,896,862416,-2.952423095703125,-7.7337646484375,39.25474548339844,generated_videos/surface_grid_5_hard.mp4
1182,14,64926,898,866684,-4.1583709716796875,-8.141414642333984,40.53691101074219,generated_videos/surface_grid_5_hard.mp4
1183,17,65024,889,861939,-5.39349365234375,-8.539794921875,42.959983825683594,generated_videos/surface_grid_5_hard.mp4
1184,20,65123,880,859791,-5.277562618255615,-8.556655883789062,43.91490936279297,generated_videos/surface_grid_5_hard.mp4
1185,19,65238,883,858627,-4.489837646484375,-8.96630859375,43.083709716796875,generated_videos/surface_grid_5_hard.mp4
1186,20,65340,881,859916,-5.86810302734375,-9.64691162109375,44.30159378051758,generated_videos/surface_grid_5_hard.mp4
1187,16,65445,887,860367,-6.76165771484375,-9.432891845703125,46.871490478515625,generated_videos/surface_grid_5_hard.mp4
1188,16,65551,880,858882,-6.621894836425781,-10.005577087402344,46.62538146972656,generated_videos/surface_grid_5_hard.mp4
1189,18,65662,889,862819,-6.292022705078125,-10.155609130859375,47.650840759277344,generated_videos/surface_grid_5_hard.mp4
1190,21,65775,896,862186,-4.531097412109375,-10.245773315429688,47.60407257080078,generated_videos/surface_grid_5_hard.mp4
1191,20,65882,897,861901,-5.659423828125,-10.683349609375,48.45545196533203,generated_videos/surface_grid_5_hard.mp4
1192,18,65998,909,866103,-5.5615081787109375,-10.260017395019531,48.933738708496094,generated_videos/surface_grid_5_hard.mp4
1193,17,66107,905,860963,-6.462738037109375,-10.966339111328125,51.16141891479492,generated_videos/surface_grid_5_hard.mp4
1194,12,66217,915,869799,-7.644073486328125,-11.51324462890625,53.25490188598633,generated_videos/surface_grid_5_hard.mp4
1195,11,66339,920,873313,-7.747650146484375,-11.355476379394531,54.08393478393555,generated_videos/surface_grid_5_hard.mp4
1196,13,66449,924,873431,-8.701499938964844,-11.933181762695312,55.68346405029297,generated_videos/surface_grid_5_hard.mp4
1197,15,66558,914,859047,-9.265472412109375,-13.190216064453125,58.43029022216797,generated_videos/surface_grid_5_hard.mp4
1198,18,66664,911,857426,-9.2589111328125,-14.707763671875,60.147377014160156,generated_videos/surface_grid_5_hard.mp4
1199,15,66784,916,858718,-9.215164184570312,-14.110397338867188,60.99652099609375,generated_videos/surface_grid_5_hard.mp4
1200,15,66901,928,857452,-7.9376220703125,-14.665908813476562,60.76097106933594,generated_videos/surface_grid_5_hard.mp4
1201,17,67014,934,856500,-9.286842346191406,-15.300140380859375,62.122257232666016,generated_videos/surface_grid_5_hard.mp4
1202,14,67128,940,864204,-8.556461334228516,-15.330276489257812,59.23408508300781,generated_videos/surface_grid_5_hard.mp4
1203,15,67252,938,861324,-7.8403472900390625,-15.659395217895508,58.477657318115234,generated_videos/surface_grid_5_hard.mp4
1204,16,67373,945,866281,-7.64874267578125,-15.138427734375,60.04492950439453,generated_videos/surface_grid_5_hard.mp4
1205,13,67507,947,867631,-7.48443603515625,-15.477203369140625,59.23257827758789,generated_videos/surface_grid_5_hard.mp4
1206,14,67624,941,866963,-8.225738525390625,-14.9053955078125,59.08125305175781,generated_videos/surface_grid_5_hard.mp4
1207,13,67750,931,868497,-6.466949462890625,-12.334228515625,55.862083435058594,generated_videos/surface_grid_5_hard.mp4
1208,16,67875,941,864096,-7.30792236328125,-11.87982177734375,56.710609436035156,generated_videos/surface_grid_5_hard.mp4
1209,14,68010,947,868311,-7.00482177734375,-11.496307373046875,57.023624420166016,generated_videos/surface_grid_5_hard.mp4
1210,15,68143,958,867765,-7.062534332275391,-11.214752197265625,53.608734130859375,generated_videos/surface_grid_5_hard.mp4
1211,17,68269,943,866567,-8.25787353515625,-10.965545654296875,54.085872650146484,generated_videos/surface_grid_5_hard.mp4
1212,15,68409,930,867419,-6.3130340576171875,-10.199455261230469,49.11799621582031,generated_videos/surface_grid_5_hard.mp4
1213,12,68553,925,868993,-5.9676513671875,-9.8271484375,46.78957748413086,generated_videos/surface_grid_5_hard.mp4
1214,16,68690,930,864479,-5.473991394042969,-9.83011245727539,47.598716735839844,generated_videos/surface_grid_5_hard.mp4
1215,13,68826,942,868855,-6.300136566162109,-9.533073425292969,48.99602508544922,generated_videos/surface_grid_5_hard.mp4
1216,14,68953,946,868635,-8.122955322265625,-9.701408386230469,51.128082275390625,generated_videos/surface_grid_5_hard.mp4
1217,12,69088,951,868992,-8.25390625,-8.962738037109375,51.75468826293945,generated_videos/surface_grid_5_hard.mp4
1218,13,69207,950,867100,-9.174522399902344,-9.021514892578125,54.30581283569336,generated_videos/surface_grid_5_hard.mp4
1219,15,69338,952,867791,-10.135772705078125,-8.54925537109375,58.19331359863281,generated_videos/surface_grid_5_hard.mp4
1220,13,69462,947,869701,-8.91162109375,-8.70806884765625,57.1568603515625,generated_videos/surface_grid_5_hard.mp4
1221,17,69595,943,864909,-9.0350341796875,-9.09039306640625,60.02101135253906,generated_videos/surface_grid_5_hard.mp4
1222,20,69721,945,864611,-7.120849609375,-9.181632995605469,61.216426849365234,generated_videos/surface_grid_5_hard.mp4
1223,15,69870,939,867149,-4.89190673828125,-7.027923583984375,56.04623794555664,generated_videos/surface_grid_5_hard.mp4
1224,16,70001,918,865137,-5.298919677734375,-7.084236145019531,51.74402618408203,generated_videos/surface_grid_5_hard.mp4
1225,13,70143,922,870272,-4.278656005859375,-7.3190765380859375,48.08565139770508,generated_videos/surface_grid_5_hard.mp4
1226,13,70271,925,868211,-5.5574951171875,-7.752006530761719,50.54095458984375,generated_videos/surface_grid_5_hard.mp4
1227,14,70397,930,866321,-5.6539764404296875,-8.361770629882812,52.380157470703125,generated_videos/surface_grid_5_hard.mp4
1228,15,70515,929,863857,-6.805999755859375,-9.03564453125,54.52872085571289,generated_videos/surface_grid_5_hard.mp4
1229,16,70635,933,867506,-7.9307861328125,-9.918487548828125,56.30419158935547,generated_videos/surface_grid_5_hard.mp4
1230,11,70748,938,877561,-8.5211181640625,-10.530502319335938,56.01896667480469,generated_videos/surface_grid_5_hard.mp4
1231,11,70864,953,875679,-8.4764404296875,-10.522384643554688,57.285926818847656,generated_videos/surface_grid_5_hard.mp4
1232,15,70975,951,864297,-8.950927734375,-11.21636962890625,60.068870544433594,generated_videos/surface_grid_5_hard.mp4
1233,14,71095,964,869819,-7.800636291503906,-11.0841064453125,60.519412994384766,generated_videos/surface_grid_5_hard.mp4
1234,16,71214,966,867442,-9.520645141601562,-10.955368041992188,60.57164001464844,generated_videos/surface_grid_5_hard.mp4
1235,15,71324,964,870323,-8.588302612304688,-11.099822998046875,59.48680114746094,generated_videos/surface_grid_5_hard.mp4
1236,15,71444,976,867729,-8.622207641601562,-11.737045288085938,59.36585998535156,generated_videos/surface_grid_5_hard.mp4
1237,15,71561,975,864216,-7.209716796875,-11.168636322021484,59.9279899597168,generated_videos/surface_grid_5_hard.mp4
1238,13,71684,986,874179,-7.843955993652344,-10.359222412109375,59.149925231933594,generated_videos/surface_grid_5_hard.mp4
1239,15,71802,994,872923,-8.558990478515625,-10.097503662109375,61.541831970214844,generated_videos/surface_grid_5_hard.mp4
1240,14,71910,982,873679,-8.99603271484375,-10.482379913330078,62.69477462768555,generated_videos/surface_grid_5_hard.mp4
1241,15,72032,996,873079,-9.09515380859375,-10.400360107421875,61.814857482910156,generated_videos/surface_grid_5_hard.mp4
1242,14,72174,1009,878222,-7.43292236328125,-8.138580322265625,60.94611358642578,generated_videos/surface_grid_5_hard.mp4
1243,16,72287,996,871929,-9.22265625,-8.742431640625,59.97730255126953,generated_videos/surface_grid_5_hard.mp4
1244,17,72403,980,869203,-8.684951782226562,-8.95745849609375,61.93937683105469,generated_videos/surface_grid_5_hard.mp4
1245,13,72512,920,866579,-3.688629150390625,-7.565948486328125,55.479225158691406,generated_videos/surface_grid_5_hard.mp4
1246,16,72642,920,866459,-1.9619903564453125,-6.8218994140625,51.134193420410156,generated_videos/surface_grid_5_hard.mp4
1247,15,72772,910,869027,-1.3729248046875,-6.261444091796875,47.93395233154297,generated_videos/surface_grid_5_hard.mp4
1248,19,72870,892,859817,-2.4388294219970703,-7.0219268798828125,48.66268539428711,generated_videos/surface_grid_5_hard.mp4
1249,18,73000,904,872640,-1.195343017578125,-6.806526184082031,43.141075134277344,generated_videos/surface_grid_5_hard.mp4
1250,14,73100,905,872050,-2.57940673828125,-7.6077728271484375,43.72266387939453,generated_videos/surface_grid_5_hard.mp4
1251,15,73219,904,865614,-2.618865966796875,-7.983203887939453,44.26422119140625,generated_videos/surface_grid_5_hard.mp4
1252,13,73337,909,870964,-3.598388671875,-7.660362243652344,44.25714874267578,generated_videos/surface_grid_5_hard.mp4
1253,14,73444,905,868820,-4.917655944824219,-8.56317138671875,45.59329605102539,generated_videos/surface_grid_5_hard.mp4
1254,13,73550,903,872808,-4.256134033203125,-9.447357177734375,46.77158737182617,generated_videos/surface_grid_5_hard.mp4
1255,13,73646,900,870124,-4.595268249511719,-10.446701049804688,49.093292236328125,generated_videos/surface_grid_5_hard.mp4
1256,14,73746,906,871892,-5.016754150390625,-11.086151123046875,51.16004943847656,generated_videos/surface_grid_5_hard.mp4
1257,17,73851,914,868262,-4.0430755615234375,-11.489044189453125,52.00123596191406,generated_videos/surface_grid_5_hard.mp4
1258,16,73955,915,868217,-4.631378173828125,-11.913558959960938,52.05434036254883,generated_videos/surface_grid_5_hard.mp4
1259,16,74053,918,862122,-5.276214599609375,-12.187164306640625,54.66578674316406,generated_videos/surface_grid_5_hard.mp4
1260,16,74166,941,871096,-4.799957275390625,-11.611862182617188,55.095977783203125,generated_videos/surface_grid_5_hard.mp4
1261,15,74263,933,865503,-6.262237548828125,-12.756088256835938,57.89891815185547,generated_videos/surface_grid_5_hard.mp4
1262,17,74368,941,873034,-7.236602783203125,-11.530517578125,59.95084762573242,generated_videos/surface_grid_5_hard.mp4
1263,17,74474,931,871336,-7.55133056640625,-11.560577392578125,64.60901641845703,generated_videos/surface_grid_5_hard.mp4
1264,18,74583,933,871809,-8.0189208984375,-11.048263549804688,63.64946746826172,generated_videos/surface_grid_5_hard.mp4
1265,14,74692,922,875809,-8.843673706054688,-11.466087341308594,62.99530029296875,generated_videos/surface_grid_5_hard.mp4
1266,12,74813,929,879659,-7.64556884765625,-8.134048461914062,53.83821487426758,generated_videos/surface_grid_5_hard.mp4
1267,15,74919,921,876209,-6.9136962890625,-7.454193115234375,50.42478561401367,generated_videos/surface_grid_5_hard.mp4
1268,15,75015,922,872763,-8.24046516418457,-8.382255554199219,52.45708084106445,generated_videos/surface_grid_5_hard.mp4
1269,15,75108,923,875897,-9.900394439697266,-8.422805786132812,55.300392150878906,generated_videos/surface_grid_5_hard.mp4
1270,16,75202,920,872429,-10.974367141723633,-8.88631820678711,55.381248474121094,generated_videos/surface_grid_5_hard.mp4
1271,16,75297,919,871753,-12.5699462890625,-8.713363647460938,57.87640380859375,generated_videos/surface_grid_5_hard.mp4
1272,20,75405,921,870699,-12.87335205078125,-8.27090072631836,59.297096252441406,generated_videos/surface_grid_5_hard.mp4
1273,21,75516,918,869738,-10.155105590820312,-9.429985046386719,56.64113998413086,generated_videos/surface_grid_5_hard.mp4
1274,16,75623,919,873916,-10.608154296875,-10.948219299316406,58.076236724853516,generated_videos/surface_grid_5_hard.mp4
1275,23,75730,911,862874,-10.69293212890625,-11.246170043945312,57.14478302001953,generated_videos/surface_grid_5_hard.mp4
1276,21,75837,910,861526,-10.20458984375,-11.523574829101562,59.06340026855469,generated_videos/surface_grid_5_hard.mp4
1277,20,75951,916,864723,-9.61151123046875,-10.948944091796875,56.984535217285156,generated_videos/surface_grid_5_hard.mp4
1278,18,76072,931,866160,-9.43011474609375,-10.0738525390625,58.01637268066406,generated_videos/surface_grid_5_hard.mp4
1279,16,76184,936,869290,-9.637847900390625,-9.679306030273438,57.62110137939453,generated_videos/surface_grid_5_hard.mp4
1280,15,76281,927,866743,-10.85687255859375,-10.319549560546875,57.95623016357422,generated_videos/surface_grid_5_hard.mp4
1281,12,76393,928,867645,-10.206802368164062,-9.34375,59.14116668701172,generated_videos/surface_grid_5_hard.mp4
1282,12,76507,934,869841,-9.606353759765625,-9.309813499450684,58.4439697265625,generated_videos/surface_grid_5_hard.mp4
1283,12,76615,923,868937,-9.815277099609375,-8.473602294921875,57.87312698364258,generated_videos/surface_grid_5_hard.mp4
1284,13,76740,927,867774,-8.642822265625,-7.067230224609375,56.72898864746094,generated_videos/surface_grid_5_hard.mp4
1285,15,76851,921,866355,-8.7708740234375,-6.50018310546875,53.89435577392578,generated_videos/surface_grid_5_hard.mp4
1286,14,76972,937,869071,-8.62017822265625,-7.25335693359375,53.11041259765625,generated_videos/surface_grid_5_hard.mp4
1287,13,77081,939,869640,-9.875946044921875,-6.927391052246094,57.0367546081543,generated_videos/surface_grid_5_hard.mp4
1288,12,77193,928,867588,-10.552398681640625,-7.35382080078125,52.857269287109375,generated_videos/surface_grid_5_hard.mp4
1289,12,77312,916,869022,-10.396453857421875,-7.376842498779297,52.45491027832031,generated_videos/surface_grid_5_hard.mp4
1290,16,77431,911,865052,-10.053863525390625,-7.84991455078125,51.2387580871582,generated_videos/surface_grid_5_hard.mp4
1291,15,77535,904,862864,-11.506011962890625,-8.52294921875,51.96379852294922,generated_videos/surface_grid_5_hard.mp4
1292,15,77670,910,857274,-10.06488037109375,-8.167373657226562,50.87635803222656,generated_videos/surface_grid_5_hard.mp4
1293,14,77789,920,859392,-10.1546630859375,-8.438270568847656,52.37712860107422,generated_videos/surface_grid_5_hard.mp4
1294,14,77913,928,855800,-10.989532470703125,-8.848762512207031,52.59642028808594,generated_videos/surface_grid_5_hard.mp4
1295,15,78023,914,857515,-9.861114501953125,-8.072402954101562,51.96772003173828,generated_videos/surface_grid_5_hard.mp4
1296,14,78157,920,858263,-9.443878173828125,-8.281684875488281,55.01088333129883,generated_videos/surface_grid_5_hard.mp4
1297,14,78281,922,855513,-9.64398193359375,-8.143013000488281,57.67460250854492,generated_videos/surface_grid_5_hard.mp4
1298,15,78426,942,857174,-6.27545166015625,-7.31146240234375,55.22904968261719,generated_videos/surface_grid_5_hard.mp4
1299,15,78541,939,857578,-8.011138916015625,-7.9226226806640625,58.31044006347656,generated_videos/surface_grid_5_hard.mp4
1300,12,78678,938,858405,-7.8035888671875,-7.456053733825684,57.73783874511719,generated_videos/surface_grid_5_hard.mp4
1301,13,78801,903,858480,-6.19976806640625,-6.094810485839844,51.33903884887695,generated_videos/surface_grid_5_hard.mp4
1302,11,78942,894,858397,-5.704010009765625,-6.2703857421875,47.20330810546875,generated_videos/surface_grid_5_hard.mp4
1303,13,79074,905,854971,-5.324951171875,-6.9215087890625,44.890682220458984,generated_videos/surface_grid_5_hard.mp4
1304,12,79212,922,862629,-5.886962890625,-6.791751861572266,45.291316986083984,generated_videos/surface_grid_5_hard.mp4
1305,14,79355,931,861146,-6.56463623046875,-7.8827362060546875,47.15949630737305,generated_videos/surface_grid_5_hard.mp4
1306,12,79500,943,862712,-6.96026611328125,-8.603302001953125,46.739356994628906,generated_videos/surface_grid_5_hard.mp4
1307,12,79620,942,862042,-7.286041259765625,-9.326911926269531,49.63416290283203,generated_videos/surface_grid_5_hard.mp4
1308,12,79767,951,863842,-7.0606560707092285,-9.637001037597656,51.034114837646484,generated_videos/surface_grid_5_hard.mp4
1309,14,79911,959,859658,-5.196563720703125,-8.66790771484375,48.533607482910156,generated_videos/surface_grid_5_hard.mp4
1310,10,80068,953,862152,-6.2333984375,-7.403228759765625,47.24427032470703,generated_videos/surface_grid_5_hard.mp4
1311,15,80203,954,855080,-5.682807922363281,-6.5128936767578125,44.513206481933594,generated_videos/surface_grid_5_hard.mp4
1312,14,80347,955,854563,-6.01605224609375,-5.5263671875,44.10283660888672,generated_videos/surface_grid_5_hard.mp4
1313,16,80491,961,850138,-5.8319091796875,-3.6040191650390625,44.59346389770508,generated_videos/surface_grid_5_hard.mp4
1314,16,80635,968,855652,-6.506256103515625,-1.8427963256835938,45.3505859375,generated_videos/surface_grid_5_hard.mp4
1315,18,80762,964,846172,-6.575843811035156,0.0,49.30012893676758,generated_videos/surface_grid_5_hard.mp4
1316,19,80910,963,852762,-5.5966796875,0.0,45.54677200317383,generated_videos/surface_grid_5_hard.mp4
1317,17,81038,966,854682,-5.13140869140625,0.0,46.58713150024414,generated_videos/surface_grid_5_hard.mp4
1318,12,81176,973,855547,-5.77142333984375,0.0,45.97829055786133,generated_videos/surface_grid_5_hard.mp4
1319,15,81297,951,851120,-5.6707763671875,0.0,45.91850280761719,generated_videos/surface_grid_5_hard.mp4
1320,15,81425,938,847851,-5.11456298828125,0.0,43.202877044677734,generated_videos/surface_grid_5_hard.mp4
1321,17,81550,914,844320,-5.098793029785156,0.0,40.19931411743164,generated_videos/surface_grid_5_hard.mp4
1322,16,81667,864,842580,-3.8897552490234375,0.0,38.34980773925781,generated_videos/surface_grid_5_hard.mp4
1323,18,81798,856,837810,-2.364532470703125,0.0,34.55371856689453,generated_videos/surface_grid_5_hard.mp4
1324,17,81931,853,837664,-2.5264892578125,0.0,31.89092254638672,generated_videos/surface_grid_5_hard.mp4
1325,17,82055,860,835506,-2.7281036376953125,0.0,31.70965003967285,generated_videos/surface_grid_5_hard.mp4
1326,15,82169,869,834728,-3.4232177734375,-2.0894775390625,34.66921615600586,generated_videos/surface_grid_5_hard.mp4
1327,18,82286,879,833326,-2.86480712890625,-3.0471630096435547,36.05054473876953,generated_videos/surface_grid_5_hard.mp4
1328,12,82413,903,837194,-2.2376708984375,-4.176513671875,36.62385940551758,generated_videos/surface_grid_5_hard.mp4
1329,12,82537,911,831617,-2.590545654296875,-5.709991455078125,36.93374252319336,generated_videos/surface_grid_5_hard.mp4
1330,14,82647,905,828376,-2.769378662109375,-7.76434326171875,39.021575927734375,generated_videos/surface_grid_5_hard.mp4
1331,16,82776,917,827658,-2.57720947265625,-8.150787353515625,39.03870391845703,generated_videos/surface_grid_5_hard.mp4
1332,17,82884,900,823810,-2.9119873046875,-9.237251281738281,39.11009979248047,generated_videos/surface_grid_5_hard.mp4
1333,15,83010,874,820954,-1.9656982421875,-7.254025459289551,32.57344436645508,generated_videos/surface_grid_5_hard.mp4
1334,16,83146,824,816720,0.0,-7.7858734130859375,28.67223358154297,generated_videos/surface_grid_5_hard.mp4
1335,16,83282,803,818967,0.0,-5.7874755859375,24.800081253051758,generated_videos/surface_grid_5_hard.mp4
1336,17,83405,796,811404,0.0,-6.4089508056640625,25.819183349609375,generated_videos/surface_grid_5_hard.mp4
1337,15,83539,813,819386,0.0,-5.083709716796875,24.30836296081543,generated_videos/surface_grid_5_hard.mp4
1338,15,83633,815,814729,-2.516845703125,-5.72491455078125,25.071680068969727,generated_videos/surface_grid_5_hard.mp4
1339,16,83725,813,812163,-2.51318359375,-6.605133056640625,25.824928283691406,generated_videos/surface_grid_5_hard.mp4
1340,14,83819,803,806264,-3.1203651428222656,-7.554298400878906,26.7889461517334,generated_videos/surface_grid_5_hard.mp4
1341,16,83909,786,801567,-2.11212158203125,-9.1170654296875,28.382190704345703,generated_videos/surface_grid_5_hard.mp4
1342,16,84003,795,816441,-2.5329742431640625,-9.70556640625,29.110118865966797,generated_videos/surface_grid_5_hard.mp4
1343,19,84093,784,798616,-3.0470123291015625,-10.743682861328125,31.55783462524414,generated_videos/surface_grid_5_hard.mp4
1344,16,84186,789,800514,-3.604034423828125,-11.273529052734375,31.889577865600586,generated_videos/surface_grid_5_hard.mp4
1345,15,84265,786,802484,-4.724212646484375,-11.91973876953125,32.87689208984375,generated_videos/surface_grid_5_hard.mp4
1346,16,84355,788,796784,-4.43878173828125,-12.4013671875,34.9045524597168,generated_videos/surface_grid_5_hard.mp4
1347,9,84433,784,797896,-4.7045745849609375,-13.509506225585938,36.7540168762207,generated_videos/surface_grid_5_hard.mp4
1348,12,84518,777,790409,-4.42633056640625,-14.298202514648438,38.98918533325195,generated_videos/surface_grid_5_hard.mp4
1349,13,84597,772,783023,-3.146728515625,-14.9261474609375,40.59212875366211,generated_videos/surface_grid_5_hard.mp4
1350,13,84687,779,783528,-2.406494140625,-15.3870849609375,41.942447662353516,generated_videos/surface_grid_5_hard.mp4
1351,10,84767,778,786478,-2.256561279296875,-15.866813659667969,42.76036834716797,generated_videos/surface_grid_5_hard.mp4
1352,12,84854,788,784129,-1.99053955078125,-16.357254028320312,43.613224029541016,generated_videos/surface_grid_5_hard.mp4
1353,13,84927,779,780706,-1.9962158203125,-16.668060302734375,44.33995056152344,generated_videos/surface_grid_5_hard.mp4
1354,13,85004,776,777610,-1.62713623046875,-16.928359985351562,45.36481857299805,generated_videos/surface_grid_5_hard.mp4
1355,13,85066,768,775848,-2.046875,-17.487998962402344,46.48760986328125,generated_videos/surface_grid_5_hard.mp4
1356,12,85145,776,776183,-1.933074951171875,-17.645309448242188,47.01783752441406,generated_videos/surface_grid_5_hard.mp4
1357,13,85219,778,776249,-2.1743316650390625,-17.802467346191406,47.342369079589844,generated_videos/surface_grid_5_hard.mp4
1358,16,85293,781,773636,-1.58270263671875,-18.09423828125,48.66697311401367,generated_videos/surface_grid_5_hard.mp4
1359,13,85361,777,772440,-1.5582275390625,-18.418365478515625,49.26190948486328,generated_videos/surface_grid_5_hard.mp4
1360,13,85438,780,771028,-1.299285888671875,-17.983800888061523,50.13958740234375,generated_videos/surface_grid_5_hard.mp4
1361,13,85514,785,770749,-1.116943359375,-17.904556274414062,51.069217681884766,generated_videos/surface_grid_5_hard.mp4
1362,12,85586,779,773041,-2.464874267578125,-18.587249755859375,52.1148567199707,generated_videos/surface_grid_5_hard.mp4
1363,11,85652,769,772884,-1.63848876953125,-19.162689208984375,51.27833557128906,generated_videos/surface_grid_5_hard.mp4
1364,12,85719,764,773974,-2.925323486328125,-19.471160888671875,52.360023498535156,generated_videos/surface_grid_5_hard.mp4
1365,13,85793,771,775802,-3.049560546875,-19.311187744140625,52.720760345458984,generated_videos/surface_grid_5_hard.mp4
1366,12,85871,775,777684,-2.7357177734375,-18.761077880859375,51.80281448364258,generated_videos/surface_grid_5_hard.mp4
1367,10,85947,784,783867,-2.0307540893554688,-18.379318237304688,51.299407958984375,generated_videos/surface_grid_5_hard.mp4
1368,11,86019,777,780180,-2.37591552734375,-18.62884521484375,52.06450271606445,generated_videos/surface_grid_5_hard.mp4
1369,11,86083,777,778576,-2.57379150390625,-18.81048583984375,52.772010803222656,generated_videos/surface_grid_5_hard.mp4
1370,10,86160,788,781628,-3.161376953125,-18.311737060546875,52.79195785522461,generated_videos/surface_grid_5_hard.mp4
1371,10,86233,789,781292,-2.777099609375,-17.86651611328125,52.2283935546875,generated_videos/surface_grid_5_hard.mp4
1372,12,86303,789,777257,-2.9146728515625,-17.468841552734375,52.61394500732422,generated_videos/surface_grid_5_hard.mp4
1373,11,86367,786,777652,-3.164764404296875,-17.214736938476562,54.592254638671875,generated_videos/surface_grid_5_hard.mp4
1374,10,86432,783,779844,-2.73846435546875,-16.915069580078125,52.523380279541016,generated_videos/surface_grid_5_hard.mp4
1375,12,86488,777,778510,-2.793701171875,-17.188232421875,53.583892822265625,generated_videos/surface_grid_5_hard.mp4
1376,11,86551,775,776346,-1.9955806732177734,-16.96984100341797,52.4814567565918,generated_videos/surface_grid_5_hard.mp4
1377,11,86608,775,775090,-2.436279296875,-16.706642150878906,52.4470100402832,generated_videos/surface_grid_5_hard.mp4
1378,11,86664,777,772906,-2.27459716796875,-16.139404296875,52.66168212890625,generated_videos/surface_grid_5_hard.mp4
1379,11,86719,772,770046,-2.1260147094726562,-16.046035766601562,53.38842010498047,generated_videos/surface_grid_5_hard.mp4
1380,11,86783,774,771532,-1.60028076171875,-15.755790710449219,52.314910888671875,generated_videos/surface_grid_5_hard.mp4
1381,10,86842,779,772666,-1.7200927734375,-14.297332763671875,52.92910385131836,generated_videos/surface_grid_5_hard.mp4
1382,11,86915,787,769858,-1.257843017578125,-13.536956787109375,51.66231918334961,generated_videos/surface_grid_5_hard.mp4
1383,11,86962,785,770320,-2.36932373046875,-13.534637451171875,52.021209716796875,generated_videos/surface_grid_5_hard.mp4
1384,10,87020,786,772162,-1.8802824020385742,-13.156806945800781,53.191612243652344,generated_videos/surface_grid_5_hard.mp4
1385,10,87073,778,770959,-2.707916259765625,-12.90655517578125,54.635292053222656,generated_videos/surface_grid_5_hard.mp4
1386,10,87128,778,771186,-2.11639404296875,-12.469009399414062,55.14776611328125,generated_videos/surface_grid_5_hard.mp4
1387,9,87183,778,771086,-2.151611328125,-11.429435729980469,53.43062210083008,generated_videos/surface_grid_5_hard.mp4
1388,10,87238,779,770941,-1.6854467391967773,-10.902008056640625,53.50540542602539,generated_videos/surface_grid_5_hard.mp4
1389,10,87293,782,772043,-1.5554046630859375,-10.499763488769531,52.19999694824219,generated_videos/surface_grid_5_hard.mp4
1390,9,87355,789,772649,-1.100830078125,-9.8009033203125,51.04889678955078,generated_videos/surface_grid_5_hard.mp4
1391,11,87407,787,770459,-1.59735107421875,-9.814849853515625,51.50117111206055,generated_videos/surface_grid_5_hard.mp4
1392,12,87464,794,769645,-1.135711669921875,-8.976699829101562,51.30586624145508,generated_videos/surface_grid_5_hard.mp4
1393,11,87518,798,772919,-1.158111572265625,-8.729148864746094,50.39579772949219,generated_videos/surface_grid_5_hard.mp4
1394,10,87577,803,775338,-0.38250732421875,-8.612457275390625,50.67578125,generated_videos/surface_grid_5_hard.mp4
1395,10,87637,807,773834,-0.43438720703125,-7.59112548828125,51.24102783203125,generated_videos/surface_grid_5_hard.mp4
1396,11,87697,804,764957,-0.9803237915039062,-8.339335441589355,50.750946044921875,generated_videos/surface_grid_5_hard.mp4
1397,12,87758,807,772985,-0.85595703125,-8.0570068359375,48.61617660522461,generated_videos/surface_grid_5_hard.mp4
1398,13,87814,811,773237,-0.925811767578125,-8.317893981933594,48.423831939697266,generated_videos/surface_grid_5_hard.mp4
1399,11,87867,805,775162,-1.0127716064453125,-9.221588134765625,47.98759078979492,generated_videos/surface_grid_5_hard.mp4
1400,11,87919,802,775175,-1.1292719841003418,-9.963668823242188,48.206336975097656,generated_videos/surface_grid_5_hard.mp4
1401,12,87975,803,775354,-1.0019607543945312,-10.178474426269531,48.410606384277344,generated_videos/surface_grid_5_hard.mp4
1402,14,88034,798,769294,-1.1444854736328125,-10.765060424804688,48.455238342285156,generated_videos/surface_grid_5_hard.mp4
1403,11,88088,796,776660,-1.46124267578125,-11.309860229492188,49.029266357421875,generated_videos/surface_grid_5_hard.mp4
1404,9,88145,801,773235,-1.06085205078125,-11.199386596679688,48.93589401245117,generated_videos/surface_grid_5_hard.mp4
1405,11,88201,792,772112,-0.9416999816894531,-11.519306182861328,49.31223678588867,generated_videos/surface_grid_5_hard.mp4
1406,13,88261,799,770113,-0.504119873046875,-11.081298828125,48.866371154785156,generated_videos/surface_grid_5_hard.mp4
1407,12,88320,794,770088,-0.144683837890625,-10.952682495117188,47.86005401611328,generated_videos/surface_grid_5_hard.mp4
1408,11,88382,793,769642,-0.152679443359375,-10.4503173828125,47.50409698486328,generated_videos/surface_grid_5_hard.mp4
1409,13,88435,768,751221,-1.69287109375,-10.767932891845703,45.42608642578125,generated_videos/surface_grid_5_hard.mp4
1410,12,88490,767,752087,-1.2769775390625,-10.55072021484375,45.0052604675293,generated_videos/surface_grid_5_hard.mp4
1411,14,88555,769,748668,-0.81390380859375,-9.671679496765137,43.96555709838867,generated_videos/surface_grid_5_hard.mp4
1412,10,88630,786,768269,-0.151763916015625,-7.457956314086914,41.34784698486328,generated_videos/surface_grid_5_hard.mp4
1413,11,88689,782,765999,-0.244354248046875,-7.304840087890625,40.762001037597656,generated_videos/surface_grid_5_hard.mp4
1414,13,88755,783,764322,0.0,-6.3031005859375,39.010013580322266,generated_videos/surface_grid_5_hard.mp4
1415,12,88810,772,758481,0.0,-6.574681282043457,39.47203063964844,generated_videos/surface_grid_5_hard.mp4
1416,12,88872,775,761811,0.0,-6.522125244140625,39.72920227050781,generated_videos/surface_grid_5_hard.mp4
1417,12,88930,776,760825,0.0,-6.2960052490234375,40.27764892578125,generated_videos/surface_grid_5_hard.mp4
1418,15,88991,777,759878,0.0,-6.34326171875,40.514793395996094,generated_videos/surface_grid_5_hard.mp4
1419,13,89049,779,760739,0.0,-6.255889892578125,39.78561019897461,generated_videos/surface_grid_5_hard.mp4
1420,12,89108,777,759739,0.0,-6.650848388671875,38.81970977783203,generated_videos/surface_grid_5_hard.mp4
1421,11,89161,772,758111,0.0,-7.165824890136719,38.94691467285156,generated_videos/surface_grid_5_hard.mp4
1422,15,89220,773,758366,0.0,-7.608489990234375,39.29623794555664,generated_videos/surface_grid_5_hard.mp4
1423,14,89274,766,758642,-0.320343017578125,-8.072064399719238,39.658241271972656,generated_videos/surface_grid_5_hard.mp4
1424,14,89332,764,754090,-0.2413787841796875,-8.461739540100098,40.61619567871094,generated_videos/surface_grid_5_hard.mp4
1425,12,89391,764,757850,0.0,-8.715614318847656,39.866275787353516,generated_videos/surface_grid_5_hard.mp4
1426,10,89446,768,759066,0.0,-8.784614562988281,40.075843811035156,generated_videos/surface_grid_5_hard.mp4
1427,11,89508,771,754524,0.0,-8.7764892578125,39.459285736083984,generated_videos/surface_grid_5_hard.mp4
1428,9,89567,772,758776,0.0,-7.936065673828125,39.032684326171875,generated_videos/surface_grid_5_hard.mp4
1429,9,89620,768,757543,0.0,-8.481338500976562,39.23981475830078,generated_videos/surface_grid_5_hard.mp4
1430,9,89679,770,757192,0.0,-7.5682525634765625,39.39794158935547,generated_videos/surface_grid_5_hard.mp4
1431,9,89734,771,756489,0.0,-7.44464111328125,39.6478271484375,generated_videos/surface_grid_5_hard.mp4
1432,10,89794,768,750314,-0.1783599853515625,-7.269630432128906,40.15647888183594,generated_videos/surface_grid_5_hard.mp4
1433,10,89853,772,754360,-0.2360992431640625,-7.01239013671875,39.628662109375,generated_videos/surface_grid_5_hard.mp4
1434,9,89910,774,755119,-0.38578033447265625,-6.6799774169921875,39.60150909423828,generated_videos/surface_grid_5_hard.mp4
1435,9,89965,776,754703,-0.6986236572265625,-6.0900726318359375,40.08824920654297,generated_videos/surface_grid_5_hard.mp4
1436,9,90026,782,755497,-0.31194305419921875,-5.32977294921875,38.932594299316406,generated_videos/surface_grid_5_hard.mp4
1437,11,90086,780,752675,0.0,-4.7960662841796875,38.223609924316406,generated_videos/surface_grid_5_hard.mp4
1438,10,90151,790,755403,0.0,-3.7060012817382812,37.62458801269531,generated_videos/surface_grid_5_hard.mp4
1439,10,90205,786,755611,0.0,-3.6348419189453125,37.809532165527344,generated_videos/surface_grid_5_hard.mp4
1440,12,90259,781,752832,-0.16790771484375,-3.58233642578125,37.84865951538086,generated_videos/surface_grid_5_hard.mp4
1441,11,90318,785,755546,0.0,-3.2318115234375,37.90435028076172,generated_videos/surface_grid_5_hard.mp4
1442,9,90378,792,755861,0.0,-2.6356124877929688,38.077903747558594,generated_videos/surface_grid_5_hard.mp4
1443,10,90433,792,750814,-0.3811488151550293,-2.4704437255859375,38.31398010253906,generated_videos/surface_grid_5_hard.mp4
1444,10,90491,789,751672,-0.02423095703125,-2.553680419921875,38.19969177246094,generated_videos/surface_grid_5_hard.mp4
1445,10,90542,786,751302,-0.3140106201171875,-2.509002685546875,38.161170959472656,generated_videos/surface_grid_5_hard.mp4
1446,11,90602,787,748876,-0.28228759765625,-2.654327392578125,37.809608459472656,generated_videos/surface_grid_5_hard.mp4
1447,10,90658,792,750200,-0.24615478515625,-2.5849761962890625,38.22808837890625,generated_videos/surface_grid_5_hard.mp4
1448,11,90715,791,746457,-0.7235565185546875,-2.8472747802734375,38.58587646484375,generated_videos/surface_grid_5_hard.mp4
1449,11,90768,790,745621,-0.795074462890625,-3.140167236328125,38.901756286621094,generated_videos/surface_grid_5_hard.mp4
1450,11,90821,789,745761,-0.9639129638671875,-3.54736328125,39.47410583496094,generated_videos/surface_grid_5_hard.mp4
1451,11,90876,791,745849,-0.59954833984375,-3.7762908935546875,40.70376968383789,generated_videos/surface_grid_5_hard.mp4
1452,11,90933,790,746753,-0.437774658203125,-3.8984375,40.9820556640625,generated_videos/surface_grid_5_hard.mp4
1453,12,90992,791,745516,-0.4985523223876953,-3.85186767578125,40.70008087158203,generated_videos/surface_grid_5_hard.mp4
1454,12,91051,792,747993,-0.6336898803710938,-4.180023193359375,41.43317413330078,generated_videos/surface_grid_5_hard.mp4
1455,12,91106,784,748633,-0.8863372802734375,-4.5155792236328125,40.44217300415039,generated_videos/surface_grid_5_hard.mp4
1456,12,91166,788,748307,-0.91046142578125,-4.818412780761719,40.657711029052734,generated_videos/surface_grid_5_hard.mp4
1457,12,91222,784,749443,-0.8195648193359375,-5.1305389404296875,41.191043853759766,generated_videos/surface_grid_5_hard.mp4
1458,11,91280,786,752068,-0.51263427734375,-5.295051574707031,40.93623352050781,generated_videos/surface_grid_5_hard.mp4
1459,13,91336,784,750293,-0.47734832763671875,-5.58197021484375,41.24507141113281,generated_videos/surface_grid_5_hard.mp4
1460,15,91395,787,751563,-0.7374954223632812,-5.650146484375,41.63058090209961,generated_videos/surface_grid_5_hard.mp4
1461,16,91458,794,751187,-0.3909912109375,-5.554901123046875,41.5948486328125,generated_videos/surface_grid_5_hard.mp4
1462,15,91522,801,755599,-0.3006591796875,-5.25543212890625,40.868446350097656,generated_videos/surface_grid_5_hard.mp4
1463,16,91579,801,756755,-0.705047607421875,-5.694389343261719,41.230201721191406,generated_videos/surface_grid_5_hard.mp4
1464,13,91640,799,759754,-0.12188720703125,-6.1339898109436035,41.054420471191406,generated_videos/surface_grid_5_hard.mp4
1465,14,91700,793,757705,0.0,-6.53228759765625,41.22390365600586,generated_videos/surface_grid_5_hard.mp4
1466,13,91759,792,758892,-0.28253173828125,-6.867424011230469,40.52967071533203,generated_videos/surface_grid_5_hard.mp4
1467,13,91820,793,759372,-0.5543212890625,-6.982514381408691,40.81871795654297,generated_videos/surface_grid_5_hard.mp4
1468,12,91877,789,758864,-0.8887939453125,-7.228919982910156,40.89350509643555,generated_videos/surface_grid_5_hard.mp4
1469,13,91939,789,758380,-0.6722412109375,-7.3823394775390625,40.9609375,generated_videos/surface_grid_5_hard.mp4
1470,13,91995,784,755607,-0.5062713623046875,-7.459254264831543,41.05595016479492,generated_videos/surface_grid_5_hard.mp4
1471,14,92053,783,751937,-0.0482177734375,-7.408416748046875,41.539756774902344,generated_videos/surface_grid_5_hard.mp4
1472,14,92113,785,752245,-0.1888427734375,-7.0557403564453125,41.98105239868164,generated_videos/surface_grid_5_hard.mp4
1473,13,92172,781,755029,0.0,-7.2414703369140625,41.69623565673828,generated_videos/surface_grid_5_hard.mp4
1474,13,92222,776,755003,-0.469576358795166,-7.798336982727051,42.27518081665039,generated_videos/surface_grid_5_hard.mp4
1475,14,92280,778,753743,-0.24945068359375,-7.716273784637451,42.667911529541016,generated_videos/surface_grid_5_hard.mp4
1476,12,92336,781,754743,-0.21002197265625,-7.77056884765625,42.83933639526367,generated_videos/surface_grid_5_hard.mp4
1477,12,92394,784,754379,-0.029754638671875,-7.5288238525390625,43.09065628051758,generated_videos/surface_grid_5_hard.mp4
1478,12,92447,781,753366,-0.4239501953125,-7.61181640625,43.16762161254883,generated_videos/surface_grid_5_hard.mp4
1479,11,92499,780,752682,-0.29498291015625,-7.258640289306641,43.44090270996094,generated_videos/surface_grid_5_hard.mp4
1480,12,92553,781,751624,-0.63726806640625,-7.3204345703125,43.603275299072266,generated_videos/surface_grid_5_hard.mp4
1481,12,92607,779,749744,-0.71734619140625,-7.230316162109375,43.569671630859375,generated_videos/surface_grid_5_hard.mp4
1482,11,92661,777,750834,-0.52813720703125,-7.1024017333984375,43.26527786254883,generated_videos/surface_grid_5_hard.mp4
1483,11,92710,775,748321,-0.93115234375,-7.3333740234375,44.0527458190918,generated_videos/surface_grid_5_hard.mp4
1484,13,92761,768,747375,-0.40240478515625,-7.3087005615234375,44.18141174316406,generated_videos/surface_grid_5_hard.mp4
1485,11,92815,762,746897,-0.5165376663208008,-7.249969482421875,43.612693786621094,generated_videos/surface_grid_5_hard.mp4
1486,13,92865,762,744133,-0.621368408203125,-7.237693786621094,43.64884948730469,generated_videos/surface_grid_5_hard.mp4
1487,14,92916,761,743391,-0.630157470703125,-6.909088134765625,43.07007598876953,generated_videos/surface_grid_5_hard.mp4
1488,14,92974,763,741543,-0.681182861328125,-6.5798187255859375,43.16264343261719,generated_videos/surface_grid_5_hard.mp4
1489,14,93028,764,740293,-0.45201873779296875,-6.2675018310546875,43.883480072021484,generated_videos/surface_grid_5_hard.mp4
1490,13,93082,756,739423,-0.662567138671875,-5.9254913330078125,43.689666748046875,generated_videos/surface_grid_5_hard.mp4
1491,14,93133,749,737491,-0.87640380859375,-5.7498779296875,43.79237365722656,generated_videos/surface_grid_5_hard.mp4
1492,14,93186,746,737532,-0.854583740234375,-5.865669250488281,43.678443908691406,generated_videos/surface_grid_5_hard.mp4
1493,15,93242,751,738530,-0.744842529296875,-5.176572799682617,43.639137268066406,generated_videos/surface_grid_5_hard.mp4
1494,12,93295,751,737990,-0.668609619140625,-5.221832275390625,44.08409118652344,generated_videos/surface_grid_5_hard.mp4
1495,10,93352,755,737902,-0.42901611328125,-4.835113525390625,44.080299377441406,generated_videos/surface_grid_5_hard.mp4
1496,10,93410,749,736648,-0.48846435546875,-5.357696533203125,45.301422119140625,generated_videos/surface_grid_5_hard.mp4
1497,11,93464,744,735532,-0.6358795166015625,-5.5507659912109375,45.01035690307617,generated_videos/surface_grid_5_hard.mp4
1498,12,93522,745,734044,-0.39495849609375,-6.064422607421875,45.086669921875,generated_videos/surface_grid_5_hard.mp4
1499,11,93573,743,728982,-0.590301513671875,-6.389556884765625,45.893009185791016,generated_videos/surface_grid_5_hard.mp4
1500,12,93629,740,729617,-0.33697509765625,-6.6540374755859375,45.29454040527344,generated_videos/surface_grid_5_hard.mp4
1501,11,93682,735,726054,-0.34820556640625,-7.381988525390625,45.306663513183594,generated_videos/surface_grid_5_hard.mp4
1502,11,93737,730,725708,-0.2708740234375,-7.8953857421875,45.74932861328125,generated_videos/surface_grid_5_hard.mp4
1503,10,93793,730,723975,-0.289794921875,-8.408111572265625,47.01399230957031,generated_videos/surface_grid_5_hard.mp4
1504,9,93848,734,723106,-0.126220703125,-7.430815696716309,46.675621032714844,generated_videos/surface_grid_5_hard.mp4
1505,9,93901,731,721812,-0.2373046875,-8.264373779296875,46.669349670410156,generated_videos/surface_grid_5_hard.mp4
1506,9,93959,727,720300,0.0,-8.319023132324219,46.5770149230957,generated_videos/surface_grid_5_hard.mp4
1507,8,94015,722,720984,0.0,-8.640335083007812,46.505706787109375,generated_videos/surface_grid_5_hard.mp4
1508,10,94069,720,718615,-0.199676513671875,-9.1729736328125,46.93852233886719,generated_videos/surface_grid_5_hard.mp4
1509,11,94124,718,714627,-0.038909912109375,-9.375144958496094,46.686134338378906,generated_videos/surface_grid_5_hard.mp4
1510,9,94184,725,717641,0.0,-8.997634887695312,46.362850189208984,generated_videos/surface_grid_5_hard.mp4
1511,9,94240,727,716425,-0.439453125,-9.033447265625,45.99224853515625,generated_videos/surface_grid_5_hard.mp4
1512,8,94292,724,715295,-0.708587646484375,-8.673202514648438,46.309898376464844,generated_videos/surface_grid_5_hard.mp4
1513,9,94350,723,711829,-0.42144775390625,-8.658111572265625,46.33594512939453,generated_videos/surface_grid_5_hard.mp4
1514,9,94401,726,712003,-1.604522705078125,-8.492782592773438,46.238182067871094,generated_videos/surface_grid_5_hard.mp4
1515,9,94450,721,711605,-1.75689697265625,-8.406097412109375,46.04320526123047,generated_videos/surface_grid_5_hard.mp4
1516,8,94505,719,710916,-1.61676025390625,-8.326171875,45.555057525634766,generated_videos/surface_grid_5_hard.mp4
1517,8,94558,717,709439,-2.1744384765625,-8.372467041015625,45.23768997192383,generated_videos/surface_grid_5_hard.mp4
1518,7,94616,719,711365,-2.4341049194335938,-8.377044677734375,44.741241455078125,generated_videos/surface_grid_5_hard.mp4
1519,6,94675,723,711167,-2.85565185546875,-7.90753173828125,45.35083770751953,generated_videos/surface_grid_5_hard.mp4
1520,6,94739,719,709801,-2.4541015625,-8.513671875,45.53481674194336,generated_videos/surface_grid_5_hard.mp4
1521,6,94796,714,705905,-3.2849884033203125,-9.301191329956055,46.15462875366211,generated_videos/surface_grid_5_hard.mp4
1522,5,94862,716,705338,-2.603759765625,-8.8922119140625,45.81555938720703,generated_videos/surface_grid_5_hard.mp4
1523,5,94920,708,704178,-3.684453010559082,-9.262454986572266,46.26616668701172,generated_videos/surface_grid_5_hard.mp4
1524,5,94977,706,705456,-3.8016357421875,-9.06551742553711,46.5780029296875,generated_videos/surface_grid_5_hard.mp4
1525,5,95038,710,705991,-4.3034210205078125,-8.766281127929688,46.16380310058594,generated_videos/surface_grid_5_hard.mp4
1526,6,95102,701,702907,-4.478759765625,-9.235794067382812,45.786293029785156,generated_videos/surface_grid_5_hard.mp4
1527,6,95161,699,700898,-4.595573425292969,-8.83929443359375,45.340728759765625,generated_videos/surface_grid_5_hard.mp4
1528,6,95216,697,701450,-5.370758056640625,-8.7918701171875,45.718505859375,generated_videos/surface_grid_5_hard.mp4
1529,7,95270,690,698223,-4.705902099609375,-8.830307006835938,46.1624641418457,generated_videos/surface_grid_5_hard.mp4
1530,7,95333,698,698399,-4.920955657958984,-8.408607482910156,46.0833740234375,generated_videos/surface_grid_5_hard.mp4
1531,6,95390,702,700553,-5.010772705078125,-8.023689270019531,45.888797760009766,generated_videos/surface_grid_5_hard.mp4
1532,7,95443,700,700421,-4.729419708251953,-7.7235870361328125,45.771697998046875,generated_videos/surface_grid_5_hard.mp4
1533,5,95499,702,703002,-5.606842041015625,-7.535430908203125,45.59858703613281,generated_videos/surface_grid_5_hard.mp4
1534,5,95554,705,701848,-6.32000732421875,-7.06103515625,46.47287368774414,generated_videos/surface_grid_5_hard.mp4
1535,5,95608,708,702557,-6.57745361328125,-6.352119445800781,46.13706970214844,generated_videos/surface_grid_5_hard.mp4
1536,4,95667,708,703922,-7.33013916015625,-6.139381408691406,46.36602783203125,generated_videos/surface_grid_5_hard.mp4
1537,5,95721,709,703885,-8.279296875,-5.5045166015625,46.829612731933594,generated_videos/surface_grid_5_hard.mp4
1538,5,95773,705,702533,-8.40130615234375,-5.276031494140625,46.9422607421875,generated_videos/surface_grid_5_hard.mp4
1539,5,95833,707,702661,-8.12908935546875,-4.65911865234375,46.0182991027832,generated_videos/surface_grid_5_hard.mp4
1540,10,95894,699,699486,-8.82440185546875,-5.1471710205078125,46.09916305541992,generated_videos/surface_grid_5_hard.mp4
1541,7,95960,707,702140,-8.28570556640625,-4.3923187255859375,44.56953811645508,generated_videos/surface_grid_5_hard.mp4
1542,7,96019,706,701955,-8.189422607421875,-3.7331924438476562,44.725868225097656,generated_videos/surface_grid_5_hard.mp4
1543,8,96092,709,701666,-8.40728759765625,-3.6630096435546875,45.19673538208008,generated_videos/surface_grid_5_hard.mp4
1544,6,96156,714,707245,-9.218353271484375,-3.307342529296875,45.38660430908203,generated_videos/surface_grid_5_hard.mp4
1545,7,96225,714,709705,-9.453176498413086,-3.0783538818359375,45.77861785888672,generated_videos/surface_grid_5_hard.mp4
1546,7,96293,711,705754,-10.2025146484375,-3.35284423828125,46.3425178527832,generated_videos/surface_grid_5_hard.mp4
1547,7,96361,709,708078,-9.877891540527344,-3.35443115234375,46.463863372802734,generated_videos/surface_grid_5_hard.mp4
1548,7,96422,709,710039,-11.031936645507812,-3.5438804626464844,45.15373611450195,generated_videos/surface_grid_5_hard.mp4
1549,9,96482,703,708520,-11.672637939453125,-3.5616455078125,46.211692810058594,generated_videos/surface_grid_5_hard.mp4
1550,9,96547,705,708896,-11.1490478515625,-3.8377685546875,47.33138656616211,generated_videos/surface_grid_5_hard.mp4
1551,10,96611,707,711326,-10.738037109375,-3.6361541748046875,45.473304748535156,generated_videos/surface_grid_5_hard.mp4
1552,10,96672,701,708279,-10.99700927734375,-4.04742431640625,46.55897903442383,generated_videos/surface_grid_5_hard.mp4
1553,10,96740,704,708515,-11.337158203125,-3.726369857788086,46.5108642578125,generated_videos/surface_grid_5_hard.mp4
1554,11,96800,702,709521,-11.491180419921875,-4.271209716796875,47.239341735839844,generated_videos/surface_grid_5_hard.mp4
1555,8,96866,708,712418,-11.38690185546875,-4.660268783569336,48.069297790527344,generated_videos/surface_grid_5_hard.mp4
1556,6,96936,709,714972,-10.59417724609375,-4.182586669921875,47.99283218383789,generated_videos/surface_grid_5_hard.mp4
1557,7,97001,703,714711,-10.329093933105469,-4.74652099609375,49.40760803222656,generated_videos/surface_grid_5_hard.mp4
1558,7,97072,702,717143,-10.10601806640625,-4.7816009521484375,49.694549560546875,generated_videos/surface_grid_5_hard.mp4
1559,8,97144,708,717128,-10.121353149414062,-4.981353759765625,48.17132568359375,generated_videos/surface_grid_5_hard.mp4
1560,7,97219,708,717869,-10.3134765625,-4.829437255859375,47.93152618408203,generated_videos/surface_grid_5_hard.mp4
1561,7,97286,705,720324,-11.07672119140625,-5.1490478515625,48.40184020996094,generated_videos/surface_grid_5_hard.mp4
1562,7,97362,710,721343,-11.272384643554688,-5.02874755859375,48.2849235534668,generated_videos/surface_grid_5_hard.mp4
1563,7,97442,714,724934,-10.8419189453125,-4.563304901123047,46.53294372558594,generated_videos/surface_grid_5_hard.mp4
1564,7,97519,715,726548,-10.28131103515625,-4.302490234375,47.310089111328125,generated_videos/surface_grid_5_hard.mp4
1565,7,97594,714,728405,-10.592437744140625,-4.16485595703125,47.78257751464844,generated_videos/surface_grid_5_hard.mp4
1566,9,97673,711,725518,-11.08709716796875,-3.880218505859375,48.337791442871094,generated_videos/surface_grid_5_hard.mp4
1567,7,97754,712,726354,-10.468170166015625,-3.57763671875,47.610382080078125,generated_videos/surface_grid_5_hard.mp4
1568,10,97832,715,723423,-10.08038330078125,-3.454559326171875,48.35899353027344,generated_videos/surface_grid_5_hard.mp4
1569,10,97910,719,728558,-9.91009521484375,-2.64990234375,47.87855911254883,generated_videos/surface_grid_5_hard.mp4
1570,9,97996,722,729917,-9.542236328125,-1.7744293212890625,47.12659454345703,generated_videos/surface_grid_5_hard.mp4
1571,8,98077,726,730804,-9.172115325927734,-1.2212200164794922,46.99101638793945,generated_videos/surface_grid_5_hard.mp4
1572,8,98159,728,732883,-8.68927001953125,-0.6614837646484375,46.82473373413086,generated_videos/surface_grid_5_hard.mp4
1573,9,98247,732,729897,-7.95660400390625,-0.25443267822265625,45.93128967285156,generated_videos/surface_grid_5_hard.mp4
1574,9,98343,735,730635,-8.0443115234375,-0.060516357421875,45.30991744995117,generated_videos/surface_grid_5_hard.mp4
1575,7,98435,739,737231,-7.086090087890625,0.0,45.71059036254883,generated_videos/surface_grid_5_hard.mp4
1576,9,98520,735,733813,-7.33441162109375,-0.02054595947265625,46.329261779785156,generated_videos/surface_grid_5_hard.mp4
1577,7,98614,738,741529,-7.31939697265625,0.0,45.48912811279297,generated_videos/surface_grid_5_hard.mp4
1578,8,98694,729,741577,-7.5740966796875,0.0,45.94689178466797,generated_videos/surface_grid_5_hard.mp4
1579,8,98789,731,743025,-7.97528076171875,0.0,46.6014404296875,generated_videos/surface_grid_5_hard.mp4
1580,8,98879,735,746837,-8.366737365722656,0.0,45.67377471923828,generated_videos/surface_grid_5_hard.mp4
1581,9,98961,735,746819,-8.1070556640625,0.0,46.7495231628418,generated_videos/surface_grid_5_hard.mp4
1582,6,99055,738,749906,-7.949676513671875,0.0,44.75783157348633,generated_videos/surface_grid_5_hard.mp4
1583,7,99140,736,748449,-7.3542938232421875,0.0,45.29070281982422,generated_videos/surface_grid_5_hard.mp4
1584,9,99230,735,744307,-6.4578857421875,0.0,44.994529724121094,generated_videos/surface_grid_5_hard.mp4
1585,8,99323,745,749343,-5.22882080078125,0.0,42.912445068359375,generated_videos/surface_grid_5_hard.mp4
1586,9,99406,740,748965,-5.542533874511719,0.0,45.10595703125,generated_videos/surface_grid_5_hard.mp4
1587,7,99494,745,752670,-4.834747314453125,0.0,44.48342514038086,generated_videos/surface_grid_5_hard.mp4
1588,7,99572,742,750448,-5.2279205322265625,0.0,44.72795104980469,generated_videos/surface_grid_5_hard.mp4
1589,9,99656,747,750328,-4.93096923828125,0.0,43.91813278198242,generated_videos/surface_grid_5_hard.mp4
1590,9,99737,749,749140,-4.929534912109375,0.0,44.072242736816406,generated_videos/surface_grid_5_hard.mp4
1591,9,99821,751,748739,-5.32281494140625,0.0,44.154563903808594,generated_videos/surface_grid_5_hard.mp4
1592,11,99888,747,748625,-6.23577880859375,0.0,45.57433319091797,generated_videos/surface_grid_5_hard.mp4
1593,10,99964,748,741246,-5.4687347412109375,0.0,44.519622802734375,generated_videos/surface_grid_5_hard.mp4
1594,11,100039,750,747970,-5.50946044921875,0.0,44.52326202392578,generated_videos/surface_grid_5_hard.mp4
1595,12,100122,751,739413,-5.481536865234375,0.0,45.262428283691406,generated_videos/surface_grid_5_hard.mp4
1596,8,100200,763,750905,-5.519744873046875,0.0,45.6574821472168,generated_videos/surface_grid_5_hard.mp4
1597,10,100273,754,745955,-5.7472076416015625,-0.12322998046875,46.4943733215332,generated_videos/surface_grid_5_hard.mp4
1598,8,100352,761,751700,-6.28717041015625,-0.139556884765625,46.01176834106445,generated_videos/surface_grid_5_hard.mp4
1599,8,100432,761,749613,-6.7237548828125,-0.3284912109375,46.897705078125,generated_videos/surface_grid_5_hard.mp4
1600,8,100508,763,751756,-7.479248046875,-0.538909912109375,46.43064498901367,generated_videos/surface_grid_5_hard.mp4
1601,10,100585,753,750244,-7.5948486328125,-1.090423583984375,46.187625885009766,generated_videos/surface_grid_5_hard.mp4
1602,10,100661,755,750165,-7.65277099609375,-1.498138427734375,46.346744537353516,generated_videos/surface_grid_5_hard.mp4
1603,12,100736,751,746582,-7.567626953125,-2.4476547241210938,46.30560302734375,generated_videos/surface_grid_5_hard.mp4
1604,11,100812,755,746448,-7.2635040283203125,-3.078338623046875,46.11661148071289,generated_videos/surface_grid_5_hard.mp4
1605,9,100896,768,755739,-6.133544921875,-3.5809326171875,46.03289031982422,generated_videos/surface_grid_5_hard.mp4
1606,12,100980,772,752039,-5.4916839599609375,-4.5584259033203125,47.164039611816406,generated_videos/surface_grid_5_hard.mp4
1607,12,101056,775,755438,-6.2531280517578125,-5.581451416015625,47.33881378173828,generated_videos/surface_grid_5_hard.mp4
1608,14,101136,782,756846,-6.68939208984375,-6.815673828125,48.013465881347656,generated_videos/surface_grid_5_hard.mp4
1609,12,101221,786,758916,-6.549001693725586,-8.058509826660156,48.13022994995117,generated_videos/surface_grid_5_hard.mp4
1610,15,101304,781,759906,-6.2940216064453125,-9.34814453125,49.958980560302734,generated_videos/surface_grid_5_hard.mp4
1611,13,101396,799,767967,-5.5086669921875,-9.61090087890625,47.77226638793945,generated_videos/surface_grid_5_hard.mp4
1612,13,101487,794,769839,-5.5854034423828125,-10.396087646484375,47.23395538330078,generated_videos/surface_grid_5_hard.mp4
1613,14,101578,791,762231,-4.98187255859375,-11.860565185546875,48.221717834472656,generated_videos/surface_grid_5_hard.mp4
1614,15,101675,801,765561,-5.54443359375,-12.40008544921875,47.9344482421875,generated_videos/surface_grid_5_hard.mp4
1615,15,101774,818,775175,-4.803603172302246,-12.468658447265625,47.5486946105957,generated_videos/surface_grid_5_hard.mp4
1616,19,101867,818,775158,-5.57086181640625,-13.357040405273438,47.65949249267578,generated_videos/surface_grid_5_hard.mp4
1617,19,101964,821,775283,-5.51739501953125,-13.26806640625,47.0086669921875,generated_videos/surface_grid_5_hard.mp4
1618,17,102070,836,784888,-5.4323577880859375,-13.735939025878906,45.46299743652344,generated_videos/surface_grid_5_hard.mp4
1619,15,102175,843,794646,-5.1256103515625,-12.90899658203125,45.2513542175293,generated_videos/surface_grid_5_hard.mp4
1620,18,102278,842,793515,-4.927490234375,-13.15692138671875,45.96711730957031,generated_videos/surface_grid_5_hard.mp4
1621,19,102384,844,794287,-4.9244384765625,-13.338302612304688,45.87814712524414,generated_videos/surface_grid_5_hard.mp4
1622,17,102497,857,802104,-4.394584655761719,-12.672332763671875,44.33235549926758,generated_videos/surface_grid_5_hard.mp4
1623,19,102603,856,800822,-4.733612060546875,-12.98897933959961,46.087562561035156,generated_videos/surface_grid_5_hard.mp4
1624,16,102714,863,802823,-4.80889892578125,-12.754119873046875,45.928348541259766,generated_videos/surface_grid_5_hard.mp4
1625,14,102823,861,805860,-4.811920166015625,-12.14385986328125,46.345218658447266,generated_videos/surface_grid_5_hard.mp4
1626,16,102928,864,810564,-5.629951477050781,-12.394775390625,48.11912536621094,generated_videos/surface_grid_5_hard.mp4
1627,17,103030,861,808004,-6.39776611328125,-12.759033203125,48.630672454833984,generated_videos/surface_grid_5_hard.mp4
1628,17,103132,862,808744,-7.27099609375,-13.207122802734375,50.13472366333008,generated_videos/surface_grid_5_hard.mp4
1629,18,103220,853,808214,-8.60516357421875,-14.5750732421875,51.233116149902344,generated_videos/surface_grid_5_hard.mp4
1630,13,103333,866,809499,-7.437225341796875,-14.887405395507812,52.0927848815918,generated_videos/surface_grid_5_hard.mp4
1631,13,103437,863,808507,-6.90087890625,-15.241424560546875,51.42646408081055,generated_videos/surface_grid_5_hard.mp4
1632,12,103536,869,809853,-7.64605712890625,-15.7635498046875,51.679595947265625,generated_videos/surface_grid_5_hard.mp4
1633,9,103635,868,811724,-8.483169555664062,-16.22100830078125,53.56298065185547,generated_videos/surface_grid_5_hard.mp4
1634,11,103739,871,811303,-8.351593017578125,-16.01055908203125,54.06332015991211,generated_videos/surface_grid_5_hard.mp4
1635,12,103841,868,812825,-7.81927490234375,-16.55810546875,53.989742279052734,generated_videos/surface_grid_5_hard.mp4
1636,13,103943,872,811644,-8.709762573242188,-17.244094848632812,54.73276138305664,generated_videos/surface_grid_5_hard.mp4
1637,14,104045,875,813487,-9.46368408203125,-18.04410171508789,53.773963928222656,generated_videos/surface_grid_5_hard.mp4
1638,14,104155,882,812658,-8.869295120239258,-18.312759399414062,55.114707946777344,generated_videos/surface_grid_5_hard.mp4
1639,14,104264,894,812675,-9.386993408203125,-18.589271545410156,56.21638107299805,generated_videos/surface_grid_5_hard.mp4
1640,15,104374,892,811939,-8.325332641601562,-18.379539489746094,55.76913833618164,generated_videos/surface_grid_5_hard.mp4
1641,15,104471,896,813247,-10.37542724609375,-18.968902587890625,57.89360809326172,generated_videos/surface_grid_5_hard.mp4
1642,13,104581,903,817693,-9.908966064453125,-19.629364013671875,57.78418731689453,generated_videos/surface_grid_5_hard.mp4
1643,12,104692,908,818791,-10.2225341796875,-19.429786682128906,55.90519714355469,generated_videos/surface_grid_5_hard.mp4
1644,11,104800,905,819715,-11.49688720703125,-20.203765869140625,56.675018310546875,generated_videos/surface_grid_5_hard.mp4
1645,11,104911,916,820066,-11.461761474609375,-18.82508087158203,55.36614990234375,generated_videos/surface_grid_5_hard.mp4
1646,8,105022,926,830630,-12.017066955566406,-18.905418395996094,56.39008712768555,generated_videos/surface_grid_5_hard.mp4
1647,10,105142,937,822998,-12.04925537109375,-18.6856689453125,57.26895523071289,generated_videos/surface_grid_5_hard.mp4
1648,12,105249,918,823069,-12.688934326171875,-19.906539916992188,57.314903259277344,generated_videos/surface_grid_5_hard.mp4
1649,12,105354,860,814396,-8.257766723632812,-18.464492797851562,53.5345458984375,generated_videos/surface_grid_5_hard.mp4
1650,12,105486,882,832125,-7.07989501953125,-18.3927001953125,51.02943420410156,generated_videos/surface_grid_5_hard.mp4
1651,13,105612,848,784012,-6.0886077880859375,-19.502182006835938,50.45709991455078,generated_videos/surface_grid_5_hard.mp4
1652,12,105729,838,786256,-5.05340576171875,-20.423004150390625,49.982322692871094,generated_videos/surface_grid_5_hard.mp4
1653,10,105867,840,790546,-3.699951171875,-16.989898681640625,43.402862548828125,generated_videos/surface_grid_5_hard.mp4
1654,12,106049,866,836808,-2.6371917724609375,-13.035146713256836,33.84083557128906,generated_videos/surface_grid_5_hard.mp4
1655,11,106187,843,836592,-3.741241455078125,-12.551055908203125,30.94439125061035,generated_videos/surface_grid_5_hard.mp4
1656,12,106346,839,835330,-3.66015625,-11.053871154785156,30.251893997192383,generated_videos/surface_grid_5_hard.mp4
1657,11,106504,854,841615,-4.005767822265625,-10.701065063476562,30.400901794433594,generated_videos/surface_grid_5_hard.mp4
1658,11,106641,846,841119,-4.763328552246094,-10.218742370605469,31.79388427734375,generated_videos/surface_grid_5_hard.mp4
1659,12,106763,853,841861,-5.029510498046875,-9.735198974609375,33.14944076538086,generated_videos/surface_grid_5_hard.mp4
1660,12,106877,858,840940,-6.668067932128906,-9.500564575195312,35.00821304321289,generated_videos/surface_grid_5_hard.mp4
1661,14,106983,851,839161,-7.92828369140625,-10.0784912109375,36.66332244873047,generated_videos/surface_grid_5_hard.mp4
1662,15,107100,850,835533,-9.004261016845703,-10.113807678222656,39.548240661621094,generated_videos/surface_grid_5_hard.mp4
1663,14,107213,853,839071,-10.492866516113281,-10.5362548828125,40.4112548828125,generated_videos/surface_grid_5_hard.mp4
1664,14,107325,840,837865,-12.299530029296875,-10.878372192382812,41.58119583129883,generated_videos/surface_grid_5_hard.mp4
1665,12,107446,849,840693,-12.94696044921875,-10.88043212890625,42.47121810913086,generated_videos/surface_grid_5_hard.mp4
1666,11,107567,852,839107,-12.13729476928711,-10.659656524658203,43.1685791015625,generated_videos/surface_grid_5_hard.mp4
1667,13,107681,862,840413,-11.815376281738281,-10.81403636932373,43.28894805908203,generated_videos/surface_grid_5_hard.mp4
1668,13,107801,863,830441,-13.09771728515625,-11.124954223632812,43.75432586669922,generated_videos/surface_grid_5_hard.mp4
1669,11,107913,871,842047,-12.798492431640625,-12.044227600097656,45.686058044433594,generated_videos/surface_grid_5_hard.mp4
1670,10,108026,874,842929,-13.350509643554688,-12.813186645507812,46.4715461730957,generated_videos/surface_grid_5_hard.mp4
1671,14,108141,878,836067,-13.821868896484375,-13.776901245117188,47.68180847167969,generated_videos/surface_grid_5_hard.mp4
1672,13,108248,873,838101,-12.983230590820312,-14.587860107421875,49.39187240600586,generated_videos/surface_grid_5_hard.mp4
1673,13,108353,873,837755,-14.497196197509766,-15.200668334960938,51.48533630371094,generated_videos/surface_grid_5_hard.mp4
1674,14,108460,876,838263,-13.332473754882812,-15.462501525878906,51.024742126464844,generated_videos/surface_grid_5_hard.mp4
1675,12,108576,878,838594,-13.481708526611328,-14.698593139648438,50.89739990234375,generated_videos/surface_grid_5_hard.mp4
1676,18,108686,875,832184,-13.882095336914062,-15.547698974609375,51.549705505371094,generated_videos/surface_grid_5_hard.mp4
1677,19,108799,885,832615,-14.099853515625,-14.4896240234375,50.700740814208984,generated_videos/surface_grid_5_hard.mp4
1678,18,108905,888,833847,-12.730209350585938,-14.836048126220703,51.180084228515625,generated_videos/surface_grid_5_hard.mp4
1679,15,109005,891,833610,-14.26025390625,-16.49981689453125,54.186302185058594,generated_videos/surface_grid_5_hard.mp4
1680,15,109110,886,835215,-14.080314636230469,-17.999046325683594,55.38725280761719,generated_videos/surface_grid_5_hard.mp4
1681,12,109227,890,836201,-12.9439697265625,-18.10614776611328,55.60846710205078,generated_videos/surface_grid_5_hard.mp4
1682,15,109336,888,833145,-14.212547302246094,-19.326812744140625,56.54060745239258,generated_videos/surface_grid_5_hard.mp4
1683,18,109459,861,788040,-10.97528076171875,-22.276702880859375,54.1472053527832,generated_videos/surface_grid_5_hard.mp4
1684,18,109574,866,790133,-11.58038330078125,-22.258220672607422,56.07748794555664,generated_videos/surface_grid_5_hard.mp4
1685,17,109696,873,790489,-9.13775634765625,-21.424774169921875,57.15291976928711,generated_videos/surface_grid_5_hard.mp4
1686,17,109851,918,831105,-7.62042236328125,-17.873027801513672,54.59300231933594,generated_videos/surface_grid_5_hard.mp4
1687,16,109969,916,830056,-10.938446044921875,-17.73200225830078,55.536582946777344,generated_videos/surface_grid_5_hard.mp4
1688,20,110086,905,822198,-12.86541748046875,-19.324073791503906,57.38444137573242,generated_videos/surface_grid_5_hard.mp4
1689,21,110211,914,823626,-12.694625854492188,-17.755897521972656,59.788330078125,generated_videos/surface_grid_5_hard.mp4
1690,26,110341,896,792655,-11.1512451171875,-18.314361572265625,57.684844970703125,generated_videos/surface_grid_5_hard.mp4
1691,25,110489,921,819600,-8.421173095703125,-14.778167724609375,52.35786056518555,generated_videos/surface_grid_5_hard.mp4
1692,21,110614,919,814237,-9.946685791015625,-14.746856689453125,51.60920333862305,generated_videos/surface_grid_5_hard.mp4
1693,24,110735,921,814084,-10.940536499023438,-12.61248779296875,52.35756301879883,generated_videos/surface_grid_5_hard.mp4
1694,18,110863,915,823350,-10.14813232421875,-10.9471435546875,52.44744873046875,generated_videos/surface_grid_5_hard.mp4
1695,19,111000,921,822288,-9.71002197265625,-10.384735107421875,50.708152770996094,generated_videos/surface_grid_5_hard.mp4
1696,19,111130,916,819512,-9.321823120117188,-8.57352066040039,50.28724670410156,generated_videos/surface_grid_5_hard.mp4
1697,22,111261,920,814766,-8.789022445678711,-7.5160980224609375,48.437538146972656,generated_videos/surface_grid_5_hard.mp4
1698,21,111388,924,814020,-9.329147338867188,-7.4375457763671875,47.70004653930664,generated_videos/surface_grid_5_hard.mp4
1699,19,111520,908,819202,-7.962615966796875,-6.053718566894531,44.76154327392578,generated_videos/surface_grid_5_hard.mp4
1700,22,111645,886,817148,-7.924995422363281,-5.282997131347656,42.90784454345703,generated_videos/surface_grid_5_hard.mp4
1701,21,111771,869,818385,-7.118255615234375,-4.0518798828125,39.00872802734375,generated_videos/surface_grid_5_hard.mp4
1702,18,111894,857,821243,-7.0218505859375,-2.551359176635742,37.99343490600586,generated_videos/surface_grid_5_hard.mp4
1703,20,112025,867,816631,-7.047088623046875,-1.4117279052734375,38.324100494384766,generated_videos/surface_grid_5_hard.mp4
1704,18,112149,863,816974,-7.904144287109375,-1.390594482421875,38.37067794799805,generated_videos/surface_grid_5_hard.mp4
1705,19,112269,856,814904,-7.6813507080078125,-1.4752883911132812,36.66950607299805,generated_videos/surface_grid_5_hard.mp4
1706,17,112385,830,815829,-8.779449462890625,-2.5190277099609375,37.80137634277344,generated_videos/surface_grid_5_hard.mp4
1707,18,112523,837,817721,-6.82611083984375,-1.7784271240234375,33.93739318847656,generated_videos/surface_grid_5_hard.mp4
1708,19,112651,834,817039,-6.685760498046875,-1.6071853637695312,33.05891418457031,generated_videos/surface_grid_5_hard.mp4
1709,18,112782,836,818339,-7.65118408203125,-2.063140869140625,33.71546936035156,generated_videos/surface_grid_5_hard.mp4
1710,17,112919,842,824279,-7.221824645996094,-2.3172683715820312,33.58509063720703,generated_videos/surface_grid_5_hard.mp4
1711,15,113036,838,824205,-6.846038818359375,-2.360321044921875,33.44298553466797,generated_videos/surface_grid_5_hard.mp4
1712,15,113163,836,824720,-6.710693359375,-2.3584823608398438,33.778053283691406,generated_videos/surface_grid_5_hard.mp4
1713,17,113289,828,822489,-6.315338134765625,-2.059727668762207,32.92367172241211,generated_videos/surface_grid_5_hard.mp4
1714,15,113420,831,824283,-6.0783538818359375,-1.70440673828125,32.210140228271484,generated_videos/surface_grid_5_hard.mp4
1715,13,113546,835,827360,-6.35711669921875,-1.8665771484375,32.22989273071289,generated_videos/surface_grid_5_hard.mp4
1716,14,113672,838,826968,-6.886077880859375,-1.9540290832519531,32.43450164794922,generated_videos/surface_grid_5_hard.mp4
1717,14,113803,839,822445,-6.357208251953125,-1.8414459228515625,31.556535720825195,generated_videos/surface_grid_5_hard.mp4
1718,16,113925,829,822593,-6.73046875,-2.44232177734375,32.39299774169922,generated_videos/surface_grid_5_hard.mp4
1719,16,114048,830,824620,-7.1137237548828125,-2.837493896484375,31.515779495239258,generated_videos/surface_grid_5_hard.mp4
1720,20,114170,817,822318,-7.611328125,-2.64300537109375,30.993696212768555,generated_videos/surface_grid_5_hard.mp4
1721,15,114293,816,827405,-8.23602294921875,-2.4938125610351562,31.065113067626953,generated_videos/surface_grid_5_hard.mp4
1722,15,114428,821,824719,-7.3458251953125,-2.3432464599609375,31.840959548950195,generated_videos/surface_grid_5_hard.mp4
1723,16,114551,817,827124,-7.4786376953125,-2.28472900390625,31.044200897216797,generated_videos/surface_grid_5_hard.mp4
1724,16,114677,820,827687,-8.208251953125,-2.1404876708984375,30.69806671142578,generated_videos/surface_grid_5_hard.mp4
1725,16,114806,821,828800,-8.05517578125,-2.480255126953125,31.040515899658203,generated_videos/surface_grid_5_hard.mp4
1726,17,114919,814,827303,-10.15045166015625,-2.7857580184936523,32.91416931152344,generated_videos/surface_grid_5_hard.mp4
1727,17,115030,813,825372,-10.640335083007812,-3.441802978515625,33.67604064941406,generated_videos/surface_grid_5_hard.mp4
1728,16,115149,822,830084,-11.888160705566406,-3.5500564575195312,34.71539306640625,generated_videos/surface_grid_5_hard.mp4
1729,14,115256,820,834735,-11.490997314453125,-4.3658905029296875,35.67999267578125,generated_videos/surface_grid_5_hard.mp4
1730,15,115376,819,833599,-11.3125,-4.799835205078125,36.45689010620117,generated_videos/surface_grid_5_hard.mp4
1731,14,115489,832,832728,-10.71563720703125,-5.217174530029297,36.63298034667969,generated_videos/surface_grid_5_hard.mp4
1732,15,115599,837,835101,-10.994720458984375,-5.6832275390625,37.874229431152344,generated_videos/surface_grid_5_hard.mp4
1733,13,115703,839,836020,-11.14324951171875,-6.18426513671875,39.20851516723633,generated_videos/surface_grid_5_hard.mp4
1734,15,115809,823,821448,-13.198822021484375,-6.775115966796875,41.626033782958984,generated_videos/surface_grid_5_hard.mp4
1735,14,115920,833,824911,-12.650390625,-6.877471923828125,41.84164810180664,generated_videos/surface_grid_5_hard.mp4
1736,12,116031,828,827017,-11.382213592529297,-7.342559814453125,42.108062744140625,generated_videos/surface_grid_5_hard.mp4
1737,11,116133,828,825643,-11.918975830078125,-7.622711181640625,42.975345611572266,generated_videos/surface_grid_5_hard.mp4
1738,13,116249,834,835476,-11.898513793945312,-8.097587585449219,44.105133056640625,generated_videos/surface_grid_5_hard.mp4
1739,11,116363,835,837516,-12.45916748046875,-8.184494018554688,44.30413055419922,generated_videos/surface_grid_5_hard.mp4
1740,12,116482,843,836183,-10.923995971679688,-7.7801513671875,44.3986701965332,generated_videos/surface_grid_5_hard.mp4
1741,9,116595,845,840585,-10.90152359008789,-7.968719482421875,44.101078033447266,generated_videos/surface_grid_5_hard.mp4
1742,12,116710,841,835872,-10.29876708984375,-8.512969970703125,45.17267608642578,generated_videos/surface_grid_5_hard.mp4
1743,9,116822,826,823182,-12.870681762695312,-9.89727783203125,47.597110748291016,generated_videos/surface_grid_5_hard.mp4
1744,10,116932,816,824621,-12.643295288085938,-10.35687255859375,48.332698822021484,generated_videos/surface_grid_5_hard.mp4
1745,14,117046,823,824900,-12.65283203125,-10.085884094238281,47.932186126708984,generated_videos/surface_grid_5_hard.mp4
1746,14,117154,819,824702,-13.09722900390625,-10.55157470703125,49.26788330078125,generated_videos/surface_grid_5_hard.mp4
1747,13,117261,814,819761,-13.686904907226562,-11.141120910644531,50.597938537597656,generated_videos/surface_grid_5_hard.mp4
1748,14,117395,834,832891,-12.604172706604004,-10.179122924804688,49.18817138671875,generated_videos/surface_grid_5_hard.mp4
1749,14,117512,827,822484,-12.93365478515625,-10.3089599609375,48.80935287475586,generated_videos/surface_grid_5_hard.mp4
1750,12,117629,832,828050,-12.536666870117188,-10.426666259765625,48.7620735168457,generated_videos/surface_grid_5_hard.mp4
1751,12,117735,830,827345,-13.270278930664062,-11.37116813659668,49.93060302734375,generated_videos/surface_grid_5_hard.mp4
1752,13,117854,834,827797,-13.02496337890625,-11.321121215820312,50.2099609375,generated_videos/surface_grid_5_hard.mp4
1753,15,117963,832,828095,-13.148473739624023,-11.641487121582031,50.12242126464844,generated_videos/surface_grid_5_hard.mp4
1754,15,118096,845,838440,-12.566131591796875,-11.26904296875,49.528079986572266,generated_videos/surface_grid_5_hard.mp4
1755,20,118216,851,832406,-12.77081298828125,-11.373001098632812,49.75769805908203,generated_videos/surface_grid_5_hard.mp4
1756,16,118335,853,834484,-12.36956787109375,-11.491348266601562,49.97093963623047,generated_videos/surface_grid_5_hard.mp4
1757,15,118455,855,840312,-13.551620483398438,-11.19268798828125,50.60502243041992,generated_videos/surface_grid_5_hard.mp4
1758,15,118578,853,822741,-14.163726806640625,-11.1226806640625,51.69191360473633,generated_videos/surface_grid_5_hard.mp4
1759,13,118705,871,831246,-13.2633056640625,-10.32293701171875,49.707298278808594,generated_videos/surface_grid_5_hard.mp4
1760,14,118827,881,831448,-13.97674560546875,-9.85223388671875,50.544918060302734,generated_videos/surface_grid_5_hard.mp4
1761,13,118946,891,832412,-13.849090576171875,-8.997840881347656,49.66555404663086,generated_videos/surface_grid_5_hard.mp4
1762,15,119065,878,828819,-14.761123657226562,-9.633186340332031,51.60392761230469,generated_videos/surface_grid_5_hard.mp4
1763,15,119192,884,832473,-14.957656860351562,-10.222200393676758,52.04953384399414,generated_videos/surface_grid_5_hard.mp4
1764,15,119326,891,835488,-13.797752380371094,-10.164398193359375,52.51502227783203,generated_videos/surface_grid_5_hard.mp4
1765,16,119457,905,836154,-14.5147705078125,-8.70294189453125,51.10274887084961,generated_videos/surface_grid_5_hard.mp4
1766,17,119578,893,833302,-16.1685791015625,-9.559837341308594,53.46107864379883,generated_videos/surface_grid_5_hard.mp4
1767,15,119709,902,845343,-13.3626708984375,-9.035858154296875,52.596405029296875,generated_videos/surface_grid_5_hard.mp4
1768,19,119833,893,832213,-15.6529541015625,-9.748504638671875,55.495182037353516,generated_videos/surface_grid_5_hard.mp4
1769,16,119975,916,847349,-15.501358032226562,-8.281204223632812,55.236915588378906,generated_videos/surface_grid_5_hard.mp4
1770,17,120110,917,846263,-14.723663330078125,-8.6390380859375,53.938865661621094,generated_videos/surface_grid_5_hard.mp4
1771,16,120235,926,847241,-14.652877807617188,-7.69891357421875,52.562843322753906,generated_videos/surface_grid_5_hard.mp4
1772,18,120363,922,844648,-15.625216484069824,-8.123146057128906,54.881752014160156,generated_videos/surface_grid_5_hard.mp4
1773,20,120490,915,844946,-16.4766845703125,-8.946653366088867,55.12794876098633,generated_videos/surface_grid_5_hard.mp4
1774,15,120629,922,844491,-16.446300506591797,-8.592544555664062,55.199485778808594,generated_videos/surface_grid_5_hard.mp4
1775,19,120757,907,825084,-17.89361572265625,-9.91961669921875,57.953678131103516,generated_videos/surface_grid_5_hard.mp4
1776,20,120894,907,819181,-18.152984619140625,-9.340118408203125,58.863033294677734,generated_videos/surface_grid_5_hard.mp4
1777,17,121026,903,820435,-16.27374267578125,-9.124038696289062,56.82472610473633,generated_videos/surface_grid_5_hard.mp4
1778,14,121179,923,843051,-15.0909423828125,-8.450042724609375,54.24585723876953,generated_videos/surface_grid_5_hard.mp4
1779,16,121306,914,835963,-15.50628662109375,-8.928573608398438,55.38005065917969,generated_videos/surface_grid_5_hard.mp4
1780,16,121431,911,832633,-16.97736358642578,-9.392791748046875,59.24944305419922,generated_videos/surface_grid_5_hard.mp4
1781,19,121573,919,818972,-17.07171630859375,-9.89764404296875,59.02904510498047,generated_videos/surface_grid_5_hard.mp4
1782,15,121713,931,820614,-15.961944580078125,-9.169181823730469,55.060218811035156,generated_videos/surface_grid_5_hard.mp4
1783,13,121839,938,819473,-16.418121337890625,-9.117607116699219,55.597190856933594,generated_videos/surface_grid_5_hard.mp4
1784,17,121979,921,823366,-15.23260498046875,-9.509613037109375,52.81550598144531,generated_videos/surface_grid_5_hard.mp4
1785,15,122116,909,820590,-13.180908203125,-9.525360107421875,51.337257385253906,generated_videos/surface_grid_5_hard.mp4
1786,14,122250,901,815362,-12.8250732421875,-9.614909172058105,49.46129608154297,generated_videos/surface_grid_5_hard.mp4
1787,17,122380,899,813747,-11.652316093444824,-8.576919555664062,50.03701400756836,generated_videos/surface_grid_5_hard.mp4
1788,15,122511,897,817568,-12.167150497436523,-7.768280029296875,50.88020706176758,generated_videos/surface_grid_5_hard.mp4
1789,15,122629,876,814411,-11.53704833984375,-7.4348297119140625,47.3502197265625,generated_videos/surface_grid_5_hard.mp4
1790,15,122766,870,811695,-10.052276611328125,-6.0596160888671875,42.420963287353516,generated_videos/surface_grid_5_hard.mp4
1791,15,122892,870,813697,-10.653434753417969,-4.320796966552734,42.26982116699219,generated_videos/surface_grid_5_hard.mp4
1792,15,123020,873,812598,-10.5506591796875,-4.213066101074219,43.559452056884766,generated_videos/surface_grid_5_hard.mp4
1793,17,123140,868,815329,-10.54376220703125,-5.096628189086914,44.34413146972656,generated_videos/surface_grid_5_hard.mp4
1794,14,123271,867,811937,-9.43365478515625,-5.70880126953125,44.063629150390625,generated_videos/surface_grid_5_hard.mp4
1795,15,123383,857,812072,-10.835693359375,-6.728363037109375,45.11723709106445,generated_videos/surface_grid_5_hard.mp4
1796,19,123507,856,806787,-12.066017150878906,-7.585395812988281,46.159912109375,generated_videos/surface_grid_5_hard.mp4
1797,18,123621,843,807367,-11.918182373046875,-7.80224609375,46.95294952392578,generated_videos/surface_grid_5_hard.mp4
1798,19,123746,845,805964,-11.25103759765625,-7.9470367431640625,46.72838592529297,generated_videos/surface_grid_5_hard.mp4
1799,20,123864,850,809700,-10.85174560546875,-8.50201416015625,47.92573547363281,generated_videos/surface_grid_5_hard.mp4
1800,16,123986,845,799866,-11.706878662109375,-8.64036750793457,49.043922424316406,generated_videos/surface_grid_5_hard.mp4
1801,18,124097,843,795728,-12.50006103515625,-8.544342041015625,52.10361099243164,generated_videos/surface_grid_5_hard.mp4
1802,18,124223,838,787023,-12.304664611816406,-7.45654296875,49.270164489746094,generated_videos/surface_grid_5_hard.mp4
1803,16,124343,839,794343,-10.74571704864502,-6.7975921630859375,44.40424346923828,generated_videos/surface_grid_5_hard.mp4
1804,17,124477,853,797371,-10.4979248046875,-5.37359619140625,43.03136444091797,generated_videos/surface_grid_5_hard.mp4
1805,16,124604,850,801138,-11.257553100585938,-4.604286193847656,42.733856201171875,generated_videos/surface_grid_5_hard.mp4
1806,16,124723,846,794132,-11.401351928710938,-4.442194938659668,42.974979400634766,generated_videos/surface_grid_5_hard.mp4
1807,17,124833,833,780936,-13.571197509765625,-5.059051513671875,45.609039306640625,generated_videos/surface_grid_5_hard.mp4
1808,15,124954,828,784133,-14.710189819335938,-4.937202453613281,47.57417297363281,generated_videos/surface_grid_5_hard.mp4
1809,15,125071,819,776059,-15.345794677734375,-5.84466552734375,48.93377685546875,generated_videos/surface_grid_5_hard.mp4
1810,18,125198,830,778517,-16.019851684570312,-5.922760009765625,49.44098663330078,generated_videos/surface_grid_5_hard.mp4
1811,16,125320,816,771652,-16.1240234375,-7.157844543457031,49.83647918701172,generated_videos/surface_grid_5_hard.mp4
1812,15,125438,816,770675,-14.928665161132812,-6.4087982177734375,48.12224578857422,generated_videos/surface_grid_5_hard.mp4
1813,14,125558,819,776407,-14.64593505859375,-5.44635009765625,50.004154205322266,generated_videos/surface_grid_5_hard.mp4
1814,17,125678,818,774161,-14.849075317382812,-5.2005615234375,50.06232452392578,generated_videos/surface_grid_5_hard.mp4
1815,13,125790,801,769545,-15.112579345703125,-5.0672607421875,50.59260940551758,generated_videos/surface_grid_5_hard.mp4
1816,12,125916,799,770193,-14.12860107421875,-4.277496337890625,48.38078689575195,generated_videos/surface_grid_5_hard.mp4
1817,13,126046,805,769435,-11.17645263671875,-4.142578125,45.598575592041016,generated_videos/surface_grid_5_hard.mp4
1818,11,126192,821,786000,-9.964164733886719,-2.558502197265625,41.829437255859375,generated_videos/surface_grid_5_hard.mp4
1819,12,126314,794,767426,-10.868324279785156,-3.216552734375,41.81233596801758,generated_videos/surface_grid_5_hard.mp4
1820,12,126453,796,790076,-9.5546875,-2.0629501342773438,41.84156799316406,generated_videos/surface_grid_5_hard.mp4
1821,12,126579,783,766863,-10.47149658203125,-2.014404296875,41.99565887451172,generated_videos/surface_grid_5_hard.mp4
1822,14,126728,812,785177,-9.451141357421875,-0.9964027404785156,39.126747131347656,generated_videos/surface_grid_5_hard.mp4
1823,14,126849,804,784560,-9.633964538574219,-1.1746444702148438,38.4665641784668,generated_videos/surface_grid_5_hard.mp4
1824,14,126986,803,786207,-9.23114013671875,-0.65838623046875,37.51939010620117,generated_videos/surface_grid_5_hard.mp4
1825,12,127119,803,785270,-9.577590942382812,-0.681732177734375,34.605255126953125,generated_videos/surface_grid_5_hard.mp4
1826,12,127253,808,784729,-9.343124389648438,-0.8323516845703125,34.02350997924805,generated_videos/surface_grid_5_hard.mp4
1827,14,127374,800,785407,-10.171737670898438,-0.9978485107421875,32.69652557373047,generated_videos/surface_grid_5_hard.mp4
1828,14,127504,793,776469,-10.016876220703125,-0.99310302734375,32.62929153442383,generated_videos/surface_grid_5_hard.mp4
1829,12,127640,804,776135,-10.305347442626953,-1.24542236328125,33.427486419677734,generated_videos/surface_grid_5_hard.mp4
1830,15,127781,802,767170,-10.075111389160156,-1.249237060546875,31.848304748535156,generated_videos/surface_grid_5_hard.mp4
1831,13,127908,788,764574,-10.604164123535156,-2.0414276123046875,32.37079620361328,generated_videos/surface_grid_5_hard.mp4
1832,14,128032,773,757832,-11.7161865234375,-2.7159423828125,33.90683364868164,generated_videos/surface_grid_5_hard.mp4
1833,12,128172,799,777662,-11.933135986328125,-2.651611328125,33.26490783691406,generated_videos/surface_grid_5_hard.mp4
1834,13,128301,796,770536,-11.634780883789062,-2.882366180419922,34.704986572265625,generated_videos/surface_grid_5_hard.mp4
1835,17,128435,793,768148,-12.260467529296875,-3.3095703125,34.8519401550293,generated_videos/surface_grid_5_hard.mp4
1836,16,128569,795,766100,-12.763946533203125,-3.5579833984375,35.99212646484375,generated_videos/surface_grid_5_hard.mp4
1837,21,128709,805,763090,-11.882415771484375,-3.053924560546875,35.9412841796875,generated_videos/surface_grid_5_hard.mp4
1838,19,128841,801,764112,-11.911608695983887,-3.4345436096191406,36.120506286621094,generated_videos/surface_grid_5_hard.mp4
1839,21,128972,798,758462,-12.72613525390625,-3.6963958740234375,37.07893371582031,generated_videos/surface_grid_5_hard.mp4
1840,24,129102,792,762234,-12.653289794921875,-4.031890869140625,36.87736892700195,generated_videos/surface_grid_5_hard.mp4
1841,19,129228,788,760863,-14.0709228515625,-4.4825286865234375,38.15620422363281,generated_videos/surface_grid_5_hard.mp4
1842,19,129351,784,763134,-15.137466430664062,-4.568828582763672,38.52397918701172,generated_videos/surface_grid_5_hard.mp4
1843,20,129488,789,754162,-16.1888427734375,-4.185211181640625,39.2022819519043,generated_videos/surface_grid_5_hard.mp4
1844,21,129614,795,752483,-17.191619873046875,-3.89715576171875,39.5615234375,generated_videos/surface_grid_5_hard.mp4
1845,19,129744,796,753807,-17.894683837890625,-3.5154571533203125,40.308780670166016,generated_videos/surface_grid_5_hard.mp4
1846,20,129855,796,751473,-18.545516967773438,-3.5276947021484375,42.30091857910156,generated_videos/surface_grid_5_hard.mp4
1847,15,129972,796,762491,-20.26995849609375,-3.629810333251953,43.31483459472656,generated_videos/surface_grid_5_hard.mp4
1848,17,130077,798,753893,-21.345672607421875,-3.633636474609375,45.50578308105469,generated_videos/surface_grid_5_hard.mp4
1849,21,130180,795,749955,-22.649700164794922,-3.857940673828125,46.306697845458984,generated_videos/surface_grid_5_hard.mp4
1850,18,130296,794,748627,-23.526039123535156,-3.40802001953125,46.68589401245117,generated_videos/surface_grid_5_hard.mp4
1851,19,130416,805,751742,-24.468475341796875,-2.97235107421875,47.44903564453125,generated_videos/surface_grid_5_hard.mp4
1852,18,130524,799,749585,-26.03857421875,-3.180755615234375,49.512672424316406,generated_videos/surface_grid_5_hard.mp4
1853,18,130625,799,745840,-28.40521240234375,-2.5897789001464844,51.25178146362305,generated_videos/surface_grid_5_hard.mp4
1854,15,130728,805,744792,-28.82366943359375,-1.897003173828125,51.41153335571289,generated_videos/surface_grid_5_hard.mp4
1855,14,130831,802,740688,-30.429733276367188,-1.7491645812988281,51.90903091430664,generated_videos/surface_grid_5_hard.mp4
1856,14,130936,806,744144,-31.038406372070312,-1.4999313354492188,52.40498352050781,generated_videos/surface_grid_5_hard.mp4
1857,13,131045,805,735736,-31.539306640625,-1.3026580810546875,53.26852035522461,generated_videos/surface_grid_5_hard.mp4
1858,14,131135,804,732098,-33.00071334838867,-1.2736053466796875,54.90011978149414,generated_videos/surface_grid_5_hard.mp4
1859,11,131246,807,734074,-32.97442626953125,-0.7461166381835938,54.14385986328125,generated_videos/surface_grid_5_hard.mp4
1860,13,131348,803,726060,-32.27813720703125,-0.7535018920898438,55.67599105834961,generated_videos/surface_grid_5_hard.mp4
1861,16,131449,803,725090,-33.624324798583984,-0.500274658203125,56.63254165649414,generated_videos/surface_grid_5_hard.mp4
1862,15,131543,800,722318,-34.780548095703125,-0.7142219543457031,57.35932159423828,generated_videos/surface_grid_5_hard.mp4
1863,19,131640,801,721096,-36.24876403808594,-1.1998138427734375,57.58654022216797,generated_videos/surface_grid_5_hard.mp4
1864,18,131739,805,725612,-36.67230224609375,-1.505096435546875,57.761383056640625,generated_videos/surface_grid_5_hard.mp4
1865,15,131845,811,720208,-36.05121612548828,-1.9771728515625,57.98038101196289,generated_videos/surface_grid_5_hard.mp4
1866,16,131938,813,719096,-35.853126525878906,-2.7664642333984375,57.59544372558594,generated_videos/surface_grid_5_hard.mp4
1867,15,132041,814,720150,-33.6422119140625,-3.5380096435546875,57.942543029785156,generated_videos/surface_grid_5_hard.mp4
1868,12,132139,810,720014,-33.771690368652344,-4.53271484375,58.60240936279297,generated_videos/surface_grid_5_hard.mp4
1869,12,132236,809,716870,-35.51556396484375,-5.024627685546875,59.25572204589844,generated_videos/surface_grid_5_hard.mp4
1870,13,132336,805,714010,-35.436676025390625,-5.6248626708984375,59.589412689208984,generated_videos/surface_grid_5_hard.mp4
1871,13,132437,806,713170,-35.109291076660156,-5.950843811035156,59.966285705566406,generated_videos/surface_grid_5_hard.mp4
1872,12,132536,806,716288,-34.8507080078125,-6.167888641357422,60.6352424621582,generated_videos/surface_grid_5_hard.mp4
1873,12,132633,805,711093,-35.761436462402344,-6.44390869140625,61.43350601196289,generated_videos/surface_grid_5_hard.mp4
1874,13,132725,809,710997,-34.912353515625,-6.411491394042969,59.9824104309082,generated_videos/surface_grid_5_hard.mp4
1875,11,132822,813,713889,-34.1341552734375,-5.46484375,59.987117767333984,generated_videos/surface_grid_5_hard.mp4
1876,12,132918,809,712069,-35.244476318359375,-4.805328369140625,59.591819763183594,generated_videos/surface_grid_5_hard.mp4
1877,16,133021,814,711108,-34.32542419433594,-3.9283065795898438,59.17833709716797,generated_videos/surface_grid_5_hard.mp4
1878,15,133118,818,715314,-34.375457763671875,-2.7955322265625,59.4429931640625,generated_videos/surface_grid_5_hard.mp4
1879,11,133220,819,716375,-32.92326354980469,-2.056884765625,58.57804489135742,generated_videos/surface_grid_5_hard.mp4
1880,11,133328,825,714719,-29.86016845703125,-1.250030517578125,58.44878387451172,generated_videos/surface_grid_5_hard.mp4
1881,12,133427,819,717323,-29.17938232421875,-1.2276611328125,58.58573532104492,generated_videos/surface_grid_5_hard.mp4
1882,14,133525,815,716843,-28.53857421875,-2.0518646240234375,58.53477096557617,generated_videos/surface_grid_5_hard.mp4
1883,15,133635,821,720549,-29.0806884765625,-2.6044845581054688,59.122283935546875,generated_videos/surface_grid_5_hard.mp4
1884,10,133740,818,719550,-29.247467041015625,-3.9845428466796875,59.964317321777344,generated_videos/surface_grid_5_hard.mp4
1885,10,133858,831,726573,-28.58807373046875,-4.976970672607422,58.92937088012695,generated_videos/surface_grid_5_hard.mp4
1886,11,133967,833,715454,-29.296890258789062,-7.560272216796875,59.71133804321289,generated_videos/surface_grid_5_hard.mp4
1887,11,134081,838,716895,-28.318267822265625,-8.975959777832031,62.02550506591797,generated_videos/surface_grid_5_hard.mp4
1888,13,134185,831,714618,-28.235137939453125,-10.401153564453125,63.66671371459961,generated_videos/surface_grid_5_hard.mp4
1889,14,134288,829,714234,-27.91827392578125,-12.504997253417969,63.824832916259766,generated_videos/surface_grid_5_hard.mp4
1890,15,134397,831,708354,-27.81585693359375,-13.47503662109375,61.62540817260742,generated_videos/surface_grid_5_hard.mp4
1891,10,134496,829,713100,-27.559814453125,-14.801849365234375,61.58645248413086,generated_videos/surface_grid_5_hard.mp4
1892,13,134599,832,705980,-27.407806396484375,-15.19278335571289,62.189178466796875,generated_videos/surface_grid_5_hard.mp4
1893,11,134699,829,708124,-27.77630615234375,-14.863037109375,62.061363220214844,generated_videos/surface_grid_5_hard.mp4
1894,11,134795,828,709970,-27.603790283203125,-14.828369140625,61.84406280517578,generated_videos/surface_grid_5_hard.mp4
1895,11,134894,828,710798,-27.35516357421875,-14.010475158691406,60.91362380981445,generated_videos/surface_grid_5_hard.mp4
1896,18,134996,830,705840,-28.662151336669922,-13.726184844970703,60.73332977294922,generated_videos/surface_grid_5_hard.mp4
1897,14,135100,832,705600,-28.21460723876953,-13.664199829101562,61.26691818237305,generated_videos/surface_grid_5_hard.mp4
1898,16,135197,842,707304,-27.5654296875,-13.506629943847656,60.753150939941406,generated_videos/surface_grid_5_hard.mp4
1899,15,135301,841,706471,-27.69903564453125,-13.694389343261719,61.01983642578125,generated_videos/surface_grid_5_hard.mp4
1900,17,135400,842,708043,-28.509613037109375,-13.674606323242188,61.474395751953125,generated_videos/surface_grid_5_hard.mp4
1901,13,135497,829,707149,-28.079345703125,-14.904632568359375,62.556522369384766,generated_videos/surface_grid_5_hard.mp4
1902,13,135604,823,705030,-26.1654052734375,-15.43963623046875,61.4760627746582,generated_videos/surface_grid_5_hard.mp4
1903,10,135707,823,703285,-25.83587646484375,-15.827789306640625,62.159122467041016,generated_videos/surface_grid_5_hard.mp4
1904,10,135810,824,704029,-24.631568908691406,-16.167747497558594,61.66347122192383,generated_videos/surface_grid_5_hard.mp4
1905,11,135912,819,698282,-25.44427490234375,-17.363494873046875,62.51806640625,generated_videos/surface_grid_5_hard.mp4
1906,10,136016,822,699940,-25.348907470703125,-17.021892547607422,61.81904220581055,generated_videos/surface_grid_5_hard.mp4
1907,12,136115,820,697907,-27.93719482421875,-16.968521118164062,62.11157989501953,generated_videos/surface_grid_5_hard.mp4
1908,11,136220,824,697813,-26.922332763671875,-16.795623779296875,60.32982635498047,generated_videos/surface_grid_5_hard.mp4
1909,11,136327,824,698081,-27.5452880859375,-16.621719360351562,59.90282440185547,generated_videos/surface_grid_5_hard.mp4
1910,13,136430,825,695854,-27.04986572265625,-16.068893432617188,59.53952407836914,generated_videos/surface_grid_5_hard.mp4
1911,13,136537,823,693917,-26.906768798828125,-14.86669921875,59.27277755737305,generated_videos/surface_grid_5_hard.mp4
1912,14,136647,831,695133,-24.721149444580078,-13.35736083984375,58.9507942199707,generated_videos/surface_grid_5_hard.mp4
1913,12,136762,842,701062,-23.62322998046875,-11.393569946289062,58.92654800415039,generated_videos/surface_grid_5_hard.mp4
1914,13,136864,847,699797,-22.849227905273438,-9.913421630859375,57.80599594116211,generated_videos/surface_grid_5_hard.mp4
1915,13,136967,846,694388,-23.602706909179688,-8.072845458984375,58.0423583984375,generated_videos/surface_grid_5_hard.mp4
1916,12,137081,853,695649,-23.6759033203125,-5.89276123046875,55.902870178222656,generated_videos/surface_grid_5_hard.mp4
1917,13,137196,854,697866,-22.382476806640625,-4.2348480224609375,54.83135986328125,generated_videos/surface_grid_5_hard.mp4
1918,9,137300,861,698967,-22.26641845703125,-2.3733291625976562,53.383113861083984,generated_videos/surface_grid_5_hard.mp4
1919,13,137413,853,692747,-23.613113403320312,-2.370758056640625,52.6645393371582,generated_videos/surface_grid_5_hard.mp4
1920,13,137516,854,693438,-26.31793212890625,-2.4117889404296875,53.87297821044922,generated_videos/surface_grid_5_hard.mp4
1921,13,137625,849,691878,-27.3536376953125,-2.413848876953125,55.23743438720703,generated_videos/surface_grid_5_hard.mp4
1922,12,137729,851,691969,-27.65679931640625,-2.90875244140625,56.463592529296875,generated_videos/surface_grid_5_hard.mp4
1923,14,137840,854,692815,-25.628265380859375,-2.43414306640625,55.80199432373047,generated_videos/surface_grid_5_hard.mp4
1924,14,137954,856,694308,-26.4678955078125,-2.40643310546875,56.847618103027344,generated_videos/surface_grid_5_hard.mp4
1925,12,138069,855,695039,-26.30157470703125,-2.5846710205078125,56.261375427246094,generated_videos/surface_grid_5_hard.mp4
1926,10,138187,849,701527,-22.6748046875,-2.521148681640625,53.00524139404297,generated_videos/surface_grid_5_hard.mp4
1927,11,138309,842,697243,-22.484725952148438,-2.2463912963867188,51.87808609008789,generated_videos/surface_grid_5_hard.mp4
1928,12,138422,826,690838,-22.689666748046875,-1.8353271484375,51.186180114746094,generated_videos/surface_grid_5_hard.mp4
1929,11,138542,818,693060,-21.632736206054688,-1.541473388671875,48.90406036376953,generated_videos/surface_grid_5_hard.mp4
1930,10,138658,819,693194,-20.908050537109375,-1.5308837890625,47.78961181640625,generated_videos/surface_grid_5_hard.mp4
1931,10,138777,806,684799,-20.333465576171875,-2.0904693603515625,45.6197624206543,generated_videos/surface_grid_5_hard.mp4
1932,11,138895,804,687009,-19.941688537597656,-1.9420928955078125,41.449729919433594,generated_videos/surface_grid_5_hard.mp4
1933,10,139014,803,690457,-20.2843017578125,-1.8219451904296875,41.80778121948242,generated_videos/surface_grid_5_hard.mp4
1934,13,139141,791,684262,-17.226593017578125,-1.05108642578125,39.31425094604492,generated_videos/surface_grid_5_hard.mp4
1935,9,139276,803,696531,-16.673828125,-0.969268798828125,38.50923538208008,generated_videos/surface_grid_5_hard.mp4
1936,8,139406,803,700017,-15.66363525390625,-0.649749755859375,37.118385314941406,generated_videos/surface_grid_5_hard.mp4
1937,10,139532,799,690473,-16.93133544921875,-0.6069803237915039,38.18411636352539,generated_videos/surface_grid_5_hard.mp4
1938,11,139653,796,686813,-17.091548919677734,-0.76507568359375,39.62168884277344,generated_videos/surface_grid_5_hard.mp4
1939,11,139780,800,685281,-17.41366195678711,-0.642486572265625,40.31770324707031,generated_videos/surface_grid_5_hard.mp4
1940,10,139913,803,686012,-17.1160888671875,-0.303741455078125,38.629180908203125,generated_videos/surface_grid_5_hard.mp4
1941,10,140044,800,680141,-17.3868408203125,-0.54583740234375,38.18757629394531,generated_videos/surface_grid_5_hard.mp4
1942,10,140177,808,683288,-14.597381591796875,-0.2339630126953125,36.510292053222656,generated_videos/surface_grid_5_hard.mp4
1943,8,140311,807,686921,-14.83935546875,-0.175048828125,36.18561553955078,generated_videos/surface_grid_5_hard.mp4
1944,7,140437,794,691375,-15.440818786621094,-0.2626667022705078,34.55596160888672,generated_videos/surface_grid_5_hard.mp4
1945,10,140561,764,693503,-13.808746337890625,-0.028594970703125,31.631017684936523,generated_videos/surface_grid_5_hard.mp4
1946,8,140695,756,697704,-12.718917846679688,0.0,30.9515438079834,generated_videos/surface_grid_5_hard.mp4
1947,9,140830,758,701653,-13.270233154296875,0.0,32.07809829711914,generated_videos/surface_grid_5_hard.mp4
1948,6,140979,776,707208,-12.620086669921875,0.0,28.689380645751953,generated_videos/surface_grid_5_hard.mp4
1949,6,141121,779,704875,-13.156301498413086,0.0,29.83551025390625,generated_videos/surface_grid_5_hard.mp4
1950,7,141246,785,706398,-12.90313720703125,0.0,29.950973510742188,generated_videos/surface_grid_5_hard.mp4
1951,9,141385,791,705841,-13.366943359375,0.0,30.018495559692383,generated_videos/surface_grid_5_hard.mp4
1952,9,141525,782,706576,-15.385917663574219,0.0,31.58837890625,generated_videos/surface_grid_5_hard.mp4
1953,7,141658,786,711612,-15.246490478515625,0.0,31.698486328125,generated_videos/surface_grid_5_hard.mp4
1954,6,141791,790,717158,-15.781478881835938,0.0,31.855823516845703,generated_videos/surface_grid_5_hard.mp4
1955,9,141922,792,710152,-16.628631591796875,-0.318603515625,33.32330322265625,generated_videos/surface_grid_5_hard.mp4
1956,11,142054,783,708129,-16.439788818359375,-0.6593017578125,33.86115264892578,generated_videos/surface_grid_5_hard.mp4
1957,9,142207,797,722599,-16.49072265625,-0.24578857421875,33.40400695800781,generated_videos/surface_grid_5_hard.mp4
1958,6,142342,796,728803,-17.40637969970703,-0.26739501953125,33.63877487182617,generated_videos/surface_grid_5_hard.mp4
1959,9,142493,790,727992,-18.156478881835938,-0.41533374786376953,32.652183532714844,generated_videos/surface_grid_5_hard.mp4
1960,9,142635,793,731016,-19.320693969726562,-0.9205322265625,33.631961822509766,generated_videos/surface_grid_5_hard.mp4
1961,10,142775,786,731414,-20.430870056152344,-1.111480712890625,34.90167236328125,generated_videos/surface_grid_5_hard.mp4
1962,10,142920,800,736371,-20.124847412109375,-0.8544921875,35.59867858886719,generated_videos/surface_grid_5_hard.mp4
1963,9,143070,811,740890,-19.79425048828125,-0.529998779296875,35.57532501220703,generated_videos/surface_grid_5_hard.mp4
1964,8,143224,818,747076,-19.711227416992188,-0.5716629028320312,35.68128204345703,generated_videos/surface_grid_5_hard.mp4
1965,9,143374,826,748308,-20.391395568847656,-0.6620883941650391,35.999595642089844,generated_videos/surface_grid_5_hard.mp4
1966,13,143513,813,737010,-21.67529296875,-1.5658464431762695,37.109832763671875,generated_videos/surface_grid_5_hard.mp4
1967,9,143667,826,747554,-21.75611114501953,-1.2117080688476562,37.9860725402832,generated_videos/surface_grid_5_hard.mp4
1968,10,143809,828,747654,-22.665939331054688,-1.575347900390625,38.74128341674805,generated_videos/surface_grid_5_hard.mp4
1969,11,143957,830,752102,-23.490386962890625,-1.69879150390625,38.53569793701172,generated_videos/surface_grid_5_hard.mp4
1970,11,144107,842,755440,-23.715103149414062,-2.0281219482421875,39.3256721496582,generated_videos/surface_grid_5_hard.mp4
1971,8,144257,832,758907,-24.053970336914062,-2.3051605224609375,39.47071075439453,generated_videos/surface_grid_5_hard.mp4
1972,13,144405,830,757613,-25.49212646484375,-2.385284423828125,40.8878288269043,generated_videos/surface_grid_5_hard.mp4
1973,13,144551,835,758237,-27.46661376953125,-2.544342041015625,41.342830657958984,generated_videos/surface_grid_5_hard.mp4
1974,9,144696,836,763875,-29.083023071289062,-2.753875732421875,42.09190368652344,generated_videos/surface_grid_5_hard.mp4
1975,14,144846,834,759000,-31.337631225585938,-3.2786483764648438,44.11183166503906,generated_videos/surface_grid_5_hard.mp4
1976,13,144989,824,758191,-33.026458740234375,-3.509002685546875,45.9879150390625,generated_videos/surface_grid_5_hard.mp4
1977,12,145140,830,761116,-35.0662841796875,-3.57550048828125,47.747093200683594,generated_videos/surface_grid_5_hard.mp4
1978,14,145290,827,758693,-36.376861572265625,-3.179351806640625,49.17820358276367,generated_videos/surface_grid_5_hard.mp4
1979,16,145448,829,758192,-36.874267578125,-2.9820404052734375,50.77313232421875,generated_videos/surface_grid_5_hard.mp4
1980,13,145604,824,758286,-38.29878234863281,-2.34478759765625,50.01484680175781,generated_videos/surface_grid_5_hard.mp4
1981,13,145758,828,757537,-41.20671081542969,-2.633464813232422,52.10869598388672,generated_videos/surface_grid_5_hard.mp4
1982,13,145920,832,756868,-41.557373046875,-2.364990234375,54.35388946533203,generated_videos/surface_grid_5_hard.mp4
1983,12,146089,845,756993,-42.297325134277344,-1.672882080078125,55.31339645385742,generated_videos/surface_grid_5_hard.mp4
1984,13,146243,840,751777,-43.97700500488281,-1.6846389770507812,57.34381866455078,generated_videos/surface_grid_5_hard.mp4
1985,12,146393,845,750583,-46.476470947265625,-1.7257843017578125,58.470733642578125,generated_videos/surface_grid_5_hard.mp4
1986,11,146542,839,749823,-49.45513916015625,-1.949981689453125,60.015525817871094,generated_videos/surface_grid_5_hard.mp4
1987,11,146691,834,747001,-51.273590087890625,-1.763671875,61.619140625,generated_videos/surface_grid_5_hard.mp4
1988,12,146832,825,746317,-54.891387939453125,-1.9718017578125,63.86901092529297,generated_videos/surface_grid_5_hard.mp4
1989,12,146980,824,744071,-56.41673278808594,-2.0509033203125,66.18572998046875,generated_videos/surface_grid_5_hard.mp4
1990,11,147127,824,746598,-56.730010986328125,-1.9282608032226562,67.85228729248047,generated_videos/surface_grid_5_hard.mp4
1991,9,147279,833,753105,-56.520751953125,-1.8514404296875,67.74671936035156,generated_videos/surface_grid_5_hard.mp4
1992,9,147414,820,744318,-60.68791198730469,-2.295257568359375,71.79286193847656,generated_videos/surface_grid_5_hard.mp4
1993,9,147549,821,739062,-61.611083984375,-2.7671051025390625,74.20713806152344,generated_videos/surface_grid_5_hard.mp4
1994,8,147680,822,745867,-63.829471588134766,-2.792022705078125,76.60763549804688,generated_videos/surface_grid_5_hard.mp4
1995,8,147817,818,736388,-66.23045349121094,-3.06494140625,78.98985290527344,generated_videos/surface_grid_5_hard.mp4
1996,8,147951,818,733030,-67.30300903320312,-3.2754135131835938,80.12173461914062,generated_videos/surface_grid_5_hard.mp4
1997,9,148099,818,724275,-66.1427001953125,-3.3807754516601562,80.63345336914062,generated_videos/surface_grid_5_hard.mp4
1998,8,148236,818,728492,-67.75243377685547,-3.6010589599609375,82.06400299072266,generated_videos/surface_grid_5_hard.mp4
1999,9,148379,784,695232,-67.88897705078125,-4.502286434173584,81.56572723388672,generated_videos/surface_grid_5_hard.mp4
2000,10,148545,812,720121,-66.61431884765625,-3.4318313598632812,78.62168884277344,generated_videos/surface_grid_5_hard.mp4
2001,8,148691,795,719412,-69.38629150390625,-3.329742431640625,82.87864685058594,generated_videos/surface_grid_5_hard.mp4
2002,8,148838,787,716555,-68.64300537109375,-2.8878173828125,83.10194396972656,generated_videos/surface_grid_5_hard.mp4
2003,8,148986,781,711165,-70.47088623046875,-2.490966796875,80.67320251464844,generated_videos/surface_grid_5_hard.mp4
2004,9,149124,773,708223,-72.76983642578125,-2.704315185546875,85.501708984375,generated_videos/surface_grid_5_hard.mp4
2005,11,149266,769,710470,-74.96209716796875,-2.56585693359375,85.50665283203125,generated_videos/surface_grid_5_hard.mp4
2006,7,149413,778,722333,-72.71726989746094,-1.8562545776367188,85.20269775390625,generated_videos/surface_grid_5_hard.mp4
2007,8,149553,765,711351,-77.24908447265625,-2.3122100830078125,88.94538116455078,generated_videos/surface_grid_5_hard.mp4
2008,8,149697,764,710562,-80.21385192871094,-2.81878662109375,91.7051010131836,generated_videos/surface_grid_5_hard.mp4
2009,10,149841,743,680286,-84.34320068359375,-3.61669921875,95.36566925048828,generated_videos/surface_grid_5_hard.mp4
2010,10,149981,744,682131,-83.67853546142578,-4.170600891113281,97.00276184082031,generated_videos/surface_grid_5_hard.mp4
2011,9,150119,751,681511,-85.359130859375,-4.427001953125,96.90303039550781,generated_videos/surface_grid_5_hard.mp4
2012,10,150261,737,667510,-88.76025390625,-5.355079650878906,99.35078430175781,generated_videos/surface_grid_5_hard.mp4
2013,10,150413,738,682073,-85.67530822753906,-5.483600616455078,96.158935546875,generated_videos/surface_grid_5_hard.mp4
2014,12,150543,733,680759,-88.30322265625,-6.676300048828125,99.45494842529297,generated_videos/surface_grid_5_hard.mp4
2015,12,150680,733,680005,-86.59646606445312,-7.125701904296875,100.66692352294922,generated_videos/surface_grid_5_hard.mp4
2016,11,150824,732,686188,-85.50234985351562,-6.5830078125,98.45988464355469,generated_videos/surface_grid_5_hard.mp4
2017,12,150967,723,681605,-81.29464721679688,-7.071014404296875,95.90655517578125,generated_videos/surface_grid_5_hard.mp4
2018,11,151113,708,663529,-86.47247314453125,-7.9075775146484375,100.20267486572266,generated_videos/surface_grid_5_hard.mp4
2019,12,151274,718,667811,-84.6875,-6.67645263671875,96.51154327392578,generated_videos/surface_grid_5_hard.mp4
2020,13,151426,720,666494,-82.00093078613281,-6.828815460205078,95.28099060058594,generated_videos/surface_grid_5_hard.mp4
2021,13,151573,728,673941,-81.64529418945312,-6.676300048828125,94.61053466796875,generated_videos/surface_grid_5_hard.mp4
2022,15,151724,719,673575,-83.40460205078125,-6.98565673828125,97.12078094482422,generated_videos/surface_grid_5_hard.mp4
2023,16,151871,717,670792,-84.5985107421875,-7.1920013427734375,99.86460876464844,generated_videos/surface_grid_5_hard.mp4
2024,19,152030,719,670806,-82.756591796875,-7.129852294921875,94.59628295898438,generated_videos/surface_grid_5_hard.mp4
2025,15,152194,745,683926,-78.07623291015625,-6.1064453125,89.92565155029297,generated_videos/surface_grid_5_hard.mp4
2026,14,152354,737,685005,-78.19639587402344,-6.486785888671875,90.47664642333984,generated_videos/surface_grid_5_hard.mp4
2027,16,152511,745,690710,-78.49732971191406,-7.231170654296875,90.42876434326172,generated_videos/surface_grid_5_hard.mp4
2028,17,152676,752,686888,-78.5784912109375,-6.09326171875,90.48328399658203,generated_videos/surface_grid_5_hard.mp4
2029,13,152836,750,694532,-78.95848083496094,-5.866340637207031,90.22245025634766,generated_videos/surface_grid_5_hard.mp4
2030,14,152995,745,694284,-79.23745727539062,-6.367580413818359,90.40348815917969,generated_videos/surface_grid_5_hard.mp4
2031,18,153145,749,695911,-80.21221923828125,-6.53582763671875,91.96467590332031,generated_videos/surface_grid_5_hard.mp4
2032,14,153305,744,699834,-79.20701599121094,-6.775550842285156,90.24607849121094,generated_videos/surface_grid_5_hard.mp4
2033,15,153475,758,705849,-76.74143981933594,-6.2258148193359375,86.68667602539062,generated_videos/surface_grid_5_hard.mp4
2034,13,153643,765,713043,-77.341796875,-5.21868896484375,86.96353912353516,generated_videos/surface_grid_5_hard.mp4
2035,13,153808,769,711971,-78.12890625,-5.5384521484375,87.43704223632812,generated_videos/surface_grid_5_hard.mp4
2036,16,153966,767,711113,-81.66094970703125,-5.6094818115234375,90.56298065185547,generated_videos/surface_grid_5_hard.mp4
2037,14,154135,776,716505,-78.75628662109375,-5.390405654907227,90.3707275390625,generated_videos/surface_grid_5_hard.mp4
2038,14,154301,766,713179,-80.9031982421875,-5.7989959716796875,92.13925170898438,generated_videos/surface_grid_5_hard.mp4
2039,14,154470,766,708431,-80.37410736083984,-5.859039306640625,91.92428588867188,generated_videos/surface_grid_5_hard.mp4
2040,16,154628,759,709525,-74.7725830078125,-5.93170166015625,89.78901672363281,generated_videos/surface_grid_5_hard.mp4
2041,19,154789,755,708631,-78.4937744140625,-6.1107177734375,92.82231903076172,generated_videos/surface_grid_5_hard.mp4
2042,21,154962,761,711902,-70.03265380859375,-5.87554931640625,82.8125,generated_videos/surface_grid_5_hard.mp4
2043,20,155140,768,711965,-67.56356811523438,-5.3388519287109375,78.35891723632812,generated_videos/surface_grid_5_hard.mp4
2044,20,155313,763,705082,-67.5045166015625,-5.42108678817749,77.0796890258789,generated_videos/surface_grid_5_hard.mp4
2045,19,155472,766,706731,-67.4285888671875,-5.390380859375,78.61156463623047,generated_videos/surface_grid_5_hard.mp4
2046,17,155651,776,725079,-58.96441650390625,-4.61383056640625,74.48330688476562,generated_videos/surface_grid_5_hard.mp4
2047,16,155809,767,718679,-58.308837890625,-5.39068603515625,77.10171508789062,generated_videos/surface_grid_5_hard.mp4
2048,15,155981,772,719148,-57.60888671875,-4.219749450683594,76.87770080566406,generated_videos/surface_grid_5_hard.mp4
2049,17,156140,758,713201,-57.290435791015625,-4.982704162597656,76.99978637695312,generated_videos/surface_grid_5_hard.mp4
2050,20,156307,733,698577,-56.33026123046875,-5.512420654296875,78.9892578125,generated_videos/surface_grid_5_hard.mp4
2051,18,156466,735,704159,-52.41632080078125,-5.1011962890625,69.68421173095703,generated_videos/surface_grid_5_hard.mp4
2052,18,156624,733,706411,-51.92613220214844,-5.317863464355469,69.19052124023438,generated_videos/surface_grid_5_hard.mp4
2053,17,156783,724,696698,-51.80615234375,-5.4405975341796875,72.0225830078125,generated_videos/surface_grid_5_hard.mp4
2054,17,156946,717,699822,-44.643798828125,-6.1282958984375,65.71992492675781,generated_videos/surface_grid_5_hard.mp4
2055,17,157099,712,700249,-43.641143798828125,-6.138481140136719,66.9775390625,generated_videos/surface_grid_5_hard.mp4
2056,17,157246,705,700205,-41.073936462402344,-6.419708251953125,65.2435531616211,generated_videos/surface_grid_5_hard.mp4
2057,19,157380,701,698887,-41.08183288574219,-6.376129150390625,65.18571472167969,generated_videos/surface_grid_5_hard.mp4
2058,18,157521,703,701858,-38.951751708984375,-6.16619873046875,64.59333038330078,generated_videos/surface_grid_5_hard.mp4
2059,16,157659,707,702868,-36.9293212890625,-6.131591796875,63.72880935668945,generated_videos/surface_grid_5_hard.mp4
2060,19,157787,702,703275,-36.009002685546875,-5.990478515625,63.97010803222656,generated_videos/surface_grid_5_hard.mp4
2061,16,157918,706,706673,-34.78009033203125,-5.9692840576171875,63.829872131347656,generated_videos/surface_grid_5_hard.mp4
2062,16,158058,709,711428,-33.6087646484375,-5.171623229980469,61.81924057006836,generated_videos/surface_grid_5_hard.mp4
2063,16,158198,717,712557,-30.75482177734375,-4.333740234375,61.304100036621094,generated_videos/surface_grid_5_hard.mp4
2064,16,158345,723,714150,-30.054534912109375,-3.7393035888671875,61.206878662109375,generated_videos/surface_grid_5_hard.mp4
2065,14,158485,726,716996,-28.5162353515625,-3.779186248779297,60.9384651184082,generated_videos/surface_grid_5_hard.mp4
2066,15,158634,738,720504,-24.11187744140625,-2.953550338745117,59.25997543334961,generated_videos/surface_grid_5_hard.mp4
2067,18,158784,734,720325,-26.606414794921875,-3.4180908203125,59.387725830078125,generated_videos/surface_grid_5_hard.mp4
2068,17,158925,725,721017,-26.3946533203125,-3.9155731201171875,62.692604064941406,generated_videos/surface_grid_5_hard.mp4
2069,13,159064,730,724317,-23.770111083984375,-3.7304954528808594,62.005001068115234,generated_videos/surface_grid_5_hard.mp4
2070,14,159214,726,722046,-25.34649658203125,-3.6190013885498047,58.539817810058594,generated_videos/surface_grid_5_hard.mp4
2071,16,159364,725,721318,-23.23284912109375,-4.189178466796875,57.380577087402344,generated_videos/surface_grid_5_hard.mp4
2072,13,159513,715,724022,-21.94256591796875,-4.870330810546875,57.00896072387695,generated_videos/surface_grid_5_hard.mp4
2073,13,159662,724,724620,-16.011474609375,-4.529754638671875,56.7525634765625,generated_videos/surface_grid_5_hard.mp4
2074,15,159808,720,722561,-15.392776489257812,-4.140815734863281,54.92097473144531,generated_videos/surface_grid_5_hard.mp4
2075,14,159962,726,723543,-13.649749755859375,-3.0462493896484375,54.90069580078125,generated_videos/surface_grid_5_hard.mp4
2076,13,160128,715,724252,-10.431526184082031,-2.953033447265625,54.301822662353516,generated_videos/surface_grid_5_hard.mp4
2077,14,160290,720,727265,-8.172760009765625,-2.9796295166015625,49.9424934387207,generated_videos/surface_grid_5_hard.mp4
2078,13,160447,718,724417,-7.2430419921875,-2.676727294921875,49.03770065307617,generated_videos/surface_grid_5_hard.mp4
2079,14,160607,713,723579,-5.906982421875,-2.557342529296875,49.28742599487305,generated_videos/surface_grid_5_hard.mp4
2080,12,160772,719,724789,-3.9993896484375,-2.416107177734375,50.07426452636719,generated_videos/surface_grid_5_hard.mp4
2081,14,160931,727,725446,-3.175628662109375,-2.370635986328125,48.82381820678711,generated_videos/surface_grid_5_hard.mp4
2082,12,161087,724,725066,-2.4578857421875,-2.23779296875,49.70655059814453,generated_videos/surface_grid_5_hard.mp4
2083,15,161252,725,723494,-1.244140625,-2.3442459106445312,50.84699249267578,generated_videos/surface_grid_5_hard.mp4
2084,12,161417,726,725348,-0.9503021240234375,-2.0517311096191406,51.799598693847656,generated_videos/surface_grid_5_hard.mp4
2085,14,161575,730,723840,-0.4203948974609375,-1.7190589904785156,52.63710021972656,generated_videos/surface_grid_5_hard.mp4
2086,15,161744,728,723869,0.0,-1.2808494567871094,49.738075256347656,generated_videos/surface_grid_5_hard.mp4
2087,14,161903,725,724253,0.0,-1.3583984375,52.061279296875,generated_videos/surface_grid_5_hard.mp4
2088,15,162051,718,724515,0.0,-2.2652435302734375,55.00310516357422,generated_videos/surface_grid_5_hard.mp4
2089,12,162194,727,729309,0.0,-2.239776611328125,53.77312469482422,generated_videos/surface_grid_5_hard.mp4
2090,12,162342,729,727809,0.0,-2.0994873046875,55.10973358154297,generated_videos/surface_grid_5_hard.mp4
2091,12,162493,742,740174,0.0,-2.0028228759765625,53.099822998046875,generated_videos/surface_grid_5_hard.mp4
2092,12,162643,735,730266,0.0,-2.2126007080078125,56.89482498168945,generated_videos/surface_grid_5_hard.mp4
2093,15,162780,734,730010,0.0,-2.3845443725585938,58.02409744262695,generated_videos/surface_grid_5_hard.mp4
2094,14,162921,736,729803,0.0,-2.4123077392578125,59.048675537109375,generated_videos/surface_grid_5_hard.mp4
2095,16,163068,739,731039,0.0,-1.836700439453125,57.69923782348633,generated_videos/surface_grid_5_hard.mp4
2096,13,163221,739,730125,0.0,-1.308013916015625,56.66775894165039,generated_videos/surface_grid_5_hard.mp4
2097,13,163368,744,729064,0.0,-0.6763744354248047,57.28819274902344,generated_videos/surface_grid_5_hard.mp4
2098,14,163517,742,728940,0.0,-0.261962890625,56.37452697753906,generated_videos/surface_grid_5_hard.mp4
2099,14,163655,748,729591,0.0,-0.34407806396484375,55.599700927734375,generated_videos/surface_grid_5_hard.mp4
2100,11,163792,751,729506,0.0,0.0,53.84334182739258,generated_videos/surface_grid_5_hard.mp4
2101,11,163931,754,727782,0.0,0.0,53.05469512939453,generated_videos/surface_grid_5_hard.mp4
2102,11,164073,759,730614,0.0,0.0,52.626956939697266,generated_videos/surface_grid_5_hard.mp4
2103,12,164213,762,726920,0.0,0.0,52.42279815673828,generated_videos/surface_grid_5_hard.mp4
2104,11,164355,764,729529,0.0,-0.2442779541015625,51.260494232177734,generated_videos/surface_grid_5_hard.mp4
2105,11,164486,756,729738,0.0,-0.8562717437744141,51.008453369140625,generated_videos/surface_grid_5_hard.mp4
2106,12,164624,760,729816,0.0,-0.587310791015625,51.0717887878418,generated_videos/surface_grid_5_hard.mp4
2107,11,164782,790,754527,0.0,-0.0825347900390625,47.87095642089844,generated_videos/surface_grid_5_hard.mp4
2108,11,164918,773,738042,0.0,-0.912261962890625,50.0827522277832,generated_videos/surface_grid_5_hard.mp4
2109,11,165055,767,729758,0.0,-1.28118896484375,52.26213836669922,generated_videos/surface_grid_5_hard.mp4
2110,11,165195,773,729678,0.0,-1.230133056640625,52.56441116333008,generated_videos/surface_grid_5_hard.mp4
2111,13,165328,777,728009,0.0,-1.1792755126953125,54.896827697753906,generated_videos/surface_grid_5_hard.mp4
2112,12,165459,766,724724,0.0,-1.4944915771484375,57.67431640625,generated_videos/surface_grid_5_hard.mp4
2113,10,165598,774,725799,0.0,-1.5355377197265625,57.700164794921875,generated_videos/surface_grid_5_hard.mp4
2114,10,165727,774,722880,0.0,-1.838623046875,60.03826141357422,generated_videos/surface_grid_5_hard.mp4
2115,10,165861,775,720448,0.0,-1.9415435791015625,62.21612548828125,generated_videos/surface_grid_5_hard.mp4
2116,11,165995,770,718326,0.0,-2.0771026611328125,63.19892120361328,generated_videos/surface_grid_5_hard.mp4
2117,10,166123,773,716561,0.0,-2.508861541748047,64.09453582763672,generated_videos/surface_grid_5_hard.mp4
2118,8,166258,769,715724,0.0,-2.230499267578125,65.298095703125,generated_videos/surface_grid_5_hard.mp4
2119,9,166392,767,712423,0.0,-2.186737060546875,64.85729217529297,generated_videos/surface_grid_5_hard.mp4
2120,8,166521,765,709347,0.0,-2.299774169921875,67.41555786132812,generated_videos/surface_grid_5_hard.mp4
2121,9,166654,770,711222,0.0,-2.4220733642578125,66.89140319824219,generated_videos/surface_grid_5_hard.mp4
2122,8,166783,766,707463,0.0,-2.703155994415283,69.64635467529297,generated_videos/surface_grid_5_hard.mp4
2123,10,166905,757,703925,0.0,-3.0865478515625,68.90667724609375,generated_videos/surface_grid_5_hard.mp4
2124,9,167027,755,703445,0.0,-3.295623779296875,68.66761016845703,generated_videos/surface_grid_5_hard.mp4
2125,8,167144,753,704085,0.0,-3.8377838134765625,69.1589126586914,generated_videos/surface_grid_5_hard.mp4
2126,8,167263,755,705324,0.0,-3.93365478515625,67.79967498779297,generated_videos/surface_grid_5_hard.mp4
2127,5,167366,755,705882,1.066854476928711,-4.181610107421875,70.5033950805664,generated_videos/surface_grid_5_hard.mp4
2128,6,167486,754,697817,0.0,-4.204559326171875,69.61643981933594,generated_videos/surface_grid_5_hard.mp4
2129,9,167597,756,696061,0.5266876220703125,-4.126411437988281,69.02742004394531,generated_videos/surface_grid_5_hard.mp4
2130,12,167709,750,693539,0.0,-4.35479736328125,70.70846557617188,generated_videos/surface_grid_5_hard.mp4
2131,9,167825,753,695365,0.0,-3.728424072265625,71.39486694335938,generated_videos/surface_grid_5_hard.mp4
2132,7,167948,762,699582,0.0,-3.2809066772460938,67.49169921875,generated_videos/surface_grid_5_hard.mp4
2133,9,168062,753,695900,0.0,-3.0054187774658203,67.57303619384766,generated_videos/surface_grid_5_hard.mp4
2134,12,168194,737,693639,0.0,-3.795135498046875,66.96308135986328,generated_videos/surface_grid_5_hard.mp4
2135,11,168309,736,692818,0.0,-3.7045669555664062,67.5098648071289,generated_videos/surface_grid_5_hard.mp4
2136,8,168420,725,695734,0.0,-3.639739990234375,68.98442077636719,generated_videos/surface_grid_5_hard.mp4
2137,10,168528,728,694703,0.0,-3.5948486328125,71.09434509277344,generated_videos/surface_grid_5_hard.mp4
2138,6,168637,731,696877,0.0,-2.7054443359375,70.35259246826172,generated_videos/surface_grid_5_hard.mp4
2139,8,168742,722,692636,1.2596282958984375,-2.7347869873046875,70.68087768554688,generated_videos/surface_grid_5_hard.mp4
2140,10,168864,734,696586,0.302978515625,-1.9199676513671875,69.26226806640625,generated_videos/surface_grid_5_hard.mp4
2141,11,168978,731,689633,0.9732666015625,-2.184234619140625,70.12236785888672,generated_videos/surface_grid_5_hard.mp4
2142,10,169100,735,696798,0.0,-1.297088623046875,71.45001983642578,generated_videos/surface_grid_5_hard.mp4
2143,11,169211,734,696545,1.3640975952148438,-1.1353302001953125,71.96846008300781,generated_videos/surface_grid_5_hard.mp4
2144,10,169333,740,699633,0.891998291015625,-0.738250732421875,71.28279113769531,generated_videos/surface_grid_5_hard.mp4
2145,10,169454,737,703149,1.5484619140625,-0.149810791015625,69.63736724853516,generated_videos/surface_grid_5_hard.mp4
2146,10,169573,738,708313,2.834075927734375,0.0,64.68238830566406,generated_videos/surface_grid_5_hard.mp4
2147,8,169689,737,710537,4.3143310546875,-0.266204833984375,64.49390411376953,generated_videos/surface_grid_5_hard.mp4
2148,10,169812,740,712556,5.1071014404296875,-0.27385473251342773,62.59701919555664,generated_videos/surface_grid_5_hard.mp4
2149,9,169924,740,718046,5.496986389160156,-0.8451004028320312,63.142574310302734,generated_videos/surface_grid_5_hard.mp4
2150,11,170033,738,718704,5.913604736328125,-1.2509307861328125,61.699981689453125,generated_videos/surface_grid_5_hard.mp4
2151,15,170147,744,721002,4.9849853515625,-1.3375091552734375,62.21507263183594,generated_videos/surface_grid_5_hard.mp4
2152,14,170270,758,727432,2.62847900390625,-0.6135101318359375,57.96007537841797,generated_videos/surface_grid_5_hard.mp4
2153,15,170395,758,729575,2.33880615234375,-1.1642684936523438,56.20939254760742,generated_videos/surface_grid_5_hard.mp4
2154,16,170506,754,734041,3.5990753173828125,-1.5561490058898926,57.338966369628906,generated_videos/surface_grid_5_hard.mp4
2155,13,170622,768,743983,3.692737579345703,-1.64715576171875,57.19342803955078,generated_videos/surface_grid_5_hard.mp4
2156,18,170730,769,746764,4.30828857421875,-2.36102294921875,57.37672805786133,generated_videos/surface_grid_5_hard.mp4
2157,15,170849,775,754810,1.2695465087890625,-2.5098495483398438,55.77073287963867,generated_videos/surface_grid_5_hard.mp4
2158,13,170970,788,762929,0.7940673828125,-3.33935546875,55.653419494628906,generated_videos/surface_grid_5_hard.mp4
2159,12,171096,800,772709,0.5133056640625,-2.9746932983398438,53.40349578857422,generated_videos/surface_grid_5_hard.mp4
2160,11,171228,794,778548,0.0,-3.275146484375,51.9138298034668,generated_videos/surface_grid_5_hard.mp4
2161,10,171355,794,785295,0.0,-3.667999267578125,50.661415100097656,generated_videos/surface_grid_5_hard.mp4
2162,9,171479,815,803351,0.0,-3.80291748046875,48.646305084228516,generated_videos/surface_grid_5_hard.mp4
2163,11,171590,805,790997,0.0,-4.72900390625,52.80431365966797,generated_videos/surface_grid_5_hard.mp4
2164,10,171711,818,793944,0.0,-5.2056884765625,51.80729675292969,generated_videos/surface_grid_5_hard.mp4
2165,11,171829,827,798236,0.0,-5.3138427734375,52.17560958862305,generated_videos/surface_grid_5_hard.mp4
2166,12,171943,833,798104,0.0,-5.04937744140625,51.66242980957031,generated_videos/surface_grid_5_hard.mp4
2167,11,172073,834,802034,0.0,-5.079444885253906,50.474300384521484,generated_videos/surface_grid_5_hard.mp4
2168,12,172205,834,799485,0.0,-4.69439697265625,48.003013610839844,generated_videos/surface_grid_5_hard.mp4
2169,13,172329,820,802820,0.0,-4.57940673828125,49.547019958496094,generated_videos/surface_grid_5_hard.mp4
2170,11,172460,821,813348,0.0,-3.187530517578125,46.542423248291016,generated_videos/surface_grid_5_hard.mp4
2171,11,172601,824,813352,0.0,-3.204376220703125,44.638221740722656,generated_videos/surface_grid_5_hard.mp4
2172,10,172758,838,819281,0.0,-1.6995086669921875,43.29231262207031,generated_videos/surface_grid_5_hard.mp4
2173,11,172901,841,819630,0.0,-1.4634857177734375,44.1498908996582,generated_videos/surface_grid_5_hard.mp4
2174,11,173044,845,818271,0.0,-1.1074066162109375,46.740604400634766,generated_videos/surface_grid_5_hard.mp4
2175,12,173181,840,820755,0.0,-0.4202880859375,48.397239685058594,generated_videos/surface_grid_5_hard.mp4
2176,10,173333,857,833284,0.0,0.0,47.503692626953125,generated_videos/surface_grid_5_hard.mp4
2177,12,173476,854,819604,0.0,0.0,48.495147705078125,generated_videos/surface_grid_5_hard.mp4
2178,9,173627,861,825535,0.0,0.0,48.86052322387695,generated_videos/surface_grid_5_hard.mp4
2179,10,173788,874,832224,0.0,0.0,47.090152740478516,generated_videos/surface_grid_5_hard.mp4
2180,8,173945,879,836169,-0.32745361328125,0.0,47.06118392944336,generated_videos/surface_grid_5_hard.mp4
2181,10,174110,876,834973,-0.3756103515625,0.0,49.05093765258789,generated_videos/surface_grid_5_hard.mp4
2182,8,174267,876,837505,0.0,0.0,48.079505920410156,generated_videos/surface_grid_5_hard.mp4
2183,11,174433,878,836323,0.0,0.0,46.217044830322266,generated_videos/surface_grid_5_hard.mp4
2184,9,174608,887,839003,0.0,0.0,45.26982498168945,generated_videos/surface_grid_5_hard.mp4
2185,9,174783,878,838611,0.0,0.0,43.98885726928711,generated_videos/surface_grid_5_hard.mp4
2186,10,174958,857,832001,0.0,0.0,39.69673538208008,generated_videos/surface_grid_5_hard.mp4
2187,11,175144,844,837511,0.0,0.0,36.153709411621094,generated_videos/surface_grid_5_hard.mp4
2188,12,175340,851,838467,0.0,0.0,35.65437316894531,generated_videos/surface_grid_5_hard.mp4
2189,13,175519,855,839637,0.0,0.0,34.80735397338867,generated_videos/surface_grid_5_hard.mp4
2190,9,175690,856,841661,0.0,0.0,34.54456329345703,generated_videos/surface_grid_5_hard.mp4
2191,10,175860,857,838142,0.0,-1.28607177734375,33.264774322509766,generated_videos/surface_grid_5_hard.mp4
2192,9,176022,858,839426,0.0,-5.336204528808594,35.592437744140625,generated_videos/surface_grid_5_hard.mp4
2193,10,176186,863,836618,0.0,-8.76922607421875,38.42453384399414,generated_videos/surface_grid_5_hard.mp4
2194,12,176356,862,829573,0.0,-11.630386352539062,41.458953857421875,generated_videos/surface_grid_5_hard.mp4
2195,15,176536,871,832693,0.0,-13.72003173828125,43.30366516113281,generated_videos/surface_grid_5_hard.mp4
2196,13,176698,859,831089,0.0,-16.882911682128906,46.21942138671875,generated_videos/surface_grid_5_hard.mp4
2197,12,176885,851,827597,0.0,-17.821121215820312,43.364402770996094,generated_videos/surface_grid_5_hard.mp4
2198,11,177085,840,826847,0.0,-18.01025390625,41.16075897216797,generated_videos/surface_grid_5_hard.mp4
2199,15,177268,834,822107,0.0,-16.83599853515625,41.047149658203125,generated_videos/surface_grid_5_hard.mp4
2200,16,177436,825,814425,0.0,-15.166778564453125,41.40403747558594,generated_videos/surface_grid_5_hard.mp4
2201,15,177622,824,815745,0.0,-12.326705932617188,40.649314880371094,generated_videos/surface_grid_5_hard.mp4
2202,10,177809,832,817044,0.0,-8.138519287109375,40.045196533203125,generated_videos/surface_grid_5_hard.mp4
2203,13,177990,840,816300,0.0,-5.0463714599609375,38.035919189453125,generated_videos/surface_grid_5_hard.mp4
2204,13,178167,847,819192,0.0,-2.593902587890625,39.05388641357422,generated_videos/surface_grid_5_hard.mp4
2205,15,178346,853,828412,0.0,-1.2369384765625,39.42964553833008,generated_videos/surface_grid_5_hard.mp4
2206,17,178517,853,818737,0.0,-0.728302001953125,39.61091995239258,generated_videos/surface_grid_5_hard.mp4
2207,15,178695,864,831607,0.0,-0.6082744598388672,40.549232482910156,generated_videos/surface_grid_5_hard.mp4
2208,15,178856,860,830247,0.0,-2.1890869140625,42.64093780517578,generated_videos/surface_grid_5_hard.mp4
2209,14,179028,874,832394,0.0,-3.0789642333984375,42.35523986816406,generated_videos/surface_grid_5_hard.mp4
2210,14,179195,874,833969,0.0,-5.50836181640625,43.965736389160156,generated_videos/surface_grid_5_hard.mp4
2211,14,179383,885,842665,0.0,-6.63427734375,44.280696868896484,generated_videos/surface_grid_5_hard.mp4
2212,15,179556,885,834015,0.0,-8.93634033203125,47.65564727783203,generated_videos/surface_grid_5_hard.mp4
2213,16,179734,885,835863,0.0,-11.311431884765625,50.92529296875,generated_videos/surface_grid_5_hard.mp4
2214,16,179907,884,836565,0.0,-12.879562377929688,52.543312072753906,generated_videos/surface_grid_5_hard.mp4
2215,13,180089,899,844351,0.0,-13.660919189453125,53.741939544677734,generated_videos/surface_grid_5_hard.mp4
2216,14,180258,899,845352,0.0,-14.665771484375,55.68545150756836,generated_videos/surface_grid_5_hard.mp4
2217,14,180435,904,845551,0.0,-14.2249755859375,56.54345703125,generated_videos/surface_grid_5_hard.mp4
2218,16,180599,899,844409,0.0,-13.42718505859375,55.721290588378906,generated_videos/surface_grid_5_hard.mp4
2219,12,180760,904,846317,0.0,-12.528121948242188,55.8353271484375,generated_videos/surface_grid_5_hard.mp4
2220,13,180928,907,845960,0.0,-12.19921875,55.19396209716797,generated_videos/surface_grid_5_hard.mp4
2221,15,181082,881,838823,0.0,-13.00909423828125,57.51702117919922,generated_videos/surface_grid_5_hard.mp4
2222,14,181254,901,846102,0.0,-11.16259765625,54.979591369628906,generated_videos/surface_grid_5_hard.mp4
2223,12,181418,904,847013,0.0,-9.97271728515625,55.41895294189453,generated_videos/surface_grid_5_hard.mp4
2224,16,181585,909,846218,0.0,-9.025634765625,54.86952590942383,generated_videos/surface_grid_5_hard.mp4
2225,17,181748,915,845949,0.0,-8.568313598632812,53.988441467285156,generated_videos/surface_grid_5_hard.mp4
2226,17,181907,916,841620,0.0,-7.708099365234375,56.0172233581543,generated_videos/surface_grid_5_hard.mp4
2227,16,182066,926,847956,0.0,-7.0439300537109375,56.15268325805664,generated_videos/surface_grid_5_hard.mp4
2228,15,182216,927,846804,0.0,-6.351470947265625,57.86466979980469,generated_videos/surface_grid_5_hard.mp4
2229,16,182362,929,846806,0.0,-6.52825927734375,60.46385955810547,generated_videos/surface_grid_5_hard.mp4
2230,14,182504,924,848988,0.0,-6.01177978515625,61.712646484375,generated_videos/surface_grid_5_hard.mp4
2231,14,182641,908,850009,0.0,-7.444122314453125,63.40544128417969,generated_videos/surface_grid_5_hard.mp4
2232,14,182788,911,847689,0.0,-7.123382568359375,63.18568801879883,generated_videos/surface_grid_5_hard.mp4
2233,14,182946,902,846942,0.0,-5.2427978515625,59.97026062011719,generated_videos/surface_grid_5_hard.mp4
2234,14,183097,904,848237,0.0,-4.845428466796875,58.96630096435547,generated_videos/surface_grid_5_hard.mp4
2235,14,183246,911,851289,0.0,-4.524749755859375,59.01704025268555,generated_videos/surface_grid_5_hard.mp4
2236,15,183398,920,851147,0.0,-4.658695697784424,57.83246994018555,generated_videos/surface_grid_5_hard.mp4
2237,13,183546,905,831799,0.0,-4.677001953125,58.11470031738281,generated_videos/surface_grid_5_hard.mp4
2238,14,183709,919,845790,0.0,-4.99639892578125,57.6158447265625,generated_videos/surface_grid_5_hard.mp4
2239,12,183876,921,854414,0.0,-3.85491943359375,53.397666931152344,generated_videos/surface_grid_5_hard.mp4
2240,14,184027,919,848590,0.0,-4.51068115234375,53.709896087646484,generated_videos/surface_grid_5_hard.mp4
2241,10,184201,914,854208,0.0,-3.4446258544921875,51.48020935058594,generated_videos/surface_grid_5_hard.mp4
2242,12,184369,919,847168,0.0,-3.89801025390625,52.612098693847656,generated_videos/surface_grid_5_hard.mp4
2243,15,184547,922,852518,0.0,-3.9276809692382812,52.98100280761719,generated_videos/surface_grid_5_hard.mp4
2244,14,184715,936,852056,0.0,-3.5352425575256348,50.60284423828125,generated_videos/surface_grid_5_hard.mp4
2245,16,184894,930,847859,0.0,-3.2511749267578125,49.89881134033203,generated_videos/surface_grid_5_hard.mp4
2246,16,185062,924,846148,0.0,-3.7528076171875,49.32771301269531,generated_videos/surface_grid_5_hard.mp4
2247,16,185243,915,850530,0.0,-3.4921875,45.98090362548828,generated_videos/surface_grid_5_hard.mp4
2248,13,185406,905,850175,0.0,-3.7600555419921875,47.20278549194336,generated_videos/surface_grid_5_hard.mp4
2249,12,185587,900,852585,0.0,-2.961944580078125,46.295291900634766,generated_videos/surface_grid_5_hard.mp4
2250,13,185761,895,851125,0.0,-2.7467041015625,44.42908477783203,generated_videos/surface_grid_5_hard.mp4
2251,12,185945,888,850621,0.0,-2.8548736572265625,43.98105239868164,generated_videos/surface_grid_5_hard.mp4
2252,14,186139,894,849759,0.0,-2.0167236328125,42.356380462646484,generated_videos/surface_grid_5_hard.mp4
2253,16,186321,886,848935,0.0,-1.7969093322753906,41.762306213378906,generated_videos/surface_grid_5_hard.mp4
2254,13,186508,892,850131,0.0,-1.89459228515625,42.383522033691406,generated_videos/surface_grid_5_hard.mp4
2255,11,186683,886,849141,0.0,-2.0445556640625,42.92653274536133,generated_videos/surface_grid_5_hard.mp4
2256,14,186866,888,849502,0.0,-1.6714324951171875,43.22871398925781,generated_videos/surface_grid_5_hard.mp4
2257,16,187047,886,848706,0.0,-2.0091934204101562,43.988807678222656,generated_videos/surface_grid_5_hard.mp4
2258,14,187223,890,851378,0.0,-1.7956390380859375,43.81499099731445,generated_videos/surface_grid_5_hard.mp4
2259,19,187397,901,847352,0.0,-1.914520263671875,44.63398361206055,generated_videos/surface_grid_5_hard.mp4
2260,15,187588,913,846997,0.0,-1.87762451171875,43.85387420654297,generated_videos/surface_grid_5_hard.mp4
2261,13,187777,919,848315,0.0,-1.64666748046875,44.391483306884766,generated_videos/surface_grid_5_hard.mp4
2262,18,187966,913,847554,0.0,-1.893218994140625,45.45570373535156,generated_videos/surface_grid_5_hard.mp4
2263,19,188140,918,848901,0.0,-1.8520889282226562,46.41532897949219,generated_videos/surface_grid_5_hard.mp4
2264,19,188322,915,846715,0.0,-2.56744384765625,47.91938781738281,generated_videos/surface_grid_5_hard.mp4
2265,17,188515,923,848627,0.0,-2.953582763671875,47.612281799316406,generated_videos/surface_grid_5_hard.mp4
2266,16,188701,914,849266,0.0,-3.400522232055664,47.41432189941406,generated_videos/surface_grid_5_hard.mp4
2267,17,188876,917,848412,0.0,-3.712554931640625,48.709510803222656,generated_videos/surface_grid_5_hard.mp4
2268,15,189067,918,848559,0.0,-3.8388748168945312,51.0225830078125,generated_videos/surface_grid_5_hard.mp4
2269,15,189249,929,848741,0.0,-3.17266845703125,51.490840911865234,generated_videos/surface_grid_5_hard.mp4
2270,12,189436,939,849893,0.0,-3.02734375,52.842041015625,generated_videos/surface_grid_5_hard.mp4
2271,16,189615,945,849980,0.0,-3.214752197265625,54.455204010009766,generated_videos/surface_grid_5_hard.mp4
2272,15,189796,951,850279,0.0,-2.9608726501464844,53.7618408203125,generated_videos/surface_grid_5_hard.mp4
2273,12,189967,954,854752,0.0,-2.5882568359375,56.56275177001953,generated_videos/surface_grid_5_hard.mp4
2274,12,190139,963,854810,0.0,-2.5848388671875,57.127891540527344,generated_videos/surface_grid_5_hard.mp4
2275,12,190285,864,746067,-1.066375732421875,-5.448650360107422,57.85662841796875,generated_videos/surface_grid_5_hard.mp4
2276,12,190533,961,858577,0.0,0.0,47.77482223510742,generated_videos/surface_grid_5_hard.mp4
2277,13,190702,953,852982,0.0,-0.876708984375,48.34613037109375,generated_videos/surface_grid_5_hard.mp4
2278,13,190863,942,859870,0.0,-1.1887359619140625,50.062374114990234,generated_videos/surface_grid_5_hard.mp4
2279,10,191023,947,863904,0.0,-1.17413330078125,51.52024459838867,generated_videos/surface_grid_5_hard.mp4
2280,13,191178,858,751175,0.0,-3.112091064453125,63.52013397216797,generated_videos/surface_grid_5_hard.mp4
2281,11,191321,866,754669,-0.4925384521484375,-3.4258880615234375,65.26936340332031,generated_videos/surface_grid_5_hard.mp4
2282,8,191572,982,878138,0.0,0.0,49.21741485595703,generated_videos/surface_grid_5_hard.mp4
2283,9,191718,858,758610,0.0,-2.121044158935547,60.4325065612793,generated_videos/surface_grid_5_hard.mp4
2284,10,191875,826,757325,0.0,-1.6930694580078125,59.109344482421875,generated_videos/surface_grid_5_hard.mp4
2285,12,192017,811,741982,0.0,-1.675140380859375,60.29703140258789,generated_videos/surface_grid_5_hard.mp4
2286,10,192255,900,849461,0.0,0.0,41.16465759277344,generated_videos/surface_grid_5_hard.mp4
2287,12,192395,796,745766,0.0,-0.7879638671875,53.36138153076172,generated_videos/surface_grid_5_hard.mp4
2288,12,192629,890,847541,0.0,0.0,38.724639892578125,generated_videos/surface_grid_5_hard.mp4
2289,10,192793,911,859481,0.0,-0.367431640625,37.11885070800781,generated_videos/surface_grid_5_hard.mp4
2290,10,192942,917,860458,0.0,-0.6270027160644531,40.725555419921875,generated_videos/surface_grid_5_hard.mp4
2291,11,193076,895,845156,0.0,-1.333160400390625,43.95028305053711,generated_videos/surface_grid_5_hard.mp4
2292,11,193236,912,861126,0.0,-1.3046875,43.269439697265625,generated_videos/surface_grid_5_hard.mp4
2293,13,193379,902,858448,0.0,-1.3737030029296875,44.16688537597656,generated_videos/surface_grid_5_hard.mp4
2294,14,193516,883,858129,0.0,-1.341888427734375,42.65524673461914,generated_videos/surface_grid_5_hard.mp4
2295,15,193671,889,858909,0.0,-0.96136474609375,43.59590530395508,generated_videos/surface_grid_5_hard.mp4
2296,12,193818,893,859817,0.0,-0.96502685546875,44.759361267089844,generated_videos/surface_grid_5_hard.mp4
2297,13,193947,885,849882,0.0,-1.657470703125,48.18665313720703,generated_videos/surface_grid_5_hard.mp4
2298,15,194073,882,850211,0.0,-2.0051727294921875,51.8848876953125,generated_videos/surface_grid_5_hard.mp4
2299,11,194210,896,858650,0.0,-1.7946624755859375,52.69541931152344,generated_videos/surface_grid_5_hard.mp4
2300,14,194336,884,852497,0.0,-2.12188720703125,54.59900665283203,generated_videos/surface_grid_5_hard.mp4
2301,12,194479,895,855019,0.0,-1.736236572265625,52.3980827331543,generated_videos/surface_grid_5_hard.mp4
2302,11,194604,898,855591,0.0,-2.1477813720703125,53.95900344848633,generated_videos/surface_grid_5_hard.mp4
2303,14,194733,900,851515,0.0,-2.78515625,55.044273376464844,generated_videos/surface_grid_5_hard.mp4
2304,15,194867,913,850979,0.0,-2.547943115234375,55.20530319213867,generated_videos/surface_grid_5_hard.mp4
2305,13,194991,915,852709,0.0,-2.846923828125,55.247310638427734,generated_videos/surface_grid_5_hard.mp4
2306,14,195114,923,849719,0.0,-2.74505615234375,55.80736541748047,generated_videos/surface_grid_5_hard.mp4
2307,14,195232,920,843491,0.0,-3.070404052734375,58.833831787109375,generated_videos/surface_grid_5_hard.mp4
2308,11,195376,943,865916,0.0,-2.56842041015625,59.04391098022461,generated_videos/surface_grid_5_hard.mp4
2309,13,195502,934,846842,0.0,-2.6617660522460938,61.04926681518555,generated_videos/surface_grid_5_hard.mp4
2310,11,195638,950,864626,0.0,-2.4202117919921875,60.476776123046875,generated_videos/surface_grid_5_hard.mp4
2311,9,195766,956,863750,0.0,-2.0341796875,62.373809814453125,generated_videos/surface_grid_5_hard.mp4
2312,9,195891,942,862920,0.0,-2.672271728515625,60.320159912109375,generated_videos/surface_grid_5_hard.mp4
2313,10,196032,932,846712,0.0,-2.63372802734375,59.180458068847656,generated_videos/surface_grid_5_hard.mp4
2314,9,196171,911,849672,0.0,-3.0754241943359375,57.32940673828125,generated_videos/surface_grid_5_hard.mp4
2315,12,196300,893,842343,0.0,-4.225787162780762,57.53628158569336,generated_videos/surface_grid_5_hard.mp4
2316,12,196453,890,859140,0.0,-3.6426239013671875,57.30695724487305,generated_videos/surface_grid_5_hard.mp4
2317,13,196602,873,860668,0.0,-2.76971435546875,52.90669250488281,generated_videos/surface_grid_5_hard.mp4
2318,13,196758,859,857826,0.0,-3.44134521484375,50.453487396240234,generated_videos/surface_grid_5_hard.mp4
2319,12,196918,865,859924,0.0,-3.455841064453125,48.27924728393555,generated_videos/surface_grid_5_hard.mp4
2320,16,197057,860,852145,0.0,-4.09747314453125,52.22877502441406,generated_videos/surface_grid_5_hard.mp4
2321,17,197199,857,849588,0.0,-5.234619140625,51.459598541259766,generated_videos/surface_grid_5_hard.mp4
2322,8,197344,861,861040,0.0,-5.811737060546875,49.089805603027344,generated_videos/surface_grid_5_hard.mp4
2323,9,197480,857,859196,0.0,-5.679908752441406,46.126853942871094,generated_videos/surface_grid_5_hard.mp4
2324,11,197619,853,856984,0.0,-6.42547607421875,47.231319427490234,generated_videos/surface_grid_5_hard.mp4
2325,9,197757,854,856132,0.0,-6.76849365234375,47.57423782348633,generated_videos/surface_grid_5_hard.mp4
2326,14,197889,826,838852,0.0,-7.567657470703125,49.88407897949219,generated_videos/surface_grid_5_hard.mp4
2327,14,198036,834,844082,0.0,-7.367401123046875,47.86028289794922,generated_videos/surface_grid_5_hard.mp4
2328,12,198170,826,839140,0.0,-7.7575225830078125,48.99944305419922,generated_videos/surface_grid_5_hard.mp4
2329,16,198298,835,837786,0.0,-7.97174072265625,46.82582473754883,generated_videos/surface_grid_5_hard.mp4
2330,13,198423,845,836254,0.0,-8.24591064453125,48.19502639770508,generated_videos/surface_grid_5_hard.mp4
2331,10,198554,854,838770,0.0,-8.048690795898438,47.47278594970703,generated_videos/surface_grid_5_hard.mp4
2332,7,198678,858,847358,0.0,-9.214157104492188,49.30035400390625,generated_videos/surface_grid_5_hard.mp4
2333,7,198801,858,845024,0.0,-9.315353393554688,50.6551399230957,generated_videos/surface_grid_5_hard.mp4
2334,9,198919,847,837015,0.0,-8.97796630859375,51.298851013183594,generated_videos/surface_grid_5_hard.mp4
2335,9,199036,847,835541,0.0,-9.182403564453125,52.18126678466797,generated_videos/surface_grid_5_hard.mp4
2336,11,199155,847,833117,0.0,-9.119964599609375,52.06378173828125,generated_videos/surface_grid_5_hard.mp4
2337,10,199282,854,833155,0.0,-8.846900939941406,52.306095123291016,generated_videos/surface_grid_5_hard.mp4
2338,10,199411,854,832190,0.0,-7.8731842041015625,48.779571533203125,generated_videos/surface_grid_5_hard.mp4
2339,12,199535,860,830920,0.0,-7.6781005859375,47.347198486328125,generated_videos/surface_grid_5_hard.mp4
2340,9,199662,868,830616,0.0,-7.2722015380859375,47.33763122558594,generated_videos/surface_grid_5_hard.mp4
2341,11,199783,839,806553,0.0,-7.27398681640625,46.395320892333984,generated_videos/surface_grid_5_hard.mp4
2342,11,199911,838,804651,0.0,-6.923858642578125,44.72206497192383,generated_videos/surface_grid_5_hard.mp4
2343,11,200027,834,804422,0.0,-6.7603759765625,44.76890182495117,generated_videos/surface_grid_5_hard.mp4
2344,10,200159,838,817440,0.0,-6.619049072265625,44.65388488769531,generated_videos/surface_grid_5_hard.mp4
2345,10,200291,841,819130,0.0,-5.3619384765625,45.5147819519043,generated_videos/surface_grid_5_hard.mp4
2346,9,200424,857,821002,0.0,-4.334228515625,45.91376495361328,generated_videos/surface_grid_5_hard.mp4
2347,12,200533,846,813169,0.0,-4.892258167266846,48.674625396728516,generated_videos/surface_grid_5_hard.mp4
2348,12,200659,853,817415,0.0,-5.099153995513916,47.64103317260742,generated_videos/surface_grid_5_hard.mp4
2349,12,200781,849,802699,0.0,-4.705169677734375,49.438331604003906,generated_videos/surface_grid_5_hard.mp4
2350,12,200901,856,812285,0.0,-4.0078887939453125,49.5174560546875,generated_videos/surface_grid_5_hard.mp4
2351,9,201010,860,813217,0.0,-3.9299888610839844,49.85063171386719,generated_videos/surface_grid_5_hard.mp4
2352,8,201121,854,812622,0.0,-3.6356964111328125,49.66017532348633,generated_videos/surface_grid_5_hard.mp4
2353,9,201234,844,797105,0.0,-3.746490478515625,49.23348617553711,generated_videos/surface_grid_5_hard.mp4
2354,11,201348,848,795909,0.0,-3.613677978515625,49.24673080444336,generated_videos/surface_grid_5_hard.mp4
2355,10,201460,855,784481,0.0,-2.6218643188476562,47.963253021240234,generated_videos/surface_grid_5_hard.mp4
2356,10,201578,864,795265,0.0,-2.233978271484375,45.882198333740234,generated_videos/surface_grid_5_hard.mp4
2357,8,201704,873,804547,0.0,-1.856475830078125,46.325538635253906,generated_videos/surface_grid_5_hard.mp4
2358,9,201822,867,797794,0.0,-1.7844915390014648,47.690345764160156,generated_videos/surface_grid_5_hard.mp4
2359,11,201940,871,791601,0.0,-1.251190185546875,46.65428924560547,generated_videos/surface_grid_5_hard.mp4
2360,10,202056,860,788691,0.0,-1.5141754150390625,49.010841369628906,generated_videos/surface_grid_5_hard.mp4
2361,8,202178,857,784899,0.0,-1.2412891387939453,50.346866607666016,generated_videos/surface_grid_5_hard.mp4
2362,9,202304,866,782441,0.0,-0.1493377685546875,51.27760314941406,generated_videos/surface_grid_5_hard.mp4
2363,8,202415,865,777525,0.0,-0.001190185546875,52.64446258544922,generated_videos/surface_grid_5_hard.mp4
2364,9,202524,875,776439,0.0,-0.0832672119140625,51.999393463134766,generated_videos/surface_grid_5_hard.mp4
2365,7,202634,880,777239,0.0,-0.19964599609375,54.43970489501953,generated_videos/surface_grid_5_hard.mp4
2366,6,202748,889,777675,0.0,-0.233734130859375,56.08737564086914,generated_videos/surface_grid_5_hard.mp4
2367,7,202859,898,776623,0.0,-0.20773983001708984,56.531219482421875,generated_videos/surface_grid_5_hard.mp4
2368,7,202966,895,775701,0.0,-0.8744354248046875,58.480587005615234,generated_videos/surface_grid_5_hard.mp4
2369,7,203075,891,771247,0.0,-1.147796630859375,58.94327163696289,generated_videos/surface_grid_5_hard.mp4
2370,10,203185,891,768350,0.0,-1.025665283203125,60.64446258544922,generated_videos/surface_grid_5_hard.mp4
2371,10,203273,877,767738,0.0,-1.783782958984375,61.07661056518555,generated_videos/surface_grid_5_hard.mp4
2372,9,203375,863,772848,0.0,-1.416168212890625,60.7971305847168,generated_videos/surface_grid_5_hard.mp4
2373,8,203479,846,773254,0.0,-0.7117338180541992,58.56278991699219,generated_videos/surface_grid_5_hard.mp4
2374,7,203582,848,770842,0.0,-0.93560791015625,59.23541259765625,generated_videos/surface_grid_5_hard.mp4
2375,6,203672,846,771182,0.0,-0.6655731201171875,60.16797637939453,generated_videos/surface_grid_5_hard.mp4
2376,8,203778,849,770175,0.0,-0.540557861328125,56.21488571166992,generated_videos/surface_grid_5_hard.mp4
2377,8,203898,844,772144,0.0,-0.08029556274414062,51.870826721191406,generated_videos/surface_grid_5_hard.mp4
2378,10,203997,840,769687,0.0,-0.8502273559570312,53.251060485839844,generated_videos/surface_grid_5_hard.mp4
2379,12,204098,829,767322,0.0,-0.93048095703125,52.137332916259766,generated_videos/surface_grid_5_hard.mp4
2380,10,204206,840,770648,0.0,-0.8842315673828125,51.72563934326172,generated_videos/surface_grid_5_hard.mp4
2381,10,204302,849,772823,0.0,-1.21185302734375,53.57933807373047,generated_videos/surface_grid_5_hard.mp4
2382,11,204396,853,771086,0.0,-1.7336502075195312,56.08156204223633,generated_videos/surface_grid_5_hard.mp4
2383,9,204489,852,772244,0.0,-1.84503173828125,56.415306091308594,generated_videos/surface_grid_5_hard.mp4
2384,8,204577,851,773126,0.0,-2.145172119140625,57.98360061645508,generated_videos/surface_grid_5_hard.mp4
2385,7,204672,854,771905,0.0,-2.4088134765625,58.674198150634766,generated_videos/surface_grid_5_hard.mp4
2386,8,204768,869,772079,0.0,-2.067169189453125,59.82920455932617,generated_videos/surface_grid_5_hard.mp4
2387,8,204863,870,772798,0.0,-2.5028076171875,60.08832550048828,generated_videos/surface_grid_5_hard.mp4
2388,8,204968,881,774569,0.0,-3.606109619140625,60.178749084472656,generated_videos/surface_grid_5_hard.mp4
2389,8,205060,867,772223,0.0,-3.172607421875,59.13288116455078,generated_videos/surface_grid_5_hard.mp4
2390,8,205157,861,779370,0.0,-3.4347686767578125,59.63456344604492,generated_videos/surface_grid_5_hard.mp4
2391,8,205275,880,788399,0.0,-2.2710418701171875,56.73138427734375,generated_videos/surface_grid_5_hard.mp4
2392,9,205368,863,782535,0.0,-3.285797119140625,56.24235153198242,generated_videos/surface_grid_5_hard.mp4
2393,9,205465,847,785086,0.0,-3.0692291259765625,55.161949157714844,generated_videos/surface_grid_5_hard.mp4
2394,8,205578,827,787417,0.0,-2.62384033203125,50.322303771972656,generated_videos/surface_grid_5_hard.mp4
2395,10,205682,806,777889,0.0,-2.5298118591308594,48.61749267578125,generated_videos/surface_grid_5_hard.mp4
2396,8,205792,808,771747,0.0,-3.141204833984375,48.63238525390625,generated_videos/surface_grid_5_hard.mp4
2397,7,205894,804,774441,0.0,-3.6886367797851562,45.2664680480957,generated_videos/surface_grid_5_hard.mp4
2398,8,205987,817,771484,-0.65435791015625,-4.022857666015625,44.83916473388672,generated_videos/surface_grid_5_hard.mp4
2399,6,206081,831,777808,-1.995269775390625,-3.879302978515625,45.419960021972656,generated_videos/surface_grid_5_hard.mp4
2400,6,206170,840,775558,-4.291595458984375,-4.4915924072265625,46.61046600341797,generated_videos/surface_grid_5_hard.mp4
2401,8,206243,836,770006,-6.737561225891113,-5.393035888671875,46.35759735107422,generated_videos/surface_grid_5_hard.mp4
2402,9,206327,825,768219,-6.7823486328125,-6.3671417236328125,48.01375961303711,generated_videos/surface_grid_5_hard.mp4
2403,9,206400,825,766988,-8.290069580078125,-7.137420654296875,50.0650634765625,generated_videos/surface_grid_5_hard.mp4
2404,8,206486,823,771566,-8.370063781738281,-7.572113037109375,50.46014404296875,generated_videos/surface_grid_5_hard.mp4
2405,7,206575,828,769956,-8.185710906982422,-7.846748352050781,50.80070877075195,generated_videos/surface_grid_5_hard.mp4
2406,7,206656,832,768057,-9.092727661132812,-8.755477905273438,52.53015899658203,generated_videos/surface_grid_5_hard.mp4
2407,10,206729,829,762036,-10.91180419921875,-9.40863037109375,54.63227462768555,generated_videos/surface_grid_5_hard.mp4
2408,9,206804,822,762595,-12.3988037109375,-10.478784561157227,57.37981414794922,generated_videos/surface_grid_5_hard.mp4
2409,11,206878,818,761046,-13.521713256835938,-11.547256469726562,59.9782600402832,generated_videos/surface_grid_5_hard.mp4
2410,8,206962,830,767563,-12.903182983398438,-11.311203002929688,59.63349914550781,generated_videos/surface_grid_5_hard.mp4
2411,8,207037,836,763460,-14.14306640625,-11.942901611328125,60.197757720947266,generated_videos/surface_grid_5_hard.mp4
2412,10,207114,840,763992,-15.620365142822266,-12.027618408203125,61.88690948486328,generated_videos/surface_grid_5_hard.mp4
2413,7,207195,849,769204,-16.9705810546875,-12.381498336791992,62.76779556274414,generated_videos/surface_grid_5_hard.mp4
2414,9,207269,852,766584,-17.748184204101562,-12.237715721130371,62.567161560058594,generated_videos/surface_grid_5_hard.mp4
2415,11,207348,858,764066,-18.863937377929688,-12.396041870117188,60.65484619140625,generated_videos/surface_grid_5_hard.mp4
2416,9,207420,848,756462,-19.42157745361328,-12.591690063476562,61.578834533691406,generated_videos/surface_grid_5_hard.mp4
2417,9,207511,864,767198,-20.275131225585938,-11.919036865234375,60.096771240234375,generated_videos/surface_grid_5_hard.mp4
2418,8,207587,861,766218,-21.296279907226562,-11.539726257324219,59.38839340209961,generated_videos/surface_grid_5_hard.mp4
2419,8,207658,856,771576,-22.588577270507812,-12.777435302734375,59.03360366821289,generated_videos/surface_grid_5_hard.mp4
2420,8,207727,850,763851,-23.406585693359375,-12.810653686523438,60.67919921875,generated_videos/surface_grid_5_hard.mp4
2421,10,207799,853,761943,-24.8790283203125,-12.538604736328125,62.14891815185547,generated_videos/surface_grid_5_hard.mp4
2422,10,207868,848,758467,-26.077064514160156,-12.649017333984375,61.27332305908203,generated_videos/surface_grid_5_hard.mp4
2423,8,207940,850,759509,-26.430679321289062,-12.410764694213867,61.10600280761719,generated_videos/surface_grid_5_hard.mp4
2424,11,208014,855,757427,-27.572036743164062,-12.484588623046875,60.14543914794922,generated_videos/surface_grid_5_hard.mp4
2425,12,208089,857,755235,-28.693359375,-12.402420043945312,59.934425354003906,generated_videos/surface_grid_5_hard.mp4
2426,10,208159,856,755719,-30.225515365600586,-12.308609008789062,60.910858154296875,generated_videos/surface_grid_5_hard.mp4
2427,9,208231,858,762337,-29.378036499023438,-11.932762145996094,61.630516052246094,generated_videos/surface_grid_5_hard.mp4
2428,11,208305,856,752477,-30.090744018554688,-11.223133087158203,61.0701904296875,generated_videos/surface_grid_5_hard.mp4
2429,10,208369,848,751543,-32.016326904296875,-11.718788146972656,63.014312744140625,generated_videos/surface_grid_5_hard.mp4
2430,11,208441,848,749821,-32.732177734375,-11.233680725097656,62.99382781982422,generated_videos/surface_grid_5_hard.mp4
2431,8,208508,849,748059,-35.4122314453125,-11.458831787109375,64.26639556884766,generated_videos/surface_grid_5_hard.mp4
2432,10,208571,847,747585,-35.9188232421875,-11.417724609375,65.82525634765625,generated_videos/surface_grid_5_hard.mp4
2433,9,208642,855,746067,-36.1221923828125,-10.947845458984375,66.86790466308594,generated_videos/surface_grid_5_hard.mp4
2434,8,208708,855,742559,-36.4754638671875,-11.071685791015625,67.21781921386719,generated_videos/surface_grid_5_hard.mp4
2435,9,208770,852,737999,-39.01234436035156,-11.161819458007812,68.01882934570312,generated_videos/surface_grid_5_hard.mp4
2436,10,208831,842,735517,-39.513763427734375,-11.279403686523438,69.78890991210938,generated_videos/surface_grid_5_hard.mp4
2437,10,208895,840,737461,-39.81634521484375,-11.234970092773438,69.75325012207031,generated_videos/surface_grid_5_hard.mp4
2438,6,208965,854,739181,-40.110137939453125,-10.43988037109375,69.82652282714844,generated_videos/surface_grid_5_hard.mp4
2439,6,209025,856,736581,-41.23588562011719,-10.225814819335938,70.26858520507812,generated_videos/surface_grid_5_hard.mp4
2440,9,209088,855,729111,-43.293701171875,-10.397705078125,71.37354278564453,generated_videos/surface_grid_5_hard.mp4
2441,10,209148,857,730097,-45.00347900390625,-9.995437622070312,72.02031707763672,generated_videos/surface_grid_5_hard.mp4
2442,9,209215,851,727871,-44.11944580078125,-9.995941162109375,71.04193878173828,generated_videos/surface_grid_5_hard.mp4
2443,10,209277,845,726241,-44.84625244140625,-10.192626953125,70.41839599609375,generated_videos/surface_grid_5_hard.mp4
2444,10,209334,841,724645,-46.562255859375,-10.48016357421875,71.7406234741211,generated_videos/surface_grid_5_hard.mp4
2445,9,209391,837,721990,-48.7818603515625,-10.573623657226562,72.59504699707031,generated_videos/surface_grid_5_hard.mp4
2446,10,209462,844,723245,-48.37434387207031,-11.575492858886719,73.02561950683594,generated_videos/surface_grid_5_hard.mp4
2447,12,209527,829,718483,-47.484039306640625,-10.902587890625,73.5379867553711,generated_videos/surface_grid_5_hard.mp4
2448,11,209584,826,717313,-48.72798156738281,-11.276290893554688,74.59854888916016,generated_videos/surface_grid_5_hard.mp4
2449,13,209646,819,716140,-47.990966796875,-11.41815185546875,75.91678619384766,generated_videos/surface_grid_5_hard.mp4
2450,13,209706,818,716702,-49.1644287109375,-11.258590698242188,77.04192352294922,generated_videos/surface_grid_5_hard.mp4
2451,12,209766,811,712897,-49.864501953125,-11.486614227294922,77.70142364501953,generated_videos/surface_grid_5_hard.mp4
2452,13,209824,799,711003,-48.65625,-11.749908447265625,77.93827819824219,generated_videos/surface_grid_5_hard.mp4
2453,7,209891,790,727633,-46.375823974609375,-9.788527488708496,76.63825988769531,generated_videos/surface_grid_5_hard.mp4
2454,11,209949,782,720341,-46.73051452636719,-9.974906921386719,77.45310974121094,generated_videos/surface_grid_5_hard.mp4
2455,13,210000,769,711421,-48.4130859375,-10.849685668945312,78.40294647216797,generated_videos/surface_grid_5_hard.mp4
2456,13,210060,770,712671,-48.648529052734375,-9.90511703491211,78.9263916015625,generated_videos/surface_grid_5_hard.mp4
2457,10,210125,779,716494,-48.37921142578125,-9.234100341796875,77.64157104492188,generated_videos/surface_grid_5_hard.mp4
2458,11,210188,785,712597,-48.54327392578125,-9.20745849609375,77.22093200683594,generated_videos/surface_grid_5_hard.mp4
2459,11,210245,786,711085,-47.880008697509766,-9.160263061523438,76.49171447753906,generated_videos/surface_grid_5_hard.mp4
2460,11,210299,786,711120,-48.447113037109375,-8.947433471679688,77.50871276855469,generated_videos/surface_grid_5_hard.mp4
2461,12,210354,783,711065,-48.301849365234375,-8.874751091003418,77.4671401977539,generated_videos/surface_grid_5_hard.mp4
2462,10,210408,780,710508,-49.02311706542969,-9.056480407714844,78.28080749511719,generated_videos/surface_grid_5_hard.mp4
2463,11,210460,774,707452,-49.245880126953125,-8.953384399414062,78.18270111083984,generated_videos/surface_grid_5_hard.mp4
2464,11,210518,765,701484,-49.196388244628906,-8.478790283203125,77.36713409423828,generated_videos/surface_grid_5_hard.mp4
2465,11,210572,761,705466,-49.501220703125,-8.620512962341309,77.94590759277344,generated_videos/surface_grid_5_hard.mp4
2466,12,210621,760,703943,-50.38079833984375,-8.56733226776123,79.41557312011719,generated_videos/surface_grid_5_hard.mp4
2467,9,210677,771,706857,-50.7684326171875,-7.710418701171875,79.01612091064453,generated_videos/surface_grid_5_hard.mp4
2468,12,210734,773,700847,-51.0302734375,-7.459808349609375,78.31730651855469,generated_videos/surface_grid_5_hard.mp4
2469,12,210785,775,702230,-50.723388671875,-7.3371429443359375,78.0879135131836,generated_videos/surface_grid_5_hard.mp4
2470,9,210832,770,703043,-51.65784454345703,-7.786186218261719,78.87130737304688,generated_videos/surface_grid_5_hard.mp4
2471,11,210881,774,702902,-51.76253128051758,-7.669223785400391,78.82162475585938,generated_videos/surface_grid_5_hard.mp4
2472,13,210935,781,702640,-52.123809814453125,-7.39849853515625,78.16319274902344,generated_videos/surface_grid_5_hard.mp4
2473,9,210985,783,702969,-51.945098876953125,-7.03729248046875,77.9886703491211,generated_videos/surface_grid_5_hard.mp4
2474,10,211031,779,702508,-52.8026123046875,-7.6476287841796875,78.54240417480469,generated_videos/surface_grid_5_hard.mp4
2475,10,211082,778,703444,-53.20623779296875,-7.4969940185546875,78.49336242675781,generated_videos/surface_grid_5_hard.mp4
2476,9,211128,777,704684,-53.32861328125,-7.4468536376953125,78.82743072509766,generated_videos/surface_grid_5_hard.mp4
2477,7,211176,777,708114,-53.871498107910156,-7.80059814453125,79.52264404296875,generated_videos/surface_grid_5_hard.mp4
2478,8,211221,778,706898,-54.326263427734375,-7.956717014312744,79.74567413330078,generated_videos/surface_grid_5_hard.mp4
2479,9,211272,774,704568,-54.099365234375,-7.926033973693848,79.98910522460938,generated_videos/surface_grid_5_hard.mp4
2480,7,211325,778,709684,-54.10833740234375,-7.880219459533691,80.18876647949219,generated_videos/surface_grid_5_hard.mp4
2481,7,211380,786,713044,-54.155059814453125,-7.119670867919922,80.44357299804688,generated_videos/surface_grid_5_hard.mp4
2482,9,211425,778,703701,-55.34208679199219,-7.437347412109375,81.13174438476562,generated_videos/surface_grid_5_hard.mp4
2483,9,211471,780,702298,-55.75950622558594,-7.287193298339844,81.33746337890625,generated_videos/surface_grid_5_hard.mp4
2484,10,211519,781,701983,-56.27447509765625,-7.278602600097656,81.52873229980469,generated_videos/surface_grid_5_hard.mp4
2485,10,211562,775,700659,-56.6390380859375,-7.707916259765625,81.68968963623047,generated_videos/surface_grid_5_hard.mp4
2486,8,211609,778,702588,-56.53692626953125,-7.688058853149414,81.65586853027344,generated_videos/surface_grid_5_hard.mp4
2487,7,211658,783,707696,-55.603912353515625,-7.498283386230469,81.60404968261719,generated_videos/surface_grid_5_hard.mp4
2488,8,211701,776,703473,-56.26636505126953,-7.660972595214844,81.66885375976562,generated_videos/surface_grid_5_hard.mp4
2489,7,211748,778,708495,-55.63572692871094,-7.681709289550781,81.56553649902344,generated_videos/surface_grid_5_hard.mp4
2490,9,211792,773,702184,-56.512725830078125,-7.745491027832031,81.6983642578125,generated_videos/surface_grid_5_hard.mp4
2491,9,211836,772,702994,-56.55767822265625,-7.683807373046875,81.82218170166016,generated_videos/surface_grid_5_hard.mp4
2492,11,211879,772,702830,-56.72388458251953,-7.374795913696289,81.6732177734375,generated_videos/surface_grid_5_hard.mp4
2493,10,211920,771,702864,-56.9635009765625,-6.884220123291016,81.84867858886719,generated_videos/surface_grid_5_hard.mp4
2494,10,211967,776,703130,-56.530914306640625,-6.344064712524414,81.61308288574219,generated_videos/surface_grid_5_hard.mp4
2495,10,212017,781,704610,-56.24560546875,-5.7498931884765625,81.65496063232422,generated_videos/surface_grid_5_hard.mp4
2496,9,212063,780,703684,-56.433349609375,-5.6346588134765625,81.81307983398438,generated_videos/surface_grid_5_hard.mp4
2497,8,212105,779,703268,-56.80470275878906,-5.61712646484375,82.17227935791016,generated_videos/surface_grid_5_hard.mp4
2498,8,212149,782,703194,-57.014320373535156,-5.175426483154297,82.24159240722656,generated_videos/surface_grid_5_hard.mp4
2499,10,212193,782,700070,-57.27655029296875,-5.050239562988281,82.52183532714844,generated_videos/surface_grid_5_hard.mp4
2500,10,212238,784,701440,-57.1961669921875,-4.5836181640625,82.4576416015625,generated_videos/surface_grid_5_hard.mp4
2501,10,212284,785,700372,-57.289764404296875,-4.407440185546875,82.18543243408203,generated_videos/surface_grid_5_hard.mp4
2502,8,212331,787,702944,-57.377899169921875,-4.210479736328125,82.19903564453125,generated_videos/surface_grid_5_hard.mp4
2503,9,212378,786,701048,-57.49774169921875,-3.9543724060058594,82.18505859375,generated_videos/surface_grid_5_hard.mp4
2504,9,212422,785,700898,-57.6427001953125,-3.91827392578125,82.35440826416016,generated_videos/surface_grid_5_hard.mp4
2505,10,212465,785,700043,-57.7359619140625,-3.940155029296875,82.66877746582031,generated_videos/surface_grid_5_hard.mp4
2506,8,212515,791,707688,-57.13922119140625,-3.6065826416015625,81.47734832763672,generated_videos/surface_grid_5_hard.mp4
2507,8,212558,785,703204,-57.8260498046875,-4.197509765625,82.92723083496094,generated_videos/surface_grid_5_hard.mp4
2508,8,212606,789,707389,-57.74609375,-3.6546430587768555,82.26350402832031,generated_videos/surface_grid_5_hard.mp4
2509,9,212650,789,706226,-57.707733154296875,-3.6502838134765625,81.95001220703125,generated_videos/surface_grid_5_hard.mp4
2510,8,212696,791,709440,-57.2852783203125,-3.4611434936523438,81.70059967041016,generated_videos/surface_grid_5_hard.mp4
2511,10,212740,790,706538,-57.0408935546875,-3.315826416015625,81.29441833496094,generated_videos/surface_grid_5_hard.mp4
2512,10,212786,790,706758,-56.975738525390625,-3.2789230346679688,81.13690185546875,generated_videos/surface_grid_5_hard.mp4
2513,10,212830,791,707234,-56.7764892578125,-3.0308837890625,80.94171142578125,generated_videos/surface_grid_5_hard.mp4
2514,10,212874,792,707122,-56.854949951171875,-2.8537750244140625,80.74803924560547,generated_videos/surface_grid_5_hard.mp4
2515,8,212918,791,707880,-56.659637451171875,-2.70654296875,80.76249694824219,generated_videos/surface_grid_5_hard.mp4
2516,9,212963,788,701710,-57.157928466796875,-2.4914093017578125,81.09165954589844,generated_videos/surface_grid_5_hard.mp4
2517,9,213006,788,701508,-56.529541015625,-2.391590118408203,81.03197479248047,generated_videos/surface_grid_5_hard.mp4
2518,9,213050,785,697584,-57.0772705078125,-2.257415771484375,81.2591323852539,generated_videos/surface_grid_5_hard.mp4
2519,9,213096,787,697462,-56.69866943359375,-2.2221603393554688,81.12338256835938,generated_videos/surface_grid_5_hard.mp4
2520,9,213140,786,697616,-56.868988037109375,-2.2180604934692383,81.19377136230469,generated_videos/surface_grid_5_hard.mp4
2521,9,213184,786,697824,-56.88850402832031,-2.2083234786987305,81.18431854248047,generated_videos/surface_grid_5_hard.mp4
2522,8,213230,790,702640,-56.253013610839844,-2.1379966735839844,80.50749206542969,generated_videos/surface_grid_5_hard.mp4
2523,7,213278,795,709754,-55.04051971435547,-1.9622726440429688,79.6827621459961,generated_videos/surface_grid_5_hard.mp4
2524,8,213320,793,706846,-55.0401611328125,-2.1121292114257812,79.68307495117188,generated_videos/surface_grid_5_hard.mp4
2525,9,213364,791,704006,-55.5738525390625,-2.199066162109375,80.15370178222656,generated_videos/surface_grid_5_hard.mp4
2526,11,213407,791,703806,-55.3392333984375,-2.1661224365234375,79.16902160644531,generated_videos/surface_grid_5_hard.mp4
2527,12,213449,790,703824,-55.48744201660156,-2.146428108215332,79.31195068359375,generated_videos/surface_grid_5_hard.mp4
2528,10,213493,791,703648,-55.0904541015625,-2.184539794921875,78.98323822021484,generated_videos/surface_grid_5_hard.mp4
2529,10,213538,786,698574,-55.65351867675781,-2.216228485107422,79.86953735351562,generated_videos/surface_grid_5_hard.mp4
2530,12,213581,785,698294,-55.37847900390625,-2.3044357299804688,79.8479232788086,generated_videos/surface_grid_5_hard.mp4
2531,11,213622,782,698274,-55.43229675292969,-2.4174156188964844,79.95906066894531,generated_videos/surface_grid_5_hard.mp4
2532,11,213664,782,699552,-54.55030822753906,-2.420978546142578,79.73298645019531,generated_videos/surface_grid_5_hard.mp4
2533,11,213708,783,699860,-53.9200439453125,-2.219940185546875,79.50495147705078,generated_videos/surface_grid_5_hard.mp4
2534,10,213750,784,702754,-53.52587890625,-2.4166946411132812,79.36258697509766,generated_videos/surface_grid_5_hard.mp4
2535,11,213796,785,702718,-53.06494140625,-2.209991455078125,78.96134185791016,generated_videos/surface_grid_5_hard.mp4
2536,10,213843,789,704222,-52.728492736816406,-2.1393356323242188,78.3851089477539,generated_videos/surface_grid_5_hard.mp4
2537,12,213890,788,701874,-52.50825500488281,-2.0975341796875,78.32459259033203,generated_videos/surface_grid_5_hard.mp4
2538,10,213938,794,709688,-51.33906555175781,-1.8032684326171875,77.58428955078125,generated_videos/surface_grid_5_hard.mp4
2539,10,213982,796,710134,-51.09733581542969,-1.7341461181640625,76.93150329589844,generated_videos/surface_grid_5_hard.mp4
2540,12,214028,794,705936,-51.25957107543945,-1.741455078125,76.9344482421875,generated_videos/surface_grid_5_hard.mp4
2541,11,214078,799,712152,-50.8802490234375,-1.090057373046875,76.18049621582031,generated_videos/surface_grid_5_hard.mp4
2542,11,214122,799,711116,-50.85504150390625,-1.4922332763671875,76.13125610351562,generated_videos/surface_grid_5_hard.mp4
2543,10,214167,798,710890,-50.83723449707031,-1.6222152709960938,76.14659881591797,generated_videos/surface_grid_5_hard.mp4
2544,12,214212,792,704124,-51.74507141113281,-1.8629989624023438,77.48758697509766,generated_videos/surface_grid_5_hard.mp4
2545,9,214256,791,705784,-52.072998046875,-1.902587890625,77.57295227050781,generated_videos/surface_grid_5_hard.mp4
2546,9,214300,789,705426,-52.2203369140625,-1.89227294921875,77.8125991821289,generated_videos/surface_grid_5_hard.mp4
2547,10,214344,790,706112,-52.14408874511719,-1.94024658203125,77.69329071044922,generated_videos/surface_grid_5_hard.mp4
2548,13,214388,787,700872,-52.34052276611328,-1.9747314453125,77.88459014892578,generated_videos/surface_grid_5_hard.mp4
2549,10,214438,793,707210,-51.310546875,-1.65484619140625,76.36647033691406,generated_videos/surface_grid_5_hard.mp4
2550,14,214482,793,704618,-51.31414794921875,-1.66845703125,76.38176727294922,generated_videos/surface_grid_5_hard.mp4
2551,12,214527,792,707186,-50.853233337402344,-1.594635009765625,76.88832092285156,generated_videos/surface_grid_5_hard.mp4
2552,11,214576,797,711070,-50.78314208984375,-1.52288818359375,76.12271881103516,generated_videos/surface_grid_5_hard.mp4
2553,10,214623,795,711098,-50.79046630859375,-1.7752838134765625,76.14794921875,generated_videos/surface_grid_5_hard.mp4
2554,11,214669,796,709654,-50.790313720703125,-1.8185882568359375,76.15911102294922,generated_videos/surface_grid_5_hard.mp4
2555,10,214716,799,711828,-50.71160888671875,-1.671600341796875,75.52494812011719,generated_videos/surface_grid_5_hard.mp4
2556,12,214760,799,711950,-50.69811248779297,-1.4956207275390625,75.5274429321289,generated_videos/surface_grid_5_hard.mp4
2557,13,214804,798,709636,-50.758480072021484,-1.605377197265625,75.82237243652344,generated_videos/surface_grid_5_hard.mp4
2558,12,214848,796,711122,-50.7913818359375,-1.7668876647949219,76.08196258544922,generated_videos/surface_grid_5_hard.mp4
2559,12,214893,798,711580,-50.74908447265625,-1.590362548828125,75.75076293945312,generated_videos/surface_grid_5_hard.mp4
2560,13,214941,802,712300,-50.602020263671875,-1.4559555053710938,74.8377685546875,generated_videos/surface_grid_5_hard.mp4
2561,10,214984,801,714324,-50.659568786621094,-1.15155029296875,74.94022369384766,generated_videos/surface_grid_5_hard.mp4
2562,12,215028,801,710798,-50.67388916015625,-1.191986083984375,74.9393310546875,generated_videos/surface_grid_5_hard.mp4
2563,12,215073,800,710400,-50.683406829833984,-1.1826171875,75.23335266113281,generated_videos/surface_grid_5_hard.mp4
2564,11,215117,799,711756,-50.675048828125,-1.153594970703125,75.52701568603516,generated_videos/surface_grid_5_hard.mp4
2565,11,215160,798,712070,-50.703514099121094,-1.5025253295898438,75.79689025878906,generated_videos/surface_grid_5_hard.mp4
2566,10,215205,799,713166,-50.676116943359375,-1.4926910400390625,75.50955200195312,generated_videos/surface_grid_5_hard.mp4
2567,9,215248,798,715652,-50.663509368896484,-1.3386688232421875,75.74745178222656,generated_videos/surface_grid_5_hard.mp4
2568,10,215291,797,713008,-50.677337646484375,-1.203338623046875,75.99002838134766,generated_videos/surface_grid_5_hard.mp4
2569,10,215336,798,712206,-50.6091423034668,-1.1659622192382812,75.72734069824219,generated_videos/surface_grid_5_hard.mp4
2570,10,215383,801,718326,-50.44970703125,-1.15966796875,74.96198272705078,generated_videos/surface_grid_5_hard.mp4
2571,9,215428,797,712750,-50.705230712890625,-1.550872802734375,75.97404479980469,generated_videos/surface_grid_5_hard.mp4
2572,10,215473,793,712948,-50.75372314453125,-1.563446044921875,76.187255859375,generated_videos/surface_grid_5_hard.mp4
2573,10,215518,794,711554,-50.735984802246094,-1.5249176025390625,76.1630859375,generated_videos/surface_grid_5_hard.mp4
2574,8,215562,794,714002,-50.75921630859375,-1.6075897216796875,76.13230895996094,generated_videos/surface_grid_5_hard.mp4
2575,7,215611,799,717510,-50.56428527832031,-1.491790771484375,75.48253631591797,generated_videos/surface_grid_5_hard.mp4
2576,7,215654,796,716270,-50.75691223144531,-1.5727081298828125,76.11042785644531,generated_videos/surface_grid_5_hard.mp4
2577,6,215703,802,721260,-50.42057800292969,-1.2859268188476562,74.7971420288086,generated_videos/surface_grid_5_hard.mp4
2578,7,215747,800,717612,-50.47407531738281,-1.4572677612304688,75.22838592529297,generated_videos/surface_grid_5_hard.mp4
2579,7,215791,796,713348,-50.637393951416016,-1.513092041015625,75.9676513671875,generated_videos/surface_grid_5_hard.mp4
2580,7,215834,793,712166,-50.6744384765625,-1.54022216796875,76.00294494628906,generated_videos/surface_grid_5_hard.mp4
2581,7,215882,793,708700,-50.69752502441406,-1.557830810546875,75.99496459960938,generated_videos/surface_grid_5_hard.mp4
2582,10,215927,788,704342,-50.814178466796875,-1.75360107421875,76.78684997558594,generated_videos/surface_grid_5_hard.mp4
2583,9,215971,788,705352,-50.81475067138672,-1.776885986328125,76.83232116699219,generated_videos/surface_grid_5_hard.mp4
2584,8,216017,789,709822,-50.7685546875,-1.75079345703125,76.36580657958984,generated_videos/surface_grid_5_hard.mp4
2585,6,216066,795,714562,-50.689598083496094,-1.6104660034179688,75.92559051513672,generated_videos/surface_grid_5_hard.mp4
2586,8,216111,790,708226,-50.74359130859375,-1.788909912109375,76.18217468261719,generated_videos/surface_grid_5_hard.mp4
2587,8,216157,790,709594,-50.74261474609375,-1.7490234375,76.20814514160156,generated_videos/surface_grid_5_hard.mp4
2588,5,216203,793,712628,-50.71246337890625,-1.647918701171875,76.11450958251953,generated_videos/surface_grid_5_hard.mp4
2589,5,216248,795,712980,-50.70660400390625,-1.850860595703125,76.06903839111328,generated_videos/surface_grid_5_hard.mp4
2590,6,216291,794,712142,-50.68616485595703,-1.67523193359375,76.078857421875,generated_videos/surface_grid_5_hard.mp4
2591,7,216341,794,713260,-50.693077087402344,-1.63970947265625,76.11090850830078,generated_videos/surface_grid_5_hard.mp4
2592,7,216384,794,713360,-50.698490142822266,-1.6385574340820312,76.140625,generated_videos/surface_grid_5_hard.mp4
2593,8,216429,792,711480,-50.723907470703125,-1.672515869140625,76.22990417480469,generated_videos/surface_grid_5_hard.mp4
2594,9,216472,792,711784,-50.72438049316406,-1.6518402099609375,76.22398376464844,generated_videos/surface_grid_5_hard.mp4
2595,5,216520,796,717258,-50.493988037109375,-1.6174468994140625,75.1953353881836,generated_videos/surface_grid_5_hard.mp4
2596,6,216565,796,715656,-50.45404815673828,-1.4731674194335938,75.19537353515625,generated_videos/surface_grid_5_hard.mp4
2597,7,216609,793,714192,-50.47508239746094,-1.545867919921875,76.07290649414062,generated_videos/surface_grid_5_hard.mp4
2598,8,216653,790,713150,-50.574893951416016,-1.5485076904296875,76.1065673828125,generated_videos/surface_grid_5_hard.mp4
2599,11,216698,790,711514,-50.56147003173828,-1.470245361328125,76.10768127441406,generated_videos/surface_grid_5_hard.mp4
2600,9,216744,792,714066,-50.49101257324219,-1.4055099487304688,75.997802734375,generated_videos/surface_grid_5_hard.mp4
2601,10,216790,793,715350,-50.47882080078125,-1.369171142578125,75.9400863647461,generated_videos/surface_grid_5_hard.mp4
2602,9,216835,793,714030,-50.47251892089844,-1.42742919921875,75.94003295898438,generated_videos/surface_grid_5_hard.mp4
2603,10,216881,792,712472,-50.54300308227539,-1.4640121459960938,76.00791931152344,generated_videos/surface_grid_5_hard.mp4
2604,15,216927,781,703190,-51.27630615234375,-1.686065673828125,77.62303161621094,generated_videos/surface_grid_5_hard.mp4
2605,12,216979,788,709690,-50.703765869140625,-1.4636001586914062,76.1888427734375,generated_videos/surface_grid_5_hard.mp4
2606,12,217024,787,707696,-50.704345703125,-1.50079345703125,76.2486801147461,generated_videos/surface_grid_5_hard.mp4
2607,13,217070,786,704846,-50.73958969116211,-1.6968841552734375,76.83362579345703,generated_videos/surface_grid_5_hard.mp4
2608,12,217116,786,705100,-50.74040985107422,-1.5620574951171875,76.84245300292969,generated_videos/surface_grid_5_hard.mp4
2609,10,217165,792,708858,-50.56110763549805,-1.2985916137695312,76.07051086425781,generated_videos/surface_grid_5_hard.mp4
2610,14,217210,789,705036,-50.7052001953125,-1.50128173828125,76.24829864501953,generated_videos/surface_grid_5_hard.mp4
2611,14,217253,787,706266,-50.70733642578125,-1.4330596923828125,76.24697875976562,generated_videos/surface_grid_5_hard.mp4
2612,12,217301,791,707746,-50.509063720703125,-1.3181228637695312,76.04747772216797,generated_videos/surface_grid_5_hard.mp4
2613,12,217347,788,708796,-50.66875076293945,-1.4652938842773438,76.17488098144531,generated_videos/surface_grid_5_hard.mp4
2614,12,217394,789,708400,-50.63573455810547,-1.43017578125,76.1063232421875,generated_videos/surface_grid_5_hard.mp4
2615,10,217450,801,718312,-50.0283203125,-0.98211669921875,74.21170806884766,generated_videos/surface_grid_5_hard.mp4
2616,10,217495,797,714726,-50.24346923828125,-1.368133544921875,74.63243103027344,generated_videos/surface_grid_5_hard.mp4
2617,10,217542,798,717078,-50.13720703125,-0.9164581298828125,74.3640365600586,generated_videos/surface_grid_5_hard.mp4
2618,8,217588,801,719384,-50.01508331298828,-1.0955657958984375,73.98575592041016,generated_videos/surface_grid_5_hard.mp4
2619,8,217634,803,719838,-49.422515869140625,-1.053131103515625,73.82571411132812,generated_videos/surface_grid_5_hard.mp4
2620,11,217679,797,712798,-50.237548828125,-1.3181076049804688,74.51400756835938,generated_videos/surface_grid_5_hard.mp4
2621,10,217724,796,711216,-50.241607666015625,-1.2410545349121094,74.57279968261719,generated_videos/surface_grid_5_hard.mp4
2622,11,217769,793,709480,-50.36651611328125,-1.3118667602539062,74.90902709960938,generated_videos/surface_grid_5_hard.mp4
2623,8,217817,797,716266,-50.23828125,-1.015411376953125,74.63433074951172,generated_videos/surface_grid_5_hard.mp4
2624,8,217860,796,716188,-50.243072509765625,-1.1605300903320312,74.5924072265625,generated_videos/surface_grid_5_hard.mp4
2625,7,217905,797,717190,-50.026123046875,-1.02276611328125,74.19189453125,generated_videos/surface_grid_5_hard.mp4
2626,8,217951,798,716890,-49.723854064941406,-0.6879425048828125,73.90397644042969,generated_videos/surface_grid_5_hard.mp4
2627,8,217996,797,715474,-50.02339172363281,-0.573760986328125,73.98448181152344,generated_videos/surface_grid_5_hard.mp4
2628,9,218040,796,712832,-50.02391052246094,-0.7141189575195312,74.08985900878906,generated_videos/surface_grid_5_hard.mp4
2629,10,218085,796,715456,-50.02369689941406,-0.712615966796875,74.08493041992188,generated_videos/surface_grid_5_hard.mp4
2630,9,218131,798,716024,-49.724578857421875,-0.8328933715820312,73.89857482910156,generated_videos/surface_grid_5_hard.mp4
2631,7,218177,797,717836,-49.99522399902344,-0.818756103515625,73.97041320800781,generated_videos/surface_grid_5_hard.mp4
2632,8,218221,796,716974,-49.99760437011719,-0.9326248168945312,74.08537292480469,generated_videos/surface_grid_5_hard.mp4
2633,8,218265,796,716928,-50.02396774291992,-0.8368377685546875,74.08540344238281,generated_videos/surface_grid_5_hard.mp4
2634,7,218316,801,722258,-49.36993408203125,-0.54180908203125,73.74695587158203,generated_videos/surface_grid_5_hard.mp4
2635,7,218359,801,722016,-49.37139892578125,-0.838623046875,73.72274017333984,generated_videos/surface_grid_5_hard.mp4
2636,8,218404,800,720270,-49.39335632324219,-0.9091949462890625,73.76187133789062,generated_videos/surface_grid_5_hard.mp4
2637,6,218451,802,723738,-49.321266174316406,-0.8451690673828125,73.66871643066406,generated_videos/surface_grid_5_hard.mp4
2638,8,218495,794,715586,-49.723690032958984,-1.0349578857421875,74.09530639648438,generated_videos/surface_grid_5_hard.mp4
2639,10,218540,791,712924,-50.02557373046875,-1.14910888671875,74.50885009765625,generated_videos/surface_grid_5_hard.mp4
2640,10,218584,791,711520,-50.02587890625,-1.342742919921875,74.51497650146484,generated_videos/surface_grid_5_hard.mp4
2641,10,218632,794,712688,-49.722835540771484,-1.0364532470703125,74.09517669677734,generated_videos/surface_grid_5_hard.mp4
2642,7,218683,801,722420,-48.61175537109375,-0.72662353515625,73.63587951660156,generated_videos/surface_grid_5_hard.mp4
2643,10,218727,789,713092,-50.24407958984375,-1.28729248046875,74.64054107666016,generated_videos/surface_grid_5_hard.mp4
2644,10,218773,787,712310,-50.2476806640625,-1.367462158203125,74.90864562988281,generated_videos/surface_grid_5_hard.mp4
2645,10,218822,790,715408,-50.135284423828125,-1.1068534851074219,74.57745361328125,generated_videos/surface_grid_5_hard.mp4
2646,11,218869,791,713778,-50.0260009765625,-1.08453369140625,74.51172637939453,generated_videos/surface_grid_5_hard.mp4
2647,8,218915,793,718742,-50.01480484008789,-0.93145751953125,74.21723937988281,generated_videos/surface_grid_5_hard.mp4
2648,8,218966,801,723660,-48.61480712890625,-0.6781005859375,73.63575744628906,generated_videos/surface_grid_5_hard.mp4
2649,9,219009,792,715884,-50.003135681152344,-1.02667236328125,74.33305358886719,generated_videos/surface_grid_5_hard.mp4
2650,11,219052,787,708488,-50.246826171875,-1.3721923828125,74.90834045410156,generated_videos/surface_grid_5_hard.mp4
2651,11,219095,784,708840,-50.409088134765625,-1.4400405883789062,75.61949157714844,generated_videos/surface_grid_5_hard.mp4
2652,10,219145,790,713126,-50.1351318359375,-0.963287353515625,74.57950592041016,generated_videos/surface_grid_5_hard.mp4
2653,9,219193,795,717792,-49.42381286621094,-0.6214599609375,73.97065734863281,generated_videos/surface_grid_5_hard.mp4
2654,11,219237,790,711350,-50.135101318359375,-1.138153076171875,74.57859802246094,generated_videos/surface_grid_5_hard.mp4
2655,9,219284,791,716100,-50.02606201171875,-1.081146240234375,74.51459503173828,generated_videos/surface_grid_5_hard.mp4
2656,8,219331,794,719234,-49.701560974121094,-0.8027420043945312,74.09603118896484,generated_videos/surface_grid_5_hard.mp4
2657,7,219378,798,721118,-49.30479431152344,-0.5908966064453125,73.73870849609375,generated_videos/surface_grid_5_hard.mp4
2658,7,219425,800,724018,-48.92725372314453,-0.56597900390625,73.64944458007812,generated_videos/surface_grid_5_hard.mp4
2659,6,219469,801,725414,-48.622802734375,-0.535308837890625,73.63490295410156,generated_videos/surface_grid_5_hard.mp4
2660,8,219512,797,720354,-49.29368591308594,-0.876220703125,73.81301879882812,generated_videos/surface_grid_5_hard.mp4
2661,9,219559,796,720298,-49.32548522949219,-0.5662689208984375,73.89408874511719,generated_videos/surface_grid_5_hard.mp4
2662,10,219604,795,716926,-49.367431640625,-0.59527587890625,73.97545623779297,generated_videos/surface_grid_5_hard.mp4
2663,9,219648,795,718116,-49.367431640625,-0.69671630859375,73.97483825683594,generated_videos/surface_grid_5_hard.mp4
2664,9,219694,797,718338,-49.262149810791016,-0.846038818359375,73.81304168701172,generated_videos/surface_grid_5_hard.mp4
2665,10,219738,793,715872,-49.4219970703125,-1.079193115234375,74.21585083007812,generated_videos/surface_grid_5_hard.mp4
2666,9,219786,797,717792,-49.249656677246094,-0.854034423828125,73.81316375732422,generated_videos/surface_grid_5_hard.mp4
2667,8,219830,796,719374,-49.2979850769043,-0.7882232666015625,74.36204528808594,generated_videos/surface_grid_5_hard.mp4
2668,9,219875,797,717424,-49.254432678222656,-0.8936004638671875,74.20984649658203,generated_videos/surface_grid_5_hard.mp4
2669,10,219920,792,715300,-49.675926208496094,-1.1710357666015625,74.62562561035156,generated_videos/surface_grid_5_hard.mp4
2670,9,219967,792,716178,-49.67522430419922,-1.1594696044921875,74.62646484375,generated_videos/surface_grid_5_hard.mp4
2671,9,220013,795,716516,-49.332305908203125,-1.07635498046875,74.20984649658203,generated_videos/surface_grid_5_hard.mp4
2672,9,220058,796,716512,-49.325347900390625,-1.3718948364257812,74.10635375976562,generated_videos/surface_grid_5_hard.mp4
2673,9,220102,794,716344,-49.368141174316406,-1.367156982421875,74.35835266113281,generated_videos/surface_grid_5_hard.mp4
2674,8,220150,796,718102,-49.291263580322266,-1.0942535400390625,74.10713195800781,generated_videos/surface_grid_5_hard.mp4
2675,8,220195,797,721178,-49.27745056152344,-1.076416015625,74.01181030273438,generated_videos/surface_grid_5_hard.mp4
2676,8,220241,800,721166,-48.574005126953125,-0.9179229736328125,73.76942443847656,generated_videos/surface_grid_5_hard.mp4
2677,8,220285,800,721310,-48.55999755859375,-0.8682098388671875,73.88017272949219,generated_videos/surface_grid_5_hard.mp4
2678,8,220330,797,719268,-49.28262710571289,-0.985565185546875,74.21221923828125,generated_videos/surface_grid_5_hard.mp4
2679,9,220377,798,717618,-48.91291046142578,-0.8815536499023438,74.11228942871094,generated_videos/surface_grid_5_hard.mp4
2680,8,220424,797,719862,-49.254554748535156,-0.826141357421875,74.20623779296875,generated_videos/surface_grid_5_hard.mp4
2681,8,220470,798,719286,-48.90673065185547,-0.9709701538085938,73.90821838378906,generated_videos/surface_grid_5_hard.mp4
2682,8,220515,799,719030,-48.53204345703125,-0.87646484375,73.78984069824219,generated_videos/surface_grid_5_hard.mp4
2683,9,220560,794,717062,-49.29938507080078,-1.1743087768554688,74.2397689819336,generated_videos/surface_grid_5_hard.mp4
2684,10,220606,793,715266,-49.343658447265625,-1.37286376953125,74.344482421875,generated_videos/surface_grid_5_hard.mp4
2685,7,220652,795,719706,-49.25575256347656,-1.12567138671875,74.13597869873047,generated_videos/surface_grid_5_hard.mp4
2686,7,220696,793,717612,-49.2694091796875,-1.143341064453125,74.34298706054688,generated_videos/surface_grid_5_hard.mp4
2687,7,220739,792,716996,-49.488250732421875,-1.1664199829101562,74.44182586669922,generated_videos/surface_grid_5_hard.mp4
2688,7,220786,793,716476,-49.258575439453125,-1.023040771484375,74.35396575927734,generated_videos/surface_grid_5_hard.mp4
2689,7,220830,792,715946,-49.49024200439453,-1.1451492309570312,74.46517944335938,generated_videos/surface_grid_5_hard.mp4
2690,10,220875,790,716124,-49.74139404296875,-0.9361038208007812,74.45868682861328,generated_videos/surface_grid_5_hard.mp4
2691,9,220922,788,711220,-49.907413482666016,-1.01312255859375,74.67998504638672,generated_videos/surface_grid_5_hard.mp4
2692,7,220971,792,717314,-49.48706817626953,-0.9280319213867188,74.22721099853516,generated_videos/surface_grid_5_hard.mp4
2693,6,221023,801,723494,-48.46356201171875,-0.677337646484375,73.48088836669922,generated_videos/surface_grid_5_hard.mp4
2694,7,221067,801,723746,-48.4639892578125,-0.815673828125,73.47984313964844,generated_videos/surface_grid_5_hard.mp4
2695,10,221110,789,712762,-49.71630859375,-1.3501739501953125,74.53500366210938,generated_videos/surface_grid_5_hard.mp4
2696,9,221156,792,716790,-49.484771728515625,-1.267242431640625,74.20535278320312,generated_videos/surface_grid_5_hard.mp4
2697,9,221203,792,713040,-49.73751449584961,-0.9416885375976562,74.20503234863281,generated_videos/surface_grid_5_hard.mp4
2698,10,221250,792,709562,-49.73905563354492,-0.9478759765625,74.20512390136719,generated_videos/surface_grid_5_hard.mp4
2699,9,221295,789,711510,-49.764381408691406,-1.294586181640625,74.53361511230469,generated_videos/surface_grid_5_hard.mp4
2700,8,221348,796,715218,-49.20648193359375,-0.8937911987304688,73.87774658203125,generated_videos/surface_grid_5_hard.mp4
2701,9,221391,788,708544,-49.89349365234375,-1.326141357421875,74.67434692382812,generated_videos/surface_grid_5_hard.mp4
2702,9,221434,788,708540,-49.92741394042969,-1.4178466796875,74.67404174804688,generated_videos/surface_grid_5_hard.mp4
2703,8,221478,788,712322,-50.062744140625,-1.4145050048828125,74.67308044433594,generated_videos/surface_grid_5_hard.mp4
2704,7,221525,792,717880,-49.74478530883789,-1.1721725463867188,74.20736694335938,generated_videos/surface_grid_5_hard.mp4
2705,8,221570,791,714474,-49.80878448486328,-1.3431549072265625,74.27913665771484,generated_videos/surface_grid_5_hard.mp4
2706,7,221616,792,716892,-49.73154067993164,-1.327606201171875,74.17839813232422,generated_videos/surface_grid_5_hard.mp4
2707,7,221661,793,717152,-49.6968994140625,-1.315765380859375,74.0875015258789,generated_videos/surface_grid_5_hard.mp4
2708,6,221707,795,718862,-49.27003479003906,-1.306304931640625,74.06993103027344,generated_videos/surface_grid_5_hard.mp4
2709,7,221752,794,717502,-49.48347473144531,-1.3913650512695312,74.09123229980469,generated_videos/surface_grid_5_hard.mp4
2710,8,221797,789,712938,-50.044189453125,-1.3357696533203125,74.5233154296875,generated_videos/surface_grid_5_hard.mp4
2711,9,221846,793,712292,-49.69538879394531,-1.2396469116210938,74.08698272705078,generated_videos/surface_grid_5_hard.mp4
2712,7,221901,801,722726,-48.455322265625,-0.792022705078125,73.50740051269531,generated_videos/surface_grid_5_hard.mp4
2713,7,221944,800,722458,-48.8350830078125,-0.8354263305664062,73.59635925292969,generated_videos/surface_grid_5_hard.mp4
2714,5,221990,803,726326,-48.4178466796875,-0.769439697265625,73.48377227783203,generated_videos/surface_grid_5_hard.mp4
2715,6,222034,801,722794,-48.453857421875,-0.787994384765625,73.55020904541016,generated_videos/surface_grid_5_hard.mp4
2716,7,222078,799,718430,-49.17312240600586,-0.638214111328125,73.67327880859375,generated_videos/surface_grid_5_hard.mp4
2717,8,222121,792,713846,-49.71821594238281,-1.0064697265625,74.41123962402344,generated_videos/surface_grid_5_hard.mp4
2718,6,222172,800,720454,-48.822879791259766,-0.589935302734375,73.616943359375,generated_videos/surface_grid_5_hard.mp4
2719,6,222216,797,718592,-49.248809814453125,-0.864715576171875,73.90230560302734,generated_videos/surface_grid_5_hard.mp4
2720,6,222263,801,719114,-48.417236328125,-0.83526611328125,73.5735855102539,generated_videos/surface_grid_5_hard.mp4
2721,6,222307,801,719622,-48.41748046875,-0.6984634399414062,73.57571411132812,generated_videos/surface_grid_5_hard.mp4
2722,6,222354,802,721714,-48.346580505371094,-0.4703216552734375,73.42900085449219,generated_videos/surface_grid_5_hard.mp4
2723,7,222401,805,720426,-47.6700439453125,-0.436798095703125,73.06719970703125,generated_videos/surface_grid_5_hard.mp4
2724,5,222448,807,726396,-47.218505859375,-0.43145751953125,72.53797149658203,generated_videos/surface_grid_5_hard.mp4
2725,4,222492,808,727558,-47.15754699707031,-0.3475494384765625,72.52265930175781,generated_videos/surface_grid_5_hard.mp4
2726,8,222537,803,721828,-48.28211975097656,-0.437103271484375,73.3722152709961,generated_videos/surface_grid_5_hard.mp4
2727,6,222581,801,717856,-48.4169921875,-0.524993896484375,73.4841079711914,generated_videos/surface_grid_5_hard.mp4
2728,5,222627,803,720214,-48.281402587890625,-0.496429443359375,73.37007904052734,generated_videos/surface_grid_5_hard.mp4
2729,5,222680,813,725210,-45.7261962890625,-0.34375,72.35823822021484,generated_videos/surface_grid_5_hard.mp4
2730,7,222723,808,719742,-47.15692138671875,-0.434356689453125,72.52262878417969,generated_videos/surface_grid_5_hard.mp4
2731,7,222768,810,718342,-46.768402099609375,-0.4282073974609375,72.52263641357422,generated_videos/surface_grid_5_hard.mp4
2732,8,222811,806,717562,-47.4466552734375,-0.429290771484375,73.14326477050781,generated_videos/surface_grid_5_hard.mp4
2733,9,222855,805,717274,-47.67010498046875,-0.437042236328125,73.67396545410156,generated_videos/surface_grid_5_hard.mp4
2734,9,222898,802,715026,-48.269676208496094,-0.414642333984375,73.89881134033203,generated_videos/surface_grid_5_hard.mp4
2735,9,222942,802,713320,-48.29680633544922,-0.42523193359375,74.12824249267578,generated_videos/surface_grid_5_hard.mp4
2736,7,222988,803,716676,-48.20982360839844,-0.43682861328125,74.12911224365234,generated_videos/surface_grid_5_hard.mp4
2737,8,223035,800,714792,-48.4471435546875,-0.6678009033203125,74.4260482788086,generated_videos/surface_grid_5_hard.mp4
2738,9,223083,804,714230,-47.96953582763672,-0.4225921630859375,74.10134887695312,generated_videos/surface_grid_5_hard.mp4
2739,9,223130,804,717178,-47.96623992919922,-0.4243316650390625,73.87358856201172,generated_videos/surface_grid_5_hard.mp4
2740,9,223176,807,719290,-47.23004150390625,-0.439300537109375,73.67426300048828,generated_videos/surface_grid_5_hard.mp4
2741,12,223221,800,712762,-48.443359375,-0.4599151611328125,74.24626159667969,generated_videos/surface_grid_5_hard.mp4
2742,9,223277,810,722172,-46.783843994140625,-0.385040283203125,73.44972229003906,generated_videos/surface_grid_5_hard.mp4
2743,9,223322,804,718056,-48.0050048828125,-0.51116943359375,74.08932495117188,generated_videos/surface_grid_5_hard.mp4
2744,9,223368,804,722216,-48.00636291503906,-0.461181640625,74.14839172363281,generated_videos/surface_grid_5_hard.mp4
2745,8,223417,809,723016,-47.12725830078125,-0.400665283203125,73.54364013671875,generated_videos/surface_grid_5_hard.mp4
2746,9,223461,804,720012,-47.99017333984375,-0.48651123046875,74.15353393554688,generated_videos/surface_grid_5_hard.mp4
2747,8,223504,804,722082,-48.00672912597656,-0.57427978515625,74.31952667236328,generated_videos/surface_grid_5_hard.mp4
2748,8,223547,804,719394,-48.00701141357422,-0.574737548828125,74.3192367553711,generated_videos/surface_grid_5_hard.mp4
2749,9,223592,803,717096,-48.323089599609375,-0.52081298828125,74.43683624267578,generated_videos/surface_grid_5_hard.mp4
2750,7,223637,801,717594,-48.51727294921875,-0.5546875,74.57759094238281,generated_videos/surface_grid_5_hard.mp4
2751,7,223682,800,718726,-48.523590087890625,-0.608856201171875,74.69343566894531,generated_videos/surface_grid_5_hard.mp4
2752,6,223727,797,719272,-49.22931671142578,-0.649658203125,74.57749938964844,generated_videos/surface_grid_5_hard.mp4
2753,7,223774,799,719466,-48.529541015625,-0.64959716796875,74.57749938964844,generated_videos/surface_grid_5_hard.mp4
2754,6,223820,798,719334,-48.52239990234375,-0.529510498046875,74.28803253173828,generated_videos/surface_grid_5_hard.mp4
2755,6,223865,797,719612,-48.52716064453125,-1.00872802734375,74.4171142578125,generated_videos/surface_grid_5_hard.mp4
2756,10,223911,796,717724,-48.87110137939453,-0.7696380615234375,74.28804016113281,generated_videos/surface_grid_5_hard.mp4
2757,7,223958,796,718714,-48.85722351074219,-0.6364669799804688,74.28949737548828,generated_videos/surface_grid_5_hard.mp4
2758,8,224001,795,715756,-49.213134765625,-0.725921630859375,74.41785430908203,generated_videos/surface_grid_5_hard.mp4
2759,8,224048,798,719654,-48.520416259765625,-0.7836837768554688,74.10340881347656,generated_videos/surface_grid_5_hard.mp4
2760,9,224094,796,716122,-48.8831672668457,-1.0247268676757812,74.28857421875,generated_videos/surface_grid_5_hard.mp4
2761,9,224140,797,715238,-48.5208740234375,-1.002716064453125,74.15872192382812,generated_videos/surface_grid_5_hard.mp4
2762,9,224185,797,718120,-48.52191162109375,-0.6495361328125,74.1587142944336,generated_videos/surface_grid_5_hard.mp4
2763,6,224229,797,719344,-48.52191162109375,-0.664794921875,74.15876007080078,generated_videos/surface_grid_5_hard.mp4
2764,6,224274,798,720096,-48.518402099609375,-0.7820816040039062,74.10441589355469,generated_videos/surface_grid_5_hard.mp4
2765,7,224321,796,716356,-48.859527587890625,-0.9490814208984375,74.2884521484375,generated_videos/surface_grid_5_hard.mp4
2766,8,224368,795,718020,-49.20368957519531,-0.9469680786132812,74.418212890625,generated_videos/surface_grid_5_hard.mp4
2767,6,224411,794,718704,-49.26548385620117,-1.0475234985351562,74.49585723876953,generated_videos/surface_grid_5_hard.mp4
2768,6,224457,796,720272,-48.85920715332031,-0.9799690246582031,74.28868103027344,generated_videos/surface_grid_5_hard.mp4
2769,9,224501,794,715250,-49.25556945800781,-0.9741668701171875,74.49482727050781,generated_videos/surface_grid_5_hard.mp4
2770,8,224549,798,717894,-48.520355224609375,-1.0266952514648438,74.10527038574219,generated_videos/surface_grid_5_hard.mp4
2771,8,224592,796,717856,-48.86006164550781,-1.125732421875,74.28842163085938,generated_videos/surface_grid_5_hard.mp4
2772,9,224639,799,720116,-48.51580810546875,-1.0279541015625,74.05438995361328,generated_videos/surface_grid_5_hard.mp4
2773,9,224684,801,720720,-48.30950927734375,-1.177001953125,73.75448608398438,generated_videos/surface_grid_5_hard.mp4
2774,7,224731,796,715840,-48.861114501953125,-1.2728729248046875,74.28849792480469,generated_videos/surface_grid_5_hard.mp4
2775,7,224779,799,718956,-48.51531982421875,-1.21539306640625,74.05201721191406,generated_videos/surface_grid_5_hard.mp4
2776,8,224827,799,718288,-48.51531982421875,-1.01141357421875,74.05213928222656,generated_videos/surface_grid_5_hard.mp4
2777,7,224877,801,721914,-48.30995178222656,-0.8925933837890625,73.75457763671875,generated_videos/surface_grid_5_hard.mp4
2778,7,224927,802,720580,-48.026947021484375,-0.9374160766601562,73.725830078125,generated_videos/surface_grid_5_hard.mp4
2779,6,224971,801,720120,-48.30995178222656,-1.2845458984375,73.75462341308594,generated_videos/surface_grid_5_hard.mp4
2780,8,225017,796,714690,-48.879295349121094,-1.32012939453125,74.28854370117188,generated_videos/surface_grid_5_hard.mp4
2781,7,225061,797,715972,-48.52545166015625,-1.3089599609375,74.15878295898438,generated_videos/surface_grid_5_hard.mp4
2782,7,225106,796,715290,-48.87870788574219,-1.3260040283203125,74.28825378417969,generated_videos/surface_grid_5_hard.mp4
2783,6,225157,802,721794,-48.028411865234375,-1.100860595703125,73.72938537597656,generated_videos/surface_grid_5_hard.mp4
2784,7,225206,804,722258,-47.520416259765625,-1.2890625,73.63690948486328,generated_videos/surface_grid_5_hard.mp4
2785,10,225250,791,713056,-49.31793212890625,-1.74822998046875,74.81117248535156,generated_videos/surface_grid_5_hard.mp4
2786,8,225299,797,715600,-48.52490234375,-1.3485107421875,74.1589126586914,generated_videos/surface_grid_5_hard.mp4
2787,7,225344,798,718238,-48.519805908203125,-1.4290618896484375,74.10657501220703,generated_videos/surface_grid_5_hard.mp4
2788,7,225393,800,720796,-48.410003662109375,-1.2140350341796875,73.91304016113281,generated_videos/surface_grid_5_hard.mp4
2789,7,225436,799,721478,-48.512939453125,-1.42401123046875,74.05374908447266,generated_videos/surface_grid_5_hard.mp4
2790,6,225485,803,722872,-47.74420166015625,-1.29248046875,73.6317367553711,generated_videos/surface_grid_5_hard.mp4
2791,7,225530,801,717872,-48.30461120605469,-1.470062255859375,73.7706069946289,generated_videos/surface_grid_5_hard.mp4
2792,8,225575,800,716516,-48.40924835205078,-1.4545135498046875,73.91270446777344,generated_videos/surface_grid_5_hard.mp4
2793,7,225619,801,719130,-48.30561828613281,-1.456512451171875,73.77062225341797,generated_videos/surface_grid_5_hard.mp4
2794,7,225663,801,718876,-48.30641174316406,-1.5224609375,73.77062225341797,generated_videos/surface_grid_5_hard.mp4
2795,7,225705,801,719294,-48.307037353515625,-1.618133544921875,73.77059173583984,generated_videos/surface_grid_5_hard.mp4
2796,7,225749,801,719380,-48.305023193359375,-1.748779296875,73.77067565917969,generated_videos/surface_grid_5_hard.mp4
2797,6,225793,802,720288,-48.02379608154297,-1.6488037109375,73.67048645019531,generated_videos/surface_grid_5_hard.mp4
2798,7,225835,800,720514,-48.4088134765625,-1.6313552856445312,73.91232299804688,generated_videos/surface_grid_5_hard.mp4
2799,8,225878,795,718858,-49.209651947021484,-1.5501708984375,74.416015625,generated_videos/surface_grid_5_hard.mp4
2800,7,225923,796,717686,-48.87677764892578,-1.532745361328125,74.27965545654297,generated_videos/surface_grid_5_hard.mp4
2801,7,225966,797,717380,-48.5255126953125,-1.550262451171875,74.1382064819336,generated_videos/surface_grid_5_hard.mp4
2802,7,226008,796,719056,-48.875144958496094,-1.7239418029785156,74.26969909667969,generated_videos/surface_grid_5_hard.mp4
2803,8,226050,795,717436,-49.229515075683594,-1.711639404296875,74.4158935546875,generated_videos/surface_grid_5_hard.mp4
2804,7,226093,796,718296,-48.87086868286133,-1.6308517456054688,74.28343200683594,generated_videos/surface_grid_5_hard.mp4
2805,7,226136,797,717974,-49.21546936035156,-1.550201416015625,74.1510009765625,generated_videos/surface_grid_5_hard.mp4
2806,8,226179,795,717588,-49.319366455078125,-1.712432861328125,74.41613006591797,generated_videos/surface_grid_5_hard.mp4
2807,7,226222,796,717738,-49.32106018066406,-1.6311416625976562,74.2806167602539,generated_videos/surface_grid_5_hard.mp4
2808,7,226268,799,717072,-49.29370880126953,-1.7122650146484375,74.07342529296875,generated_videos/surface_grid_5_hard.mp4
2809,8,226312,797,715834,-48.52337646484375,-1.55023193359375,74.14592742919922,generated_videos/surface_grid_5_hard.mp4
2810,7,226357,799,717430,-48.52032470703125,-1.3513946533203125,74.07441711425781,generated_videos/surface_grid_5_hard.mp4
2811,7,226402,802,718220,-48.02397155761719,-1.317047119140625,73.68130493164062,generated_videos/surface_grid_5_hard.mp4
2812,7,226446,802,718278,-48.023101806640625,-1.3000106811523438,73.69129943847656,generated_videos/surface_grid_5_hard.mp4
2813,6,226488,799,718922,-48.515869140625,-1.35137939453125,74.0736312866211,generated_videos/surface_grid_5_hard.mp4
2814,6,226534,802,718930,-48.0233154296875,-1.32568359375,73.71517944335938,generated_videos/surface_grid_5_hard.mp4
2815,6,226576,802,718318,-48.023216247558594,-1.4828338623046875,73.72804260253906,generated_videos/surface_grid_5_hard.mp4
2816,7,226619,798,716730,-48.51849365234375,-1.4823760986328125,74.10980224609375,generated_videos/surface_grid_5_hard.mp4
2817,7,226665,801,716386,-48.30470275878906,-1.2953338623046875,73.77729034423828,generated_videos/surface_grid_5_hard.mp4
2818,7,226707,800,716850,-48.40886688232422,-1.326019287109375,73.92530822753906,generated_videos/surface_grid_5_hard.mp4
2819,9,226750,794,715494,-49.32020568847656,-1.6381454467773438,74.48985290527344,generated_videos/surface_grid_5_hard.mp4
2820,9,226795,796,714740,-49.31305694580078,-1.62896728515625,74.27776336669922,generated_videos/surface_grid_5_hard.mp4
2821,9,226838,793,716016,-49.74782943725586,-1.8656005859375,74.57132720947266,generated_videos/surface_grid_5_hard.mp4
2822,8,226890,801,717522,-48.52325439453125,-1.3510284423828125,73.77737426757812,generated_videos/surface_grid_5_hard.mp4
2823,8,226933,794,716964,-49.57460021972656,-1.728485107421875,74.4874496459961,generated_videos/surface_grid_5_hard.mp4
2824,8,226976,794,716496,-49.602684020996094,-1.6713333129882812,74.48751068115234,generated_videos/surface_grid_5_hard.mp4
2825,8,227020,795,715748,-49.319091796875,-1.7103118896484375,74.35208129882812,generated_videos/surface_grid_5_hard.mp4
2826,9,227068,799,714880,-49.278038024902344,-1.56768798828125,74.06781768798828,generated_videos/surface_grid_5_hard.mp4
2827,10,227113,797,713098,-49.305084228515625,-1.6800537109375,74.15201568603516,generated_videos/surface_grid_5_hard.mp4
2828,10,227156,797,713114,-49.31044006347656,-1.620513916015625,74.12814331054688,generated_videos/surface_grid_5_hard.mp4
2829,8,227206,804,718616,-48.402183532714844,-1.47674560546875,73.65931701660156,generated_videos/surface_grid_5_hard.mp4
2830,8,227250,801,716550,-48.5252685546875,-1.482666015625,73.77788543701172,generated_videos/surface_grid_5_hard.mp4
2831,8,227294,802,716950,-48.51556396484375,-1.3700714111328125,73.76411437988281,generated_videos/surface_grid_5_hard.mp4
2832,9,227339,804,717134,-48.40504455566406,-1.4024810791015625,73.64781951904297,generated_videos/surface_grid_5_hard.mp4
2833,7,227385,799,718060,-48.50579833984375,-1.293304443359375,74.1293716430664,generated_videos/surface_grid_5_hard.mp4
2834,7,227429,798,720902,-48.51605224609375,-0.9502334594726562,74.26762390136719,generated_videos/surface_grid_5_hard.mp4
2835,7,227474,798,720422,-48.51666259765625,-0.981353759765625,74.26913452148438,generated_videos/surface_grid_5_hard.mp4
2836,7,227519,799,719328,-48.5069580078125,-0.8882904052734375,74.12909698486328,generated_videos/surface_grid_5_hard.mp4
2837,8,227561,796,715896,-48.878623962402344,-1.1527938842773438,74.47889709472656,generated_videos/surface_grid_5_hard.mp4
2838,9,227606,794,715332,-49.28173828125,-1.4467315673828125,74.67414855957031,generated_videos/surface_grid_5_hard.mp4
2839,9,227648,793,716712,-49.306793212890625,-1.357666015625,74.79829406738281,generated_videos/surface_grid_5_hard.mp4
2840,7,227691,793,718198,-49.31707763671875,-1.3583984375,74.79374694824219,generated_videos/surface_grid_5_hard.mp4
2841,7,227738,794,721056,-49.27293395996094,-1.3317947387695312,74.47835540771484,generated_videos/surface_grid_5_hard.mp4
2842,9,227782,793,719214,-49.320709228515625,-1.3491363525390625,74.54646301269531,generated_videos/surface_grid_5_hard.mp4
2843,8,227826,792,719716,-49.31272888183594,-1.32098388671875,74.67886352539062,generated_videos/surface_grid_5_hard.mp4
2844,9,227872,795,719632,-49.25450897216797,-1.084869384765625,74.40991973876953,generated_videos/surface_grid_5_hard.mp4
2845,8,227915,793,719954,-49.29469299316406,-1.2936553955078125,74.54624938964844,generated_videos/surface_grid_5_hard.mp4
2846,8,227960,795,721560,-49.25535202026367,-1.013092041015625,74.40994262695312,generated_videos/surface_grid_5_hard.mp4
2847,8,228006,797,721338,-48.5242919921875,-0.8743896484375,74.13984680175781,generated_videos/surface_grid_5_hard.mp4
2848,9,228050,796,719642,-48.87413024902344,-0.9546890258789062,74.26204681396484,generated_videos/surface_grid_5_hard.mp4
2849,10,228093,794,718744,-49.241432189941406,-1.1542892456054688,74.45539855957031,generated_videos/surface_grid_5_hard.mp4
2850,9,228137,792,719060,-49.292564392089844,-1.339263916015625,74.6717529296875,generated_videos/surface_grid_5_hard.mp4
2851,9,228185,797,721346,-48.51739501953125,-1.03448486328125,74.13185119628906,generated_videos/surface_grid_5_hard.mp4
2852,7,228232,801,725158,-48.29899597167969,-0.8958740234375,73.76667785644531,generated_videos/surface_grid_5_hard.mp4
2853,9,228275,796,718698,-48.870361328125,-1.0861663818359375,74.24830627441406,generated_videos/surface_grid_5_hard.mp4
2854,9,228319,792,718750,-49.330101013183594,-1.2997817993164062,74.67426300048828,generated_videos/surface_grid_5_hard.mp4
2855,9,228365,795,718888,-49.237213134765625,-1.0478515625,74.36165618896484,generated_videos/surface_grid_5_hard.mp4
2856,10,228408,793,718650,-49.27436828613281,-1.276580810546875,74.53323364257812,generated_videos/surface_grid_5_hard.mp4
2857,9,228456,798,723576,-48.94610595703125,-0.9105911254882812,74.08863830566406,generated_videos/surface_grid_5_hard.mp4
2858,9,228499,796,723362,-49.2884521484375,-1.0140838623046875,74.28602600097656,generated_videos/surface_grid_5_hard.mp4
2859,8,228545,799,726160,-49.24024200439453,-0.724334716796875,74.05672454833984,generated_videos/surface_grid_5_hard.mp4
2860,9,228588,799,726580,-49.239990234375,-0.65618896484375,74.05707550048828,generated_videos/surface_grid_5_hard.mp4
2861,8,228634,802,728482,-48.5009765625,-0.538330078125,73.67074584960938,generated_videos/surface_grid_5_hard.mp4
2862,10,228677,798,722432,-49.261070251464844,-0.8020401000976562,74.09368896484375,generated_videos/surface_grid_5_hard.mp4
2863,11,228720,798,722228,-49.250247955322266,-0.9553298950195312,74.0931167602539,generated_videos/surface_grid_5_hard.mp4
2864,8,228764,799,722956,-49.243675231933594,-0.947784423828125,74.05769348144531,generated_videos/surface_grid_5_hard.mp4
2865,8,228807,799,723218,-49.24839782714844,-1.093505859375,74.0576400756836,generated_videos/surface_grid_5_hard.mp4
2866,10,228850,799,722326,-49.21905517578125,-1.058197021484375,74.05775451660156,generated_videos/surface_grid_5_hard.mp4
2867,10,228894,799,721756,-49.248291015625,-1.1920166015625,74.06122589111328,generated_videos/surface_grid_5_hard.mp4
2868,9,228937,799,722762,-49.253326416015625,-1.037567138671875,74.06006622314453,generated_videos/surface_grid_5_hard.mp4
2869,7,228982,801,724514,-48.49920654296875,-0.7396240234375,73.76628112792969,generated_videos/surface_grid_5_hard.mp4
2870,9,229025,799,721216,-49.255645751953125,-0.949432373046875,74.05641174316406,generated_videos/surface_grid_5_hard.mp4
2871,9,229068,799,721522,-49.25846862792969,-0.9497222900390625,74.05738067626953,generated_videos/surface_grid_5_hard.mp4
2872,9,229112,800,721636,-48.88041687011719,-0.9851150512695312,74.25047302246094,generated_videos/surface_grid_5_hard.mp4
2873,9,229155,799,721726,-49.25828552246094,-1.02069091796875,74.36267852783203,generated_videos/surface_grid_5_hard.mp4
2874,9,229199,798,721276,-49.25981521606445,-1.0838470458984375,74.58645629882812,generated_videos/surface_grid_5_hard.mp4
2875,8,229244,800,722734,-48.87954330444336,-0.8455352783203125,74.43406677246094,generated_videos/surface_grid_5_hard.mp4
2876,7,229291,802,726730,-48.5015869140625,-0.8028182983398438,74.18911743164062,generated_videos/surface_grid_5_hard.mp4
2877,9,229335,799,722214,-49.2532958984375,-1.02069091796875,74.3622817993164,generated_videos/surface_grid_5_hard.mp4
2878,10,229379,798,722382,-49.25321578979492,-0.9896011352539062,74.44720458984375,generated_videos/surface_grid_5_hard.mp4
2879,9,229423,797,722280,-49.24790954589844,-0.949981689453125,74.36344146728516,generated_videos/surface_grid_5_hard.mp4
2880,9,229466,796,722174,-49.24769973754883,-0.9871673583984375,74.44776916503906,generated_videos/surface_grid_5_hard.mp4
2881,10,229511,798,721842,-48.877403259277344,-0.7660064697265625,74.2513427734375,generated_videos/surface_grid_5_hard.mp4
2882,9,229557,800,721830,-48.50018310546875,-0.6132431030273438,74.10118865966797,generated_videos/surface_grid_5_hard.mp4
2883,9,229601,797,720176,-49.25059509277344,-0.9591827392578125,74.13920593261719,generated_videos/surface_grid_5_hard.mp4
2884,8,229647,799,722166,-48.50689697265625,-0.83489990234375,74.06192779541016,generated_videos/surface_grid_5_hard.mp4
2885,10,229690,798,719624,-48.884300231933594,-1.3144912719726562,74.1021728515625,generated_videos/surface_grid_5_hard.mp4
2886,10,229734,798,718968,-48.88844299316406,-1.4063491821289062,74.10493469238281,generated_videos/surface_grid_5_hard.mp4
2887,10,229777,797,718920,-49.236507415771484,-1.00201416015625,74.06124114990234,generated_videos/surface_grid_5_hard.mp4
2888,9,229821,798,718966,-49.26934814453125,-0.9594650268554688,73.91172790527344,generated_videos/surface_grid_5_hard.mp4
2889,9,229867,799,718728,-49.24736785888672,-0.930755615234375,73.7636947631836,generated_videos/surface_grid_5_hard.mp4
2890,8,229910,796,718430,-49.306182861328125,-1.1444549560546875,74.10147094726562,generated_videos/surface_grid_5_hard.mp4
2891,9,229953,794,717812,-49.30537414550781,-1.377349853515625,74.25245666503906,generated_videos/surface_grid_5_hard.mp4
2892,8,229999,797,721326,-49.2318229675293,-1.276763916015625,74.06245422363281,generated_videos/surface_grid_5_hard.mp4
2893,7,230042,797,721414,-49.23028564453125,-1.279754638671875,74.066650390625,generated_videos/surface_grid_5_hard.mp4
2894,8,230086,797,720926,-49.30186462402344,-1.2845458984375,74.06258392333984,generated_videos/surface_grid_5_hard.mp4
2895,10,230131,796,717258,-49.3046875,-1.3128585815429688,74.09911346435547,generated_videos/surface_grid_5_hard.mp4
2896,9,230174,794,718266,-49.52490234375,-1.4335098266601562,74.251220703125,generated_videos/surface_grid_5_hard.mp4
2897,8,230220,795,718172,-49.310211181640625,-1.3463287353515625,74.13935852050781,generated_videos/surface_grid_5_hard.mp4
2898,7,230265,795,718306,-49.310211181640625,-1.2844085693359375,74.05892181396484,generated_videos/surface_grid_5_hard.mp4
2899,9,230309,794,718022,-49.52881622314453,-1.314453125,74.09991455078125,generated_videos/surface_grid_5_hard.mp4
2900,9,230352,794,717114,-49.538482666015625,-1.313934326171875,74.10020446777344,generated_videos/surface_grid_5_hard.mp4
2901,8,230396,793,718602,-49.824546813964844,-1.3456268310546875,74.14114379882812,generated_videos/surface_grid_5_hard.mp4
2902,8,230441,795,718426,-49.309844970703125,-1.2843475341796875,74.06082916259766,generated_videos/surface_grid_5_hard.mp4
2903,10,230485,795,716392,-49.309783935546875,-1.345672607421875,74.06046295166016,generated_videos/surface_grid_5_hard.mp4
2904,9,230530,795,716802,-49.309967041015625,-1.345672607421875,74.14085388183594,generated_videos/surface_grid_5_hard.mp4
2905,7,230577,797,721016,-49.291839599609375,-1.26837158203125,74.06051635742188,generated_videos/surface_grid_5_hard.mp4
2906,7,230624,797,722262,-49.291290283203125,-1.26739501953125,74.06046295166016,generated_videos/surface_grid_5_hard.mp4
2907,8,230667,794,717972,-49.53641891479492,-1.3139114379882812,74.25251007080078,generated_videos/surface_grid_5_hard.mp4
2908,10,230710,793,716158,-49.76116180419922,-1.34552001953125,74.36345672607422,generated_videos/surface_grid_5_hard.mp4
2909,9,230754,794,716812,-49.53620147705078,-1.389068603515625,74.25384521484375,generated_videos/surface_grid_5_hard.mp4
2910,8,230797,793,716724,-49.760719299316406,-1.281402587890625,74.36359405517578,generated_videos/surface_grid_5_hard.mp4
2911,6,230842,794,719322,-49.537017822265625,-1.2754745483398438,74.25297546386719,generated_videos/surface_grid_5_hard.mp4
2912,6,230887,793,719512,-49.7650260925293,-1.3454437255859375,74.36489868164062,generated_videos/surface_grid_5_hard.mp4
2913,6,230930,793,719370,-49.7659912109375,-1.345550537109375,74.36428833007812,generated_videos/surface_grid_5_hard.mp4
2914,7,230974,793,719674,-49.31715393066406,-1.345550537109375,74.36389923095703,generated_videos/surface_grid_5_hard.mp4
2915,8,231019,793,717002,-49.421539306640625,-1.3456573486328125,74.36261749267578,generated_videos/surface_grid_5_hard.mp4
2916,7,231066,795,719222,-49.314208984375,-1.3456573486328125,74.141357421875,generated_videos/surface_grid_5_hard.mp4
2917,7,231110,796,719006,-49.30870819091797,-1.3129119873046875,74.11077880859375,generated_videos/surface_grid_5_hard.mp4
2918,7,231154,796,719820,-49.304527282714844,-1.3131179809570312,74.11067199707031,generated_videos/surface_grid_5_hard.mp4
2919,7,231198,796,719748,-49.311126708984375,-1.3133163452148438,74.11056518554688,generated_videos/surface_grid_5_hard.mp4
2920,8,231242,795,718712,-49.32173156738281,-1.3455963134765625,74.14159393310547,generated_videos/surface_grid_5_hard.mp4
2921,9,231286,792,717438,-49.51995849609375,-1.4256591796875,74.44269561767578,generated_videos/surface_grid_5_hard.mp4
2922,7,231335,798,723900,-48.87428283691406,-1.0152435302734375,73.92374420166016,generated_videos/surface_grid_5_hard.mp4
2923,8,231379,794,720972,-49.303550720214844,-1.3127212524414062,74.25373840332031,generated_videos/surface_grid_5_hard.mp4
2924,8,231425,796,721434,-49.27136993408203,-1.16815185546875,74.11135864257812,generated_videos/surface_grid_5_hard.mp4
2925,8,231469,796,721428,-49.27583312988281,-0.9814453125,74.1140365600586,generated_videos/surface_grid_5_hard.mp4
2926,6,231515,798,725260,-48.894954681396484,-0.8668212890625,73.92047882080078,generated_videos/surface_grid_5_hard.mp4
2927,6,231560,799,725656,-48.500244140625,-0.8712615966796875,73.76318359375,generated_videos/surface_grid_5_hard.mp4
2928,7,231604,799,724616,-48.50067138671875,-0.902069091796875,73.76318359375,generated_videos/surface_grid_5_hard.mp4
2929,6,231647,799,724940,-48.4981689453125,-0.97235107421875,73.7635726928711,generated_videos/surface_grid_5_hard.mp4
2930,6,231690,799,725248,-48.4989013671875,-1.0867919921875,73.76448059082031,generated_videos/surface_grid_5_hard.mp4
2931,6,231733,799,724870,-48.49859619140625,-1.076202392578125,73.76456451416016,generated_videos/surface_grid_5_hard.mp4
2932,7,231777,799,724544,-48.4979248046875,-0.814849853515625,73.764404296875,generated_videos/surface_grid_5_hard.mp4
2933,8,231821,793,715684,-49.3114013671875,-1.2807769775390625,74.36326599121094,generated_videos/surface_grid_5_hard.mp4
2934,9,231869,794,717828,-49.30108642578125,-1.1664047241210938,74.25352478027344,generated_videos/surface_grid_5_hard.mp4
2935,8,231917,799,723336,-48.49908447265625,-0.882598876953125,73.76473999023438,generated_videos/surface_grid_5_hard.mp4
2936,8,231960,791,714176,-49.72924041748047,-1.339935302734375,74.52518463134766,generated_videos/surface_grid_5_hard.mp4
2937,8,232004,791,713970,-49.731666564941406,-1.341339111328125,74.52649688720703,generated_videos/surface_grid_5_hard.mp4
2938,6,232055,799,723964,-48.5001220703125,-0.9122772216796875,73.76519775390625,generated_videos/surface_grid_5_hard.mp4
2939,6,232101,802,724144,-48.38414764404297,-0.94830322265625,73.62117004394531,generated_videos/surface_grid_5_hard.mp4
2940,6,232144,799,724014,-48.4996337890625,-0.911773681640625,73.76519012451172,generated_videos/surface_grid_5_hard.mp4
2941,6,232188,799,723976,-48.50030517578125,-1.044647216796875,73.76492309570312,generated_videos/surface_grid_5_hard.mp4
2942,6,232231,799,724226,-48.50018310546875,-1.0460205078125,73.764892578125,generated_videos/surface_grid_5_hard.mp4
2943,6,232275,799,724140,-48.49334716796875,-1.047515869140625,73.76256561279297,generated_videos/surface_grid_5_hard.mp4
2944,6,232319,800,724088,-48.48199462890625,-0.9726791381835938,73.68132019042969,generated_videos/surface_grid_5_hard.mp4
2945,6,232362,799,724182,-48.4954833984375,-1.048004150390625,73.7590103149414,generated_videos/surface_grid_5_hard.mp4
2946,7,232406,800,724026,-48.487823486328125,-0.9640655517578125,73.67787170410156,generated_videos/surface_grid_5_hard.mp4
2947,7,232453,800,722862,-48.4847412109375,-0.9761123657226562,73.66105651855469,generated_videos/surface_grid_5_hard.mp4
2948,5,232499,803,727872,-48.29936218261719,-0.8785400390625,73.48734283447266,generated_videos/surface_grid_5_hard.mp4
2949,6,232543,802,726112,-48.38599395751953,-0.8065643310546875,73.5240478515625,generated_videos/surface_grid_5_hard.mp4
2950,5,232587,803,727910,-48.29631042480469,-0.7740478515625,73.4870834350586,generated_videos/surface_grid_5_hard.mp4
2951,5,232630,802,727322,-48.38481140136719,-0.8115997314453125,73.51998901367188,generated_videos/surface_grid_5_hard.mp4
2952,5,232673,802,727932,-48.387001037597656,-0.808074951171875,73.51425170898438,generated_videos/surface_grid_5_hard.mp4
2953,6,232716,799,723416,-48.49664306640625,-1.051483154296875,73.7444839477539,generated_videos/surface_grid_5_hard.mp4
2954,6,232760,800,723044,-48.4862060546875,-0.8560333251953125,73.65357971191406,generated_videos/surface_grid_5_hard.mp4
2955,7,232803,796,717896,-49.280174255371094,-1.26251220703125,74.10983276367188,generated_videos/surface_grid_5_hard.mp4
2956,7,232846,795,717760,-49.298675537109375,-1.508544921875,74.13401794433594,generated_videos/surface_grid_5_hard.mp4
2957,7,232889,795,718244,-49.30201721191406,-1.3415069580078125,74.3905029296875,generated_videos/surface_grid_5_hard.mp4
2958,7,232934,797,719414,-49.19892883300781,-1.28997802734375,74.13446807861328,generated_videos/surface_grid_5_hard.mp4
2959,7,232979,797,720698,-49.19892883300781,-1.266021728515625,74.13495635986328,generated_videos/surface_grid_5_hard.mp4
2960,5,233027,802,727914,-48.36369323730469,-0.9642791748046875,73.6417236328125,generated_videos/surface_grid_5_hard.mp4
2961,5,233070,802,727214,-48.37591552734375,-0.9970245361328125,73.64100646972656,generated_videos/surface_grid_5_hard.mp4
2962,7,233113,799,723260,-48.49847412109375,-1.099273681640625,74.08206176757812,generated_videos/surface_grid_5_hard.mp4
2963,6,233156,799,722602,-48.49798583984375,-1.053314208984375,74.0819320678711,generated_videos/surface_grid_5_hard.mp4
2964,6,233199,799,722604,-48.4986572265625,-1.053375244140625,74.08204650878906,generated_videos/surface_grid_5_hard.mp4
2965,5,233245,802,727078,-48.37565612792969,-0.85540771484375,73.64227294921875,generated_videos/surface_grid_5_hard.mp4
2966,6,233288,799,722804,-48.49969482421875,-0.8767547607421875,74.08255004882812,generated_videos/surface_grid_5_hard.mp4
2967,6,233331,799,722872,-49.040863037109375,-0.8768310546875,74.08231353759766,generated_videos/surface_grid_5_hard.mp4
2968,7,233374,799,721396,-49.237159729003906,-0.928497314453125,74.08236694335938,generated_videos/surface_grid_5_hard.mp4
2969,7,233417,799,721394,-49.22209930419922,-1.052703857421875,74.08243560791016,generated_videos/surface_grid_5_hard.mp4
2970,8,233461,800,721032,-48.87036895751953,-0.9707870483398438,73.90631103515625,generated_videos/surface_grid_5_hard.mp4
2971,8,233504,800,721126,-48.87379455566406,-0.9717636108398438,73.9065933227539,generated_videos/surface_grid_5_hard.mp4
2972,8,233547,800,721100,-48.85686492919922,-1.00067138671875,73.90638732910156,generated_videos/surface_grid_5_hard.mp4
2973,7,233590,800,721336,-48.89563751220703,-1.2156982421875,73.9065933227539,generated_videos/surface_grid_5_hard.mp4
2974,8,233633,800,721298,-48.898170471191406,-1.2948379516601562,73.90663146972656,generated_videos/surface_grid_5_hard.mp4
2975,7,233677,801,723274,-48.4993896484375,-1.2720489501953125,73.73001861572266,generated_videos/surface_grid_5_hard.mp4
2976,7,233721,801,723294,-48.5003662109375,-1.276123046875,73.72914123535156,generated_videos/surface_grid_5_hard.mp4
2977,6,233768,804,727100,-48.38103485107422,-0.9706268310546875,73.72710418701172,generated_videos/surface_grid_5_hard.mp4
2978,5,233812,804,727358,-48.38287353515625,-0.9703445434570312,73.72793579101562,generated_videos/surface_grid_5_hard.mp4
2979,7,233855,800,723086,-48.89678955078125,-1.17071533203125,74.109619140625,generated_videos/surface_grid_5_hard.mp4
2980,6,233899,801,723192,-48.49908447265625,-1.186279296875,74.13671875,generated_videos/surface_grid_5_hard.mp4
2981,7,233942,801,723110,-48.5042724609375,-1.1917572021484375,74.13859558105469,generated_videos/surface_grid_5_hard.mp4
2982,6,233988,804,727242,-48.38096618652344,-0.9660797119140625,73.9050064086914,generated_videos/surface_grid_5_hard.mp4
2983,6,234031,804,727060,-48.38059997558594,-0.9683303833007812,73.90579223632812,generated_videos/surface_grid_5_hard.mp4
2984,6,234074,801,724808,-48.45849609375,-1.0579833984375,74.083740234375,generated_videos/surface_grid_5_hard.mp4
2985,6,234117,801,724626,-48.458984375,-1.05523681640625,74.08313751220703,generated_videos/surface_grid_5_hard.mp4
2986,7,234160,797,720612,-49.244873046875,-1.28924560546875,74.38174438476562,generated_videos/surface_grid_5_hard.mp4
2987,7,234203,796,720272,-49.267154693603516,-1.2846832275390625,74.44522094726562,generated_videos/surface_grid_5_hard.mp4
2988,7,234246,796,720910,-49.28190612792969,-1.3645858764648438,74.44491577148438,generated_videos/surface_grid_5_hard.mp4
2989,6,234296,802,728260,-48.38201141357422,-1.1078262329101562,73.90157318115234,generated_videos/surface_grid_5_hard.mp4
2990,6,234339,802,728120,-48.381744384765625,-1.1450271606445312,73.90509033203125,generated_videos/surface_grid_5_hard.mp4
2991,7,234382,800,723136,-48.4825439453125,-1.3095855712890625,74.11000061035156,generated_videos/surface_grid_5_hard.mp4
2992,6,234425,800,724396,-48.48175048828125,-1.3097457885742188,74.1090087890625,generated_videos/surface_grid_5_hard.mp4
2993,6,234468,800,724146,-48.482452392578125,-1.2929153442382812,74.11019897460938,generated_videos/surface_grid_5_hard.mp4
2994,6,234511,800,723786,-48.481781005859375,-1.26025390625,74.10926818847656,generated_videos/surface_grid_5_hard.mp4
2995,7,234554,797,718896,-49.223777770996094,-1.342559814453125,74.50448608398438,generated_videos/surface_grid_5_hard.mp4
2996,8,234597,797,718928,-49.2677001953125,-1.34320068359375,74.79159545898438,generated_videos/surface_grid_5_hard.mp4
2997,7,234642,799,719058,-48.50439453125,-1.28924560546875,74.51066589355469,generated_videos/surface_grid_5_hard.mp4
2998,7,234685,799,720206,-48.5037841796875,-1.3365325927734375,74.50988006591797,generated_videos/surface_grid_5_hard.mp4
2999,8,234728,799,720044,-48.5037841796875,-1.2747344970703125,74.50988006591797,generated_videos/surface_grid_5_hard.mp4
3000,9,234771,799,719862,-48.49627685546875,-1.3344573974609375,74.56529235839844,generated_videos/surface_grid_5_hard.mp4
3001,8,234815,799,720764,-48.49200439453125,-1.3346405029296875,74.56580352783203,generated_videos/surface_grid_5_hard.mp4
3002,9,234860,799,720192,-48.49371337890625,-1.3345489501953125,74.56580352783203,generated_videos/surface_grid_5_hard.mp4
3003,8,234904,799,720162,-48.49371337890625,-1.419769287109375,74.5656509399414,generated_videos/surface_grid_5_hard.mp4
3004,8,234949,797,720084,-48.49468994140625,-1.4502410888671875,74.76596069335938,generated_videos/surface_grid_5_hard.mp4
3005,8,234992,797,719344,-48.49468994140625,-1.43646240234375,74.76596069335938,generated_videos/surface_grid_5_hard.mp4
3006,7,235041,800,722982,-48.35901641845703,-1.31744384765625,74.46874237060547,generated_videos/surface_grid_5_hard.mp4
3007,9,235085,795,719538,-49.19666290283203,-1.3340606689453125,75.23458099365234,generated_videos/surface_grid_5_hard.mp4
3008,7,235130,796,719072,-48.87113571166992,-1.4367599487304688,75.00032806396484,generated_videos/surface_grid_5_hard.mp4
3009,9,235177,797,724120,-48.49560546875,-1.6456298828125,74.76615905761719,generated_videos/surface_grid_5_hard.mp4
3010,8,235223,795,720668,-49.28125762939453,-1.658355712890625,75.23381805419922,generated_videos/surface_grid_5_hard.mp4
3011,9,235269,797,721300,-48.49609375,-1.33087158203125,74.76615905761719,generated_videos/surface_grid_5_hard.mp4
3012,8,235314,796,720274,-48.868507385253906,-1.3343048095703125,75.00108337402344,generated_videos/surface_grid_5_hard.mp4
3013,8,235358,796,719278,-48.867942810058594,-1.4313125610351562,74.69617462158203,generated_videos/surface_grid_5_hard.mp4
3014,9,235404,798,719322,-48.49365234375,-1.4043655395507812,74.46695709228516,generated_videos/surface_grid_5_hard.mp4
3015,8,235450,799,719530,-48.4927978515625,-1.47137451171875,74.37088012695312,generated_videos/surface_grid_5_hard.mp4
3016,9,235494,796,719598,-48.87833786010742,-1.4759674072265625,74.66600036621094,generated_videos/surface_grid_5_hard.mp4
3017,10,235540,799,720000,-48.4927978515625,-1.3296966552734375,74.38300323486328,generated_videos/surface_grid_5_hard.mp4
3018,8,235585,797,720196,-48.4947509765625,-1.482208251953125,74.56607055664062,generated_videos/surface_grid_5_hard.mp4
3019,8,235629,797,719966,-48.4951171875,-1.48370361328125,74.5645523071289,generated_videos/surface_grid_5_hard.mp4
3020,7,235673,798,720378,-48.493438720703125,-1.458465576171875,74.4676742553711,generated_videos/surface_grid_5_hard.mp4
3021,9,235720,798,718034,-48.495391845703125,-1.5473709106445312,74.46724700927734,generated_videos/surface_grid_5_hard.mp4
3022,10,235765,798,717768,-48.49639892578125,-1.50653076171875,74.4676513671875,generated_videos/surface_grid_5_hard.mp4
3023,10,235809,796,717300,-48.88810348510742,-1.5858230590820312,74.64691162109375,generated_videos/surface_grid_5_hard.mp4
3024,10,235852,795,717858,-49.27131271362305,-1.4989013671875,74.56278228759766,generated_videos/surface_grid_5_hard.mp4
3025,9,235898,798,720478,-48.495941162109375,-1.3617401123046875,74.26290893554688,generated_videos/surface_grid_5_hard.mp4
3026,10,235942,795,718992,-49.275604248046875,-1.51519775390625,74.5572738647461,generated_videos/surface_grid_5_hard.mp4
3027,10,235987,797,720232,-48.4979248046875,-1.695465087890625,74.37040710449219,generated_videos/surface_grid_5_hard.mp4
3028,11,236030,792,716692,-49.33148193359375,-1.767120361328125,74.666259765625,generated_videos/surface_grid_5_hard.mp4
3029,9,236074,792,718218,-49.33110046386719,-1.573455810546875,74.46914672851562,generated_videos/surface_grid_5_hard.mp4
3030,9,236117,792,719142,-49.33171844482422,-1.5707244873046875,74.4635009765625,generated_videos/surface_grid_5_hard.mp4
3031,7,236165,797,724716,-48.500732421875,-1.33770751953125,74.08643341064453,generated_videos/surface_grid_5_hard.mp4
3032,8,236207,795,721798,-49.2803840637207,-1.6540756225585938,74.14386749267578,generated_videos/surface_grid_5_hard.mp4
3033,9,236252,795,720804,-49.28119659423828,-1.65826416015625,74.14398956298828,generated_videos/surface_grid_5_hard.mp4
3034,6,236297,796,723906,-48.86936950683594,-1.4046249389648438,74.11466979980469,generated_videos/surface_grid_5_hard.mp4
3035,7,236340,796,723198,-48.863677978515625,-1.3374252319335938,74.11546325683594,generated_videos/surface_grid_5_hard.mp4
3036,6,236385,797,723414,-48.4970703125,-1.518646240234375,74.0853271484375,generated_videos/surface_grid_5_hard.mp4
3037,7,236427,795,721754,-49.238685607910156,-1.471588134765625,74.1441421508789,generated_videos/surface_grid_5_hard.mp4
3038,7,236473,796,720086,-48.88101577758789,-1.4334945678710938,74.11485290527344,generated_videos/surface_grid_5_hard.mp4
3039,9,236518,793,717802,-49.31463623046875,-1.579986572265625,74.3696517944336,generated_videos/surface_grid_5_hard.mp4
3040,10,236560,791,717026,-49.34672546386719,-1.658233642578125,74.55643463134766,generated_videos/surface_grid_5_hard.mp4
3041,7,236605,791,718474,-49.34669494628906,-1.4713134765625,74.55360412597656,generated_videos/surface_grid_5_hard.mp4
3042,9,236650,792,718170,-49.330474853515625,-1.564361572265625,74.46220397949219,generated_videos/surface_grid_5_hard.mp4
3043,6,236694,794,721774,-49.25808334350586,-1.4038162231445312,74.25677490234375,generated_videos/surface_grid_5_hard.mp4
3044,9,236736,792,717728,-49.330909729003906,-1.6768646240234375,74.46241760253906,generated_videos/surface_grid_5_hard.mp4
3045,8,236781,794,719778,-49.27848434448242,-1.813720703125,74.2562484741211,generated_videos/surface_grid_5_hard.mp4
3046,7,236824,794,721334,-49.27755355834961,-1.465087890625,74.25640106201172,generated_videos/surface_grid_5_hard.mp4
3047,7,236866,794,721186,-49.27808380126953,-1.4445724487304688,74.25666046142578,generated_videos/surface_grid_5_hard.mp4
3048,7,236911,794,721028,-49.279876708984375,-1.50616455078125,74.2559814453125,generated_videos/surface_grid_5_hard.mp4
3049,7,236957,797,723548,-48.49554443359375,-1.489501953125,74.08317565917969,generated_videos/surface_grid_5_hard.mp4
3050,6,237001,797,724468,-48.49383544921875,-1.617584228515625,74.08438873291016,generated_videos/surface_grid_5_hard.mp4
3051,6,237045,799,724200,-48.49090576171875,-1.48651123046875,73.68641662597656,generated_videos/surface_grid_5_hard.mp4
3052,6,237088,797,723894,-49.22540283203125,-1.25927734375,74.08676147460938,generated_videos/surface_grid_5_hard.mp4
3053,5,237135,801,724846,-48.49285888671875,-1.046173095703125,73.57904052734375,generated_videos/surface_grid_5_hard.mp4
3054,5,237178,801,724828,-48.49407958984375,-1.101898193359375,73.56975555419922,generated_videos/surface_grid_5_hard.mp4
3055,5,237222,801,724884,-48.49493408203125,-1.06683349609375,73.56053161621094,generated_videos/surface_grid_5_hard.mp4
3056,7,237265,799,723124,-49.275535583496094,-1.2698822021484375,73.68473052978516,generated_videos/surface_grid_5_hard.mp4
3057,9,237310,799,723072,-49.27769470214844,-1.483642578125,73.68456268310547,generated_videos/surface_grid_5_hard.mp4
3058,8,237356,802,727630,-48.492584228515625,-1.3375778198242188,73.54389190673828,generated_videos/surface_grid_5_hard.mp4
3059,9,237402,800,721542,-48.869686126708984,-1.3048095703125,73.88502502441406,generated_videos/surface_grid_5_hard.mp4
3060,5,237449,801,725810,-49.24384689331055,-1.2712860107421875,73.68461608886719,generated_videos/surface_grid_5_hard.mp4
3061,6,237493,798,720624,-49.35051727294922,-1.2939300537109375,74.11627960205078,generated_videos/surface_grid_5_hard.mp4
3062,4,237544,805,729008,-48.491943359375,-1.44024658203125,73.53654479980469,generated_videos/surface_grid_5_hard.mp4
3063,5,237588,805,728478,-48.494140625,-1.3333740234375,73.53765106201172,generated_videos/surface_grid_5_hard.mp4
3064,6,237633,802,723418,-48.844024658203125,-1.2235107421875,73.62489318847656,generated_videos/surface_grid_5_hard.mp4
3065,6,237676,802,723608,-48.8756103515625,-1.292877197265625,73.71987915039062,generated_videos/surface_grid_5_hard.mp4
3066,7,237722,797,719732,-49.30419921875,-1.483062744140625,74.14551544189453,generated_videos/surface_grid_5_hard.mp4
3067,7,237766,798,719952,-49.31604766845703,-1.6479721069335938,74.11455535888672,generated_videos/surface_grid_5_hard.mp4
3068,6,237814,802,723586,-48.496795654296875,-1.2931747436523438,73.6158447265625,generated_videos/surface_grid_5_hard.mp4
3069,7,237857,802,723414,-48.498138427734375,-1.2928466796875,73.88601684570312,generated_videos/surface_grid_5_hard.mp4
3070,6,237903,805,724256,-48.21986389160156,-0.96221923828125,73.60069274902344,generated_videos/surface_grid_5_hard.mp4
3071,6,237946,803,724210,-48.49267578125,-0.970977783203125,73.6829605102539,generated_videos/surface_grid_5_hard.mp4
3072,6,237990,805,724392,-48.21929931640625,-0.972137451171875,73.59910583496094,generated_videos/surface_grid_5_hard.mp4
3073,6,238033,805,724534,-48.219573974609375,-1.01654052734375,73.60162353515625,generated_videos/surface_grid_5_hard.mp4
3074,6,238076,804,724112,-48.355987548828125,-1.007598876953125,73.88706970214844,generated_videos/surface_grid_5_hard.mp4
3075,6,238118,804,724108,-48.35558319091797,-1.6021995544433594,73.88499450683594,generated_videos/surface_grid_5_hard.mp4
3076,7,238161,804,723754,-48.35529327392578,-1.0539779663085938,74.118408203125,generated_videos/surface_grid_5_hard.mp4
3077,8,238204,798,722718,-49.290462493896484,-1.0502700805664062,74.11991882324219,generated_videos/surface_grid_5_hard.mp4
3078,8,238246,798,722630,-49.289451599121094,-1.0436248779296875,74.11968994140625,generated_videos/surface_grid_5_hard.mp4
3079,7,238291,794,717206,-49.79426193237305,-1.2921218872070312,74.45504760742188,generated_videos/surface_grid_5_hard.mp4
3080,7,238335,795,717408,-49.74773406982422,-1.499053955078125,74.4989013671875,generated_videos/surface_grid_5_hard.mp4
3081,8,238377,791,715140,-49.98358154296875,-1.658172607421875,75.18494415283203,generated_videos/surface_grid_5_hard.mp4
3082,6,238428,799,723932,-49.302337646484375,-0.97467041015625,74.1431884765625,generated_videos/surface_grid_5_hard.mp4
3083,6,238470,798,723730,-49.32435607910156,-1.0144500732421875,74.25674438476562,generated_videos/surface_grid_5_hard.mp4
3084,6,238514,800,723934,-49.31452560424805,-1.1673126220703125,74.11997985839844,generated_videos/surface_grid_5_hard.mp4
3085,6,238556,800,723824,-49.29410934448242,-0.8848876953125,74.1146011352539,generated_videos/surface_grid_5_hard.mp4
3086,6,238599,801,723232,-49.303802490234375,-0.9739990234375,74.07999420166016,generated_videos/surface_grid_5_hard.mp4
3087,6,238642,801,723296,-49.305328369140625,-0.973846435546875,74.08480834960938,generated_videos/surface_grid_5_hard.mp4
3088,7,238685,798,720200,-49.3328971862793,-1.1804618835449219,74.2557144165039,generated_videos/surface_grid_5_hard.mp4
3089,7,238728,798,720834,-49.33241271972656,-1.1261749267578125,74.25479125976562,generated_videos/surface_grid_5_hard.mp4
3090,6,238772,800,725512,-49.307464599609375,-1.1263961791992188,74.11209869384766,generated_videos/surface_grid_5_hard.mp4
3091,6,238815,800,725420,-49.296791076660156,-1.1264266967773438,74.1126708984375,generated_videos/surface_grid_5_hard.mp4
3092,6,238858,800,725766,-49.318275451660156,-1.1264190673828125,74.11477661132812,generated_videos/surface_grid_5_hard.mp4
3093,7,238902,797,720528,-49.302703857421875,-1.3373565673828125,74.0887451171875,generated_videos/surface_grid_5_hard.mp4
3094,6,238946,799,725686,-48.48626708984375,-0.93402099609375,73.70481872558594,generated_videos/surface_grid_5_hard.mp4
3095,7,238989,796,721708,-49.28992462158203,-1.1080245971679688,74.11567687988281,generated_videos/surface_grid_5_hard.mp4
3096,7,239035,797,721590,-48.44842529296875,-0.9366455078125,73.70530700683594,generated_videos/surface_grid_5_hard.mp4
3097,6,239079,799,724150,-48.21781921386719,-0.904693603515625,73.61527252197266,generated_videos/surface_grid_5_hard.mp4
3098,5,239126,804,728392,-47.20524597167969,-0.9239959716796875,73.27615356445312,generated_videos/surface_grid_5_hard.mp4
3099,5,239168,801,728188,-47.71282958984375,-0.940032958984375,73.537353515625,generated_videos/surface_grid_5_hard.mp4
3100,5,239213,804,728366,-47.205352783203125,-0.81976318359375,73.27655792236328,generated_videos/surface_grid_5_hard.mp4
3101,5,239256,801,728006,-47.7132568359375,-0.93902587890625,73.53791809082031,generated_videos/surface_grid_5_hard.mp4
3102,6,239299,795,720734,-48.46728515625,-1.340179443359375,74.13902282714844,generated_videos/surface_grid_5_hard.mp4
3103,6,239342,795,720728,-48.4677734375,-1.510833740234375,74.14178466796875,generated_videos/surface_grid_5_hard.mp4
3104,6,239384,795,720636,-48.47064208984375,-1.5115966796875,74.13386535644531,generated_videos/surface_grid_5_hard.mp4
3105,6,239427,796,721118,-48.46197509765625,-1.5033111572265625,74.11503601074219,generated_videos/surface_grid_5_hard.mp4
3106,6,239479,806,728170,-46.81536865234375,-0.885986328125,73.27827453613281,generated_videos/surface_grid_5_hard.mp4
3107,6,239521,806,728192,-46.81536865234375,-0.9396820068359375,73.27790069580078,generated_videos/surface_grid_5_hard.mp4
3108,7,239563,799,721296,-48.228759765625,-1.2445068359375,73.7050552368164,generated_videos/surface_grid_5_hard.mp4
3109,7,239607,800,722176,-47.97032928466797,-1.2867202758789062,73.62596130371094,generated_videos/surface_grid_5_hard.mp4
3110,7,239650,800,722040,-48.34088134765625,-1.590240478515625,73.63504791259766,generated_videos/surface_grid_5_hard.mp4
3111,7,239693,801,722458,-48.22706604003906,-1.52203369140625,73.55086517333984,generated_videos/surface_grid_5_hard.mp4
3112,7,239738,800,722692,-48.34033966064453,-1.3024749755859375,73.63734436035156,generated_videos/surface_grid_5_hard.mp4
3113,7,239781,796,722086,-48.88630676269531,-1.5133514404296875,74.11550903320312,generated_videos/surface_grid_5_hard.mp4
3114,7,239823,795,721510,-49.301361083984375,-1.63641357421875,74.14381408691406,generated_videos/surface_grid_5_hard.mp4
3115,7,239871,798,721930,-48.462860107421875,-1.4225082397460938,73.62687683105469,generated_videos/surface_grid_5_hard.mp4
3116,7,239913,798,721488,-48.460845947265625,-1.5837554931640625,73.62358093261719,generated_videos/surface_grid_5_hard.mp4
3117,7,239955,797,720814,-48.4686279296875,-1.50726318359375,73.7072525024414,generated_videos/surface_grid_5_hard.mp4
3118,7,239998,794,720506,-49.318580627441406,-1.674163818359375,74.1162109375,generated_videos/surface_grid_5_hard.mp4
3119,7,240040,794,720892,-49.33146286010742,-1.6730499267578125,74.1159439086914,generated_videos/surface_grid_5_hard.mp4
3120,7,240085,797,721442,-48.46868896484375,-1.507781982421875,73.708740234375,generated_videos/surface_grid_5_hard.mp4
3121,7,240128,798,722768,-48.460693359375,-1.4488677978515625,73.62693786621094,generated_videos/surface_grid_5_hard.mp4
3122,8,240170,794,717558,-49.32807159423828,-1.6198577880859375,74.11622619628906,generated_videos/surface_grid_5_hard.mp4
3123,8,240216,796,721170,-48.88948059082031,-1.5840301513671875,73.89871215820312,generated_videos/surface_grid_5_hard.mp4
3124,7,240259,797,721068,-48.47174072265625,-1.3393096923828125,73.7084732055664,generated_videos/surface_grid_5_hard.mp4
3125,7,240303,792,717734,-49.3558349609375,-1.6018829345703125,74.44442749023438,generated_videos/surface_grid_5_hard.mp4
3126,9,240346,785,712038,-49.9786376953125,-1.797027587890625,75.77505493164062,generated_videos/surface_grid_5_hard.mp4
3127,8,240391,787,715132,-49.85198974609375,-1.6863555908203125,75.23194122314453,generated_videos/surface_grid_5_hard.mp4
3128,8,240433,786,714234,-49.906982421875,-1.7707138061523438,75.54188537597656,generated_videos/surface_grid_5_hard.mp4
3129,9,240475,782,711134,-50.231781005859375,-1.8963623046875,75.93038177490234,generated_videos/surface_grid_5_hard.mp4
3130,10,240520,784,710770,-50.04241943359375,-1.771575927734375,75.51530456542969,generated_videos/surface_grid_5_hard.mp4
3131,8,240565,787,715460,-49.84246826171875,-1.591552734375,74.76683807373047,generated_videos/surface_grid_5_hard.mp4
3132,6,240617,796,725562,-48.89027404785156,-1.1179122924804688,73.89878845214844,generated_videos/surface_grid_5_hard.mp4
3133,6,240662,797,726596,-48.47430419921875,-0.960205078125,73.7076644897461,generated_videos/surface_grid_5_hard.mp4
3134,5,240705,798,728124,-48.46282958984375,-0.99896240234375,73.667236328125,generated_videos/surface_grid_5_hard.mp4
3135,5,240748,799,728134,-48.44970703125,-1.11175537109375,73.63324737548828,generated_videos/surface_grid_5_hard.mp4
3136,5,240790,799,728356,-48.45074462890625,-1.101165771484375,73.63130950927734,generated_videos/surface_grid_5_hard.mp4
3137,6,240832,793,721932,-49.37261962890625,-1.327789306640625,74.14054107666016,generated_videos/surface_grid_5_hard.mp4
3138,6,240874,793,722004,-49.374420166015625,-1.3293304443359375,74.13591003417969,generated_videos/surface_grid_5_hard.mp4
3139,6,240917,794,722288,-48.88447570800781,-1.3537216186523438,74.11610412597656,generated_videos/surface_grid_5_hard.mp4
3140,6,240959,794,722286,-48.88423156738281,-1.3311691284179688,74.11151885986328,generated_videos/surface_grid_5_hard.mp4
3141,6,241002,793,721868,-49.3045654296875,-1.402191162109375,74.138916015625,generated_videos/surface_grid_5_hard.mp4
3142,6,241054,800,724318,-47.96324920654297,-1.1094894409179688,73.60814666748047,generated_videos/surface_grid_5_hard.mp4
3143,7,241098,794,718166,-48.883514404296875,-1.3469314575195312,74.11407470703125,generated_videos/surface_grid_5_hard.mp4
3144,8,241141,791,713888,-49.30194091796875,-1.387939453125,74.34051513671875,generated_videos/surface_grid_5_hard.mp4
3145,8,241184,787,714142,-49.74980163574219,-1.56890869140625,74.76607513427734,generated_videos/surface_grid_5_hard.mp4
3146,7,241230,791,718924,-49.350921630859375,-1.469451904296875,74.32847595214844,generated_videos/surface_grid_5_hard.mp4
3147,8,241274,785,715636,-49.82867431640625,-1.8749465942382812,75.23294067382812,generated_videos/surface_grid_5_hard.mp4
3148,8,241321,790,719624,-49.333866119384766,-1.4603118896484375,74.35658264160156,generated_videos/surface_grid_5_hard.mp4
3149,7,241363,788,717792,-49.57167434692383,-1.548980712890625,74.60340881347656,generated_videos/surface_grid_5_hard.mp4
3150,7,241409,791,718440,-49.35813903808594,-1.520477294921875,74.33998107910156,generated_videos/surface_grid_5_hard.mp4
3151,7,241452,792,719010,-49.33264923095703,-1.528289794921875,74.22644805908203,generated_videos/surface_grid_5_hard.mp4
3152,7,241494,792,719238,-49.334136962890625,-1.5369873046875,74.2257080078125,generated_videos/surface_grid_5_hard.mp4
3153,8,241536,787,714446,-49.706871032714844,-1.6812896728515625,74.76211547851562,generated_videos/surface_grid_5_hard.mp4
3154,8,241581,790,716716,-49.36579895019531,-1.6284408569335938,74.42008972167969,generated_videos/surface_grid_5_hard.mp4
3155,7,241623,790,717332,-49.395992279052734,-1.6278533935546875,74.419921875,generated_videos/surface_grid_5_hard.mp4
3156,7,241670,793,718678,-49.30780029296875,-1.4908447265625,74.10102844238281,generated_videos/surface_grid_5_hard.mp4
3157,6,241714,795,722308,-48.4598388671875,-1.451171875,74.0776596069336,generated_videos/surface_grid_5_hard.mp4
3158,6,241763,797,724024,-48.44061279296875,-1.3102569580078125,73.70413970947266,generated_videos/surface_grid_5_hard.mp4
3159,8,241806,789,715106,-49.35687255859375,-1.577239990234375,74.49034118652344,generated_videos/surface_grid_5_hard.mp4
3160,6,241854,795,721742,-48.46710205078125,-1.407196044921875,74.07752990722656,generated_videos/surface_grid_5_hard.mp4
3161,7,241897,795,719292,-48.46527099609375,-1.485198974609375,74.07750701904297,generated_videos/surface_grid_5_hard.mp4
3162,8,241941,795,718392,-48.4598388671875,-1.49102783203125,74.07769775390625,generated_videos/surface_grid_5_hard.mp4
3163,9,241983,792,720098,-49.33203887939453,-1.5025634765625,74.21620178222656,generated_videos/surface_grid_5_hard.mp4
3164,6,242029,796,722848,-48.450714111328125,-1.4833831787109375,73.89201354980469,generated_videos/surface_grid_5_hard.mp4
3165,7,242071,793,717244,-49.306488037109375,-1.5167236328125,74.09881591796875,generated_videos/surface_grid_5_hard.mp4
3166,9,242113,788,713368,-49.516563415527344,-1.5592803955078125,74.61679077148438,generated_videos/surface_grid_5_hard.mp4
3167,7,242166,799,724354,-48.24452209472656,-0.95819091796875,73.54810333251953,generated_videos/surface_grid_5_hard.mp4
3168,7,242208,797,723984,-48.4371337890625,-1.2691802978515625,73.70640563964844,generated_videos/surface_grid_5_hard.mp4
3169,5,242254,801,728592,-47.710205078125,-0.957275390625,73.38922119140625,generated_videos/surface_grid_5_hard.mp4
3170,8,242298,791,718040,-49.35150146484375,-1.47528076171875,74.3440933227539,generated_videos/surface_grid_5_hard.mp4
3171,8,242341,791,718216,-49.3516845703125,-1.50006103515625,74.34295654296875,generated_videos/surface_grid_5_hard.mp4
3172,8,242385,793,718368,-49.310577392578125,-1.465545654296875,74.18275451660156,generated_videos/surface_grid_5_hard.mp4
3173,6,242429,795,722120,-48.46368408203125,-1.3044586181640625,74.08971405029297,generated_videos/surface_grid_5_hard.mp4
3174,6,242471,792,722006,-49.336578369140625,-1.5319671630859375,74.26336669921875,generated_videos/surface_grid_5_hard.mp4
3175,6,242513,791,721660,-49.363677978515625,-1.58148193359375,74.34428405761719,generated_videos/surface_grid_5_hard.mp4
3176,6,242559,795,721840,-48.46258544921875,-1.48675537109375,74.08753204345703,generated_videos/surface_grid_5_hard.mp4
3177,5,242608,802,728806,-47.476776123046875,-1.0524444580078125,73.39511108398438,generated_videos/surface_grid_5_hard.mp4
3178,7,242650,792,718072,-49.290367126464844,-1.5458831787109375,74.24818420410156,generated_videos/surface_grid_5_hard.mp4
3179,8,242693,790,716428,-49.33924102783203,-1.5504150390625,74.24128723144531,generated_videos/surface_grid_5_hard.mp4
3180,7,242743,795,722988,-48.45867919921875,-1.2882843017578125,73.68801879882812,generated_videos/surface_grid_5_hard.mp4
3181,7,242785,795,722858,-48.45782470703125,-1.2879180908203125,73.68791198730469,generated_videos/surface_grid_5_hard.mp4
3182,6,242829,797,725184,-48.44891357421875,-1.2895660400390625,73.553955078125,generated_videos/surface_grid_5_hard.mp4
3183,6,242873,799,725756,-48.23521423339844,-0.901458740234375,73.54267120361328,generated_videos/surface_grid_5_hard.mp4
3184,7,242915,792,719288,-49.315956115722656,-1.4011993408203125,74.13673400878906,generated_videos/surface_grid_5_hard.mp4
3185,8,242959,792,719118,-48.87770080566406,-1.389129638671875,74.09790802001953,generated_videos/surface_grid_5_hard.mp4
3186,7,243005,795,720872,-48.44757080078125,-1.2941741943359375,73.7044677734375,generated_videos/surface_grid_5_hard.mp4
3187,7,243049,797,721434,-48.249755859375,-1.2943572998046875,73.64757537841797,generated_videos/surface_grid_5_hard.mp4
3188,7,243092,794,721680,-48.45025634765625,-1.3828582763671875,73.89842224121094,generated_videos/surface_grid_5_hard.mp4
3189,8,243134,792,719762,-48.88002014160156,-1.5549163818359375,74.18240356445312,generated_videos/surface_grid_5_hard.mp4
3190,8,243180,793,718244,-48.4530029296875,-1.464599609375,74.0910415649414,generated_videos/surface_grid_5_hard.mp4
3191,9,243223,790,714148,-49.32228088378906,-1.6342391967773438,74.18382263183594,generated_videos/surface_grid_5_hard.mp4
3192,9,243265,790,714084,-49.3275146484375,-1.6348419189453125,74.18439483642578,generated_videos/surface_grid_5_hard.mp4
3193,9,243307,790,714874,-49.311607360839844,-1.63330078125,74.18226623535156,generated_videos/surface_grid_5_hard.mp4
3194,8,243352,791,717922,-49.3048095703125,-1.59893798828125,74.10504150390625,generated_videos/surface_grid_5_hard.mp4
3195,9,243396,792,716194,-49.31382751464844,-1.531097412109375,74.20166015625,generated_videos/surface_grid_5_hard.mp4
3196,8,243442,796,722036,-48.45086669921875,-1.2999649047851562,73.89622497558594,generated_videos/surface_grid_5_hard.mp4
3197,7,243485,797,723298,-48.447998046875,-1.30010986328125,73.70318603515625,generated_videos/surface_grid_5_hard.mp4
3198,7,243528,796,723206,-48.448150634765625,-1.3000030517578125,73.89657592773438,generated_videos/surface_grid_5_hard.mp4
3199,7,243571,796,723376,-48.449462890625,-1.2905120849609375,73.89981079101562,generated_videos/surface_grid_5_hard.mp4
3200,6,243615,798,726288,-48.35633087158203,-1.1082000732421875,73.66825866699219,generated_videos/surface_grid_5_hard.mp4
3201,9,243658,789,715738,-49.41389846801758,-1.29681396484375,74.46633911132812,generated_videos/surface_grid_5_hard.mp4
3202,8,243702,790,718844,-49.38163757324219,-1.274322509765625,74.39613342285156,generated_videos/surface_grid_5_hard.mp4
3203,9,243745,788,716004,-49.57990264892578,-1.53131103515625,74.61856079101562,generated_videos/surface_grid_5_hard.mp4
3204,7,243792,793,721762,-49.30487060546875,-0.93951416015625,74.10475158691406,generated_videos/surface_grid_5_hard.mp4
3205,6,243837,796,726130,-48.450347900390625,-0.9264450073242188,73.90240478515625,generated_videos/surface_grid_5_hard.mp4
3206,6,243880,797,726382,-48.444580078125,-0.9383544921875,73.70314025878906,generated_videos/surface_grid_5_hard.mp4
3207,7,243923,791,722368,-49.32666015625,-1.25274658203125,74.27918243408203,generated_videos/surface_grid_5_hard.mp4
3208,8,243966,789,720242,-49.430419921875,-1.2966156005859375,74.46250915527344,generated_videos/surface_grid_5_hard.mp4
3209,6,244014,795,725950,-48.45452880859375,-0.93804931640625,74.1012954711914,generated_videos/surface_grid_5_hard.mp4
3210,6,244057,796,725932,-48.449066162109375,-0.8784408569335938,73.90260314941406,generated_videos/surface_grid_5_hard.mp4
3211,6,244103,799,726374,-48.24888610839844,-0.8260040283203125,73.52781677246094,generated_videos/surface_grid_5_hard.mp4
3212,6,244146,799,726236,-48.27665710449219,-0.938385009765625,73.5135498046875,generated_videos/surface_grid_5_hard.mp4
3213,7,244189,795,721100,-48.45672607421875,-0.9376220703125,74.10721588134766,generated_videos/surface_grid_5_hard.mp4
3214,7,244231,795,721058,-48.45709228515625,-1.110015869140625,74.10916900634766,generated_videos/surface_grid_5_hard.mp4
3215,7,244273,795,721034,-48.45623779296875,-1.09716796875,73.70694732666016,generated_videos/surface_grid_5_hard.mp4
3216,7,244316,796,721016,-48.450042724609375,-0.9368743896484375,73.61235046386719,generated_videos/surface_grid_5_hard.mp4
3217,7,244358,796,721124,-48.45098876953125,-0.953277587890625,73.61270141601562,generated_videos/surface_grid_5_hard.mp4
3218,8,244403,795,717644,-48.45916748046875,-1.04833984375,73.70682525634766,generated_videos/surface_grid_5_hard.mp4
3219,7,244451,800,722136,-47.973846435546875,-0.6678695678710938,73.37208557128906,generated_videos/surface_grid_5_hard.mp4
3220,7,244493,798,722446,-48.345008850097656,-0.881805419921875,73.47756958007812,generated_videos/surface_grid_5_hard.mp4
3221,7,244536,799,722438,-48.24729919433594,-0.829193115234375,73.31599426269531,generated_videos/surface_grid_5_hard.mp4
3222,7,244578,799,722354,-48.245208740234375,-0.8282470703125,73.31255340576172,generated_videos/surface_grid_5_hard.mp4
3223,7,244621,799,722514,-47.6998291015625,-0.9449462890625,73.31300354003906,generated_videos/surface_grid_5_hard.mp4
3224,7,244663,799,722398,-47.69989013671875,-1.096771240234375,73.31328582763672,generated_videos/surface_grid_5_hard.mp4
3225,7,244706,798,722234,-47.97349548339844,-1.0796966552734375,73.38877868652344,generated_videos/surface_grid_5_hard.mp4
3226,7,244748,798,722274,-47.971519470214844,-1.0995025634765625,73.3884048461914,generated_videos/surface_grid_5_hard.mp4
3227,7,244792,800,721990,-47.473785400390625,-0.968994140625,73.24147033691406,generated_videos/surface_grid_5_hard.mp4
3228,8,244834,800,722036,-47.4737548828125,-0.9822540283203125,73.24046325683594,generated_videos/surface_grid_5_hard.mp4
3229,8,244876,797,721858,-48.23945617675781,-1.128662109375,73.48062133789062,generated_videos/surface_grid_5_hard.mp4
3230,7,244918,797,722212,-48.23951721191406,-1.029693603515625,73.48995208740234,generated_videos/surface_grid_5_hard.mp4
3231,8,244961,798,721890,-47.971954345703125,-1.0234222412109375,73.40121459960938,generated_videos/surface_grid_5_hard.mp4
3232,8,245003,793,718140,-48.4610595703125,-1.243377685546875,73.70704650878906,generated_videos/surface_grid_5_hard.mp4
3233,8,245045,793,717848,-48.45867919921875,-1.2426605224609375,73.70731353759766,generated_videos/surface_grid_5_hard.mp4
3234,7,245090,794,721306,-48.452880859375,-1.0965194702148438,73.61663818359375,generated_videos/surface_grid_5_hard.mp4
3235,8,245132,791,716480,-48.975860595703125,-1.302581787109375,74.10249328613281,generated_videos/surface_grid_5_hard.mp4
3236,7,245177,794,721406,-48.4501953125,-1.2716140747070312,73.62504577636719,generated_videos/surface_grid_5_hard.mp4
3237,8,245220,791,716396,-48.97637939453125,-1.316192626953125,74.10291290283203,generated_videos/surface_grid_5_hard.mp4
3238,8,245262,791,716358,-48.974517822265625,-1.32293701171875,74.10359191894531,generated_videos/surface_grid_5_hard.mp4
3239,9,245304,789,714200,-49.306243896484375,-1.474578857421875,74.11318969726562,generated_videos/surface_grid_5_hard.mp4
3240,8,245348,791,716988,-48.974517822265625,-1.3201446533203125,74.10742950439453,generated_videos/surface_grid_5_hard.mp4
3241,7,245393,794,720322,-48.443572998046875,-1.2492523193359375,73.64390563964844,generated_videos/surface_grid_5_hard.mp4
3242,8,245436,788,716048,-49.307823181152344,-1.3973770141601562,74.21664428710938,generated_videos/surface_grid_5_hard.mp4
3243,8,245478,787,716466,-49.3160400390625,-1.505828857421875,74.29499053955078,generated_videos/surface_grid_5_hard.mp4
3244,7,245528,794,721852,-48.44525146484375,-1.0265655517578125,73.64216613769531,generated_videos/surface_grid_5_hard.mp4
3245,7,245573,792,720768,-48.71063232421875,-1.2003402709960938,73.89749145507812,generated_videos/surface_grid_5_hard.mp4
3246,7,245618,792,720482,-48.711151123046875,-1.0328521728515625,73.89845275878906,generated_videos/surface_grid_5_hard.mp4
3247,7,245660,792,721162,-48.7117919921875,-1.2052154541015625,73.89842224121094,generated_videos/surface_grid_5_hard.mp4
3248,6,245705,795,725364,-48.43890380859375,-1.1507568359375,73.59950256347656,generated_videos/surface_grid_5_hard.mp4
3249,6,245748,796,725332,-48.333274841308594,-1.0973892211914062,73.571533203125,generated_videos/surface_grid_5_hard.mp4
3250,6,245791,796,723376,-48.336402893066406,-0.917022705078125,73.58267211914062,generated_videos/surface_grid_5_hard.mp4
3251,6,245834,795,723698,-48.4288330078125,-1.01373291015625,73.55711364746094,generated_videos/surface_grid_5_hard.mp4
3252,6,245876,794,724076,-48.4417724609375,-0.9175567626953125,73.58258056640625,generated_videos/surface_grid_5_hard.mp4
3253,6,245919,794,724502,-48.441864013671875,-0.917724609375,73.58267211914062,generated_videos/surface_grid_5_hard.mp4
3254,6,245962,794,724834,-48.44256591796875,-0.9173355102539062,73.58135986328125,generated_videos/surface_grid_5_hard.mp4
3255,6,246005,794,724550,-48.442108154296875,-0.9371337890625,73.56040954589844,generated_videos/surface_grid_5_hard.mp4
3256,6,246048,794,723896,-48.44281005859375,-0.915771484375,73.56063842773438,generated_videos/surface_grid_5_hard.mp4
3257,6,246091,795,724268,-48.42926025390625,-0.8188629150390625,73.52685546875,generated_videos/surface_grid_5_hard.mp4
3258,6,246135,796,724168,-48.33955383300781,-0.7971649169921875,73.42205810546875,generated_videos/surface_grid_5_hard.mp4
3259,6,246177,796,724318,-48.338897705078125,-1.0513916015625,73.41722106933594,generated_videos/surface_grid_5_hard.mp4
3260,7,246222,796,720700,-48.33977508544922,-1.1233901977539062,73.41715240478516,generated_videos/surface_grid_5_hard.mp4
3261,7,246265,794,720190,-48.442535400390625,-1.1234970092773438,73.546142578125,generated_videos/surface_grid_5_hard.mp4
3262,7,246307,793,720434,-48.788291931152344,-1.2404937744140625,73.55452728271484,generated_videos/surface_grid_5_hard.mp4
3263,7,246350,793,720584,-48.9625244140625,-1.3228912353515625,73.53357696533203,generated_videos/surface_grid_5_hard.mp4
3264,8,246392,791,719362,-49.26177978515625,-1.43255615234375,73.65503692626953,generated_videos/surface_grid_5_hard.mp4
3265,7,246436,792,720424,-49.111724853515625,-1.52142333984375,73.60245513916016,generated_videos/surface_grid_5_hard.mp4
3266,8,246480,793,718634,-48.9627685546875,-1.323333740234375,73.55160522460938,generated_videos/surface_grid_5_hard.mp4
3267,7,246523,793,720762,-48.962677001953125,-1.30511474609375,73.55197143554688,generated_videos/surface_grid_5_hard.mp4
3268,7,246565,793,720640,-48.962738037109375,-1.323333740234375,73.55215454101562,generated_videos/surface_grid_5_hard.mp4
3269,7,246607,793,720588,-48.962738037109375,-1.2391204833984375,73.55191040039062,generated_videos/surface_grid_5_hard.mp4
3270,7,246654,797,720966,-48.434814453125,-0.852325439453125,73.3060302734375,generated_videos/surface_grid_5_hard.mp4
3271,7,246696,797,720744,-48.43548583984375,-0.81878662109375,73.3060531616211,generated_videos/surface_grid_5_hard.mp4
3272,7,246738,797,720434,-48.45404052734375,-0.984771728515625,73.30631256103516,generated_videos/surface_grid_5_hard.mp4
3273,7,246780,797,720672,-48.4549560546875,-0.790924072265625,73.30623626708984,generated_videos/surface_grid_5_hard.mp4
3274,7,246822,797,720722,-48.4561767578125,-0.816680908203125,73.30638122558594,generated_videos/surface_grid_5_hard.mp4
3275,7,246864,797,720396,-48.455810546875,-0.816558837890625,73.30781555175781,generated_videos/surface_grid_5_hard.mp4
3276,7,246908,798,720200,-48.444000244140625,-0.6607818603515625,73.41714477539062,generated_videos/surface_grid_5_hard.mp4
3277,7,246952,800,720688,-48.33900451660156,-0.6357688903808594,73.21318054199219,generated_videos/surface_grid_5_hard.mp4
3278,7,246995,799,720510,-48.458984375,-0.58697509765625,73.30696868896484,generated_videos/surface_grid_5_hard.mp4
3279,7,247037,799,721144,-48.4593505859375,-0.49285888671875,73.3062744140625,generated_videos/surface_grid_5_hard.mp4
3280,7,247081,800,721024,-48.444549560546875,-0.3936309814453125,73.21873474121094,generated_videos/surface_grid_5_hard.mp4
3281,7,247124,800,720888,-48.44561767578125,-0.393463134765625,73.21626281738281,generated_videos/surface_grid_5_hard.mp4
3282,7,247166,800,721250,-48.44573974609375,-0.3950347900390625,73.21575927734375,generated_videos/surface_grid_5_hard.mp4
3283,7,247209,800,721114,-48.445159912109375,-0.3951416015625,73.4151611328125,generated_videos/surface_grid_5_hard.mp4
3284,6,247253,802,724598,-48.337852478027344,-0.348785400390625,73.21582794189453,generated_videos/surface_grid_5_hard.mp4
3285,6,247295,802,724958,-48.33795166015625,-0.4279022216796875,73.21580505371094,generated_videos/surface_grid_5_hard.mp4
3286,8,247340,796,719020,-49.109893798828125,-0.73382568359375,73.59881591796875,generated_videos/surface_grid_5_hard.mp4
3287,8,247383,796,718862,-49.111907958984375,-0.7238082885742188,73.77714538574219,generated_videos/surface_grid_5_hard.mp4
3288,7,247430,800,720316,-48.443695068359375,-0.5365867614746094,73.54763793945312,generated_videos/surface_grid_5_hard.mp4
3289,7,247474,801,720516,-48.4271240234375,-0.49864959716796875,73.54330444335938,generated_videos/surface_grid_5_hard.mp4
3290,7,247516,801,720230,-48.4276123046875,-0.4956512451171875,73.54569244384766,generated_videos/surface_grid_5_hard.mp4
3291,6,247562,805,725050,-47.70013427734375,-0.399505615234375,73.0757064819336,generated_videos/surface_grid_5_hard.mp4
3292,6,247605,804,724010,-47.97362518310547,-0.3804779052734375,73.4361801147461,generated_videos/surface_grid_5_hard.mp4
3293,6,247648,799,723572,-48.964324951171875,-0.453338623046875,73.654052734375,generated_videos/surface_grid_5_hard.mp4
3294,6,247691,799,723578,-48.96435546875,-0.482574462890625,73.65380859375,generated_videos/surface_grid_5_hard.mp4
3295,6,247735,801,723624,-48.4595947265625,-0.4412841796875,73.65399932861328,generated_videos/surface_grid_5_hard.mp4
3296,7,247777,800,723660,-48.71153259277344,-0.3477935791015625,73.83340454101562,generated_videos/surface_grid_5_hard.mp4
3297,6,247820,796,723776,-49.324317932128906,-0.617584228515625,74.09989166259766,generated_videos/surface_grid_5_hard.mp4
3298,8,247867,793,715968,-49.44141387939453,-1.00927734375,74.18441772460938,generated_videos/surface_grid_5_hard.mp4
3299,7,247913,796,719606,-49.32496643066406,-0.9168777465820312,73.83290100097656,generated_videos/surface_grid_5_hard.mp4
3300,8,247959,796,720128,-49.32586669921875,-1.0224456787109375,73.8325424194336,generated_videos/surface_grid_5_hard.mp4
3301,7,248001,795,720212,-49.39520263671875,-1.240875244140625,74.01371002197266,generated_videos/surface_grid_5_hard.mp4
3302,7,248045,796,720316,-49.32061767578125,-1.124542236328125,73.83296203613281,generated_videos/surface_grid_5_hard.mp4
3303,7,248090,799,724086,-48.96441650390625,-0.85955810546875,73.60328674316406,generated_videos/surface_grid_5_hard.mp4
3304,6,248132,798,724048,-49.113067626953125,-0.91864013671875,73.62818908691406,generated_videos/surface_grid_5_hard.mp4
3305,5,248175,799,724406,-48.964447021484375,-0.72320556640625,73.57103729248047,generated_videos/surface_grid_5_hard.mp4
3306,5,248219,800,724570,-48.710205078125,-0.5941925048828125,73.5364990234375,generated_videos/surface_grid_5_hard.mp4
3307,5,248262,800,724604,-48.7105712890625,-0.6827468872070312,73.55244445800781,generated_videos/surface_grid_5_hard.mp4
3308,5,248305,800,724462,-48.70967102050781,-0.455963134765625,73.568115234375,generated_videos/surface_grid_5_hard.mp4
3309,6,248349,798,722822,-49.115203857421875,-0.4642791748046875,73.61515808105469,generated_videos/surface_grid_5_hard.mp4
3310,8,248393,797,721124,-49.2659912109375,-0.546539306640625,73.6518783569336,generated_videos/surface_grid_5_hard.mp4
3311,8,248435,797,721146,-49.26702880859375,-0.505584716796875,73.65131378173828,generated_videos/surface_grid_5_hard.mp4
3312,8,248479,791,716024,-49.68327331542969,-1.23541259765625,74.27391815185547,generated_videos/surface_grid_5_hard.mp4
3313,7,248522,790,716480,-49.7570686340332,-1.2914886474609375,74.34387969970703,generated_videos/surface_grid_5_hard.mp4
3314,7,248565,791,716548,-49.738121032714844,-1.3212890625,74.41443634033203,generated_videos/surface_grid_5_hard.mp4
3315,7,248610,790,716160,-49.582496643066406,-1.2898483276367188,74.34333801269531,generated_videos/surface_grid_5_hard.mp4
3316,8,248653,784,716266,-49.77165985107422,-1.3901138305664062,74.57150268554688,generated_videos/surface_grid_5_hard.mp4
3317,10,248698,784,716054,-49.75993347167969,-1.3899002075195312,74.571533203125,generated_videos/surface_grid_5_hard.mp4
3318,10,248741,783,715932,-49.80181884765625,-1.334808349609375,74.72857666015625,generated_videos/surface_grid_5_hard.mp4
3319,9,248787,786,716292,-49.579010009765625,-1.2514877319335938,74.34346008300781,generated_videos/surface_grid_5_hard.mp4
3320,10,248830,782,714156,-49.86431884765625,-1.3895492553710938,74.94790649414062,generated_videos/surface_grid_5_hard.mp4
3321,9,248879,788,718344,-49.39789581298828,-1.11163330078125,74.23350524902344,generated_videos/surface_grid_5_hard.mp4
3322,8,248922,788,718542,-49.400123596191406,-1.1095733642578125,74.23565673828125,generated_videos/surface_grid_5_hard.mp4
3323,9,248965,788,719148,-49.428226470947266,-0.9467315673828125,74.2341079711914,generated_videos/surface_grid_5_hard.mp4
3324,7,249013,794,725078,-48.707305908203125,-0.8376998901367188,73.58905792236328,generated_videos/surface_grid_5_hard.mp4
3325,9,249057,788,716794,-49.43232345581055,-1.1937370300292969,74.23402404785156,generated_videos/surface_grid_5_hard.mp4
3326,9,249099,783,713214,-49.80194091796875,-1.320526123046875,74.72827911376953,generated_videos/surface_grid_5_hard.mp4
3327,9,249148,788,717052,-49.39472961425781,-1.108489990234375,74.23713684082031,generated_videos/surface_grid_5_hard.mp4
3328,9,249193,789,717530,-49.390960693359375,-0.979766845703125,74.2001724243164,generated_videos/surface_grid_5_hard.mp4
3329,11,249235,784,716144,-49.74748611450195,-1.256683349609375,74.57138061523438,generated_videos/surface_grid_5_hard.mp4
3330,12,249278,784,714576,-49.74711227416992,-1.2567901611328125,74.57136535644531,generated_videos/surface_grid_5_hard.mp4
3331,7,249333,797,725872,-48.40069580078125,-0.681640625,73.54041290283203,generated_videos/surface_grid_5_hard.mp4
3332,12,249378,785,715918,-49.693843841552734,-1.240234375,74.41436004638672,generated_videos/surface_grid_5_hard.mp4
3333,13,249422,784,713920,-49.75080108642578,-1.2575454711914062,74.57159423828125,generated_videos/surface_grid_5_hard.mp4
3334,12,249467,786,715836,-49.60185241699219,-1.25714111328125,74.34432220458984,generated_videos/surface_grid_5_hard.mp4
3335,12,249512,787,715384,-49.41925048828125,-1.2642364501953125,74.2762680053711,generated_videos/surface_grid_5_hard.mp4
3336,11,249560,792,720270,-49.110687255859375,-0.9099655151367188,73.81407165527344,generated_videos/surface_grid_5_hard.mp4
3337,10,249603,793,718938,-48.96246337890625,-0.8230438232421875,73.63755798339844,generated_videos/surface_grid_5_hard.mp4
3338,9,249648,793,719922,-48.9625244140625,-0.74237060546875,73.63750457763672,generated_videos/surface_grid_5_hard.mp4
3339,9,249690,793,719592,-48.957916259765625,-0.82476806640625,73.637451171875,generated_videos/surface_grid_5_hard.mp4
3340,10,249736,791,718334,-49.25830078125,-0.8262939453125,73.99130249023438,generated_videos/surface_grid_5_hard.mp4
3341,11,249779,791,718476,-49.2589111328125,-0.826934814453125,73.96409606933594,generated_videos/surface_grid_5_hard.mp4
3342,8,249826,795,721940,-48.45111083984375,-0.46673583984375,73.54081726074219,generated_videos/surface_grid_5_hard.mp4
3343,8,249870,793,721906,-48.961761474609375,-0.8254547119140625,73.63748931884766,generated_videos/surface_grid_5_hard.mp4
3344,7,249916,795,723290,-48.45013427734375,-0.450775146484375,73.54186248779297,generated_videos/surface_grid_5_hard.mp4
3345,6,249959,795,723544,-48.4495849609375,-0.445526123046875,73.54167938232422,generated_videos/surface_grid_5_hard.mp4
3346,7,250002,795,724102,-48.4490966796875,-0.467041015625,73.54186248779297,generated_videos/surface_grid_5_hard.mp4
3347,6,250045,795,723926,-48.451904296875,-0.445648193359375,73.54174041748047,generated_videos/surface_grid_5_hard.mp4
3348,7,250088,794,724440,-48.70732116699219,-0.6139907836914062,73.58985900878906,generated_videos/surface_grid_5_hard.mp4
3349,6,250133,796,724470,-48.417816162109375,-0.5829315185546875,73.53370666503906,generated_videos/surface_grid_5_hard.mp4
3350,6,250177,796,724720,-48.420654296875,-0.502410888671875,73.53346252441406,generated_videos/surface_grid_5_hard.mp4
3351,7,250219,788,718778,-49.4323844909668,-1.11346435546875,74.23168182373047,generated_videos/surface_grid_5_hard.mp4
3352,7,250270,793,722640,-48.961822509765625,-0.81695556640625,73.63755798339844,generated_videos/surface_grid_5_hard.mp4
3353,7,250312,792,722364,-49.10993957519531,-0.8968029022216797,73.80933380126953,generated_videos/surface_grid_5_hard.mp4
3354,10,250358,787,716950,-49.56594467163086,-1.300262451171875,74.28180694580078,generated_videos/surface_grid_5_hard.mp4
3355,9,250400,785,716990,-49.70507049560547,-1.310577392578125,74.41325378417969,generated_videos/surface_grid_5_hard.mp4
3356,9,250443,785,715916,-49.70393371582031,-1.316802978515625,74.41002655029297,generated_videos/surface_grid_5_hard.mp4
3357,8,250495,795,723526,-48.454345703125,-0.819305419921875,73.54087829589844,generated_videos/surface_grid_5_hard.mp4
3358,8,250537,794,723622,-48.70835876464844,-0.7457962036132812,73.58899688720703,generated_videos/surface_grid_5_hard.mp4
3359,9,250582,790,718046,-49.33477020263672,-1.11358642578125,74.07449340820312,generated_videos/surface_grid_5_hard.mp4
3360,8,250627,791,719306,-49.26123046875,-0.8843765258789062,73.97567749023438,generated_videos/surface_grid_5_hard.mp4
3361,9,250670,789,718552,-49.41050720214844,-0.823394775390625,74.17607879638672,generated_videos/surface_grid_5_hard.mp4
3362,9,250715,790,719922,-49.335105895996094,-0.6702728271484375,74.07196044921875,generated_videos/surface_grid_5_hard.mp4
3363,9,250759,791,719464,-49.261566162109375,-0.6701164245605469,73.97452545166016,generated_videos/surface_grid_5_hard.mp4
3364,9,250804,791,721194,-49.2615966796875,-0.516204833984375,73.98297882080078,generated_videos/surface_grid_5_hard.mp4
3365,8,250848,791,719820,-49.261566162109375,-0.6876220703125,73.98081970214844,generated_videos/surface_grid_5_hard.mp4
3366,7,250896,797,724730,-48.34832763671875,-0.4638671875,73.48487854003906,generated_videos/surface_grid_5_hard.mp4
3367,9,250939,794,720574,-48.714263916015625,-0.5285186767578125,73.58700561523438,generated_videos/surface_grid_5_hard.mp4
3368,8,250982,789,721428,-49.40565490722656,-0.98687744140625,74.17733764648438,generated_videos/surface_grid_5_hard.mp4
3369,9,251027,792,720744,-49.12605285644531,-0.9009170532226562,73.8232192993164,generated_videos/surface_grid_5_hard.mp4
3370,8,251071,790,721900,-49.35121536254883,-0.9057388305664062,74.09043884277344,generated_videos/surface_grid_5_hard.mp4
3371,7,251113,789,721572,-49.40606689453125,-0.987640380859375,74.17635345458984,generated_videos/surface_grid_5_hard.mp4
3372,7,251160,791,721006,-49.26446533203125,-0.965423583984375,73.98075103759766,generated_videos/surface_grid_5_hard.mp4
3373,9,251204,789,719282,-49.40791320800781,-0.8314666748046875,74.17508697509766,generated_videos/surface_grid_5_hard.mp4
3374,12,251253,788,716682,-49.42701721191406,-0.90460205078125,74.22986602783203,generated_videos/surface_grid_5_hard.mp4
3375,10,251297,786,716996,-49.57905197143555,-1.099395751953125,74.3438720703125,generated_videos/surface_grid_5_hard.mp4
3376,9,251343,789,717694,-49.410552978515625,-0.826324462890625,74.173583984375,generated_videos/surface_grid_5_hard.mp4
3377,7,251387,789,717840,-49.41114807128906,-0.97991943359375,74.1737060546875,generated_videos/surface_grid_5_hard.mp4
3378,9,251431,786,715320,-49.585289001464844,-1.2268524169921875,74.34390258789062,generated_videos/surface_grid_5_hard.mp4
3379,8,251478,789,716278,-49.41136169433594,-1.215972900390625,74.15397644042969,generated_videos/surface_grid_5_hard.mp4
3380,8,251523,787,715322,-49.46893310546875,-1.3151702880859375,74.28556823730469,generated_videos/surface_grid_5_hard.mp4
3381,7,251573,792,718720,-49.113922119140625,-0.906524658203125,73.82310485839844,generated_videos/surface_grid_5_hard.mp4
3382,8,251615,789,717198,-49.41105651855469,-0.981353759765625,74.15483093261719,generated_videos/surface_grid_5_hard.mp4
3383,8,251659,790,716920,-49.33765411376953,-1.0194244384765625,74.07923889160156,generated_videos/surface_grid_5_hard.mp4
3384,7,251704,789,716944,-49.411407470703125,-0.951324462890625,74.15496063232422,generated_videos/surface_grid_5_hard.mp4
3385,6,251752,795,722920,-48.4559326171875,-0.5762939453125,73.53473663330078,generated_videos/surface_grid_5_hard.mp4
3386,7,251794,794,724242,-48.724151611328125,-0.5708160400390625,73.58616638183594,generated_videos/surface_grid_5_hard.mp4
3387,8,251838,794,723670,-48.72288513183594,-0.5643768310546875,73.58714294433594,generated_videos/surface_grid_5_hard.mp4
3388,6,251882,794,725016,-48.723358154296875,-0.57275390625,73.5874252319336,generated_videos/surface_grid_5_hard.mp4
3389,7,251926,795,725224,-48.4522705078125,-0.6649169921875,73.53762817382812,generated_videos/surface_grid_5_hard.mp4
3390,7,251970,795,724656,-48.45074462890625,-0.9774169921875,73.5358657836914,generated_videos/surface_grid_5_hard.mp4
3391,6,252015,795,725030,-48.44854736328125,-0.7171630859375,73.54959106445312,generated_videos/surface_grid_5_hard.mp4
3392,7,252057,792,721150,-49.12794494628906,-0.7843780517578125,73.85235595703125,generated_videos/surface_grid_5_hard.mp4
3393,7,252104,795,723168,-48.45111083984375,-0.462890625,73.54903411865234,generated_videos/surface_grid_5_hard.mp4
3394,9,252146,795,724008,-48.4508056640625,-0.634765625,73.54972076416016,generated_videos/surface_grid_5_hard.mp4
3395,9,252189,792,719766,-49.12164306640625,-0.806976318359375,73.83523559570312,generated_videos/surface_grid_5_hard.mp4
3396,6,252236,796,723976,-48.42169189453125,-0.4512481689453125,73.54385375976562,generated_videos/surface_grid_5_hard.mp4
3397,6,252279,795,724430,-48.44989013671875,-0.4639892578125,73.54988098144531,generated_videos/surface_grid_5_hard.mp4
3398,7,252321,791,720514,-49.261993408203125,-0.8347930908203125,74.02462768554688,generated_videos/surface_grid_5_hard.mp4
3399,8,252364,791,719636,-49.25994873046875,-0.833709716796875,74.02632904052734,generated_videos/surface_grid_5_hard.mp4
3400,8,252407,791,720298,-49.26068115234375,-0.986114501953125,74.14372253417969,generated_videos/surface_grid_5_hard.mp4
3401,8,252449,787,717248,-49.500946044921875,-1.22247314453125,74.41494750976562,generated_videos/surface_grid_5_hard.mp4
3402,8,252494,789,717572,-49.452423095703125,-0.985382080078125,74.27409362792969,generated_videos/surface_grid_5_hard.mp4
3403,7,252542,793,721372,-48.9713134765625,-0.681488037109375,74.01848602294922,generated_videos/surface_grid_5_hard.mp4
3404,9,252585,790,717542,-49.363731384277344,-0.9100799560546875,74.20570373535156,generated_videos/surface_grid_5_hard.mp4
3405,8,252628,789,718098,-49.441497802734375,-0.98992919921875,74.27458190917969,generated_videos/surface_grid_5_hard.mp4
3406,9,252670,789,718034,-49.45777130126953,-0.986724853515625,74.28089141845703,generated_videos/surface_grid_5_hard.mp4
3407,8,252718,793,720816,-48.971221923828125,-0.983551025390625,73.63595581054688,generated_videos/surface_grid_5_hard.mp4
3408,9,252760,788,718648,-49.452537536621094,-1.2305145263671875,74.21109771728516,generated_videos/surface_grid_5_hard.mp4
3409,10,252803,788,717836,-49.43695831298828,-1.099273681640625,74.20782470703125,generated_videos/surface_grid_5_hard.mp4
3410,11,252847,788,718604,-49.45833206176758,-0.9033050537109375,74.20755004882812,generated_videos/surface_grid_5_hard.mp4
3411,13,252889,787,717804,-49.46083068847656,-0.989105224609375,74.27257537841797,generated_videos/surface_grid_5_hard.mp4
3412,9,252935,790,722218,-49.35777282714844,-0.9021530151367188,74.06098175048828,generated_videos/surface_grid_5_hard.mp4
3413,9,252978,788,721072,-49.458106994628906,-1.1010284423828125,74.20173645019531,generated_videos/surface_grid_5_hard.mp4
3414,5,253024,792,724824,-49.11540222167969,-0.8482666015625,73.78742218017578,generated_videos/surface_grid_5_hard.mp4
3415,4,253069,794,725620,-48.70954895019531,-0.685302734375,73.58283996582031,generated_videos/surface_grid_5_hard.mp4
3416,4,253113,793,726862,-48.97430419921875,-0.70147705078125,73.63241577148438,generated_videos/surface_grid_5_hard.mp4
3417,5,253155,792,725610,-49.11515808105469,-0.8183441162109375,73.82716369628906,generated_videos/surface_grid_5_hard.mp4
3418,3,253202,797,731156,-48.3958740234375,-0.366424560546875,73.49629974365234,generated_videos/surface_grid_5_hard.mp4
3419,3,253246,798,732032,-48.30830383300781,-0.397796630859375,73.41864013671875,generated_videos/surface_grid_5_hard.mp4
3420,5,253289,789,721520,-49.39447021484375,-1.2876434326171875,74.14441680908203,generated_videos/surface_grid_5_hard.mp4
3421,7,253339,792,720080,-49.11445617675781,-0.6060943603515625,73.82563781738281,generated_videos/surface_grid_5_hard.mp4
3422,8,253381,789,718920,-49.40934753417969,-0.816192626953125,74.1417007446289,generated_videos/surface_grid_5_hard.mp4
3423,7,253424,789,719048,-49.41773986816406,-0.8231201171875,74.14680480957031,generated_videos/surface_grid_5_hard.mp4
3424,7,253467,789,718062,-49.4149169921875,-0.8150482177734375,74.14386749267578,generated_videos/surface_grid_5_hard.mp4
3425,6,253516,795,723912,-48.46112060546875,-0.43060302734375,73.55467987060547,generated_videos/surface_grid_5_hard.mp4
3426,9,253559,786,716928,-49.571075439453125,-1.147491455078125,74.35623168945312,generated_videos/surface_grid_5_hard.mp4
3427,6,253610,794,723154,-48.71952819824219,-0.6021575927734375,73.60697937011719,generated_videos/surface_grid_5_hard.mp4
3428,7,253652,794,723002,-48.7193603515625,-0.601654052734375,73.58927154541016,generated_videos/surface_grid_5_hard.mp4
3429,6,253695,793,722464,-48.97607421875,-0.767852783203125,73.63127899169922,generated_videos/surface_grid_5_hard.mp4
3430,8,253738,792,721420,-49.11582946777344,-0.7303466796875,73.82569122314453,generated_videos/surface_grid_5_hard.mp4
3431,6,253780,792,721490,-49.11515808105469,-0.7951583862304688,73.8262710571289,generated_videos/surface_grid_5_hard.mp4
3432,7,253824,790,720668,-49.332359313964844,-0.7675094604492188,74.08299255371094,generated_videos/surface_grid_5_hard.mp4
3433,6,253867,790,722040,-49.33113098144531,-0.7637405395507812,74.08328247070312,generated_videos/surface_grid_5_hard.mp4
3434,7,253910,791,721910,-49.253143310546875,-0.64361572265625,74.02165985107422,generated_videos/surface_grid_5_hard.mp4
3435,6,253953,791,721848,-49.253143310546875,-0.6427001953125,74.02200317382812,generated_videos/surface_grid_5_hard.mp4
3436,9,253997,789,718774,-49.405853271484375,-0.70391845703125,74.14248657226562,generated_videos/surface_grid_5_hard.mp4
3437,6,254043,790,719998,-49.315147399902344,-0.6837005615234375,74.08233642578125,generated_videos/surface_grid_5_hard.mp4
3438,5,254088,793,721448,-48.97711181640625,-0.7913818359375,73.63143157958984,generated_videos/surface_grid_5_hard.mp4
3439,8,254133,791,717688,-49.253143310546875,-0.7020263671875,74.0223159790039,generated_videos/surface_grid_5_hard.mp4
3440,7,254175,789,718004,-49.33729553222656,-0.8177490234375,74.138916015625,generated_videos/surface_grid_5_hard.mp4
3441,6,254219,790,720580,-49.339630126953125,-0.795989990234375,74.0804672241211,generated_videos/surface_grid_5_hard.mp4
3442,7,254262,790,720392,-49.32157897949219,-0.8016586303710938,74.08111572265625,generated_videos/surface_grid_5_hard.mp4
3443,7,254306,791,719364,-49.2528076171875,-0.81597900390625,74.02230072021484,generated_videos/surface_grid_5_hard.mp4
3444,7,254348,791,719804,-49.25225830078125,-0.8149566650390625,74.02217102050781,generated_videos/surface_grid_5_hard.mp4
3445,6,254392,791,720986,-49.25225830078125,-0.7900390625,74.02185821533203,generated_videos/surface_grid_5_hard.mp4
3446,6,254434,790,721714,-49.3193359375,-0.8037185668945312,74.0850830078125,generated_videos/surface_grid_5_hard.mp4
3447,8,254478,792,719606,-49.11714172363281,-0.7927398681640625,73.8265151977539,generated_videos/surface_grid_5_hard.mp4
3448,8,254521,790,720122,-49.3165283203125,-0.8538131713867188,74.08353424072266,generated_videos/surface_grid_5_hard.mp4
3449,7,254564,790,720130,-49.31439208984375,-0.886444091796875,74.08580780029297,generated_videos/surface_grid_5_hard.mp4
3450,6,254610,793,722174,-48.981475830078125,-0.6995849609375,73.6305923461914,generated_videos/surface_grid_5_hard.mp4
3451,7,254652,790,720284,-49.30830383300781,-0.7635726928710938,74.08624267578125,generated_videos/surface_grid_5_hard.mp4
3452,9,254694,789,717208,-49.38560485839844,-0.69921875,74.15184020996094,generated_videos/surface_grid_5_hard.mp4
3453,9,254737,787,717844,-49.418190002441406,-0.8417816162109375,74.27631378173828,generated_videos/surface_grid_5_hard.mp4
3454,8,254783,790,718206,-49.31434631347656,-0.6065673828125,74.08599853515625,generated_videos/surface_grid_5_hard.mp4
3455,8,254825,790,718324,-49.312904357910156,-1.0744667053222656,74.0478515625,generated_videos/surface_grid_5_hard.mp4
3456,8,254869,790,720462,-49.3238525390625,-1.0706977844238281,74.08479309082031,generated_videos/surface_grid_5_hard.mp4
3457,10,254911,790,720542,-49.311248779296875,-0.7613067626953125,74.12399291992188,generated_videos/surface_grid_5_hard.mp4
3458,8,254954,790,721972,-49.30229187011719,-0.7611770629882812,74.09376525878906,generated_videos/surface_grid_5_hard.mp4
3459,8,254997,791,722324,-49.253173828125,-0.6986083984375,74.02229309082031,generated_videos/surface_grid_5_hard.mp4
3460,7,255042,791,722206,-49.2568359375,-0.6317138671875,74.02227020263672,generated_videos/surface_grid_5_hard.mp4
3461,7,255085,791,722826,-49.255096435546875,-0.65411376953125,74.0220947265625,generated_videos/surface_grid_5_hard.mp4
3462,7,255128,791,723444,-49.256561279296875,-0.695068359375,74.0220718383789,generated_videos/surface_grid_5_hard.mp4
3463,7,255171,792,723092,-49.112945556640625,-0.7049407958984375,73.82620239257812,generated_videos/surface_grid_5_hard.mp4
3464,6,255214,792,724664,-49.112274169921875,-0.706756591796875,73.82589721679688,generated_videos/surface_grid_5_hard.mp4
3465,7,255258,791,723806,-49.25079345703125,-0.739501953125,74.01931762695312,generated_videos/surface_grid_5_hard.mp4
3466,7,255305,795,725084,-48.46063232421875,-0.394439697265625,73.55089569091797,generated_videos/surface_grid_5_hard.mp4
3467,8,255351,798,730186,-48.327064514160156,-0.38006591796875,73.42880249023438,generated_videos/surface_grid_5_hard.mp4
3468,7,255393,798,730296,-48.32646179199219,-0.4940948486328125,73.42428588867188,generated_videos/surface_grid_5_hard.mp4
3469,8,255435,798,730662,-48.326438903808594,-0.3898162841796875,73.42510223388672,generated_videos/surface_grid_5_hard.mp4
3470,9,255477,794,724722,-48.719635009765625,-0.65716552734375,73.59162902832031,generated_videos/surface_grid_5_hard.mp4
3471,9,255519,794,724938,-48.7215576171875,-0.5965423583984375,73.59165954589844,generated_videos/surface_grid_5_hard.mp4
3472,9,255561,792,725410,-49.12017822265625,-0.6266326904296875,73.8236083984375,generated_videos/surface_grid_5_hard.mp4
3473,9,255609,798,731676,-48.326698303222656,-0.4157257080078125,73.42491912841797,generated_videos/surface_grid_5_hard.mp4
3474,9,255652,793,728958,-48.979461669921875,-0.80999755859375,73.63045501708984,generated_videos/surface_grid_5_hard.mp4
3475,8,255697,792,724340,-49.11505126953125,-0.7597427368164062,73.82307434082031,generated_videos/surface_grid_5_hard.mp4
3476,8,255740,792,724824,-49.11549377441406,-0.7575759887695312,73.82325744628906,generated_videos/surface_grid_5_hard.mp4
3477,7,255787,797,729802,-48.409912109375,-0.6923828125,73.49402618408203,generated_videos/surface_grid_5_hard.mp4
3478,8,255833,796,724802,-48.43359375,-0.5941009521484375,73.52171325683594,generated_videos/surface_grid_5_hard.mp4
3479,9,255875,793,725692,-48.979461669921875,-0.819793701171875,73.63104248046875,generated_videos/surface_grid_5_hard.mp4
3480,9,255917,792,725192,-49.116058349609375,-0.9274063110351562,73.82354736328125,generated_videos/surface_grid_5_hard.mp4
3481,8,255964,796,725672,-48.43377685546875,-0.6353607177734375,73.52212524414062,generated_videos/surface_grid_5_hard.mp4
3482,8,256010,800,730298,-47.97257995605469,-0.5600128173828125,73.2257080078125,generated_videos/surface_grid_5_hard.mp4
3483,8,256053,799,730174,-48.24761962890625,-0.42547607421875,73.37303161621094,generated_videos/surface_grid_5_hard.mp4
3484,9,256095,795,726214,-48.45806884765625,-0.725921630859375,73.55088806152344,generated_videos/surface_grid_5_hard.mp4
3485,9,256142,799,730310,-48.24790954589844,-0.689544677734375,73.37323760986328,generated_videos/surface_grid_5_hard.mp4
3486,8,256190,803,731842,-47.274169921875,-0.394866943359375,72.55953979492188,generated_videos/surface_grid_5_hard.mp4
3487,8,256232,803,732122,-47.2742919921875,-0.3995361328125,72.56002044677734,generated_videos/surface_grid_5_hard.mp4
3488,8,256276,802,731942,-47.490966796875,-0.43194580078125,72.81881713867188,generated_videos/surface_grid_5_hard.mp4
3489,10,256320,804,732022,-47.20069885253906,-0.410614013671875,72.52040100097656,generated_videos/surface_grid_5_hard.mp4
3490,10,256366,803,726434,-47.27447509765625,-0.427093505859375,72.56026458740234,generated_videos/surface_grid_5_hard.mp4
3491,9,256409,801,727098,-47.70751953125,-0.5963592529296875,73.07849884033203,generated_videos/surface_grid_5_hard.mp4
3492,10,256454,802,727412,-47.200469970703125,-0.47859954833984375,72.81741333007812,generated_videos/surface_grid_5_hard.mp4
3493,8,256497,799,727128,-47.70745849609375,-0.5506591796875,73.36798858642578,generated_videos/surface_grid_5_hard.mp4
3494,10,256546,804,727372,-46.765380859375,-0.439727783203125,72.52171325683594,generated_videos/surface_grid_5_hard.mp4
3495,9,256590,802,728910,-47.200225830078125,-0.5566177368164062,72.81858825683594,generated_videos/surface_grid_5_hard.mp4
3496,9,256633,803,728650,-47.2738037109375,-0.595855712890625,72.55685424804688,generated_videos/surface_grid_5_hard.mp4
3497,11,256675,802,728844,-47.20013427734375,-0.6209945678710938,72.8187255859375,generated_videos/surface_grid_5_hard.mp4
3498,9,256718,802,729168,-47.49053955078125,-0.6206436157226562,72.81561279296875,generated_videos/surface_grid_5_hard.mp4
3499,8,256761,802,731534,-47.490570068359375,-0.5484619140625,72.81871032714844,generated_videos/surface_grid_5_hard.mp4
3500,9,256804,799,729604,-48.22016906738281,-0.7058563232421875,73.3719711303711,generated_videos/surface_grid_5_hard.mp4
3501,10,256848,798,728086,-48.317832946777344,-0.763916015625,73.45643615722656,generated_videos/surface_grid_5_hard.mp4
3502,10,256892,799,728094,-48.21965026855469,-0.787506103515625,73.37116241455078,generated_videos/surface_grid_5_hard.mp4
3503,9,256934,798,728406,-48.31818389892578,-0.8639984130859375,73.45624542236328,generated_videos/surface_grid_5_hard.mp4
3504,10,256977,798,727230,-48.31788635253906,-0.821990966796875,73.45738220214844,generated_videos/surface_grid_5_hard.mp4
3505,11,257020,797,726012,-48.41473388671875,-0.822723388671875,73.54188537597656,generated_videos/surface_grid_5_hard.mp4
3506,10,257062,797,729220,-48.41656494140625,-0.8232879638671875,73.53206634521484,generated_videos/surface_grid_5_hard.mp4
3507,10,257107,800,726183,-47.972511291503906,-0.7148895263671875,73.2432632446289,generated_videos/surface_grid_5_hard.mp4
3508,8,257149,797,729356,-48.41949462890625,-1.1461944580078125,73.50775909423828,generated_videos/surface_grid_5_hard.mp4
3509,9,257193,797,728670,-48.41949462890625,-1.1962738037109375,73.51427459716797,generated_videos/surface_grid_5_hard.mp4
3510,10,257237,798,724969,-48.318748474121094,-0.8223800659179688,73.45021057128906,generated_videos/surface_grid_5_hard.mp4
3511,9,257280,799,728042,-48.21827697753906,-0.820953369140625,73.3778076171875,generated_videos/surface_grid_5_hard.mp4
3512,9,257322,799,726886,-48.327880859375,-0.82373046875,73.37812042236328,generated_videos/surface_grid_5_hard.mp4
3513,9,257364,799,726339,-48.419921875,-0.823455810546875,73.37812042236328,generated_videos/surface_grid_5_hard.mp4
3514,9,257406,799,727531,-48.419921875,-1.04364013671875,73.37812042236328,generated_videos/surface_grid_5_hard.mp4
3515,9,257449,800,728319,-48.31920623779297,-0.96630859375,73.24574279785156,generated_videos/surface_grid_5_hard.mp4
3516,10,257493,798,728959,-48.427276611328125,-1.1820068359375,73.44145965576172,generated_videos/surface_grid_5_hard.mp4
3517,10,257535,798,725292,-48.427276611328125,-1.2355270385742188,73.44120025634766,generated_videos/surface_grid_5_hard.mp4
3518,9,257578,799,729001,-48.41986083984375,-1.2526702880859375,73.37802124023438,generated_videos/surface_grid_5_hard.mp4
3519,9,257622,801,728248,-48.21844482421875,-0.994354248046875,73.1137466430664,generated_videos/surface_grid_5_hard.mp4
3520,9,257664,801,729245,-48.2183837890625,-1.2526702880859375,73.1137466430664,generated_videos/surface_grid_5_hard.mp4
3521,9,257706,801,728759,-48.219482421875,-1.26263427734375,73.1137466430664,generated_videos/surface_grid_5_hard.mp4
3522,8,257748,801,729523,-48.21940612792969,-1.2207183837890625,73.1137466430664,generated_videos/surface_grid_5_hard.mp4
3523,9,257790,800,725900,-48.32075500488281,-1.1606826782226562,73.24673461914062,generated_videos/surface_grid_5_hard.mp4
3524,9,257833,799,726113,-48.4212646484375,-1.2207183837890625,73.38023376464844,generated_videos/surface_grid_5_hard.mp4
3525,9,257875,798,725121,-48.4278564453125,-1.2335586547851562,73.4142837524414,generated_videos/surface_grid_5_hard.mp4
3526,10,257919,798,722672,-48.70294189453125,-1.3293685913085938,73.44135284423828,generated_videos/surface_grid_5_hard.mp4
3527,9,257963,800,725085,-48.44036865234375,-0.9615859985351562,73.14773559570312,generated_videos/surface_grid_5_hard.mp4
3528,9,258009,801,725480,-48.44244384765625,-0.662933349609375,72.68254852294922,generated_videos/surface_grid_5_hard.mp4
3529,10,258052,801,725221,-48.504638671875,-0.5483856201171875,72.63693237304688,generated_videos/surface_grid_5_hard.mp4
3530,10,258097,802,725326,-48.24053192138672,-0.45993804931640625,72.67015075683594,generated_videos/surface_grid_5_hard.mp4
3531,11,258141,798,723312,-48.607269287109375,-0.0209503173828125,73.26144409179688,generated_videos/surface_grid_5_hard.mp4
3532,9,258187,801,725716,-47.914215087890625,0.0,72.96748352050781,generated_videos/surface_grid_5_hard.mp4
3533,9,258230,802,725580,-47.995361328125,0.0,72.49960327148438,generated_videos/surface_grid_5_hard.mp4
3534,11,258273,800,721968,-48.430755615234375,-0.02423095703125,72.74453735351562,generated_videos/surface_grid_5_hard.mp4
3535,10,258319,804,723064,-47.662628173828125,0.0,72.50434875488281,generated_videos/surface_grid_5_hard.mp4
3536,9,258363,805,725344,-47.52032470703125,0.0,72.42577362060547,generated_videos/surface_grid_5_hard.mp4
3537,9,258408,806,723716,-47.40684509277344,0.0,72.19422912597656,generated_videos/surface_grid_5_hard.mp4
3538,10,258450,806,723880,-47.49224853515625,0.0,72.16964721679688,generated_videos/surface_grid_5_hard.mp4
3539,9,258492,806,723690,-47.776519775390625,-0.0146331787109375,72.19140625,generated_videos/surface_grid_5_hard.mp4
3540,7,258539,810,725740,-47.4137077331543,0.0,71.81797790527344,generated_videos/surface_grid_5_hard.mp4
3541,9,258582,809,723150,-47.75494384765625,0.0,71.69105529785156,generated_videos/surface_grid_5_hard.mp4
3542,8,258627,811,726923,-46.96649169921875,-0.003387451171875,71.67294311523438,generated_videos/surface_grid_5_hard.mp4
3543,11,258670,805,722025,-48.19805908203125,-0.3597869873046875,72.25936889648438,generated_videos/surface_grid_5_hard.mp4
3544,9,258715,807,723471,-47.721435546875,-0.2652587890625,71.8494644165039,generated_videos/surface_grid_5_hard.mp4
3545,9,258759,806,722907,-48.27674865722656,-0.40008544921875,72.16511535644531,generated_videos/surface_grid_5_hard.mp4
3546,9,258802,806,722901,-48.385650634765625,-0.4612579345703125,72.4205322265625,generated_videos/surface_grid_5_hard.mp4
3547,8,258846,808,723045,-48.633514404296875,-0.363311767578125,72.5157470703125,generated_videos/surface_grid_5_hard.mp4
3548,9,258892,811,722659,-48.6561279296875,-0.24573326110839844,72.53849792480469,generated_videos/surface_grid_5_hard.mp4
3549,9,258935,809,721345,-48.342193603515625,-0.657989501953125,72.20364379882812,generated_videos/surface_grid_5_hard.mp4
3550,12,258977,805,720117,-48.5341796875,-0.7250823974609375,72.28511047363281,generated_videos/surface_grid_5_hard.mp4
3551,10,259022,807,721423,-48.75341796875,-0.6789093017578125,72.33810424804688,generated_videos/surface_grid_5_hard.mp4
3552,12,259065,806,720049,-48.84208679199219,-0.7481002807617188,72.6571044921875,generated_videos/surface_grid_5_hard.mp4
3553,13,259107,802,720596,-49.4798583984375,-0.8474884033203125,73.47026824951172,generated_videos/surface_grid_5_hard.mp4
3554,12,259157,808,719977,-48.88800048828125,-0.7695045471191406,73.32881927490234,generated_videos/surface_grid_5_hard.mp4
3555,10,259203,809,720175,-48.37289047241211,-0.78985595703125,73.1312026977539,generated_videos/surface_grid_5_hard.mp4
3556,9,259249,809,720267,-49.3337516784668,-0.4988822937011719,73.54340362548828,generated_videos/surface_grid_5_hard.mp4
3557,8,259297,813,724347,-48.322021484375,-0.836029052734375,73.44469451904297,generated_videos/surface_grid_5_hard.mp4
3558,9,259344,807,719993,-47.66546630859375,-0.9466400146484375,73.25875854492188,generated_videos/surface_grid_5_hard.mp4
3559,10,259391,807,719073,-47.87896728515625,-1.336639404296875,73.61109161376953,generated_videos/surface_grid_5_hard.mp4
3560,11,259438,807,719561,-47.276710510253906,-1.0650787353515625,73.35676574707031,generated_videos/surface_grid_5_hard.mp4
3561,10,259486,809,719615,-46.984046936035156,-1.3667144775390625,73.50534057617188,generated_videos/surface_grid_5_hard.mp4
3562,10,259532,809,720176,-47.22130584716797,-1.0256805419921875,73.62022399902344,generated_videos/surface_grid_5_hard.mp4
3563,10,259576,803,716290,-48.270751953125,-1.849029541015625,74.339111328125,generated_videos/surface_grid_5_hard.mp4
3564,11,259629,805,717878,-48.163604736328125,-1.673370361328125,74.34199523925781,generated_videos/surface_grid_5_hard.mp4
3565,11,259679,808,719202,-46.857383728027344,-1.9792938232421875,73.98157501220703,generated_videos/surface_grid_5_hard.mp4
3566,9,259726,809,722914,-46.91729736328125,-1.52142333984375,74.29911041259766,generated_videos/surface_grid_5_hard.mp4
3567,9,259772,810,722684,-47.020782470703125,-1.7559967041015625,73.8662109375,generated_videos/surface_grid_5_hard.mp4
3568,11,259819,803,715010,-48.65613555908203,-2.48095703125,74.64277648925781,generated_videos/surface_grid_5_hard.mp4
3569,9,259869,808,720515,-46.6541748046875,-2.2909393310546875,74.0306396484375,generated_videos/surface_grid_5_hard.mp4
3570,10,259914,805,718456,-47.039825439453125,-2.3680419921875,74.20741271972656,generated_videos/surface_grid_5_hard.mp4
3571,9,259959,805,721370,-47.236114501953125,-2.46875,74.43434143066406,generated_videos/surface_grid_5_hard.mp4
3572,9,260005,807,720986,-47.251678466796875,-2.50421142578125,74.39099884033203,generated_videos/surface_grid_5_hard.mp4
3573,9,260049,806,718688,-47.41859436035156,-2.6030120849609375,74.62788391113281,generated_videos/surface_grid_5_hard.mp4
3574,9,260095,805,718954,-47.7261962890625,-2.506683349609375,75.37846374511719,generated_videos/surface_grid_5_hard.mp4
3575,9,260140,804,718878,-47.85314178466797,-2.6082382202148438,75.25275421142578,generated_videos/surface_grid_5_hard.mp4
3576,8,260188,807,722968,-47.59228515625,-2.669891357421875,74.96464538574219,generated_videos/surface_grid_5_hard.mp4
3577,9,260234,807,721305,-47.95982360839844,-2.570587158203125,75.09762573242188,generated_videos/surface_grid_5_hard.mp4
3578,9,260287,814,727009,-47.391265869140625,-2.593850612640381,73.85881042480469,generated_videos/surface_grid_5_hard.mp4
3579,9,260332,811,723854,-47.660797119140625,-2.665652275085449,74.34258270263672,generated_videos/surface_grid_5_hard.mp4
3580,9,260376,808,723890,-47.87882995605469,-2.6633453369140625,74.41207885742188,generated_videos/surface_grid_5_hard.mp4
3581,10,260422,801,716405,-48.65386962890625,-3.320831298828125,75.52898406982422,generated_videos/surface_grid_5_hard.mp4
3582,11,260471,804,714737,-48.748779296875,-3.36370849609375,75.25540924072266,generated_videos/surface_grid_5_hard.mp4
3583,11,260519,805,716473,-48.42608642578125,-3.69830322265625,74.05366516113281,generated_videos/surface_grid_5_hard.mp4
3584,11,260566,804,712703,-48.89213562011719,-3.645111083984375,74.27133178710938,generated_videos/surface_grid_5_hard.mp4
3585,10,260614,806,715235,-48.8165283203125,-3.488250732421875,74.57157897949219,generated_videos/surface_grid_5_hard.mp4
3586,11,260660,805,714055,-49.18646240234375,-3.45916748046875,75.52864837646484,generated_videos/surface_grid_5_hard.mp4
3587,11,260709,806,713919,-49.418922424316406,-3.6479949951171875,74.77571105957031,generated_videos/surface_grid_5_hard.mp4
3588,11,260758,807,715833,-49.69852066040039,-3.769378662109375,74.9842529296875,generated_videos/surface_grid_5_hard.mp4
3589,11,260804,805,714351,-50.2381591796875,-4.053947448730469,75.85858917236328,generated_videos/surface_grid_5_hard.mp4
3590,9,260850,804,715899,-50.245399475097656,-3.9183731079101562,75.30921173095703,generated_videos/surface_grid_5_hard.mp4
3591,9,260898,804,716835,-50.50390625,-4.1739044189453125,76.14563751220703,generated_videos/surface_grid_5_hard.mp4
3592,9,260945,806,716501,-50.38572692871094,-4.17266845703125,75.60980224609375,generated_videos/surface_grid_5_hard.mp4
3593,9,260991,805,716381,-50.79669189453125,-4.22857666015625,76.07548522949219,generated_videos/surface_grid_5_hard.mp4
3594,9,261038,808,717263,-50.73940658569336,-4.148253917694092,75.98297119140625,generated_videos/surface_grid_5_hard.mp4
3595,10,261083,808,717311,-50.95750427246094,-4.2517547607421875,76.37638854980469,generated_videos/surface_grid_5_hard.mp4
3596,9,261129,810,717811,-50.652854919433594,-4.039373874664307,76.42405700683594,generated_videos/surface_grid_5_hard.mp4
3597,8,261177,811,719409,-49.91864013671875,-3.9786376953125,76.35450744628906,generated_videos/surface_grid_5_hard.mp4
3598,10,261222,808,717831,-50.81492614746094,-4.063904762268066,76.762939453125,generated_videos/surface_grid_5_hard.mp4
3599,9,261271,807,717401,-50.84008026123047,-4.0429534912109375,76.92501068115234,generated_videos/surface_grid_5_hard.mp4
3600,12,261317,807,715921,-51.42852783203125,-4.0180206298828125,76.93382263183594,generated_videos/surface_grid_5_hard.mp4
3601,11,261362,802,712791,-51.532283782958984,-4.02746057510376,77.28987121582031,generated_videos/surface_grid_5_hard.mp4
3602,12,261408,799,712105,-51.594482421875,-4.3238067626953125,77.4128646850586,generated_videos/surface_grid_5_hard.mp4
3603,11,261459,804,716023,-51.56568145751953,-4.159885406494141,76.9833984375,generated_videos/surface_grid_5_hard.mp4
3604,10,261508,807,721159,-50.55290985107422,-4.225109100341797,76.40303802490234,generated_videos/surface_grid_5_hard.mp4
3605,10,261553,807,720443,-51.29750061035156,-4.171745300292969,76.60791015625,generated_videos/surface_grid_5_hard.mp4
3606,9,261600,810,720843,-51.47594451904297,-4.118438720703125,76.61245727539062,generated_videos/surface_grid_5_hard.mp4
3607,10,261647,808,719353,-51.33719253540039,-4.413674831390381,76.39095306396484,generated_videos/surface_grid_5_hard.mp4
3608,10,261696,811,722265,-50.700042724609375,-4.400634765625,75.7925033569336,generated_videos/surface_grid_5_hard.mp4
3609,11,261744,811,718127,-51.62464141845703,-4.715667724609375,76.83274841308594,generated_videos/surface_grid_5_hard.mp4
3610,11,261794,813,718263,-51.172515869140625,-4.14996337890625,76.83391571044922,generated_videos/surface_grid_5_hard.mp4
3611,13,261847,814,716853,-51.146392822265625,-4.128082275390625,77.07953643798828,generated_videos/surface_grid_5_hard.mp4
3612,11,261898,816,718401,-50.69195556640625,-4.1573486328125,77.12431335449219,generated_videos/surface_grid_5_hard.mp4
3613,11,261950,817,718951,-50.889251708984375,-4.546142578125,77.18367767333984,generated_videos/surface_grid_5_hard.mp4
3614,12,262003,817,718427,-50.871620178222656,-4.2781982421875,77.10173034667969,generated_videos/surface_grid_5_hard.mp4
3615,14,262061,816,715775,-50.60376739501953,-4.4247283935546875,75.62551879882812,generated_videos/surface_grid_5_hard.mp4
3616,12,262115,815,718369,-50.3458251953125,-4.908050537109375,75.32616424560547,generated_videos/surface_grid_5_hard.mp4
3617,14,262167,816,715179,-49.8653564453125,-4.7239990234375,74.04139709472656,generated_videos/surface_grid_5_hard.mp4
3618,13,262216,815,715845,-49.7298583984375,-4.589621067047119,73.22834014892578,generated_videos/surface_grid_5_hard.mp4
3619,15,262267,816,714483,-49.75080871582031,-4.7920989990234375,73.62696838378906,generated_videos/surface_grid_5_hard.mp4
3620,13,262321,819,716177,-49.0072021484375,-4.6652679443359375,73.27909088134766,generated_videos/surface_grid_5_hard.mp4
3621,16,262364,817,716483,-49.733642578125,-4.58514404296875,73.51873779296875,generated_videos/surface_grid_5_hard.mp4
3622,14,262412,817,721067,-49.00970458984375,-4.7227783203125,73.46652221679688,generated_videos/surface_grid_5_hard.mp4
3623,12,262459,814,720951,-49.4591064453125,-5.122772216796875,73.60860443115234,generated_videos/surface_grid_5_hard.mp4
3624,13,262507,814,721623,-49.309906005859375,-5.177562713623047,73.86026000976562,generated_videos/surface_grid_5_hard.mp4
3625,11,262557,819,725623,-49.06195068359375,-5.2781982421875,73.19719696044922,generated_videos/surface_grid_5_hard.mp4
3626,12,262605,821,724727,-48.985595703125,-5.312744140625,73.34559631347656,generated_videos/surface_grid_5_hard.mp4
3627,15,262656,820,721993,-48.963165283203125,-5.5341339111328125,73.20515441894531,generated_videos/surface_grid_5_hard.mp4
3628,15,262707,821,722519,-48.53350830078125,-5.556640625,73.69654083251953,generated_videos/surface_grid_5_hard.mp4
3629,16,262753,818,722921,-48.607444763183594,-5.548333644866943,74.11029815673828,generated_videos/surface_grid_5_hard.mp4
3630,15,262803,821,727075,-48.572113037109375,-4.703155517578125,74.29911804199219,generated_videos/surface_grid_5_hard.mp4
3631,15,262852,824,727597,-48.04490661621094,-4.668060302734375,73.6429443359375,generated_videos/surface_grid_5_hard.mp4
3632,16,262899,821,726327,-48.3433837890625,-4.5683135986328125,73.47261810302734,generated_videos/surface_grid_5_hard.mp4
3633,14,262948,815,726455,-48.06787109375,-4.096504211425781,73.96826171875,generated_videos/surface_grid_5_hard.mp4
3634,13,263004,819,730067,-47.343746185302734,-3.457305908203125,73.43805694580078,generated_videos/surface_grid_5_hard.mp4
3635,13,263054,814,727944,-48.892208099365234,-3.0469970703125,74.85562133789062,generated_videos/surface_grid_5_hard.mp4
3636,11,263107,819,728370,-48.28759765625,-2.426025390625,73.86588287353516,generated_videos/surface_grid_5_hard.mp4
3637,13,263169,822,724448,-45.694976806640625,-1.9058356285095215,71.72169494628906,generated_videos/surface_grid_5_hard.mp4
3638,14,263224,823,728436,-46.0108642578125,-1.5008544921875,72.13512420654297,generated_videos/surface_grid_5_hard.mp4
3639,14,263282,823,726446,-46.4827880859375,-1.0482177734375,72.10077667236328,generated_videos/surface_grid_5_hard.mp4
3640,11,263340,826,730392,-46.26824951171875,-0.5712618827819824,71.29888153076172,generated_videos/surface_grid_5_hard.mp4
3641,10,263406,831,733244,-44.435302734375,-0.312225341796875,70.46806335449219,generated_videos/surface_grid_5_hard.mp4
3642,10,263466,836,737688,-43.54914855957031,-0.1806793212890625,70.53103637695312,generated_videos/surface_grid_5_hard.mp4
3643,10,263525,838,734026,-42.93890380859375,0.0,70.30076599121094,generated_videos/surface_grid_5_hard.mp4
3644,10,263582,838,734876,-43.2906494140625,-0.2556915283203125,70.83218383789062,generated_videos/surface_grid_5_hard.mp4
3645,14,263645,841,732206,-42.391357421875,-0.722198486328125,71.00020599365234,generated_videos/surface_grid_5_hard.mp4
3646,12,263708,840,732152,-42.04791259765625,-0.864799976348877,70.77719116210938,generated_videos/surface_grid_5_hard.mp4
3647,10,263777,844,735242,-41.385955810546875,-0.7308578491210938,70.54769134521484,generated_videos/surface_grid_5_hard.mp4
3648,12,263843,844,730624,-41.61450958251953,-1.187957763671875,70.83272552490234,generated_videos/surface_grid_5_hard.mp4
3649,11,263910,843,731240,-41.5765380859375,-1.3237152099609375,70.91214752197266,generated_videos/surface_grid_5_hard.mp4
3650,11,263980,844,731780,-41.45635986328125,-1.462371826171875,70.93360900878906,generated_videos/surface_grid_5_hard.mp4
3651,11,264050,837,731902,-41.32801818847656,-1.5404930114746094,71.26763916015625,generated_videos/surface_grid_5_hard.mp4
3652,10,264121,839,732796,-41.32725524902344,-1.8475341796875,70.54155731201172,generated_videos/surface_grid_5_hard.mp4
3653,12,264196,847,732737,-40.5477294921875,-1.770294189453125,70.64142608642578,generated_videos/surface_grid_5_hard.mp4
3654,12,264267,844,731956,-40.56169128417969,-2.1208038330078125,70.59525299072266,generated_videos/surface_grid_5_hard.mp4
3655,11,264340,842,732472,-39.69670104980469,-2.6111297607421875,68.88383483886719,generated_videos/surface_grid_5_hard.mp4
3656,10,264407,844,732102,-40.54198455810547,-3.252826690673828,68.20948791503906,generated_videos/surface_grid_5_hard.mp4
3657,11,264476,842,730939,-40.58837890625,-3.4739990234375,68.55491638183594,generated_videos/surface_grid_5_hard.mp4
3658,12,264540,837,730955,-40.74542236328125,-4.263282775878906,69.66781616210938,generated_videos/surface_grid_5_hard.mp4
3659,13,264608,842,731479,-40.609092712402344,-4.678459167480469,70.84227752685547,generated_videos/surface_grid_5_hard.mp4
3660,11,264677,846,732179,-40.661651611328125,-4.8886871337890625,71.03794860839844,generated_videos/surface_grid_5_hard.mp4
3661,11,264751,852,732929,-40.78755187988281,-5.214790344238281,71.19962310791016,generated_videos/surface_grid_5_hard.mp4
3662,13,264816,852,732963,-40.95269775390625,-6.0913848876953125,71.28306579589844,generated_videos/surface_grid_5_hard.mp4
3663,13,264882,847,733007,-41.68492889404297,-6.8242034912109375,72.96717834472656,generated_videos/surface_grid_5_hard.mp4
3664,13,264948,847,733321,-41.68194580078125,-7.237030029296875,72.25012969970703,generated_videos/surface_grid_5_hard.mp4
3665,12,265015,842,734407,-41.838050842285156,-7.3401641845703125,71.90702819824219,generated_videos/surface_grid_5_hard.mp4
3666,14,265087,847,735035,-40.954345703125,-6.82513427734375,71.49732208251953,generated_videos/surface_grid_5_hard.mp4
3667,14,265151,842,734499,-40.4453125,-7.02099609375,70.72222900390625,generated_videos/surface_grid_5_hard.mp4
3668,15,265220,842,733059,-40.401832580566406,-7.005039215087891,70.81156158447266,generated_videos/surface_grid_5_hard.mp4
3669,15,265288,840,732249,-40.27691650390625,-7.269783020019531,71.21379852294922,generated_videos/surface_grid_5_hard.mp4
3670,18,265358,845,731256,-40.2657470703125,-6.61480712890625,71.23197937011719,generated_videos/surface_grid_5_hard.mp4
3671,16,265433,854,731000,-39.384300231933594,-6.424049377441406,70.35469818115234,generated_videos/surface_grid_5_hard.mp4
3672,14,265497,847,732690,-39.224853515625,-6.33612060546875,68.96076965332031,generated_videos/surface_grid_5_hard.mp4
3673,14,265571,847,732152,-40.3660888671875,-6.331298828125,68.98784637451172,generated_videos/surface_grid_5_hard.mp4
3674,13,265643,850,734860,-39.21281433105469,-6.063385009765625,69.00013732910156,generated_videos/surface_grid_5_hard.mp4
3675,15,265708,849,733800,-39.40873718261719,-6.487030029296875,70.36515045166016,generated_videos/surface_grid_5_hard.mp4
3676,15,265773,844,733640,-40.039886474609375,-6.573944091796875,71.8579330444336,generated_videos/surface_grid_5_hard.mp4
3677,13,265833,826,733734,-39.573883056640625,-7.1086883544921875,71.79765319824219,generated_videos/surface_grid_5_hard.mp4
3678,14,265904,823,733440,-38.50439453125,-7.028839111328125,70.15958404541016,generated_videos/surface_grid_5_hard.mp4
3679,16,265967,821,733696,-37.34466552734375,-6.64178466796875,69.13395690917969,generated_videos/surface_grid_5_hard.mp4
3680,16,266027,813,732850,-35.469329833984375,-6.62884521484375,68.99805450439453,generated_videos/surface_grid_5_hard.mp4
3681,16,266089,808,733642,-32.431968688964844,-6.945638656616211,66.23503112792969,generated_videos/surface_grid_5_hard.mp4
3682,16,266162,808,730930,-30.243026733398438,-6.71380615234375,63.80593490600586,generated_videos/surface_grid_5_hard.mp4
3683,14,266226,794,731856,-29.082365036010742,-6.9671783447265625,63.30674743652344,generated_videos/surface_grid_5_hard.mp4
3684,14,266288,789,733131,-28.137664794921875,-7.200347900390625,62.6943244934082,generated_videos/surface_grid_5_hard.mp4
3685,15,266353,770,730264,-27.285400390625,-6.880615234375,60.38338851928711,generated_videos/surface_grid_5_hard.mp4
3686,13,266423,776,734341,-25.373886108398438,-6.255889892578125,59.90345764160156,generated_videos/surface_grid_5_hard.mp4
3687,14,266489,775,734290,-25.367481231689453,-6.061248779296875,58.86494445800781,generated_videos/surface_grid_5_hard.mp4
3688,13,266557,777,733401,-24.993392944335938,-6.0477142333984375,57.99338912963867,generated_videos/surface_grid_5_hard.mp4
3689,18,266627,779,734159,-24.387306213378906,-6.3065185546875,57.780677795410156,generated_videos/surface_grid_5_hard.mp4
3690,17,266691,772,734510,-25.599590301513672,-6.6378631591796875,58.866790771484375,generated_videos/surface_grid_5_hard.mp4
3691,12,266761,773,737419,-26.105712890625,-6.8161773681640625,58.238746643066406,generated_videos/surface_grid_5_hard.mp4
3692,13,266827,765,737782,-26.474746704101562,-7.0037994384765625,59.71360778808594,generated_videos/surface_grid_5_hard.mp4
3693,12,266903,768,738156,-25.4615478515625,-5.9453887939453125,57.60456085205078,generated_videos/surface_grid_5_hard.mp4
3694,14,266968,762,734176,-28.06439208984375,-6.442042350769043,60.013824462890625,generated_videos/surface_grid_5_hard.mp4
3695,17,267034,768,734544,-28.38066864013672,-6.437431812286377,60.61302185058594,generated_videos/surface_grid_5_hard.mp4
3696,16,267101,768,737077,-28.275611877441406,-6.5938873291015625,60.15357208251953,generated_videos/surface_grid_5_hard.mp4
3697,12,267164,761,737619,-27.4423828125,-6.852813720703125,61.569374084472656,generated_videos/surface_grid_5_hard.mp4
3698,14,267231,764,736082,-27.408538818359375,-6.720123291015625,62.235992431640625,generated_videos/surface_grid_5_hard.mp4
3699,10,267300,767,743090,-26.93035888671875,-6.692474365234375,61.93437576293945,generated_videos/surface_grid_5_hard.mp4
3700,11,267363,767,740035,-26.27117919921875,-6.48162841796875,61.91086196899414,generated_videos/surface_grid_5_hard.mp4
3701,13,267424,764,737423,-27.199066162109375,-6.6012420654296875,62.3256950378418,generated_videos/surface_grid_5_hard.mp4
3702,14,267483,760,733645,-28.606582641601562,-6.681755065917969,63.135746002197266,generated_videos/surface_grid_5_hard.mp4
3703,13,267554,767,738097,-28.409347534179688,-6.2770843505859375,61.887229919433594,generated_videos/surface_grid_5_hard.mp4
3704,16,267621,775,734471,-27.389923095703125,-6.2362775802612305,61.86320495605469,generated_videos/surface_grid_5_hard.mp4
3705,13,267688,783,741211,-26.95013427734375,-5.7137451171875,60.29873275756836,generated_videos/surface_grid_5_hard.mp4
3706,13,267749,782,742222,-28.775632858276367,-6.2287750244140625,61.046112060546875,generated_videos/surface_grid_5_hard.mp4
3707,13,267811,783,742686,-26.176666259765625,-6.54144287109375,60.50065231323242,generated_videos/surface_grid_5_hard.mp4
3708,13,267868,772,739121,-30.167808532714844,-7.4881744384765625,63.70888137817383,generated_videos/surface_grid_5_hard.mp4
3709,12,267930,777,738752,-28.445457458496094,-7.3358154296875,63.50883102416992,generated_videos/surface_grid_5_hard.mp4
3710,12,267993,775,739945,-27.8787841796875,-7.801544189453125,62.95873260498047,generated_videos/surface_grid_5_hard.mp4
3711,14,268060,771,740064,-28.40496826171875,-8.208892822265625,62.99661636352539,generated_videos/surface_grid_5_hard.mp4
3712,12,268129,776,743993,-26.843341827392578,-8.2496337890625,62.665077209472656,generated_videos/surface_grid_5_hard.mp4
3713,10,268195,777,744491,-27.482757568359375,-8.4283447265625,62.64108657836914,generated_videos/surface_grid_5_hard.mp4
3714,10,268258,776,742747,-28.272563934326172,-8.507369995117188,63.18577575683594,generated_videos/surface_grid_5_hard.mp4
3715,9,268338,783,749956,-27.674835205078125,-7.76971435546875,62.17683410644531,generated_videos/surface_grid_5_hard.mp4
3716,8,268401,773,748580,-27.71661376953125,-8.18524169921875,61.9579963684082,generated_videos/surface_grid_5_hard.mp4
3717,9,268471,764,742762,-28.503803253173828,-8.635307312011719,63.26174545288086,generated_videos/surface_grid_5_hard.mp4
3718,10,268544,770,744577,-26.002199172973633,-8.695358276367188,62.11476135253906,generated_videos/surface_grid_5_hard.mp4
3719,9,268628,774,748864,-23.54986572265625,-8.957778930664062,62.658966064453125,generated_videos/surface_grid_5_hard.mp4
3720,10,268697,773,744507,-24.451461791992188,-9.366241455078125,63.20232391357422,generated_videos/surface_grid_5_hard.mp4
3721,9,268776,772,746260,-23.30083465576172,-9.141204833984375,64.85035705566406,generated_videos/surface_grid_5_hard.mp4
3722,9,268852,773,744161,-23.50238037109375,-8.853546142578125,65.38851928710938,generated_videos/surface_grid_5_hard.mp4
3723,8,268927,772,742437,-24.156417846679688,-8.807907104492188,66.57606506347656,generated_videos/surface_grid_5_hard.mp4
3724,9,268998,767,736993,-25.993927001953125,-8.942840576171875,67.78034210205078,generated_videos/surface_grid_5_hard.mp4
3725,10,269078,767,742667,-22.5784912109375,-9.132099151611328,68.57319641113281,generated_videos/surface_grid_5_hard.mp4
3726,9,269161,765,742579,-19.6483154296875,-8.845413208007812,65.52621459960938,generated_videos/surface_grid_5_hard.mp4
3727,9,269246,765,744850,-18.15240478515625,-8.516326904296875,65.80934143066406,generated_videos/surface_grid_5_hard.mp4
3728,10,269331,766,739467,-17.131547927856445,-8.450485229492188,65.00011444091797,generated_videos/surface_grid_5_hard.mp4
3729,13,269414,760,730490,-17.452667236328125,-8.127090454101562,65.28848266601562,generated_videos/surface_grid_5_hard.mp4
3730,13,269503,738,710972,-14.633651733398438,-9.27398681640625,64.76077270507812,generated_videos/surface_grid_5_hard.mp4
3731,11,269609,762,735568,-11.69140625,-7.699066162109375,59.85297393798828,generated_videos/surface_grid_5_hard.mp4
3732,14,269699,744,703744,-13.703948974609375,-8.42294692993164,62.44641876220703,generated_videos/surface_grid_5_hard.mp4
3733,14,269805,768,726789,-10.800682067871094,-6.8701324462890625,60.474754333496094,generated_videos/surface_grid_5_hard.mp4
3734,13,269887,764,730219,-11.393707275390625,-6.9960784912109375,60.068275451660156,generated_videos/surface_grid_5_hard.mp4
3735,12,269961,756,725712,-16.613693237304688,-7.880821228027344,60.414398193359375,generated_videos/surface_grid_5_hard.mp4
3736,11,270043,765,724578,-17.49432373046875,-6.955272674560547,59.74013900756836,generated_videos/surface_grid_5_hard.mp4
3737,11,270149,771,723461,-13.3353271484375,-3.70672607421875,53.58053970336914,generated_videos/surface_grid_5_hard.mp4
3738,13,270236,761,723118,-14.2274169921875,-3.73504638671875,56.947265625,generated_videos/surface_grid_5_hard.mp4
3739,14,270323,762,723181,-14.086349487304688,-3.9354798793792725,56.933006286621094,generated_videos/surface_grid_5_hard.mp4
3740,12,270403,761,724749,-14.03375244140625,-4.518699645996094,57.426063537597656,generated_videos/surface_grid_5_hard.mp4
3741,12,270495,773,731724,-14.598655700683594,-4.320213317871094,56.8995361328125,generated_videos/surface_grid_5_hard.mp4
3742,11,270571,759,729756,-16.350425720214844,-4.9788818359375,58.348026275634766,generated_videos/surface_grid_5_hard.mp4
3743,12,270669,763,727727,-15.327644348144531,-5.3448333740234375,56.891448974609375,generated_videos/surface_grid_5_hard.mp4
3744,9,270775,745,732196,-12.104293823242188,-4.21466064453125,51.059391021728516,generated_videos/surface_grid_5_hard.mp4
3745,10,270889,743,724476,-10.570556640625,-4.3860931396484375,50.296504974365234,generated_videos/surface_grid_5_hard.mp4
3746,9,270998,747,730570,-9.98748779296875,-4.0698089599609375,48.47199249267578,generated_videos/surface_grid_5_hard.mp4
3747,9,271103,749,733155,-9.791122436523438,-3.91192626953125,49.414329528808594,generated_videos/surface_grid_5_hard.mp4
3748,9,271216,758,735937,-9.20184326171875,-3.3445138931274414,48.30962371826172,generated_videos/surface_grid_5_hard.mp4
3749,10,271324,749,727609,-9.820770263671875,-3.4566650390625,47.417850494384766,generated_videos/surface_grid_5_hard.mp4
3750,11,271422,747,726223,-9.6898193359375,-3.6151123046875,48.49582290649414,generated_videos/surface_grid_5_hard.mp4
3751,10,271541,756,738617,-8.5538330078125,-3.2695846557617188,47.21533966064453,generated_videos/surface_grid_5_hard.mp4
3752,12,271648,751,733977,-8.820556640625,-3.75885009765625,47.77632522583008,generated_videos/surface_grid_5_hard.mp4
3753,11,271756,751,732061,-9.268585205078125,-4.0452880859375,47.904911041259766,generated_videos/surface_grid_5_hard.mp4
3754,13,271857,742,726940,-10.547035217285156,-4.681915283203125,49.393646240234375,generated_videos/surface_grid_5_hard.mp4
3755,12,271964,754,728659,-11.352279663085938,-4.4249420166015625,48.46266174316406,generated_videos/surface_grid_5_hard.mp4
3756,12,272065,754,729951,-12.989532470703125,-4.171590805053711,49.528961181640625,generated_videos/surface_grid_5_hard.mp4
3757,12,272164,759,730396,-13.31610107421875,-4.3964996337890625,50.56769943237305,generated_videos/surface_grid_5_hard.mp4
3758,14,272257,754,728685,-14.503795623779297,-3.9670562744140625,51.56468963623047,generated_videos/surface_grid_5_hard.mp4
3759,13,272347,748,722177,-15.982879638671875,-4.119983673095703,53.42953872680664,generated_videos/surface_grid_5_hard.mp4
3760,16,272434,741,721249,-17.097076416015625,-4.01165771484375,54.37582778930664,generated_videos/surface_grid_5_hard.mp4
3761,12,272528,745,722780,-15.773204803466797,-3.5440673828125,53.73786926269531,generated_videos/surface_grid_5_hard.mp4
3762,13,272622,745,722360,-15.6873779296875,-3.40740966796875,54.551151275634766,generated_videos/surface_grid_5_hard.mp4
3763,12,272706,746,724058,-16.493343353271484,-3.122039794921875,54.14469909667969,generated_videos/surface_grid_5_hard.mp4
3764,13,272800,749,724433,-17.374835968017578,-2.74261474609375,53.71482849121094,generated_videos/surface_grid_5_hard.mp4
3765,13,272885,753,726038,-16.53631591796875,-2.56927490234375,52.09672164916992,generated_videos/surface_grid_5_hard.mp4
3766,12,272983,759,728295,-16.95587158203125,-2.50433349609375,52.29776382446289,generated_videos/surface_grid_5_hard.mp4
3767,12,273078,764,733179,-16.6353759765625,-1.8619155883789062,53.05078125,generated_videos/surface_grid_5_hard.mp4
3768,13,273167,759,728059,-19.1810302734375,-1.8966064453125,54.08266067504883,generated_videos/surface_grid_5_hard.mp4
3769,12,273265,768,733781,-18.235641479492188,-1.7813873291015625,54.511802673339844,generated_videos/surface_grid_5_hard.mp4
3770,12,273352,768,729228,-19.4541015625,-1.669189453125,56.36503601074219,generated_videos/surface_grid_5_hard.mp4
3771,12,273440,768,732758,-19.88763427734375,-1.8587799072265625,57.62384033203125,generated_videos/surface_grid_5_hard.mp4
3772,13,273523,762,738149,-20.35744857788086,-2.4786224365234375,58.22654724121094,generated_videos/surface_grid_5_hard.mp4
3773,10,273617,774,742417,-20.343963623046875,-2.6998291015625,58.291954040527344,generated_videos/surface_grid_5_hard.mp4
3774,12,273696,767,739415,-20.501617431640625,-3.434844970703125,59.860687255859375,generated_videos/surface_grid_5_hard.mp4
3775,10,273778,761,735848,-20.528701782226562,-3.227142333984375,60.62356948852539,generated_videos/surface_grid_5_hard.mp4
3776,8,273861,769,735461,-20.39935302734375,-3.5687255859375,60.85639953613281,generated_videos/surface_grid_5_hard.mp4
3777,10,273944,773,730970,-20.3829345703125,-3.52630615234375,61.68742752075195,generated_videos/surface_grid_5_hard.mp4
3778,7,274026,781,739992,-19.774810791015625,-3.8736114501953125,63.59406280517578,generated_videos/surface_grid_5_hard.mp4
3779,9,274088,766,734268,-22.41268539428711,-4.520310401916504,65.75216674804688,generated_videos/surface_grid_5_hard.mp4
3780,9,274162,766,732133,-23.07451629638672,-4.8773956298828125,66.57342529296875,generated_videos/surface_grid_5_hard.mp4
3781,11,274237,767,732448,-21.22735595703125,-5.47930908203125,65.78321838378906,generated_videos/surface_grid_5_hard.mp4
3782,9,274312,764,729766,-21.342147827148438,-6.054008483886719,65.994384765625,generated_videos/surface_grid_5_hard.mp4
3783,11,274390,773,729860,-20.83148193359375,-6.70623779296875,66.10377502441406,generated_videos/surface_grid_5_hard.mp4
3784,8,274466,778,734134,-20.590911865234375,-7.4382781982421875,66.51008605957031,generated_videos/surface_grid_5_hard.mp4
3785,9,274536,770,728829,-20.50433349609375,-8.409332275390625,67.81487274169922,generated_videos/surface_grid_5_hard.mp4
3786,10,274599,768,730460,-21.486061096191406,-9.590721130371094,67.73394775390625,generated_videos/surface_grid_5_hard.mp4
3787,7,274669,776,728541,-21.182247161865234,-10.4600830078125,68.40826416015625,generated_videos/surface_grid_5_hard.mp4
3788,8,274741,780,732079,-21.8963623046875,-10.462047576904297,68.28469848632812,generated_videos/surface_grid_5_hard.mp4
3789,8,274814,778,730624,-20.549346923828125,-11.7235107421875,68.72377014160156,generated_videos/surface_grid_5_hard.mp4
3790,10,274891,776,728897,-19.6220703125,-12.027076721191406,67.81205749511719,generated_videos/surface_grid_5_hard.mp4
3791,10,274967,783,735513,-18.19976806640625,-12.88427734375,67.76966857910156,generated_videos/surface_grid_5_hard.mp4
3792,9,275033,785,738752,-17.438690185546875,-13.475433349609375,68.83112335205078,generated_videos/surface_grid_5_hard.mp4
3793,9,275103,783,736797,-18.0068359375,-15.2183837890625,69.49910736083984,generated_videos/surface_grid_5_hard.mp4
3794,11,275181,786,738686,-17.68115997314453,-15.761581420898438,69.7628173828125,generated_videos/surface_grid_5_hard.mp4
3795,9,275264,791,738326,-17.8031005859375,-16.046875,66.43429565429688,generated_videos/surface_grid_5_hard.mp4
3796,8,275342,798,739456,-16.46722412109375,-15.250274658203125,68.53231811523438,generated_videos/surface_grid_5_hard.mp4
3797,12,275416,791,731258,-16.659912109375,-15.729705810546875,67.63399505615234,generated_videos/surface_grid_5_hard.mp4
3798,10,275494,797,733002,-16.51702880859375,-15.670379638671875,66.83807373046875,generated_videos/surface_grid_5_hard.mp4
3799,11,275572,793,729310,-14.958251953125,-15.9588623046875,69.50582885742188,generated_videos/surface_grid_5_hard.mp4
3800,8,275662,811,733896,-13.403564453125,-15.576995849609375,65.71554565429688,generated_videos/surface_grid_5_hard.mp4
3801,10,275747,813,732858,-12.56744384765625,-16.114532470703125,64.10409545898438,generated_videos/surface_grid_5_hard.mp4
3802,11,275828,809,731946,-13.66448974609375,-16.6796875,64.91812133789062,generated_videos/surface_grid_5_hard.mp4
3803,10,275915,815,735602,-16.3084716796875,-16.893417358398438,62.8142204284668,generated_videos/surface_grid_5_hard.mp4
3804,8,275997,815,736619,-16.501800537109375,-16.80596923828125,64.6510238647461,generated_videos/surface_grid_5_hard.mp4
3805,9,276086,799,736292,-13.35906982421875,-14.880767822265625,61.71059036254883,generated_videos/surface_grid_5_hard.mp4
3806,8,276177,805,736965,-13.177536010742188,-14.668426513671875,62.660911560058594,generated_videos/surface_grid_5_hard.mp4
3807,7,276275,810,737424,-12.367486953735352,-14.481830596923828,61.80512237548828,generated_videos/surface_grid_5_hard.mp4
3808,6,276373,810,737290,-11.833686828613281,-13.066436767578125,60.69767761230469,generated_videos/surface_grid_5_hard.mp4
3809,8,276456,785,737024,-11.8553466796875,-12.873992919921875,56.44734573364258,generated_videos/surface_grid_5_hard.mp4
3810,7,276560,779,735261,-10.26690673828125,-11.485687255859375,52.579368591308594,generated_videos/surface_grid_5_hard.mp4
3811,7,276650,773,733414,-10.066497802734375,-11.136834144592285,49.761863708496094,generated_videos/surface_grid_5_hard.mp4
3812,5,276753,781,736945,-9.507041931152344,-8.941741943359375,48.18107604980469,generated_videos/surface_grid_5_hard.mp4
3813,5,276856,777,738359,-9.573516845703125,-8.530914306640625,47.89091491699219,generated_videos/surface_grid_5_hard.mp4
3814,5,276949,772,741140,-10.720474243164062,-8.85734748840332,47.35863494873047,generated_videos/surface_grid_5_hard.mp4
3815,6,277037,776,740095,-11.145111083984375,-8.092266082763672,45.496986389160156,generated_videos/surface_grid_5_hard.mp4
3816,7,277122,769,731115,-12.969573974609375,-8.3253173828125,47.86125564575195,generated_videos/surface_grid_5_hard.mp4
3817,5,277209,784,741801,-13.005109786987305,-7.9892730712890625,49.681312561035156,generated_videos/surface_grid_5_hard.mp4
3818,6,277291,787,742069,-14.604248046875,-7.7147216796875,49.77229309082031,generated_videos/surface_grid_5_hard.mp4
3819,9,277363,776,732538,-16.761497497558594,-8.964359283447266,52.721561431884766,generated_videos/surface_grid_5_hard.mp4
3820,9,277450,788,732546,-17.769447326660156,-9.136581420898438,53.184112548828125,generated_videos/surface_grid_5_hard.mp4
3821,8,277536,803,735818,-18.0418701171875,-9.354400634765625,55.41755676269531,generated_videos/surface_grid_5_hard.mp4
3822,7,277627,818,746218,-18.593490600585938,-9.689796447753906,57.63745880126953,generated_videos/surface_grid_5_hard.mp4
3823,8,277710,822,747294,-17.625946044921875,-10.90869140625,58.309059143066406,generated_videos/surface_grid_5_hard.mp4
3824,9,277812,834,746722,-18.925277709960938,-11.030784606933594,59.30238723754883,generated_videos/surface_grid_5_hard.mp4
3825,6,277904,798,750052,-13.04754638671875,-9.935096740722656,55.136714935302734,generated_videos/surface_grid_5_hard.mp4
3826,6,278002,785,748256,-10.57940673828125,-9.539947509765625,53.39441680908203,generated_videos/surface_grid_5_hard.mp4
3827,7,278109,809,761904,-10.519683837890625,-8.38861083984375,52.210689544677734,generated_videos/surface_grid_5_hard.mp4
3828,6,278229,818,761548,-8.18304443359375,-8.828628540039062,49.47132873535156,generated_videos/surface_grid_5_hard.mp4
3829,6,278344,794,758808,-8.31365966796875,-8.843292236328125,45.74537658691406,generated_videos/surface_grid_5_hard.mp4
3830,6,278458,774,759356,-5.2422943115234375,-7.77430534362793,42.05807113647461,generated_videos/surface_grid_5_hard.mp4
3831,7,278578,739,758956,-4.33892822265625,-6.6662139892578125,35.9688720703125,generated_videos/surface_grid_5_hard.mp4
3832,8,278698,752,759522,-4.875663757324219,-6.65826416015625,35.88292694091797,generated_videos/surface_grid_5_hard.mp4
3833,8,278801,752,760118,-6.1463623046875,-6.293983459472656,33.42264938354492,generated_videos/surface_grid_5_hard.mp4
3834,8,278888,755,760460,-7.368309497833252,-6.502838134765625,36.31572723388672,generated_videos/surface_grid_5_hard.mp4
3835,9,278978,759,757476,-7.7620849609375,-7.117218017578125,36.783329010009766,generated_videos/surface_grid_5_hard.mp4
3836,8,279059,759,761453,-8.987930297851562,-7.54608154296875,36.12099075317383,generated_videos/surface_grid_5_hard.mp4
3837,10,279145,760,757421,-10.139251708984375,-8.282913208007812,37.738346099853516,generated_videos/surface_grid_5_hard.mp4
3838,8,279220,763,759871,-11.4512939453125,-9.220596313476562,39.81692123413086,generated_videos/surface_grid_5_hard.mp4
3839,9,279285,760,757589,-13.599761962890625,-10.15130615234375,42.280967712402344,generated_videos/surface_grid_5_hard.mp4
3840,9,279367,764,757463,-14.185958862304688,-10.433067321777344,42.308128356933594,generated_videos/surface_grid_5_hard.mp4
3841,11,279447,766,756527,-14.012886047363281,-11.35162353515625,43.531654357910156,generated_videos/surface_grid_5_hard.mp4
3842,12,279526,767,755851,-15.57623291015625,-11.762115478515625,45.01755905151367,generated_videos/surface_grid_5_hard.mp4
3843,12,279605,776,757077,-15.155838012695312,-12.106124877929688,46.60597229003906,generated_videos/surface_grid_5_hard.mp4
3844,12,279689,783,756069,-15.4996337890625,-12.8841552734375,48.957916259765625,generated_videos/surface_grid_5_hard.mp4
3845,11,279777,788,754278,-15.48907470703125,-13.122947692871094,48.36334991455078,generated_videos/surface_grid_5_hard.mp4
3846,12,279852,736,703528,-13.681060791015625,-16.515365600585938,47.874874114990234,generated_videos/surface_grid_5_hard.mp4
3847,10,279978,785,753586,-11.082794189453125,-14.105194091796875,45.92936706542969,generated_videos/surface_grid_5_hard.mp4
3848,13,280059,733,704261,-11.94488525390625,-16.2109375,48.016353607177734,generated_videos/surface_grid_5_hard.mp4
3849,12,280195,779,748933,-8.245269775390625,-12.517120361328125,42.788761138916016,generated_videos/surface_grid_5_hard.mp4
3850,14,280278,781,747465,-12.0347900390625,-11.33251953125,47.64186096191406,generated_videos/surface_grid_5_hard.mp4
3851,15,280368,789,748549,-11.385269165039062,-11.227447509765625,48.86168670654297,generated_videos/surface_grid_5_hard.mp4
3852,12,280458,719,703985,-11.5247802734375,-13.210906982421875,51.12982940673828,generated_videos/surface_grid_5_hard.mp4
3853,12,280584,756,749873,-8.955841064453125,-9.793037414550781,45.13916778564453,generated_videos/surface_grid_5_hard.mp4
3854,12,280669,742,735003,-11.514205932617188,-11.503364562988281,48.140647888183594,generated_videos/surface_grid_5_hard.mp4
3855,13,280776,769,752647,-9.633712768554688,-10.174896240234375,45.10694122314453,generated_videos/surface_grid_5_hard.mp4
3856,13,280859,764,750894,-10.363483428955078,-10.789535522460938,45.00360107421875,generated_videos/surface_grid_5_hard.mp4
3857,11,280955,764,750383,-10.851394653320312,-11.281768798828125,45.22308349609375,generated_videos/surface_grid_5_hard.mp4
3858,12,281051,777,750197,-11.57354736328125,-10.994171142578125,48.8798828125,generated_videos/surface_grid_5_hard.mp4
3859,12,281136,777,749261,-13.29754638671875,-11.383621215820312,49.604190826416016,generated_videos/surface_grid_5_hard.mp4
3860,11,281232,782,747871,-13.491470336914062,-12.319113731384277,49.17431640625,generated_videos/surface_grid_5_hard.mp4
3861,14,281322,759,733973,-12.08111572265625,-12.047470092773438,50.74961853027344,generated_videos/surface_grid_5_hard.mp4
3862,15,281414,750,728783,-9.550270080566406,-13.196952819824219,48.62934112548828,generated_videos/surface_grid_5_hard.mp4
3863,12,281505,771,733590,-10.130645751953125,-12.481170654296875,48.686344146728516,generated_videos/surface_grid_5_hard.mp4
3864,13,281603,759,726197,-9.67022705078125,-13.0777587890625,47.495506286621094,generated_videos/surface_grid_5_hard.mp4
3865,14,281703,759,726571,-9.490234375,-12.86651611328125,46.53076171875,generated_videos/surface_grid_5_hard.mp4
3866,14,281800,752,732819,-9.73004150390625,-12.659282684326172,45.718910217285156,generated_videos/surface_grid_5_hard.mp4
3867,18,281893,750,728959,-10.283172607421875,-12.897262573242188,46.604225158691406,generated_videos/surface_grid_5_hard.mp4
3868,15,281985,753,728361,-10.988800048828125,-13.6007080078125,48.62419128417969,generated_videos/surface_grid_5_hard.mp4
3869,13,282078,773,733234,-11.958831787109375,-13.737533569335938,48.47260665893555,generated_videos/surface_grid_5_hard.mp4
3870,14,282175,772,734321,-11.89923095703125,-14.428131103515625,47.419044494628906,generated_videos/surface_grid_5_hard.mp4
3871,15,282274,776,735545,-11.744134902954102,-14.234642028808594,48.95280075073242,generated_videos/surface_grid_5_hard.mp4
3872,14,282372,785,742394,-12.204986572265625,-14.32025146484375,47.959354400634766,generated_videos/surface_grid_5_hard.mp4
3873,16,282461,789,739132,-13.621368408203125,-15.177520751953125,50.90354537963867,generated_videos/surface_grid_5_hard.mp4
3874,15,282538,784,739728,-14.858222961425781,-16.20831298828125,51.8371696472168,generated_videos/surface_grid_5_hard.mp4
3875,15,282626,791,741290,-15.405014038085938,-17.002037048339844,53.902305603027344,generated_videos/surface_grid_5_hard.mp4
3876,14,282716,796,740921,-16.215866088867188,-16.490478515625,54.56292724609375,generated_videos/surface_grid_5_hard.mp4
3877,13,282809,796,740406,-14.490447998046875,-16.531326293945312,53.9155387878418,generated_videos/surface_grid_5_hard.mp4
3878,12,282899,790,741889,-15.235092163085938,-16.08454132080078,54.753108978271484,generated_videos/surface_grid_5_hard.mp4
3879,13,282987,798,741645,-15.7862548828125,-14.934616088867188,56.64397430419922,generated_videos/surface_grid_5_hard.mp4
3880,15,283091,813,740334,-15.2606201171875,-14.4833984375,56.7830696105957,generated_videos/surface_grid_5_hard.mp4
3881,16,283180,800,728031,-16.548675537109375,-15.155181884765625,56.782615661621094,generated_videos/surface_grid_5_hard.mp4
3882,16,283275,809,733680,-16.968582153320312,-14.82861328125,56.79896926879883,generated_videos/surface_grid_5_hard.mp4
3883,16,283356,798,730696,-16.665023803710938,-15.437383651733398,57.05416488647461,generated_videos/surface_grid_5_hard.mp4
3884,16,283440,789,722888,-18.726165771484375,-16.125930786132812,60.58647918701172,generated_videos/surface_grid_5_hard.mp4
3885,15,283533,811,736961,-18.468780517578125,-15.0758056640625,57.039791107177734,generated_videos/surface_grid_5_hard.mp4
3886,14,283617,813,737340,-17.9052734375,-14.1761474609375,56.717529296875,generated_videos/surface_grid_5_hard.mp4
3887,16,283689,817,738945,-20.95074462890625,-13.8065185546875,60.01552963256836,generated_videos/surface_grid_5_hard.mp4
3888,13,283773,818,735371,-21.83203125,-13.316131591796875,60.23141098022461,generated_videos/surface_grid_5_hard.mp4
3889,14,283856,826,734064,-22.152938842773438,-12.874359130859375,60.152366638183594,generated_videos/surface_grid_5_hard.mp4
3890,13,283939,819,735141,-21.46624755859375,-12.74847412109375,60.368690490722656,generated_videos/surface_grid_5_hard.mp4
3891,13,284022,810,734937,-22.001846313476562,-12.808258056640625,59.47834777832031,generated_videos/surface_grid_5_hard.mp4
3892,14,284097,796,734360,-21.67729949951172,-13.563568115234375,58.61273956298828,generated_videos/surface_grid_5_hard.mp4
3893,13,284170,788,734566,-21.35749053955078,-13.03326416015625,59.8336296081543,generated_videos/surface_grid_5_hard.mp4
3894,13,284245,789,731714,-21.292495727539062,-13.492256164550781,60.8781623840332,generated_videos/surface_grid_5_hard.mp4
3895,14,284326,799,739006,-21.85040283203125,-13.18511962890625,60.656864166259766,generated_videos/surface_grid_5_hard.mp4
3896,10,284396,797,743461,-22.722198486328125,-13.943313598632812,60.98836135864258,generated_videos/surface_grid_5_hard.mp4
3897,10,284466,797,740533,-24.476181030273438,-13.67822265625,60.23124313354492,generated_videos/surface_grid_5_hard.mp4
3898,10,284538,801,741182,-25.080322265625,-14.102294921875,62.931793212890625,generated_videos/surface_grid_5_hard.mp4
3899,11,284608,795,742191,-27.3414306640625,-14.72808837890625,63.185821533203125,generated_videos/surface_grid_5_hard.mp4
3900,10,284690,803,742181,-26.7586669921875,-15.138587951660156,62.04311752319336,generated_videos/surface_grid_5_hard.mp4
3901,11,284764,793,741963,-26.809051513671875,-16.191558837890625,63.48834228515625,generated_videos/surface_grid_5_hard.mp4
3902,13,284840,797,743241,-25.61688232421875,-16.514678955078125,63.74531173706055,generated_videos/surface_grid_5_hard.mp4
3903,14,284910,791,748268,-26.19573974609375,-17.764129638671875,64.19815826416016,generated_videos/surface_grid_5_hard.mp4
3904,13,284994,796,744081,-25.531600952148438,-17.753341674804688,65.27584838867188,generated_videos/surface_grid_5_hard.mp4
3905,13,285072,800,747531,-24.3575439453125,-17.826812744140625,64.6816177368164,generated_videos/surface_grid_5_hard.mp4
3906,10,285153,802,753060,-24.154266357421875,-18.625778198242188,65.36210632324219,generated_videos/surface_grid_5_hard.mp4
3907,11,285218,806,752304,-23.832809448242188,-18.518442153930664,65.14555358886719,generated_videos/surface_grid_5_hard.mp4
3908,15,285293,805,746164,-24.015167236328125,-18.853515625,65.3463134765625,generated_videos/surface_grid_5_hard.mp4
3909,13,285352,787,738153,-26.3035888671875,-20.108047485351562,66.63399505615234,generated_videos/surface_grid_5_hard.mp4
3910,10,285431,804,750915,-26.212051391601562,-20.247848510742188,66.79840087890625,generated_videos/surface_grid_5_hard.mp4
3911,12,285496,800,747534,-26.876571655273438,-20.34356689453125,67.76399230957031,generated_videos/surface_grid_5_hard.mp4
3912,11,285557,777,739291,-27.94268798828125,-22.097869873046875,69.678955078125,generated_videos/surface_grid_5_hard.mp4
3913,12,285630,790,739555,-27.039642333984375,-21.021055221557617,70.22461700439453,generated_videos/surface_grid_5_hard.mp4
3914,12,285716,785,737962,-26.07427978515625,-21.239654541015625,69.39717102050781,generated_videos/surface_grid_5_hard.mp4
3915,13,285785,772,735508,-27.35992431640625,-22.01663589477539,71.03826904296875,generated_videos/surface_grid_5_hard.mp4
3916,9,285879,789,745885,-27.5977783203125,-21.1141357421875,72.14872741699219,generated_videos/surface_grid_5_hard.mp4
3917,10,285965,788,740835,-26.015518188476562,-21.328094482421875,70.9252700805664,generated_videos/surface_grid_5_hard.mp4
3918,11,286054,787,741545,-25.278900146484375,-22.203155517578125,71.98432159423828,generated_videos/surface_grid_5_hard.mp4
3919,11,286138,787,733372,-25.100555419921875,-22.411468505859375,73.28430938720703,generated_videos/surface_grid_5_hard.mp4
3920,11,286226,783,740940,-24.576129913330078,-23.1329345703125,71.08076477050781,generated_videos/surface_grid_5_hard.mp4
3921,14,286305,777,732864,-25.561767578125,-23.511566162109375,71.61888122558594,generated_videos/surface_grid_5_hard.mp4
3922,11,286393,781,731560,-24.9576416015625,-23.263885498046875,71.5199203491211,generated_videos/surface_grid_5_hard.mp4
3923,11,286460,779,732498,-26.4039306640625,-23.3431396484375,73.87186431884766,generated_videos/surface_grid_5_hard.mp4
3924,14,286543,784,730117,-26.01738166809082,-23.127410888671875,75.2714614868164,generated_videos/surface_grid_5_hard.mp4
3925,13,286630,790,734918,-23.7470703125,-22.10834503173828,69.62802124023438,generated_videos/surface_grid_5_hard.mp4
3926,15,286706,790,733861,-23.6131591796875,-23.0709228515625,71.50001525878906,generated_videos/surface_grid_5_hard.mp4
3927,15,286782,783,728740,-26.168548583984375,-22.490753173828125,71.96538543701172,generated_videos/surface_grid_5_hard.mp4
3928,14,286873,790,727634,-24.491256713867188,-20.09906005859375,69.583251953125,generated_videos/surface_grid_5_hard.mp4
3929,14,286952,800,736920,-24.124969482421875,-18.700775146484375,69.52247619628906,generated_videos/surface_grid_5_hard.mp4
3930,13,287039,806,736323,-25.04949188232422,-16.589385986328125,71.59130859375,generated_videos/surface_grid_5_hard.mp4
3931,17,287124,814,739872,-23.3143310546875,-17.50359344482422,71.08074188232422,generated_videos/surface_grid_5_hard.mp4
3932,12,287218,818,741968,-22.358169555664062,-16.114990234375,69.09558868408203,generated_videos/surface_grid_5_hard.mp4
3933,12,287314,830,755110,-21.19306182861328,-14.1053466796875,67.59764099121094,generated_videos/surface_grid_5_hard.mp4
3934,13,287409,831,737965,-20.41131591796875,-13.82696533203125,69.41771697998047,generated_videos/surface_grid_5_hard.mp4
3935,13,287489,826,739376,-22.5078125,-13.744522094726562,70.31991577148438,generated_videos/surface_grid_5_hard.mp4
3936,14,287573,823,735922,-22.20166015625,-13.162948608398438,69.87179565429688,generated_videos/surface_grid_5_hard.mp4
3937,10,287660,824,744004,-19.9078369140625,-13.01507568359375,68.34597778320312,generated_videos/surface_grid_5_hard.mp4
3938,13,287749,831,743601,-21.11328125,-11.918670654296875,68.69493103027344,generated_videos/surface_grid_5_hard.mp4
3939,16,287829,827,740511,-21.76641845703125,-11.954559326171875,68.96467590332031,generated_videos/surface_grid_5_hard.mp4
3940,14,287928,838,743859,-20.379440307617188,-11.03411865234375,65.60350036621094,generated_videos/surface_grid_5_hard.mp4
3941,14,288013,846,746128,-18.9063720703125,-10.4847412109375,65.1824951171875,generated_videos/surface_grid_5_hard.mp4
3942,13,288098,846,749853,-21.326629638671875,-9.733856201171875,66.0848388671875,generated_videos/surface_grid_5_hard.mp4
3943,14,288192,850,752815,-20.8955078125,-8.389617919921875,64.46759033203125,generated_videos/surface_grid_5_hard.mp4
3944,13,288290,842,748036,-20.08429718017578,-8.641036987304688,64.10199737548828,generated_videos/surface_grid_5_hard.mp4
3945,15,288396,856,744538,-20.684371948242188,-7.802925109863281,63.50737762451172,generated_videos/surface_grid_5_hard.mp4
3946,16,288484,847,750435,-22.04705810546875,-8.137130737304688,63.603755950927734,generated_videos/surface_grid_5_hard.mp4
3947,12,288564,837,752568,-23.968536376953125,-8.643035888671875,60.378868103027344,generated_videos/surface_grid_5_hard.mp4
3948,9,288662,825,755896,-20.818145751953125,-7.7528228759765625,58.12950134277344,generated_videos/surface_grid_5_hard.mp4
3949,14,288752,805,741504,-19.484649658203125,-7.062652587890625,56.653560638427734,generated_videos/surface_grid_5_hard.mp4
3950,15,288848,795,751224,-15.071884155273438,-6.21173095703125,49.41640853881836,generated_videos/surface_grid_5_hard.mp4
3951,16,288955,799,747768,-13.296966552734375,-5.648590087890625,47.22511291503906,generated_videos/surface_grid_5_hard.mp4
3952,13,289070,802,752297,-13.848278045654297,-6.647987365722656,48.680030822753906,generated_videos/surface_grid_5_hard.mp4
3953,8,289164,807,753438,-13.961669921875,-7.2800140380859375,49.29323196411133,generated_videos/surface_grid_5_hard.mp4
3954,9,289253,791,751062,-15.76727294921875,-7.67864990234375,50.98759841918945,generated_videos/surface_grid_5_hard.mp4
3955,8,289349,793,748696,-15.876667022705078,-7.75799560546875,51.11511993408203,generated_videos/surface_grid_5_hard.mp4
3956,8,289447,810,752164,-16.643524169921875,-7.653778076171875,51.87621307373047,generated_videos/surface_grid_5_hard.mp4
3957,10,289540,816,747570,-16.561298370361328,-7.183349609375,53.647369384765625,generated_videos/surface_grid_5_hard.mp4
3958,10,289648,822,750598,-15.739608764648438,-7.183479309082031,52.84083557128906,generated_videos/surface_grid_5_hard.mp4
3959,12,289750,836,751544,-16.156723022460938,-7.1132659912109375,51.514617919921875,generated_videos/surface_grid_5_hard.mp4
3960,11,289858,840,754254,-16.617996215820312,-6.997184753417969,51.91225814819336,generated_videos/surface_grid_5_hard.mp4
3961,11,289960,809,754859,-14.08935546875,-6.675994873046875,50.83051300048828,generated_videos/surface_grid_5_hard.mp4
3962,9,290070,813,756444,-13.927734375,-5.8800048828125,50.445919036865234,generated_videos/surface_grid_5_hard.mp4
3963,13,290181,812,760579,-12.375885009765625,-5.4132232666015625,46.55194091796875,generated_videos/surface_grid_5_hard.mp4
3964,11,290294,811,766568,-12.535491943359375,-4.8384246826171875,42.776180267333984,generated_videos/surface_grid_5_hard.mp4
3965,12,290398,771,765766,-10.8828125,-3.898468017578125,41.50265121459961,generated_videos/surface_grid_5_hard.mp4
3966,10,290507,776,766032,-10.68121337890625,-3.8037109375,38.699684143066406,generated_videos/surface_grid_5_hard.mp4
3967,11,290608,783,767515,-11.35125732421875,-3.850189208984375,37.66830825805664,generated_videos/surface_grid_5_hard.mp4
3968,14,290702,788,767267,-12.728607177734375,-3.523866653442383,38.47381591796875,generated_videos/surface_grid_5_hard.mp4
3969,12,290797,803,766919,-14.042724609375,-3.9952392578125,40.5821418762207,generated_videos/surface_grid_5_hard.mp4
3970,15,290902,804,767317,-13.595046997070312,-4.6098480224609375,40.91673278808594,generated_videos/surface_grid_5_hard.mp4
3971,14,291000,810,768243,-13.816177368164062,-4.7985076904296875,39.54498291015625,generated_videos/surface_grid_5_hard.mp4
3972,14,291098,803,768707,-14.0679931640625,-4.7961273193359375,39.80241775512695,generated_videos/surface_grid_5_hard.mp4
3973,12,291196,815,771815,-14.269195556640625,-4.914764404296875,41.98063278198242,generated_videos/surface_grid_5_hard.mp4
3974,11,291296,828,773320,-14.965652465820312,-5.0339202880859375,38.92662811279297,generated_videos/surface_grid_5_hard.mp4
3975,13,291387,830,764247,-15.232894897460938,-5.295257568359375,41.9007568359375,generated_videos/surface_grid_5_hard.mp4
3976,12,291481,818,766398,-16.260421752929688,-5.547950744628906,44.234928131103516,generated_videos/surface_grid_5_hard.mp4
3977,12,291568,811,767615,-15.695709228515625,-6.8389892578125,46.46958541870117,generated_videos/surface_grid_5_hard.mp4
3978,14,291666,824,773197,-14.120132446289062,-6.69697380065918,44.379844665527344,generated_videos/surface_grid_5_hard.mp4
3979,16,291747,805,767526,-15.4324951171875,-6.9912567138671875,45.648380279541016,generated_videos/surface_grid_5_hard.mp4
3980,16,291844,816,770006,-14.6290283203125,-7.565982818603516,45.68871307373047,generated_videos/surface_grid_5_hard.mp4
3981,13,291928,816,771098,-14.783851623535156,-7.830135822296143,47.72130584716797,generated_videos/surface_grid_5_hard.mp4
3982,14,292021,824,771914,-15.793655395507812,-8.685312271118164,50.53255844116211,generated_videos/surface_grid_5_hard.mp4
3983,11,292105,828,773903,-18.429847717285156,-9.166824340820312,52.93964385986328,generated_videos/surface_grid_5_hard.mp4
3984,14,292201,838,773221,-19.289962768554688,-9.615234375,53.74529266357422,generated_videos/surface_grid_5_hard.mp4
3985,12,292288,833,772915,-19.866455078125,-10.168731689453125,56.058677673339844,generated_videos/surface_grid_5_hard.mp4
3986,14,292386,842,773565,-17.453529357910156,-9.462982177734375,54.89915466308594,generated_videos/surface_grid_5_hard.mp4
3987,16,292468,845,770859,-16.488840103149414,-9.489166259765625,54.985843658447266,generated_videos/surface_grid_5_hard.mp4
3988,14,292572,855,773700,-17.024429321289062,-9.395965576171875,54.447025299072266,generated_videos/surface_grid_5_hard.mp4
3989,15,292653,854,771604,-19.784603118896484,-9.866195678710938,57.53496551513672,generated_videos/surface_grid_5_hard.mp4
3990,15,292750,861,772420,-20.34796142578125,-9.53778076171875,58.85503387451172,generated_videos/surface_grid_5_hard.mp4
3991,15,292836,854,769828,-19.33965301513672,-10.146354675292969,60.86670684814453,generated_videos/surface_grid_5_hard.mp4
3992,13,292935,860,767508,-18.67681884765625,-10.41314697265625,61.92582321166992,generated_videos/surface_grid_5_hard.mp4
3993,14,293025,864,774984,-18.717636108398438,-10.462150573730469,62.808231353759766,generated_videos/surface_grid_5_hard.mp4
3994,14,293120,873,780666,-18.82269287109375,-9.968505859375,63.898780822753906,generated_videos/surface_grid_5_hard.mp4
3995,11,293212,877,784344,-19.53704833984375,-10.08929443359375,64.12251281738281,generated_videos/surface_grid_5_hard.mp4
3996,11,293298,867,782688,-19.301513671875,-10.77728271484375,65.74657440185547,generated_videos/surface_grid_5_hard.mp4
3997,17,293399,855,769333,-17.6597900390625,-11.126300811767578,65.06018829345703,generated_videos/surface_grid_5_hard.mp4
3998,18,293497,849,780201,-17.70989990234375,-11.583633422851562,65.92849731445312,generated_videos/surface_grid_5_hard.mp4
3999,15,293602,850,771753,-17.463623046875,-11.1170654296875,61.63442611694336,generated_videos/surface_grid_5_hard.mp4
4000,15,293704,850,770777,-17.996009826660156,-10.639663696289062,60.80517578125,generated_videos/surface_grid_5_hard.mp4
4001,13,293813,853,776528,-15.98114013671875,-8.644973754882812,57.51750946044922,generated_videos/surface_grid_5_hard.mp4
4002,12,293911,844,784292,-15.165985107421875,-7.8388671875,58.011268615722656,generated_videos/surface_grid_5_hard.mp4
4003,16,294002,848,785574,-15.9671630859375,-8.044692993164062,58.268436431884766,generated_videos/surface_grid_5_hard.mp4
4004,14,294096,841,780926,-17.664077758789062,-8.34881591796875,59.442928314208984,generated_videos/surface_grid_5_hard.mp4
4005,15,294173,835,782672,-20.807220458984375,-8.479890823364258,60.51711654663086,generated_videos/surface_grid_5_hard.mp4
4006,15,294265,829,776530,-19.0474853515625,-8.150177001953125,60.04770278930664,generated_videos/surface_grid_5_hard.mp4
4007,11,294369,845,789853,-18.229660034179688,-7.2227325439453125,58.92052459716797,generated_videos/surface_grid_5_hard.mp4
4008,11,294465,844,790055,-18.58978271484375,-7.067207336425781,60.45172882080078,generated_videos/surface_grid_5_hard.mp4
4009,10,294562,845,790839,-17.519683837890625,-5.992767333984375,60.61587142944336,generated_videos/surface_grid_5_hard.mp4
4010,9,294656,843,794067,-16.4976806640625,-6.1292724609375,61.10792541503906,generated_videos/surface_grid_5_hard.mp4
4011,12,294754,839,786781,-15.9849853515625,-6.0714111328125,59.04152297973633,generated_videos/surface_grid_5_hard.mp4
4012,13,294859,849,796195,-12.60931396484375,-5.631103515625,57.69648361206055,generated_videos/surface_grid_5_hard.mp4
4013,10,294946,844,798628,-14.072784423828125,-6.9103851318359375,59.11841583251953,generated_videos/surface_grid_5_hard.mp4
4014,13,295030,842,794508,-16.663986206054688,-7.5536346435546875,61.19341278076172,generated_videos/surface_grid_5_hard.mp4
4015,16,295122,848,790530,-17.216354370117188,-8.291763305664062,60.69256591796875,generated_videos/surface_grid_5_hard.mp4
4016,14,295213,845,803033,-15.387262344360352,-9.2860107421875,61.304691314697266,generated_videos/surface_grid_5_hard.mp4
4017,18,295303,806,761264,-11.076065063476562,-12.2900390625,62.027164459228516,generated_videos/surface_grid_5_hard.mp4
4018,15,295386,804,760332,-7.410654067993164,-12.712684631347656,61.684417724609375,generated_videos/surface_grid_5_hard.mp4
4019,19,295475,807,758884,-6.95361328125,-13.380218505859375,62.208919525146484,generated_videos/surface_grid_5_hard.mp4
4020,16,295591,839,803825,-3.3306121826171875,-10.994293212890625,54.67110061645508,generated_videos/surface_grid_5_hard.mp4
4021,18,295681,841,800313,-5.58831787109375,-10.600921630859375,55.150875091552734,generated_videos/surface_grid_5_hard.mp4
4022,18,295766,819,770046,-4.95849609375,-12.07086181640625,57.14088439941406,generated_videos/surface_grid_5_hard.mp4
4023,16,295893,851,806325,-0.9168701171875,-11.118621826171875,51.88412094116211,generated_videos/surface_grid_5_hard.mp4
4024,16,295978,795,768155,-3.0440673828125,-14.809478759765625,57.782371520996094,generated_videos/surface_grid_5_hard.mp4
4025,17,296098,813,796860,0.0,-10.472076416015625,50.56869888305664,generated_videos/surface_grid_5_hard.mp4
4026,16,296198,792,789644,-0.213623046875,-9.132537841796875,48.170738220214844,generated_videos/surface_grid_5_hard.mp4
4027,20,296292,792,800726,0.0,-8.184829711914062,50.984886169433594,generated_videos/surface_grid_5_hard.mp4
4028,19,296376,799,802159,-0.0863037109375,-7.5238037109375,48.85966110229492,generated_videos/surface_grid_5_hard.mp4
4029,22,296455,788,792813,-0.556640625,-7.562171936035156,51.363059997558594,generated_videos/surface_grid_5_hard.mp4
4030,22,296539,775,796636,0.0,-7.888031005859375,47.887393951416016,generated_videos/surface_grid_5_hard.mp4
4031,22,296627,777,800192,0.0,-7.976715087890625,49.673980712890625,generated_videos/surface_grid_5_hard.mp4
4032,19,296717,782,804245,0.0,-8.112686157226562,49.04387664794922,generated_videos/surface_grid_5_hard.mp4
4033,20,296798,777,806219,0.0,-8.35699462890625,50.47160720825195,generated_videos/surface_grid_5_hard.mp4
4034,21,296890,797,810716,0.0,-8.301116943359375,49.836631774902344,generated_videos/surface_grid_5_hard.mp4
4035,20,296974,803,809635,0.0,-7.744384765625,50.404998779296875,generated_videos/surface_grid_5_hard.mp4
4036,19,297058,802,810665,0.0,-8.025909423828125,51.246795654296875,generated_videos/surface_grid_5_hard.mp4
4037,21,297135,793,810527,0.0,-8.4635009765625,53.72738265991211,generated_videos/surface_grid_5_hard.mp4
4038,21,297215,787,812584,0.0,-8.1956787109375,53.119293212890625,generated_videos/surface_grid_5_hard.mp4
4039,19,297305,797,815712,0.0,-7.79296875,53.68757629394531,generated_videos/surface_grid_5_hard.mp4
4040,18,297400,806,820047,0.0,-7.83416748046875,54.20298767089844,generated_videos/surface_grid_5_hard.mp4
4041,15,297486,813,832794,0.0,-6.507720947265625,54.92415237426758,generated_videos/surface_grid_5_hard.mp4
4042,16,297566,801,831391,0.0,-6.36517333984375,54.914546966552734,generated_videos/surface_grid_5_hard.mp4
4043,18,297655,793,827948,0.0,-7.4926910400390625,55.876487731933594,generated_videos/surface_grid_5_hard.mp4
4044,18,297748,783,823114,0.0,-7.5126953125,57.01846694946289,generated_videos/surface_grid_5_hard.mp4
4045,18,297837,788,829297,0.0,-7.1422119140625,56.76475143432617,generated_videos/surface_grid_5_hard.mp4
4046,17,297924,801,828480,0.0,-6.530265808105469,56.14034652709961,generated_videos/surface_grid_5_hard.mp4
4047,15,298012,797,826290,0.0,-6.434051513671875,56.877559661865234,generated_videos/surface_grid_5_hard.mp4
4048,15,298109,790,824947,0.0,-6.397407531738281,55.591163635253906,generated_videos/surface_grid_5_hard.mp4
4049,19,298201,788,818133,0.0,-7.06927490234375,57.17304229736328,generated_videos/surface_grid_5_hard.mp4
4050,18,298299,789,820220,0.0,-5.7621002197265625,55.70332717895508,generated_videos/surface_grid_5_hard.mp4
4051,15,298389,785,818944,0.0,-6.39794921875,56.32255554199219,generated_videos/surface_grid_5_hard.mp4
4052,14,298484,786,817884,0.0,-6.293743133544922,55.883209228515625,generated_videos/surface_grid_5_hard.mp4
4053,15,298574,763,814938,0.0,-8.355316162109375,54.90248107910156,generated_videos/surface_grid_5_hard.mp4
4054,15,298682,766,809339,0.0,-8.077362060546875,53.587005615234375,generated_videos/surface_grid_5_hard.mp4
4055,16,298792,761,806739,0.0,-9.438934326171875,49.445159912109375,generated_videos/surface_grid_5_hard.mp4
4056,14,298904,763,805812,0.0,-10.097198486328125,50.03253936767578,generated_videos/surface_grid_5_hard.mp4
4057,17,299015,763,801586,0.0,-11.126617431640625,51.014793395996094,generated_videos/surface_grid_5_hard.mp4
4058,13,299117,755,801211,0.0,-12.873321533203125,52.81903076171875,generated_videos/surface_grid_5_hard.mp4
4059,14,299226,760,801370,0.0,-13.528533935546875,52.621368408203125,generated_videos/surface_grid_5_hard.mp4
4060,16,299337,751,798967,0.0,-15.536285400390625,52.51400375366211,generated_videos/surface_grid_5_hard.mp4
4061,13,299456,755,799338,0.0,-15.643171310424805,50.50952911376953,generated_videos/surface_grid_5_hard.mp4
4062,14,299562,759,797420,0.0,-16.522323608398438,51.93936538696289,generated_videos/surface_grid_5_hard.mp4
4063,12,299680,765,795924,0.0,-16.92578125,51.923465728759766,generated_videos/surface_grid_5_hard.mp4
4064,13,299783,750,792956,0.0,-17.786338806152344,53.03733444213867,generated_videos/surface_grid_5_hard.mp4
4065,15,299893,757,791995,0.0,-17.26300048828125,53.27092361450195,generated_videos/surface_grid_5_hard.mp4
4066,14,299998,748,789935,0.0,-17.363739013671875,53.693687438964844,generated_videos/surface_grid_5_hard.mp4
4067,15,300118,757,788122,0.0,-16.299102783203125,53.54907989501953,generated_videos/surface_grid_5_hard.mp4
4068,12,300237,754,787662,0.0,-15.853343963623047,54.215057373046875,generated_videos/surface_grid_5_hard.mp4
4069,14,300341,743,782543,0.0,-15.430511474609375,53.726871490478516,generated_videos/surface_grid_5_hard.mp4
4070,15,300452,748,782161,0.0,-14.824447631835938,54.0574951171875,generated_videos/surface_grid_5_hard.mp4
4071,17,300563,741,778513,0.0,-15.48093032836914,54.08598709106445,generated_videos/surface_grid_5_hard.mp4
4072,16,300677,740,776751,0.0,-15.339225769042969,53.12534713745117,generated_videos/surface_grid_5_hard.mp4
4073,15,300793,740,773721,0.0,-14.918319702148438,52.97287368774414,generated_videos/surface_grid_5_hard.mp4
4074,15,300911,741,773582,0.0,-14.78729248046875,53.534934997558594,generated_videos/surface_grid_5_hard.mp4
4075,15,301017,735,773250,0.0,-15.179092407226562,53.031856536865234,generated_videos/surface_grid_5_hard.mp4
4076,13,301130,733,775535,0.0,-15.270767211914062,52.621124267578125,generated_videos/surface_grid_5_hard.mp4
4077,12,301240,727,773714,0.0,-15.219953536987305,52.61335372924805,generated_videos/surface_grid_5_hard.mp4
4078,14,301351,733,775850,0.0,-15.237579345703125,52.56929397583008,generated_videos/surface_grid_5_hard.mp4
4079,13,301457,740,775475,0.0,-14.48809814453125,53.66913604736328,generated_videos/surface_grid_5_hard.mp4
4080,11,301559,742,775340,0.0,-14.21038818359375,53.24763870239258,generated_videos/surface_grid_5_hard.mp4
4081,13,301667,741,775388,0.0,-13.656005859375,53.48838424682617,generated_videos/surface_grid_5_hard.mp4
4082,12,301774,736,774191,0.0,-14.294639587402344,54.998512268066406,generated_videos/surface_grid_5_hard.mp4
4083,11,301889,731,775792,0.0,-14.267181396484375,54.19956970214844,generated_videos/surface_grid_5_hard.mp4
4084,14,302007,738,776595,0.0,-13.256393432617188,52.401390075683594,generated_videos/surface_grid_5_hard.mp4
4085,12,302134,750,779302,0.0,-12.1624755859375,50.06371307373047,generated_videos/surface_grid_5_hard.mp4
4086,12,302257,754,784510,0.0,-10.658424377441406,48.365509033203125,generated_videos/surface_grid_5_hard.mp4
4087,11,302374,745,783612,0.0,-11.4520263671875,49.36684036254883,generated_videos/surface_grid_5_hard.mp4
4088,10,302491,743,780076,0.0,-10.976806640625,50.2608757019043,generated_videos/surface_grid_5_hard.mp4
4089,10,302608,737,776359,0.0,-10.666595458984375,49.08690643310547,generated_videos/surface_grid_5_hard.mp4
4090,14,302723,730,769118,0.0,-10.995368957519531,50.62917709350586,generated_videos/surface_grid_5_hard.mp4
4091,13,302828,723,767552,0.0,-11.088821411132812,51.864192962646484,generated_videos/surface_grid_5_hard.mp4
4092,12,302954,724,764722,0.0,-10.225190162658691,47.937984466552734,generated_videos/surface_grid_5_hard.mp4
4093,14,303064,721,762156,0.0,-10.271655082702637,50.06572341918945,generated_videos/surface_grid_5_hard.mp4
4094,14,303171,722,760924,0.0,-10.631027221679688,50.86585998535156,generated_videos/surface_grid_5_hard.mp4
4095,17,303278,721,758701,0.0,-11.004522323608398,53.14575958251953,generated_videos/surface_grid_5_hard.mp4
4096,17,303379,716,757487,0.0,-10.798530578613281,51.855323791503906,generated_videos/surface_grid_5_hard.mp4
4097,16,303478,714,755795,0.0,-10.768524169921875,51.79741668701172,generated_videos/surface_grid_5_hard.mp4
4098,14,303574,712,756356,0.0,-10.5582275390625,51.57416534423828,generated_videos/surface_grid_5_hard.mp4
4099,15,303668,699,756223,0.0,-11.258895874023438,52.002750396728516,generated_videos/surface_grid_5_hard.mp4
4100,14,303771,706,762703,0.0,-10.81005859375,51.58659744262695,generated_videos/surface_grid_5_hard.mp4
4101,15,303865,707,759442,0.0,-12.180984497070312,52.530094146728516,generated_videos/surface_grid_5_hard.mp4
4102,16,303956,711,759322,0.0,-12.182571411132812,53.22722625732422,generated_videos/surface_grid_5_hard.mp4
4103,18,304047,711,757843,0.0,-12.154144287109375,54.54352569580078,generated_videos/surface_grid_5_hard.mp4
4104,18,304136,715,759644,0.0,-11.834716796875,52.655399322509766,generated_videos/surface_grid_5_hard.mp4
4105,17,304224,724,765487,0.0,-11.331130981445312,53.23320007324219,generated_videos/surface_grid_5_hard.mp4
4106,17,304309,728,765540,0.0,-10.348457336425781,52.5947265625,generated_videos/surface_grid_5_hard.mp4
4107,18,304403,734,771157,0.0,-9.791427612304688,53.577613830566406,generated_videos/surface_grid_5_hard.mp4
4108,16,304477,720,769774,-0.10723876953125,-10.267745971679688,56.70478439331055,generated_videos/surface_grid_5_hard.mp4
4109,17,304558,725,769157,-0.200927734375,-9.64752197265625,57.00969314575195,generated_videos/surface_grid_5_hard.mp4
4110,13,304643,734,778566,-0.04693603515625,-9.207958221435547,57.312408447265625,generated_videos/surface_grid_5_hard.mp4
4111,15,304725,732,782539,0.0,-9.572952270507812,58.34956359863281,generated_videos/surface_grid_5_hard.mp4
4112,14,304800,730,784763,-0.332611083984375,-9.211763381958008,56.92353439331055,generated_videos/surface_grid_5_hard.mp4
4113,12,304876,733,787979,-0.8018798828125,-8.230422973632812,56.7651252746582,generated_videos/surface_grid_5_hard.mp4
4114,14,304952,732,788870,0.0,-8.146724700927734,54.43838882446289,generated_videos/surface_grid_5_hard.mp4
4115,12,305032,735,792432,-0.42669677734375,-8.296829223632812,54.63996505737305,generated_videos/surface_grid_5_hard.mp4
4116,10,305111,747,796399,-1.28570556640625,-7.60662841796875,54.519203186035156,generated_videos/surface_grid_5_hard.mp4
4117,12,305188,746,796067,-0.4157257080078125,-8.462112426757812,55.501258850097656,generated_videos/surface_grid_5_hard.mp4
4118,12,305282,763,806034,0.0,-7.654632568359375,55.45345687866211,generated_videos/surface_grid_5_hard.mp4
4119,15,305377,760,802188,0.0,-8.563652038574219,55.16851043701172,generated_videos/surface_grid_5_hard.mp4
4120,14,305482,764,809361,0.0,-9.658309936523438,52.168426513671875,generated_videos/surface_grid_5_hard.mp4
4121,17,305584,776,812021,-0.03668212890625,-11.454139709472656,53.04053497314453,generated_videos/surface_grid_5_hard.mp4
4122,17,305699,784,822285,0.0,-11.904525756835938,51.97279357910156,generated_videos/surface_grid_5_hard.mp4
4123,17,305806,798,828133,-0.411956787109375,-13.210319519042969,50.97587585449219,generated_videos/surface_grid_5_hard.mp4
4124,17,305937,819,837995,-0.2017822265625,-14.642097473144531,51.00109100341797,generated_videos/surface_grid_5_hard.mp4
4125,18,306065,829,834643,-0.275634765625,-16.083953857421875,52.09410095214844,generated_videos/surface_grid_5_hard.mp4
4126,15,306189,831,836773,-1.177001953125,-18.7509765625,54.299537658691406,generated_videos/surface_grid_5_hard.mp4
4127,19,306317,837,834008,-1.57305908203125,-20.335205078125,54.6770133972168,generated_videos/surface_grid_5_hard.mp4
4128,16,306446,835,835784,-1.55078125,-21.922439575195312,56.779640197753906,generated_videos/surface_grid_5_hard.mp4
4129,14,306564,829,835445,-2.92584228515625,-23.487701416015625,59.47221755981445,generated_videos/surface_grid_5_hard.mp4
4130,14,306685,833,837178,-2.63006591796875,-24.669677734375,60.38267135620117,generated_videos/surface_grid_5_hard.mp4
4131,15,306814,836,837885,-2.60528564453125,-24.312538146972656,59.57244873046875,generated_videos/surface_grid_5_hard.mp4
4132,16,306927,824,838020,-4.013824462890625,-23.880416870117188,60.953338623046875,generated_videos/surface_grid_5_hard.mp4
4133,14,307058,843,839482,-3.76708984375,-23.040809631347656,59.39171600341797,generated_videos/surface_grid_5_hard.mp4
4134,13,307176,845,846283,-4.55322265625,-22.000457763671875,59.715457916259766,generated_videos/surface_grid_5_hard.mp4
4135,15,307307,856,849172,-5.114166259765625,-20.897560119628906,60.74881362915039,generated_videos/surface_grid_5_hard.mp4
4136,16,307432,849,849504,-5.4583740234375,-19.70843505859375,59.87385177612305,generated_videos/surface_grid_5_hard.mp4
4137,14,307557,858,850286,-6.175689697265625,-17.003189086914062,58.033199310302734,generated_videos/surface_grid_5_hard.mp4
4138,12,307686,856,850402,-8.2646484375,-16.689117431640625,58.99053955078125,generated_videos/surface_grid_5_hard.mp4
4139,14,307808,866,850584,-8.5247802734375,-15.803388595581055,58.503780364990234,generated_videos/surface_grid_5_hard.mp4
4140,16,307932,860,849914,-9.189544677734375,-16.00482177734375,60.8865966796875,generated_videos/surface_grid_5_hard.mp4
4141,12,308061,860,850390,-9.168670654296875,-16.540000915527344,59.58979034423828,generated_videos/surface_grid_5_hard.mp4
4142,17,308213,862,854157,-8.429290771484375,-13.860092163085938,55.39581298828125,generated_videos/surface_grid_5_hard.mp4
4143,13,308368,852,855373,-6.5964508056640625,-13.140777587890625,51.926605224609375,generated_videos/surface_grid_5_hard.mp4
4144,12,308520,853,853929,-6.9532470703125,-14.674186706542969,51.04241180419922,generated_videos/surface_grid_5_hard.mp4
4145,14,308663,855,848936,-8.6866455078125,-17.039764404296875,56.63947677612305,generated_videos/surface_grid_5_hard.mp4
4146,11,308813,871,854005,-7.68182373046875,-14.91583251953125,53.20621871948242,generated_videos/surface_grid_5_hard.mp4
4147,11,308958,877,866077,-7.6029052734375,-15.733642578125,51.60254669189453,generated_videos/surface_grid_5_hard.mp4
4148,10,309109,871,856229,-7.375396728515625,-17.970962524414062,54.216304779052734,generated_videos/surface_grid_5_hard.mp4
4149,13,309261,875,847155,-7.26556396484375,-21.780914306640625,56.38419723510742,generated_videos/surface_grid_5_hard.mp4
4150,13,309416,883,851195,-6.20159912109375,-24.568389892578125,55.43487548828125,generated_videos/surface_grid_5_hard.mp4
4151,13,309576,892,854025,-5.088623046875,-26.483089447021484,56.515140533447266,generated_videos/surface_grid_5_hard.mp4
4152,13,309745,877,852304,-3.696929931640625,-25.068267822265625,51.63652038574219,generated_videos/surface_grid_5_hard.mp4
4153,11,309920,871,860824,-2.64599609375,-23.624114990234375,51.62254333496094,generated_videos/surface_grid_5_hard.mp4
4154,10,310114,865,866720,0.0,-22.762939453125,49.51434326171875,generated_videos/surface_grid_5_hard.mp4
4155,13,310299,851,860954,0.0,-23.697357177734375,49.68309020996094,generated_videos/surface_grid_5_hard.mp4
4156,15,310490,837,852474,0.0,-20.71954345703125,47.10448455810547,generated_videos/surface_grid_5_hard.mp4
4157,10,310671,844,856727,-0.696990966796875,-18.111480712890625,45.52595901489258,generated_videos/surface_grid_5_hard.mp4
4158,10,310831,835,854161,-1.87353515625,-14.03314208984375,45.65260696411133,generated_videos/surface_grid_5_hard.mp4
4159,12,310994,847,851733,-1.2018966674804688,-7.459320068359375,44.327510833740234,generated_videos/surface_grid_5_hard.mp4
4160,10,311153,856,862196,-2.3913650512695312,-1.1319427490234375,42.024810791015625,generated_videos/surface_grid_5_hard.mp4
4161,13,311299,844,852220,-3.736297607421875,0.0,40.35736846923828,generated_videos/surface_grid_5_hard.mp4
4162,13,311431,846,851040,-4.429435729980469,0.0,37.635711669921875,generated_videos/surface_grid_5_hard.mp4
4163,12,311573,848,849841,-4.718543529510498,0.0,34.89949035644531,generated_videos/surface_grid_5_hard.mp4
4164,10,311715,858,858146,-3.8395156860351562,0.0,33.854583740234375,generated_videos/surface_grid_5_hard.mp4
4165,11,311836,859,854786,-5.761932373046875,0.0,35.023529052734375,generated_videos/surface_grid_5_hard.mp4
4166,11,311968,859,847979,-3.8792724609375,0.0,37.6021728515625,generated_videos/surface_grid_5_hard.mp4
4167,12,312089,864,846049,-3.773521900177002,1.024078369140625,38.879058837890625,generated_videos/surface_grid_5_hard.mp4
4168,12,312212,873,852232,-3.93115234375,0.24860668182373047,40.578224182128906,generated_videos/surface_grid_5_hard.mp4
4169,13,312334,872,843283,-4.726287841796875,0.0,40.960872650146484,generated_videos/surface_grid_5_hard.mp4
4170,14,312465,872,845380,-4.482635498046875,0.0,40.56745147705078,generated_videos/surface_grid_5_hard.mp4
4171,14,312585,858,839963,-5.5283966064453125,0.0,40.11823272705078,generated_videos/surface_grid_5_hard.mp4
4172,17,312714,866,836527,-4.582916259765625,0.0,40.282684326171875,generated_videos/surface_grid_5_hard.mp4
4173,12,312843,875,841602,-3.71197509765625,-0.3637523651123047,41.25981903076172,generated_videos/surface_grid_5_hard.mp4
4174,9,312966,876,842452,-3.870853900909424,-3.93560791015625,43.88727569580078,generated_videos/surface_grid_5_hard.mp4
4175,9,313105,882,842270,-3.060546875,-6.2731475830078125,46.15324020385742,generated_videos/surface_grid_5_hard.mp4
4176,13,313233,870,834189,-3.3499526977539062,-7.962303638458252,48.924217224121094,generated_videos/surface_grid_5_hard.mp4
4177,14,313358,872,833362,-3.128143310546875,-10.401508331298828,51.212005615234375,generated_videos/surface_grid_5_hard.mp4
4178,16,313475,863,829926,-3.72979736328125,-12.23977279663086,53.03974151611328,generated_videos/surface_grid_5_hard.mp4
4179,20,313589,854,824099,-4.665138244628906,-11.67791748046875,53.78889465332031,generated_videos/surface_grid_5_hard.mp4
4180,18,313715,866,826052,-2.9156341552734375,-9.800064086914062,52.083740234375,generated_videos/surface_grid_5_hard.mp4
4181,17,313826,871,825270,-3.2567138671875,-8.87579345703125,51.94145965576172,generated_videos/surface_grid_5_hard.mp4
4182,18,313931,861,820873,-3.83612060546875,-8.32668399810791,52.566261291503906,generated_videos/surface_grid_5_hard.mp4
4183,16,314037,859,821495,-4.8609619140625,-5.894134521484375,51.696746826171875,generated_videos/surface_grid_5_hard.mp4
4184,17,314149,875,820529,-4.315673828125,-3.264251708984375,51.730377197265625,generated_videos/surface_grid_5_hard.mp4
4185,19,314255,878,819668,-3.953460693359375,-1.8860774040222168,52.31980895996094,generated_videos/surface_grid_5_hard.mp4
4186,17,314356,881,821516,-3.0654296875,-1.5597991943359375,52.86652755737305,generated_videos/surface_grid_5_hard.mp4
4187,16,314464,897,822023,-2.99627685546875,-0.9764251708984375,51.428958892822266,generated_videos/surface_grid_5_hard.mp4
4188,21,314568,907,821425,-4.4964599609375,-1.14727783203125,50.869789123535156,generated_videos/surface_grid_5_hard.mp4
4189,18,314661,903,822393,-4.50738525390625,-1.5677032470703125,51.062164306640625,generated_videos/surface_grid_5_hard.mp4
4190,17,314770,902,819129,-2.7531280517578125,-1.7557601928710938,50.33263397216797,generated_videos/surface_grid_5_hard.mp4
4191,16,314871,909,823099,-3.091094970703125,-2.2327880859375,50.807830810546875,generated_videos/surface_grid_5_hard.mp4
4192,15,314955,908,819862,-4.088266372680664,-3.191788673400879,52.83099365234375,generated_videos/surface_grid_5_hard.mp4
4193,15,315054,920,819252,-4.735382080078125,-4.123390197753906,53.596988677978516,generated_videos/surface_grid_5_hard.mp4
4194,21,315156,924,817778,-4.544120788574219,-4.8061981201171875,56.8118896484375,generated_videos/surface_grid_5_hard.mp4
4195,20,315255,933,819713,-4.01397705078125,-5.181307792663574,58.14762878417969,generated_videos/surface_grid_5_hard.mp4
4196,18,315357,929,821607,-3.96551513671875,-5.6543731689453125,57.077239990234375,generated_videos/surface_grid_5_hard.mp4
4197,19,315454,922,819596,-2.596588134765625,-6.288360595703125,58.04491424560547,generated_videos/surface_grid_5_hard.mp4
4198,15,315564,930,819136,-3.0171661376953125,-6.495372772216797,56.163307189941406,generated_videos/surface_grid_5_hard.mp4
4199,17,315665,924,819525,-3.911468505859375,-7.0142669677734375,56.21138000488281,generated_videos/surface_grid_5_hard.mp4
4200,16,315784,929,818601,-2.477020263671875,-5.2698822021484375,56.786521911621094,generated_videos/surface_grid_5_hard.mp4
4201,16,315884,929,822450,-3.50762939453125,-5.549546241760254,58.31503677368164,generated_videos/surface_grid_5_hard.mp4
4202,16,315993,931,820296,-3.2225341796875,-5.9358978271484375,58.85470962524414,generated_videos/surface_grid_5_hard.mp4
4203,16,316102,930,820208,-3.2741966247558594,-5.39208984375,56.87800598144531,generated_videos/surface_grid_5_hard.mp4
4204,16,316207,915,823278,-1.88275146484375,-4.48358154296875,54.81006622314453,generated_videos/surface_grid_5_hard.mp4
4205,15,316312,917,821925,-2.5731353759765625,-4.572502136230469,54.898223876953125,generated_videos/surface_grid_5_hard.mp4
4206,17,316427,931,822940,-2.6058349609375,-3.92266845703125,55.20527267456055,generated_videos/surface_grid_5_hard.mp4
4207,17,316532,925,824407,-2.69329833984375,-3.733978271484375,54.74095153808594,generated_videos/surface_grid_5_hard.mp4
4208,17,316633,933,830296,-2.67401123046875,-3.69879150390625,56.509971618652344,generated_videos/surface_grid_5_hard.mp4
4209,13,316750,938,830809,-0.7117919921875,-2.9881591796875,51.845672607421875,generated_videos/surface_grid_5_hard.mp4
4210,13,316868,945,831330,-1.2052001953125,-3.066497802734375,51.13433074951172,generated_videos/surface_grid_5_hard.mp4
4211,12,316965,917,827942,-2.42156982421875,-3.5946044921875,52.72480392456055,generated_videos/surface_grid_5_hard.mp4
4212,14,317078,914,825871,-0.187255859375,-3.7847442626953125,53.82963562011719,generated_videos/surface_grid_5_hard.mp4
4213,13,317190,906,828012,-0.043487548828125,-4.68231201171875,53.83013153076172,generated_videos/surface_grid_5_hard.mp4
4214,12,317309,885,827117,0.0,-4.6173095703125,49.973819732666016,generated_videos/surface_grid_5_hard.mp4
4215,10,317433,873,831586,0.0,-4.59954833984375,46.176631927490234,generated_videos/surface_grid_5_hard.mp4
4216,13,317552,871,827974,0.0,-4.505584716796875,46.226951599121094,generated_videos/surface_grid_5_hard.mp4
4217,10,317669,882,831674,0.0,-5.262542724609375,44.43404006958008,generated_videos/surface_grid_5_hard.mp4
4218,10,317776,888,836282,0.0,-5.9027252197265625,45.603145599365234,generated_videos/surface_grid_5_hard.mp4
4219,11,317905,907,831643,0.0,-5.52392578125,44.41279983520508,generated_videos/surface_grid_5_hard.mp4
4220,13,318021,917,833568,0.0,-6.459075927734375,47.3753776550293,generated_videos/surface_grid_5_hard.mp4
4221,16,318132,917,833665,0.0,-6.6141357421875,47.13295364379883,generated_videos/surface_grid_5_hard.mp4
4222,13,318243,920,832181,0.0,-6.8102264404296875,51.18738555908203,generated_videos/surface_grid_5_hard.mp4
4223,14,318357,925,828898,0.0,-6.95306396484375,50.73709487915039,generated_videos/surface_grid_5_hard.mp4
4224,15,318464,926,826831,-0.3168487548828125,-8.077812194824219,51.12528610229492,generated_videos/surface_grid_5_hard.mp4
4225,13,318568,929,827262,-0.71240234375,-8.595382690429688,53.71121597290039,generated_videos/surface_grid_5_hard.mp4
4226,15,318683,941,827295,-1.55804443359375,-9.025390625,55.31903839111328,generated_videos/surface_grid_5_hard.mp4
4227,15,318801,948,829595,-1.5372467041015625,-9.184814453125,54.648582458496094,generated_videos/surface_grid_5_hard.mp4
4228,15,318908,943,827464,-3.08477783203125,-9.614715576171875,57.3375244140625,generated_videos/surface_grid_5_hard.mp4
4229,16,319018,948,826534,-2.205596923828125,-9.254461288452148,57.15763473510742,generated_videos/surface_grid_5_hard.mp4
4230,21,319128,944,824291,-2.689788818359375,-8.285240173339844,57.762123107910156,generated_videos/surface_grid_5_hard.mp4
4231,21,319242,952,825284,-3.920501708984375,-7.3437910079956055,58.212074279785156,generated_videos/surface_grid_5_hard.mp4
4232,16,319356,954,824869,-4.4175262451171875,-7.564755916595459,59.006370544433594,generated_videos/surface_grid_5_hard.mp4
4233,19,319464,957,826810,-4.476318359375,-7.047149658203125,57.027793884277344,generated_videos/surface_grid_5_hard.mp4
4234,18,319575,957,826848,-5.03741455078125,-8.14892578125,59.1506462097168,generated_videos/surface_grid_5_hard.mp4
4235,17,319692,949,831135,-3.48321533203125,-7.513214111328125,57.7192268371582,generated_videos/surface_grid_5_hard.mp4
4236,14,319804,934,831208,-3.533905029296875,-7.612983703613281,58.016822814941406,generated_videos/surface_grid_5_hard.mp4
4237,17,319923,871,830844,0.0,-5.7774505615234375,48.3791618347168,generated_videos/surface_grid_5_hard.mp4
4238,24,320049,876,826812,0.0,-5.913726806640625,47.519927978515625,generated_videos/surface_grid_5_hard.mp4
4239,15,320172,868,829407,0.0,-4.9789886474609375,45.10237121582031,generated_videos/surface_grid_5_hard.mp4
4240,16,320284,872,826296,0.0,-5.349853515625,46.73733901977539,generated_videos/surface_grid_5_hard.mp4
4241,14,320395,877,828086,-0.12188720703125,-6.272624969482422,46.77693557739258,generated_videos/surface_grid_5_hard.mp4
4242,17,320495,871,825431,-1.668060302734375,-7.07440185546875,48.37557601928711,generated_videos/surface_grid_5_hard.mp4
4243,23,320596,873,820299,-1.44140625,-7.643035888671875,48.23735427856445,generated_videos/surface_grid_5_hard.mp4
4244,20,320698,880,824254,-2.052093505859375,-7.7660369873046875,49.773277282714844,generated_videos/surface_grid_5_hard.mp4
4245,22,320804,890,823880,-2.370819091796875,-7.317130088806152,48.864036560058594,generated_videos/surface_grid_5_hard.mp4
4246,21,320893,881,820431,-3.6348876953125,-7.5423126220703125,51.40443420410156,generated_videos/surface_grid_5_hard.mp4
4247,18,320997,891,822239,-3.922332763671875,-7.19952392578125,51.5014533996582,generated_videos/surface_grid_5_hard.mp4
4248,12,321101,900,823813,-4.7257232666015625,-6.3424835205078125,52.145263671875,generated_videos/surface_grid_5_hard.mp4
4249,14,321199,900,819735,-4.70941162109375,-6.044975280761719,50.755470275878906,generated_videos/surface_grid_5_hard.mp4
4250,15,321292,906,818745,-5.9900360107421875,-5.8026885986328125,52.350181579589844,generated_videos/surface_grid_5_hard.mp4
4251,16,321395,914,816164,-6.488983154296875,-5.4379730224609375,53.649471282958984,generated_videos/surface_grid_5_hard.mp4
4252,19,321487,903,812670,-8.21142578125,-6.063262939453125,56.06783676147461,generated_videos/surface_grid_5_hard.mp4
4253,17,321583,910,815548,-8.731277465820312,-5.9368438720703125,58.45127868652344,generated_videos/surface_grid_5_hard.mp4
4254,22,321678,902,814986,-8.522727966308594,-6.5107269287109375,60.86979675292969,generated_videos/surface_grid_5_hard.mp4
4255,18,321778,912,808778,-8.23028564453125,-6.43328857421875,60.35643005371094,generated_videos/surface_grid_5_hard.mp4
4256,16,321864,913,805976,-9.1539306640625,-6.843780517578125,62.831329345703125,generated_videos/surface_grid_5_hard.mp4
4257,16,321955,905,804594,-9.903656005859375,-8.039413452148438,63.21223449707031,generated_videos/surface_grid_5_hard.mp4
4258,16,322047,901,798938,-10.33587646484375,-9.50384521484375,63.5093994140625,generated_videos/surface_grid_5_hard.mp4
4259,17,322141,907,795494,-10.41015625,-10.29339599609375,63.01226043701172,generated_videos/surface_grid_5_hard.mp4
4260,14,322226,897,791240,-11.9556884765625,-9.54534912109375,64.60206604003906,generated_videos/surface_grid_5_hard.mp4
4261,15,322314,896,787968,-12.429061889648438,-10.483932495117188,65.98468780517578,generated_videos/surface_grid_5_hard.mp4
4262,15,322409,911,790305,-11.99249267578125,-10.763252258300781,66.13195037841797,generated_videos/surface_grid_5_hard.mp4
4263,12,322494,920,789875,-12.123931884765625,-10.613357543945312,68.34561157226562,generated_videos/surface_grid_5_hard.mp4
4264,16,322582,924,785588,-12.60467529296875,-11.766891479492188,70.19345092773438,generated_videos/surface_grid_5_hard.mp4
4265,13,322675,928,787059,-11.339141845703125,-11.540725708007812,67.01248931884766,generated_videos/surface_grid_5_hard.mp4
4266,15,322764,933,788556,-12.7625732421875,-11.796051025390625,66.42625427246094,generated_videos/surface_grid_5_hard.mp4
4267,16,322841,936,789661,-13.273967742919922,-12.323562622070312,66.65548706054688,generated_videos/surface_grid_5_hard.mp4
4268,12,322936,942,789887,-13.065933227539062,-11.810981750488281,66.20824432373047,generated_videos/surface_grid_5_hard.mp4
4269,11,323018,930,788929,-13.44622802734375,-11.478652954101562,66.8420639038086,generated_videos/surface_grid_5_hard.mp4
4270,14,323116,936,786849,-12.597869873046875,-11.324150085449219,66.88090515136719,generated_videos/surface_grid_5_hard.mp4
4271,14,323209,925,789115,-13.04010009765625,-11.2158203125,64.8288803100586,generated_videos/surface_grid_5_hard.mp4
4272,16,323308,885,788580,-11.902069091796875,-10.28997802734375,59.39222717285156,generated_videos/surface_grid_5_hard.mp4
4273,14,323395,880,789943,-12.307342529296875,-10.545272827148438,57.227882385253906,generated_videos/surface_grid_5_hard.mp4
4274,13,323498,881,794527,-11.57666015625,-9.39727783203125,54.8514289855957,generated_videos/surface_grid_5_hard.mp4
4275,13,323586,870,793209,-11.1781005859375,-9.713203430175781,54.334083557128906,generated_videos/surface_grid_5_hard.mp4
4276,12,323684,872,793933,-11.246719360351562,-9.756582260131836,51.557010650634766,generated_videos/surface_grid_5_hard.mp4
4277,11,323775,870,794673,-11.290847778320312,-8.678455352783203,51.63008117675781,generated_videos/surface_grid_5_hard.mp4
4278,10,323873,872,796925,-11.651092529296875,-8.6971435546875,50.80558776855469,generated_videos/surface_grid_5_hard.mp4
4279,11,323958,871,796873,-12.501708984375,-8.877288818359375,49.85390090942383,generated_videos/surface_grid_5_hard.mp4
4280,11,324048,877,797777,-13.16650390625,-9.3746337890625,49.21868133544922,generated_videos/surface_grid_5_hard.mp4
4281,11,324131,869,799554,-13.672027587890625,-10.131515502929688,50.594783782958984,generated_videos/surface_grid_5_hard.mp4
4282,12,324215,857,799753,-13.555908203125,-11.739852905273438,51.13075256347656,generated_videos/surface_grid_5_hard.mp4
4283,14,324312,860,801367,-12.399139404296875,-11.1405029296875,52.22984313964844,generated_videos/surface_grid_5_hard.mp4
4284,10,324403,874,806057,-12.015853881835938,-10.922882080078125,54.600303649902344,generated_videos/surface_grid_5_hard.mp4
4285,12,324494,878,804359,-13.047833442687988,-11.473430633544922,57.442604064941406,generated_videos/surface_grid_5_hard.mp4
4286,14,324578,884,804199,-14.157119750976562,-11.292976379394531,60.28981018066406,generated_videos/surface_grid_5_hard.mp4
4287,12,324681,888,807889,-13.37176513671875,-10.016448974609375,60.689369201660156,generated_videos/surface_grid_5_hard.mp4
4288,11,324774,897,808894,-12.9835205078125,-9.9632568359375,61.805233001708984,generated_videos/surface_grid_5_hard.mp4
4289,10,324869,902,810825,-13.233940124511719,-10.656471252441406,62.1427001953125,generated_videos/surface_grid_5_hard.mp4
4290,12,324973,913,811719,-12.851531982421875,-8.615447998046875,62.50975799560547,generated_videos/surface_grid_5_hard.mp4
4291,13,325076,923,817091,-13.592742919921875,-7.5303497314453125,61.66741943359375,generated_videos/surface_grid_5_hard.mp4
4292,15,325171,921,815787,-13.58184814453125,-8.17706298828125,61.56026077270508,generated_videos/surface_grid_5_hard.mp4
4293,14,325268,930,818508,-14.183670043945312,-8.522857666015625,62.58507537841797,generated_videos/surface_grid_5_hard.mp4
4294,14,325362,923,819332,-13.41400146484375,-9.154510498046875,64.16678619384766,generated_videos/surface_grid_5_hard.mp4
4295,14,325455,924,821211,-12.664287567138672,-10.129638671875,62.97260284423828,generated_videos/surface_grid_5_hard.mp4
4296,16,325550,916,814338,-13.048690795898438,-10.152656555175781,63.721107482910156,generated_videos/surface_grid_5_hard.mp4
4297,12,325646,920,824085,-13.574028015136719,-9.935073852539062,61.05970764160156,generated_videos/surface_grid_5_hard.mp4
4298,15,325747,913,825166,-10.845703125,-9.401458740234375,59.37076950073242,generated_videos/surface_grid_5_hard.mp4
4299,12,325846,908,826403,-10.401611328125,-8.991226196289062,57.89249038696289,generated_videos/surface_grid_5_hard.mp4
4300,16,325974,883,824576,-6.4603271484375,-7.134368896484375,46.55424118041992,generated_videos/surface_grid_5_hard.mp4
4301,14,326094,856,821702,-4.80157470703125,-6.717620849609375,42.4124755859375,generated_videos/surface_grid_5_hard.mp4
4302,14,326215,864,824477,-5.028118133544922,-6.127262115478516,43.7917594909668,generated_videos/surface_grid_5_hard.mp4
4303,12,326321,869,823253,-6.708984375,-7.141143798828125,45.34678268432617,generated_videos/surface_grid_5_hard.mp4
4304,11,326431,876,822328,-7.0369873046875,-6.730522155761719,47.6900520324707,generated_videos/surface_grid_5_hard.mp4
4305,11,326534,869,824913,-6.548675537109375,-6.392333984375,48.519229888916016,generated_videos/surface_grid_5_hard.mp4
4306,10,326647,865,828097,-5.682586669921875,-5.0225830078125,47.747779846191406,generated_videos/surface_grid_5_hard.mp4
4307,11,326774,876,825744,-5.19171142578125,-4.288816452026367,43.59498977661133,generated_videos/surface_grid_5_hard.mp4
4308,11,326886,860,814812,-5.629207611083984,-4.175933837890625,42.44560241699219,generated_videos/surface_grid_5_hard.mp4
4309,12,326999,870,822830,-5.8226318359375,-4.840545654296875,42.33516311645508,generated_videos/surface_grid_5_hard.mp4
4310,12,327101,872,824479,-6.352142810821533,-5.40252685546875,43.86566162109375,generated_videos/surface_grid_5_hard.mp4
4311,12,327209,875,814807,-6.583770751953125,-6.130950927734375,44.90887451171875,generated_videos/surface_grid_5_hard.mp4
4312,11,327315,877,818997,-8.0316162109375,-6.746376037597656,46.20986557006836,generated_videos/surface_grid_5_hard.mp4
4313,11,327419,870,818827,-8.353240966796875,-7.2586517333984375,46.347412109375,generated_videos/surface_grid_5_hard.mp4
4314,10,327519,865,820867,-8.413116455078125,-7.9779052734375,46.16542053222656,generated_videos/surface_grid_5_hard.mp4
4315,10,327618,863,822342,-8.9598388671875,-8.13409423828125,46.77891540527344,generated_videos/surface_grid_5_hard.mp4
4316,11,327725,855,821562,-8.22869873046875,-8.8436279296875,47.18572235107422,generated_videos/surface_grid_5_hard.mp4
4317,12,327832,857,823117,-8.35882568359375,-8.556304931640625,48.66892623901367,generated_videos/surface_grid_5_hard.mp4
4318,12,327947,862,820231,-7.5634918212890625,-7.198966979980469,48.84002685546875,generated_videos/surface_grid_5_hard.mp4
4319,15,328057,871,820625,-8.14501953125,-5.8202056884765625,49.134132385253906,generated_videos/surface_grid_5_hard.mp4
4320,15,328168,869,818901,-8.52294921875,-5.362548828125,49.59111022949219,generated_videos/surface_grid_5_hard.mp4
4321,13,328285,876,820778,-8.548294067382812,-3.8921661376953125,49.27357482910156,generated_videos/surface_grid_5_hard.mp4
4322,18,328391,869,812999,-8.57745361328125,-3.856597900390625,50.72999954223633,generated_videos/surface_grid_5_hard.mp4
4323,16,328499,874,817017,-8.427108764648438,-3.3986968994140625,51.6951904296875,generated_videos/surface_grid_5_hard.mp4
4324,17,328607,870,814631,-7.926605224609375,-3.407958984375,52.61335754394531,generated_videos/surface_grid_5_hard.mp4
4325,15,328715,877,815692,-8.611160278320312,-3.3669281005859375,52.94611740112305,generated_videos/surface_grid_5_hard.mp4
4326,16,328816,873,808131,-9.19580078125,-3.84832763671875,53.905029296875,generated_videos/surface_grid_5_hard.mp4
4327,17,328907,871,808271,-9.784515380859375,-3.744140625,56.062374114990234,generated_videos/surface_grid_5_hard.mp4
4328,15,329008,865,806247,-9.81378173828125,-3.724320411682129,55.70155715942383,generated_videos/surface_grid_5_hard.mp4
4329,13,329113,866,814062,-9.20477294921875,-2.911210060119629,55.91294479370117,generated_videos/surface_grid_5_hard.mp4
4330,14,329213,869,816479,-10.314910888671875,-2.8762664794921875,56.18636703491211,generated_videos/surface_grid_5_hard.mp4
4331,20,329312,856,798475,-9.55133056640625,-3.21746826171875,58.359779357910156,generated_videos/surface_grid_5_hard.mp4
4332,16,329421,861,801408,-8.268646240234375,-3.107025146484375,58.01042175292969,generated_videos/surface_grid_5_hard.mp4
4333,16,329527,858,802495,-8.499207496643066,-3.0122718811035156,56.016700744628906,generated_videos/surface_grid_5_hard.mp4
4334,15,329638,869,804999,-8.53192138671875,-2.6178741455078125,56.549198150634766,generated_videos/surface_grid_5_hard.mp4
4335,14,329745,871,803244,-8.32574462890625,-2.8921356201171875,58.430419921875,generated_videos/surface_grid_5_hard.mp4
4336,14,329849,866,800116,-7.62310791015625,-2.808685302734375,57.365352630615234,generated_videos/surface_grid_5_hard.mp4
4337,13,329970,870,814543,-6.479888916015625,-1.8342819213867188,54.717185974121094,generated_videos/surface_grid_5_hard.mp4
4338,13,330072,848,801206,-6.194580078125,-2.0966625213623047,53.311622619628906,generated_videos/surface_grid_5_hard.mp4
4339,11,330190,858,801688,-6.145599365234375,-2.150646209716797,51.39332580566406,generated_videos/surface_grid_5_hard.mp4
4340,12,330298,854,797040,-6.634124755859375,-2.6096343994140625,51.11406326293945,generated_videos/surface_grid_5_hard.mp4
4341,11,330405,850,796756,-5.9101104736328125,-2.793914794921875,50.41914367675781,generated_videos/surface_grid_5_hard.mp4
4342,10,330516,858,799924,-6.801055908203125,-2.8005828857421875,47.868499755859375,generated_videos/surface_grid_5_hard.mp4
4343,10,330623,856,800074,-6.8840484619140625,-2.7599639892578125,48.16248321533203,generated_videos/surface_grid_5_hard.mp4
4344,11,330745,860,799404,-6.322235107421875,-2.4933624267578125,47.711734771728516,generated_videos/surface_grid_5_hard.mp4
4345,10,330869,862,813528,-5.930244445800781,-2.25177001953125,43.81507873535156,generated_videos/surface_grid_5_hard.mp4
4346,10,330974,851,812974,-7.2750701904296875,-2.2442626953125,44.79438018798828,generated_videos/surface_grid_5_hard.mp4
4347,10,331090,851,812040,-7.183319091796875,-2.1254653930664062,43.735862731933594,generated_videos/surface_grid_5_hard.mp4
4348,12,331196,842,810098,-7.905670166015625,-2.493842601776123,43.62578582763672,generated_videos/surface_grid_5_hard.mp4
4349,9,331312,835,808018,-6.628321647644043,-2.36395263671875,42.365028381347656,generated_videos/surface_grid_5_hard.mp4
4350,11,331421,799,805448,-4.5782928466796875,-2.248321533203125,35.461891174316406,generated_videos/surface_grid_5_hard.mp4
4351,9,331546,798,804694,-2.8935165405273438,-1.6428375244140625,32.36827087402344,generated_videos/surface_grid_5_hard.mp4
4352,11,331663,800,800551,-4.995655059814453,-1.854888916015625,31.814170837402344,generated_videos/surface_grid_5_hard.mp4
4353,12,331773,808,800294,-5.219207763671875,-1.976095199584961,31.58563232421875,generated_videos/surface_grid_5_hard.mp4
4354,14,331875,807,798613,-7.688720703125,-2.39886474609375,33.012107849121094,generated_videos/surface_grid_5_hard.mp4
4355,11,331977,809,798725,-8.605819702148438,-2.6721906661987305,35.529354095458984,generated_videos/surface_grid_5_hard.mp4
4356,11,332078,809,800371,-8.99554443359375,-2.833251953125,36.898231506347656,generated_videos/surface_grid_5_hard.mp4
4357,12,332182,812,797793,-9.339447021484375,-2.664867401123047,38.46696472167969,generated_videos/surface_grid_5_hard.mp4
4358,12,332284,815,798204,-10.0404052734375,-3.095245361328125,39.041866302490234,generated_videos/surface_grid_5_hard.mp4
4359,9,332390,819,798948,-8.18817138671875,-2.984100341796875,37.54486083984375,generated_videos/surface_grid_5_hard.mp4
4360,8,332495,820,800606,-8.95086669921875,-3.413257598876953,36.034324645996094,generated_videos/surface_grid_5_hard.mp4
4361,10,332591,816,797310,-10.18948745727539,-3.7643508911132812,36.99631118774414,generated_videos/surface_grid_5_hard.mp4
4362,10,332687,809,793518,-10.64501953125,-4.4893035888671875,39.154449462890625,generated_videos/surface_grid_5_hard.mp4
4363,10,332788,813,792634,-11.161575317382812,-4.58294677734375,40.60124206542969,generated_videos/surface_grid_5_hard.mp4
4364,10,332890,809,793628,-13.24456787109375,-4.7393035888671875,42.504432678222656,generated_videos/surface_grid_5_hard.mp4
4365,9,332990,815,789806,-13.537765502929688,-5.018341064453125,44.131805419921875,generated_videos/surface_grid_5_hard.mp4
4366,10,333094,819,792527,-12.02886962890625,-4.819915771484375,45.4699821472168,generated_videos/surface_grid_5_hard.mp4
4367,9,333177,811,783539,-14.528717041015625,-5.837303161621094,47.19165802001953,generated_videos/surface_grid_5_hard.mp4
4368,10,333268,812,785979,-15.416763305664062,-6.148506164550781,48.56739044189453,generated_videos/surface_grid_5_hard.mp4
4369,10,333365,816,786929,-15.222320556640625,-6.2993927001953125,49.052391052246094,generated_videos/surface_grid_5_hard.mp4
4370,11,333451,813,790457,-16.672393798828125,-6.98150634765625,50.22987365722656,generated_videos/surface_grid_5_hard.mp4
4371,12,333528,808,787947,-18.21435546875,-8.037528991699219,52.03453826904297,generated_videos/surface_grid_5_hard.mp4
4372,10,333610,809,790663,-19.070556640625,-8.635833740234375,52.906002044677734,generated_videos/surface_grid_5_hard.mp4
4373,10,333692,777,757540,-15.0482177734375,-9.978424072265625,50.83005142211914,generated_videos/surface_grid_5_hard.mp4
4374,8,333802,807,791022,-10.75030517578125,-10.057403564453125,50.20676803588867,generated_videos/surface_grid_5_hard.mp4
4375,13,333894,808,789201,-11.262374877929688,-10.286998748779297,51.29096984863281,generated_videos/surface_grid_5_hard.mp4
4376,11,333982,810,789349,-13.206466674804688,-10.148292541503906,51.834442138671875,generated_videos/surface_grid_5_hard.mp4
4377,8,334075,823,794365,-14.2529296875,-10.3658447265625,50.98857879638672,generated_videos/surface_grid_5_hard.mp4
4378,13,334165,810,785036,-13.386375427246094,-10.99871826171875,51.90914535522461,generated_videos/surface_grid_5_hard.mp4
4379,14,334254,813,782548,-13.655914306640625,-11.254150390625,52.87920379638672,generated_videos/surface_grid_5_hard.mp4
4380,7,334338,811,785815,-13.590408325195312,-11.40155029296875,54.943180084228516,generated_videos/surface_grid_5_hard.mp4
4381,7,334423,789,754578,-13.38421630859375,-12.785858154296875,57.497650146484375,generated_videos/surface_grid_5_hard.mp4
4382,10,334505,783,750294,-13.318206787109375,-12.42315673828125,56.53607177734375,generated_videos/surface_grid_5_hard.mp4
4383,9,334591,786,753450,-13.640228271484375,-11.631710052490234,55.030025482177734,generated_videos/surface_grid_5_hard.mp4
4384,9,334668,781,754227,-13.61328125,-11.835746765136719,55.129329681396484,generated_videos/surface_grid_5_hard.mp4
4385,10,334754,782,755388,-13.953060150146484,-11.630416870117188,55.7951545715332,generated_videos/surface_grid_5_hard.mp4
4386,11,334829,774,754105,-13.6495361328125,-11.632286071777344,56.38883972167969,generated_videos/surface_grid_5_hard.mp4
4387,10,334905,775,758411,-13.76385498046875,-10.25555419921875,56.66823196411133,generated_videos/surface_grid_5_hard.mp4
4388,10,334978,761,757121,-13.715789794921875,-10.170562744140625,56.860862731933594,generated_videos/surface_grid_5_hard.mp4
4389,10,335064,762,757863,-13.018310546875,-9.002609252929688,56.16565704345703,generated_videos/surface_grid_5_hard.mp4
4390,11,335173,790,785532,-9.60894775390625,-7.4339447021484375,52.84991455078125,generated_videos/surface_grid_5_hard.mp4
4391,10,335252,785,786946,-11.950973510742188,-7.267120361328125,53.59954071044922,generated_videos/surface_grid_5_hard.mp4
4392,10,335336,793,788246,-12.016769409179688,-5.68310546875,52.620182037353516,generated_videos/surface_grid_5_hard.mp4
4393,11,335414,787,785941,-13.42498779296875,-5.8127899169921875,52.85605239868164,generated_videos/surface_grid_5_hard.mp4
4394,11,335495,781,785544,-14.17608642578125,-6.49493408203125,54.801414489746094,generated_videos/surface_grid_5_hard.mp4
4395,12,335576,786,784022,-14.567916870117188,-6.282623291015625,57.40496063232422,generated_videos/surface_grid_5_hard.mp4
4396,12,335666,795,784100,-14.56683349609375,-5.915313720703125,55.85245132446289,generated_videos/surface_grid_5_hard.mp4
4397,14,335759,792,780852,-15.103309631347656,-5.264747619628906,56.69248962402344,generated_videos/surface_grid_5_hard.mp4
4398,14,335838,792,780484,-15.94647216796875,-5.421621799468994,57.935829162597656,generated_videos/surface_grid_5_hard.mp4
4399,14,335922,791,782672,-16.52655029296875,-5.6803436279296875,57.510765075683594,generated_videos/surface_grid_5_hard.mp4
4400,15,336013,798,788752,-16.642791748046875,-5.0680084228515625,57.43993377685547,generated_videos/surface_grid_5_hard.mp4
4401,15,336101,794,781324,-17.704357147216797,-5.597450256347656,58.02275848388672,generated_videos/surface_grid_5_hard.mp4
4402,16,336189,797,781702,-17.333831787109375,-5.626800537109375,58.95696258544922,generated_videos/surface_grid_5_hard.mp4
4403,14,336283,801,783646,-17.793949127197266,-5.62677001953125,57.87453079223633,generated_videos/surface_grid_5_hard.mp4
4404,15,336383,808,784104,-18.39752197265625,-5.1594390869140625,57.440208435058594,generated_videos/surface_grid_5_hard.mp4
4405,14,336485,804,786488,-16.263912200927734,-4.4792938232421875,56.91734313964844,generated_videos/surface_grid_5_hard.mp4
4406,16,336594,800,785828,-13.239482879638672,-4.82879638671875,56.03263854980469,generated_videos/surface_grid_5_hard.mp4
4407,16,336691,800,786150,-14.057598114013672,-4.67352294921875,57.410804748535156,generated_videos/surface_grid_5_hard.mp4
4408,14,336779,800,788438,-15.7818603515625,-4.36395263671875,57.248985290527344,generated_videos/surface_grid_5_hard.mp4
4409,14,336863,801,785522,-15.59814453125,-4.604339599609375,59.13554763793945,generated_videos/surface_grid_5_hard.mp4
4410,12,336954,805,788964,-16.604248046875,-4.410003662109375,59.130916595458984,generated_videos/surface_grid_5_hard.mp4
4411,15,337038,801,787820,-17.71282958984375,-4.372955322265625,60.43135070800781,generated_videos/surface_grid_5_hard.mp4
4412,16,337127,796,787572,-18.455303192138672,-4.119987487792969,61.53062438964844,generated_videos/surface_grid_5_hard.mp4
4413,16,337215,798,788138,-20.0146484375,-4.044464111328125,61.83171463012695,generated_videos/surface_grid_5_hard.mp4
4414,16,337297,792,786958,-21.612396240234375,-4.000946044921875,63.78596496582031,generated_videos/surface_grid_5_hard.mp4
4415,16,337382,794,787720,-21.745986938476562,-3.6247711181640625,64.85978698730469,generated_videos/surface_grid_5_hard.mp4
4416,18,337459,797,787682,-21.8507080078125,-3.5205078125,65.0902099609375,generated_videos/surface_grid_5_hard.mp4
4417,15,337541,801,788470,-22.291259765625,-3.53582763671875,64.74641418457031,generated_videos/surface_grid_5_hard.mp4
4418,15,337622,806,786281,-23.367691040039062,-3.7811355590820312,65.6351318359375,generated_videos/surface_grid_5_hard.mp4
4419,11,337707,810,790004,-23.527755737304688,-4.2300872802734375,65.99752807617188,generated_videos/surface_grid_5_hard.mp4
4420,12,337785,807,789054,-24.3154296875,-4.4530792236328125,66.64716339111328,generated_videos/surface_grid_5_hard.mp4
4421,14,337860,800,788276,-24.434661865234375,-4.57794189453125,67.51907348632812,generated_videos/surface_grid_5_hard.mp4
4422,11,337939,809,789092,-25.01373291015625,-4.50909423828125,67.32946014404297,generated_videos/surface_grid_5_hard.mp4
4423,13,338018,814,786602,-25.119674682617188,-4.8212738037109375,67.69357299804688,generated_videos/surface_grid_5_hard.mp4
4424,12,338094,817,788412,-26.180511474609375,-4.578521728515625,67.44306945800781,generated_videos/surface_grid_5_hard.mp4
4425,13,338170,815,787695,-26.330078125,-4.895660400390625,66.9040756225586,generated_videos/surface_grid_5_hard.mp4
4426,14,338238,812,788707,-26.742462158203125,-5.44281005859375,67.6675796508789,generated_videos/surface_grid_5_hard.mp4
4427,13,338318,820,787971,-25.395263671875,-5.3419189453125,68.58329772949219,generated_videos/surface_grid_5_hard.mp4
4428,13,338398,821,787189,-25.68575668334961,-5.664825439453125,67.9114761352539,generated_videos/surface_grid_5_hard.mp4
4429,14,338474,820,787541,-26.081451416015625,-5.930152893066406,66.80224609375,generated_videos/surface_grid_5_hard.mp4
4430,13,338555,821,788387,-25.26605224609375,-5.78106689453125,66.37273406982422,generated_videos/surface_grid_5_hard.mp4
4431,16,338627,808,776413,-28.254302978515625,-6.5037384033203125,69.59278869628906,generated_videos/surface_grid_5_hard.mp4
4432,17,338702,806,775842,-28.22308349609375,-6.690643310546875,69.11797332763672,generated_videos/surface_grid_5_hard.mp4
4433,18,338783,805,774528,-28.43707275390625,-6.63153076171875,68.69999694824219,generated_videos/surface_grid_5_hard.mp4
4434,16,338867,801,783678,-26.95135498046875,-6.744354248046875,68.1524429321289,generated_videos/surface_grid_5_hard.mp4
4435,16,338948,798,780302,-27.111251831054688,-7.028971195220947,68.37269592285156,generated_videos/surface_grid_5_hard.mp4
4436,16,339024,791,778450,-28.15509033203125,-7.741790771484375,69.2201156616211,generated_videos/surface_grid_5_hard.mp4
4437,16,339106,796,777463,-26.49615478515625,-7.70819091796875,68.37351989746094,generated_videos/surface_grid_5_hard.mp4
4438,14,339183,792,775214,-26.921585083007812,-8.078414916992188,68.42472076416016,generated_videos/surface_grid_5_hard.mp4
4439,16,339260,789,772287,-24.3956298828125,-8.34637451171875,66.23866271972656,generated_videos/surface_grid_5_hard.mp4
4440,15,339341,788,773126,-23.76513671875,-9.23565673828125,65.36952209472656,generated_videos/surface_grid_5_hard.mp4
4441,19,339422,787,767500,-23.05279541015625,-9.344512939453125,63.99375915527344,generated_videos/surface_grid_5_hard.mp4
4442,14,339495,782,769592,-23.964981079101562,-9.806777954101562,64.11530303955078,generated_videos/surface_grid_5_hard.mp4
4443,12,339568,784,770406,-24.18963623046875,-10.461135864257812,64.29319763183594,generated_videos/surface_grid_5_hard.mp4
4444,14,339645,784,765457,-25.75302505493164,-11.164688110351562,64.8425521850586,generated_videos/surface_grid_5_hard.mp4
4445,11,339723,785,769027,-25.63519287109375,-11.480133056640625,64.12353515625,generated_videos/surface_grid_5_hard.mp4
4446,12,339804,792,765384,-26.06201171875,-11.924982070922852,65.50093078613281,generated_videos/surface_grid_5_hard.mp4
4447,11,339872,790,761062,-26.10974884033203,-12.454322814941406,66.44964599609375,generated_videos/surface_grid_5_hard.mp4
4448,14,339946,787,759834,-24.68890380859375,-12.592987060546875,66.98804473876953,generated_videos/surface_grid_5_hard.mp4
4449,11,340031,785,748489,-23.51470947265625,-13.11029052734375,66.7591781616211,generated_videos/surface_grid_5_hard.mp4
4450,14,340107,780,745378,-23.181411743164062,-13.749984741210938,67.21524810791016,generated_videos/surface_grid_5_hard.mp4
4451,10,340183,782,744251,-21.3936767578125,-13.698989868164062,67.06800842285156,generated_videos/surface_grid_5_hard.mp4
4452,9,340266,785,743367,-22.689453125,-13.589874267578125,66.68046569824219,generated_videos/surface_grid_5_hard.mp4
4453,9,340338,783,742412,-23.76007080078125,-14.1634521484375,67.50736236572266,generated_videos/surface_grid_5_hard.mp4
4454,10,340413,782,741188,-24.847579956054688,-14.205863952636719,67.68124389648438,generated_videos/surface_grid_5_hard.mp4
4455,10,340485,785,739705,-25.138427734375,-14.281890869140625,68.78977966308594,generated_videos/surface_grid_5_hard.mp4
4456,11,340558,784,738566,-25.45953369140625,-13.6158447265625,68.2313232421875,generated_videos/surface_grid_5_hard.mp4
4457,11,340642,784,751579,-25.712646484375,-13.648040771484375,68.08460235595703,generated_videos/surface_grid_5_hard.mp4
4458,12,340716,781,747709,-26.586669921875,-13.86297607421875,68.4738540649414,generated_videos/surface_grid_5_hard.mp4
4459,12,340787,774,745193,-28.589797973632812,-14.203933715820312,69.23686218261719,generated_videos/surface_grid_5_hard.mp4
4460,11,340864,781,744192,-25.85260009765625,-13.651611328125,70.04544067382812,generated_videos/surface_grid_5_hard.mp4
4461,11,340937,770,731843,-26.274593353271484,-14.89892578125,71.80899810791016,generated_videos/surface_grid_5_hard.mp4
4462,11,341006,766,731545,-26.002685546875,-16.0465087890625,72.1273422241211,generated_videos/surface_grid_5_hard.mp4
4463,10,341082,768,730158,-26.131103515625,-15.432964324951172,72.53086853027344,generated_videos/surface_grid_5_hard.mp4
4464,11,341159,762,729134,-26.567169189453125,-15.953781127929688,72.89028930664062,generated_videos/surface_grid_5_hard.mp4
4465,12,341235,767,724243,-26.78515625,-15.967041015625,72.75936126708984,generated_videos/surface_grid_5_hard.mp4
4466,10,341326,787,738404,-23.14093017578125,-14.465240478515625,70.23871612548828,generated_videos/surface_grid_5_hard.mp4
4467,13,341406,787,736801,-23.586181640625,-14.340087890625,70.51181030273438,generated_videos/surface_grid_5_hard.mp4
4468,12,341483,782,735982,-23.024566650390625,-13.956817626953125,69.15492248535156,generated_videos/surface_grid_5_hard.mp4
4469,10,341566,791,739146,-23.1851806640625,-13.558380126953125,68.3348159790039,generated_videos/surface_grid_5_hard.mp4
4470,13,341651,787,735349,-22.9697265625,-13.532867431640625,68.20557403564453,generated_videos/surface_grid_5_hard.mp4
4471,11,341732,797,735427,-23.01220703125,-13.32574462890625,67.4096908569336,generated_videos/surface_grid_5_hard.mp4
4472,11,341815,787,733500,-22.1807861328125,-13.3056640625,66.61338806152344,generated_videos/surface_grid_5_hard.mp4
4473,10,341901,788,737220,-22.2188720703125,-13.433486938476562,65.69212341308594,generated_videos/surface_grid_5_hard.mp4
4474,10,341987,785,733962,-21.326095581054688,-13.683731079101562,64.0478744506836,generated_videos/surface_grid_5_hard.mp4
4475,10,342069,784,734646,-22.175865173339844,-13.84521484375,62.6141357421875,generated_videos/surface_grid_5_hard.mp4
4476,8,342150,782,732301,-23.33807373046875,-14.141098022460938,64.26141357421875,generated_videos/surface_grid_5_hard.mp4
4477,8,342239,785,730141,-22.45965576171875,-13.97515869140625,62.44815444946289,generated_videos/surface_grid_5_hard.mp4
4478,8,342321,786,726096,-23.216642379760742,-13.493453979492188,62.25240707397461,generated_videos/surface_grid_5_hard.mp4
4479,9,342399,788,726159,-23.059173583984375,-12.87969970703125,61.620094299316406,generated_videos/surface_grid_5_hard.mp4
4480,9,342482,792,723880,-24.33587646484375,-11.916038513183594,62.20318603515625,generated_videos/surface_grid_5_hard.mp4
4481,8,342557,784,721686,-25.367422103881836,-11.173858642578125,63.32634353637695,generated_videos/surface_grid_5_hard.mp4
4482,8,342646,789,719646,-25.31988525390625,-10.34295654296875,63.5079231262207,generated_videos/surface_grid_5_hard.mp4
4483,6,342730,796,719583,-23.251548767089844,-9.536590576171875,63.92890167236328,generated_videos/surface_grid_5_hard.mp4
4484,9,342814,786,717044,-25.0435791015625,-9.749942779541016,65.20469665527344,generated_videos/surface_grid_5_hard.mp4
4485,8,342896,779,720052,-26.42681884765625,-9.488922119140625,64.71444702148438,generated_videos/surface_grid_5_hard.mp4
4486,8,342988,773,715029,-27.260940551757812,-8.828018188476562,65.32593536376953,generated_videos/surface_grid_5_hard.mp4
4487,7,343070,768,712117,-28.379058837890625,-8.4627685546875,65.89012145996094,generated_videos/surface_grid_5_hard.mp4
4488,9,343173,771,707160,-29.0076904296875,-7.827178955078125,65.79569244384766,generated_videos/surface_grid_5_hard.mp4
4489,7,343254,766,703996,-27.904918670654297,-8.09063720703125,63.59684753417969,generated_videos/surface_grid_5_hard.mp4
4490,7,343345,768,699188,-29.412052154541016,-8.100120544433594,64.87277221679688,generated_videos/surface_grid_5_hard.mp4
4491,6,343431,769,698695,-30.484359741210938,-8.0325927734375,65.18959045410156,generated_videos/surface_grid_5_hard.mp4
4492,6,343520,761,692368,-31.063232421875,-7.625945091247559,66.54624938964844,generated_videos/surface_grid_5_hard.mp4
4493,6,343604,758,686767,-31.37802505493164,-7.887070655822754,65.74505615234375,generated_videos/surface_grid_5_hard.mp4
4494,7,343690,751,681935,-31.64324951171875,-7.816381931304932,67.18645477294922,generated_videos/surface_grid_5_hard.mp4
4495,7,343766,753,677982,-34.00177001953125,-7.63641357421875,67.7518539428711,generated_videos/surface_grid_5_hard.mp4
4496,7,343843,748,671153,-36.204864501953125,-7.503305435180664,68.6196517944336,generated_videos/surface_grid_5_hard.mp4
4497,8,343918,749,668077,-38.00640869140625,-7.038002014160156,69.68597412109375,generated_videos/surface_grid_5_hard.mp4
4498,8,344001,749,662206,-36.67474365234375,-6.393672943115234,70.8492660522461,generated_videos/surface_grid_5_hard.mp4
4499,7,344081,744,656564,-35.96232604980469,-5.531946182250977,71.99310302734375,generated_videos/surface_grid_5_hard.mp4
4500,8,344164,732,649808,-34.416168212890625,-4.984771728515625,71.17426300048828,generated_videos/surface_grid_5_hard.mp4
4501,6,344259,742,650420,-31.625701904296875,-2.487865447998047,68.94915771484375,generated_videos/surface_grid_5_hard.mp4
4502,6,344343,735,645347,-31.957305908203125,-1.350311279296875,69.27677154541016,generated_videos/surface_grid_5_hard.mp4
4503,6,344419,709,633320,-30.9560546875,-0.00765228271484375,68.36217498779297,generated_videos/surface_grid_5_hard.mp4
4504,6,344505,703,633565,-30.07098388671875,0.0,67.15532684326172,generated_videos/surface_grid_5_hard.mp4
4505,6,344585,693,622013,-29.3212890625,0.0,65.7092514038086,generated_videos/surface_grid_5_hard.mp4
4506,9,344661,679,614576,-30.1510009765625,-0.012244224548339844,66.02374267578125,generated_videos/surface_grid_5_hard.mp4
4507,6,344739,679,616789,-29.77288818359375,-0.48504638671875,65.47795104980469,generated_videos/surface_grid_5_hard.mp4
4508,8,344827,690,611963,-28.63909912109375,-0.9431076049804688,65.63801574707031,generated_videos/surface_grid_5_hard.mp4
4509,8,344906,688,608655,-29.37896728515625,-2.4376068115234375,64.96051025390625,generated_videos/surface_grid_5_hard.mp4
4510,10,344983,684,607778,-31.0562744140625,-3.4152956008911133,66.63642120361328,generated_videos/surface_grid_5_hard.mp4
4511,10,345056,674,603595,-32.44000244140625,-4.712181091308594,67.5625991821289,generated_videos/surface_grid_5_hard.mp4
4512,9,345142,670,601959,-33.2845458984375,-5.4601593017578125,68.04908752441406,generated_videos/surface_grid_5_hard.mp4
4513,10,345227,676,598911,-34.3426513671875,-5.187477111816406,68.25363159179688,generated_videos/surface_grid_5_hard.mp4
4514,9,345309,669,595817,-35.667724609375,-5.7239990234375,68.6995620727539,generated_videos/surface_grid_5_hard.mp4
4515,8,345390,666,591426,-36.702178955078125,-5.141334533691406,69.44697570800781,generated_videos/surface_grid_5_hard.mp4
4516,9,345469,666,590263,-39.1533203125,-4.600044250488281,70.74828338623047,generated_videos/surface_grid_5_hard.mp4
4517,11,345551,668,589197,-38.60150146484375,-4.2509918212890625,69.57212829589844,generated_videos/surface_grid_5_hard.mp4
4518,12,345637,671,590193,-38.654296875,-4.0861968994140625,69.97985076904297,generated_videos/surface_grid_5_hard.mp4
4519,12,345716,661,587590,-40.4439697265625,-4.511383056640625,71.89945220947266,generated_videos/surface_grid_5_hard.mp4
4520,11,345800,664,588865,-41.874298095703125,-4.181755065917969,72.98799133300781,generated_videos/surface_grid_5_hard.mp4
4521,9,345887,672,591982,-42.0936279296875,-3.1742019653320312,72.82859802246094,generated_videos/surface_grid_5_hard.mp4
4522,10,345978,678,593102,-40.6119384765625,-3.0655364990234375,72.05148315429688,generated_videos/surface_grid_5_hard.mp4
4523,9,346071,688,594664,-41.566925048828125,-2.4234542846679688,71.63304138183594,generated_videos/surface_grid_5_hard.mp4
4524,8,346151,687,596667,-43.51129150390625,-3.003173828125,73.80718231201172,generated_videos/surface_grid_5_hard.mp4
4525,9,346238,684,598461,-43.91761779785156,-3.2857818603515625,72.9266357421875,generated_videos/surface_grid_5_hard.mp4
4526,9,346324,682,601636,-45.952972412109375,-3.247802734375,72.66027069091797,generated_videos/surface_grid_5_hard.mp4
4527,9,346410,682,603896,-40.37213134765625,-2.437511444091797,69.86060333251953,generated_videos/surface_grid_5_hard.mp4
4528,9,346495,679,608731,-40.5496826171875,-1.4119873046875,68.52374267578125,generated_videos/surface_grid_5_hard.mp4
4529,7,346575,677,613194,-42.24896240234375,-0.9433746337890625,69.60741424560547,generated_videos/surface_grid_5_hard.mp4
4530,9,346660,681,613504,-43.10552978515625,-0.555755615234375,68.62812042236328,generated_videos/surface_grid_5_hard.mp4
4531,10,346741,684,620870,-44.011474609375,-0.343597412109375,68.46527099609375,generated_videos/surface_grid_5_hard.mp4
4532,10,346836,696,625503,-43.45030212402344,0.0,69.20807647705078,generated_videos/surface_grid_5_hard.mp4
4533,8,346921,696,632022,-45.045684814453125,0.0,70.92011260986328,generated_videos/surface_grid_5_hard.mp4
4534,8,347011,706,639739,-46.46575927734375,0.0,72.2822265625,generated_videos/surface_grid_5_hard.mp4
4535,8,347106,713,651380,-47.78387451171875,0.0,71.75370788574219,generated_videos/surface_grid_5_hard.mp4
4536,11,347201,723,660980,-48.916015625,0.0,72.94735717773438,generated_videos/surface_grid_5_hard.mp4
4537,9,347312,748,677738,-48.70550537109375,0.0,71.90869903564453,generated_videos/surface_grid_5_hard.mp4
4538,8,347416,756,689594,-50.888694763183594,0.0,72.96389770507812,generated_videos/surface_grid_5_hard.mp4
4539,7,347522,760,698554,-52.14558410644531,-0.0570831298828125,71.80673217773438,generated_videos/surface_grid_5_hard.mp4
4540,10,347621,766,702055,-51.87165069580078,-0.388427734375,74.68559265136719,generated_videos/surface_grid_5_hard.mp4
4541,11,347724,768,705664,-52.42622375488281,-0.4195404052734375,74.03273010253906,generated_videos/surface_grid_5_hard.mp4
4542,9,347826,776,713008,-51.34033203125,-0.656951904296875,74.30758666992188,generated_videos/surface_grid_5_hard.mp4
4543,9,347925,772,719891,-52.56494140625,-0.861663818359375,71.02395629882812,generated_videos/surface_grid_5_hard.mp4
4544,8,348081,837,783036,-42.6884765625,0.0,66.9509506225586,generated_videos/surface_grid_5_hard.mp4
4545,7,348184,798,739138,-50.232147216796875,-0.30959320068359375,73.24678039550781,generated_videos/surface_grid_5_hard.mp4
4546,6,348333,831,763306,-47.41815185546875,0.0,70.44066619873047,generated_videos/surface_grid_5_hard.mp4
4547,10,348435,786,716770,-56.23175048828125,0.0,76.14421081542969,generated_videos/surface_grid_5_hard.mp4
4548,12,348542,796,721777,-54.51371765136719,0.0,76.09718322753906,generated_videos/surface_grid_5_hard.mp4
4549,10,348649,805,735030,-54.19305419921875,0.0,77.22820281982422,generated_videos/surface_grid_5_hard.mp4
4550,13,348758,811,741368,-51.12310791015625,0.0,76.0526351928711,generated_videos/surface_grid_5_hard.mp4
4551,11,348883,827,774638,-47.869140625,0.0,72.258544921875,generated_videos/surface_grid_5_hard.mp4
4552,10,349005,812,756176,-48.75055694580078,0.0,74.12638092041016,generated_videos/surface_grid_5_hard.mp4
4553,9,349120,798,759422,-46.18913269042969,0.0,71.91407012939453,generated_videos/surface_grid_5_hard.mp4
4554,10,349238,803,759141,-45.18724060058594,0.0,70.26766967773438,generated_videos/surface_grid_5_hard.mp4
4555,9,349354,800,760736,-43.70318603515625,0.0,69.61393737792969,generated_videos/surface_grid_5_hard.mp4
4556,10,349462,801,761185,-42.48954772949219,0.0,69.56297302246094,generated_videos/surface_grid_5_hard.mp4
4557,8,349578,807,765986,-42.45050048828125,0.0,68.37063598632812,generated_videos/surface_grid_5_hard.mp4
4558,9,349689,805,765360,-41.2718505859375,0.0,68.02764892578125,generated_videos/surface_grid_5_hard.mp4
4559,9,349789,801,764961,-39.7808837890625,0.0,68.79988861083984,generated_videos/surface_grid_5_hard.mp4
4560,10,349899,803,769702,-39.61279296875,-0.07220458984375,68.53662109375,generated_videos/surface_grid_5_hard.mp4
4561,9,350004,805,769608,-38.21710205078125,-0.5744171142578125,68.75489044189453,generated_videos/surface_grid_5_hard.mp4
4562,8,350130,822,796020,-34.03047180175781,-0.6419296264648438,64.18302917480469,generated_videos/surface_grid_5_hard.mp4
4563,8,350241,804,774331,-33.70343017578125,-1.3274078369140625,66.59146118164062,generated_videos/surface_grid_5_hard.mp4
4564,5,350385,838,802697,-25.94125747680664,-0.2528839111328125,59.596702575683594,generated_videos/surface_grid_5_hard.mp4
4565,8,350506,826,780238,-24.98248291015625,-0.4611053466796875,62.02680206298828,generated_videos/surface_grid_5_hard.mp4
4566,7,350633,842,802661,-17.38037109375,-0.339508056640625,59.01000213623047,generated_videos/surface_grid_5_hard.mp4
4567,8,350760,848,802592,-11.473350524902344,-0.291961669921875,55.841556549072266,generated_videos/surface_grid_5_hard.mp4
4568,6,350872,846,805970,-9.723655700683594,-0.5933685302734375,55.840965270996094,generated_videos/surface_grid_5_hard.mp4
4569,9,350993,853,803533,-7.521759033203125,-0.85162353515625,55.833282470703125,generated_videos/surface_grid_5_hard.mp4
4570,8,351106,852,806282,-6.7035369873046875,-1.4794654846191406,54.89693832397461,generated_videos/surface_grid_5_hard.mp4
4571,12,351219,842,802261,-5.691619873046875,-1.6813201904296875,56.46607208251953,generated_videos/surface_grid_5_hard.mp4
4572,11,351338,843,805208,-3.20037841796875,-1.716522216796875,55.98761749267578,generated_videos/surface_grid_5_hard.mp4
4573,7,351463,852,811374,-0.038818359375,-1.8483467102050781,55.69031524658203,generated_videos/surface_grid_5_hard.mp4
4574,11,351588,850,807350,0.0,-1.9085693359375,54.73480224609375,generated_videos/surface_grid_5_hard.mp4
4575,15,351716,847,804259,0.0,-1.8507080078125,50.23432540893555,generated_videos/surface_grid_5_hard.mp4
4576,13,351851,850,806305,0.0,-1.9848861694335938,48.2238655090332,generated_videos/surface_grid_5_hard.mp4
4577,14,351994,851,806913,0.0,-2.3486328125,45.02037811279297,generated_videos/surface_grid_5_hard.mp4
4578,9,352126,850,812634,0.0,-2.7706756591796875,45.593528747558594,generated_videos/surface_grid_5_hard.mp4
4579,13,352259,836,799397,0.0,-2.9418792724609375,47.272216796875,generated_videos/surface_grid_5_hard.mp4
4580,15,352384,843,802382,0.0,-3.15325927734375,47.78550720214844,generated_videos/surface_grid_5_hard.mp4
4581,9,352534,861,817617,0.0,-3.101165771484375,46.768775939941406,generated_videos/surface_grid_5_hard.mp4
4582,14,352676,854,804739,0.0,-3.5138931274414062,48.228050231933594,generated_videos/surface_grid_5_hard.mp4
4583,12,352831,866,821121,0.0,-3.6442642211914062,46.8134765625,generated_videos/surface_grid_5_hard.mp4
4584,13,352965,868,820289,0.0,-4.23965311050415,46.89830017089844,generated_videos/surface_grid_5_hard.mp4
4585,14,353100,863,821260,0.0,-4.712615966796875,48.84441375732422,generated_videos/surface_grid_5_hard.mp4
4586,17,353247,865,808041,0.0,-4.6274871826171875,49.300201416015625,generated_videos/surface_grid_5_hard.mp4
4587,14,353391,870,809320,0.0,-4.2371368408203125,48.51910400390625,generated_videos/surface_grid_5_hard.mp4
4588,21,353531,870,807647,0.0,-3.8480987548828125,49.84440612792969,generated_videos/surface_grid_5_hard.mp4
4589,12,353679,877,814503,0.0,-3.971832275390625,51.379791259765625,generated_videos/surface_grid_5_hard.mp4
4590,14,353829,884,813150,1.8183212280273438,-4.0123748779296875,50.809364318847656,generated_videos/surface_grid_5_hard.mp4
4591,21,353980,885,812976,3.283966064453125,-4.259185791015625,51.738685607910156,generated_videos/surface_grid_5_hard.mp4
4592,16,354141,899,823730,3.488037109375,-4.481964111328125,51.30442428588867,generated_videos/surface_grid_5_hard.mp4
4593,12,354299,894,826970,3.505208969116211,-5.3950958251953125,51.54216766357422,generated_videos/surface_grid_5_hard.mp4
4594,13,354456,896,828827,5.383903503417969,-6.4580230712890625,50.49307632446289,generated_videos/surface_grid_5_hard.mp4
4595,11,354608,897,829089,5.1363525390625,-8.2122802734375,51.303497314453125,generated_videos/surface_grid_5_hard.mp4
4596,10,354761,905,827706,6.09588623046875,-10.71099853515625,52.54340744018555,generated_videos/surface_grid_5_hard.mp4
4597,11,354928,918,829910,5.436283111572266,-13.029180526733398,52.147216796875,generated_videos/surface_grid_5_hard.mp4
4598,14,355079,901,816474,6.562744140625,-16.4708251953125,54.260318756103516,generated_videos/surface_grid_5_hard.mp4
4599,13,355235,897,816903,7.00390625,-18.857147216796875,55.54508972167969,generated_videos/surface_grid_5_hard.mp4
4600,16,355380,886,815624,7.57928466796875,-21.418655395507812,57.939674377441406,generated_videos/surface_grid_5_hard.mp4
4601,14,355536,890,819094,7.418853759765625,-23.956253051757812,58.073890686035156,generated_videos/surface_grid_5_hard.mp4
4602,12,355702,895,819128,5.159912109375,-25.73529052734375,57.36788558959961,generated_videos/surface_grid_5_hard.mp4
4603,12,355856,894,817120,5.7101898193359375,-27.433013916015625,59.345558166503906,generated_videos/surface_grid_5_hard.mp4
4604,15,355991,889,817268,6.993316650390625,-28.885696411132812,60.83558654785156,generated_videos/surface_grid_5_hard.mp4
4605,14,356141,895,815692,7.70428466796875,-29.826507568359375,61.22725296020508,generated_videos/surface_grid_5_hard.mp4
4606,21,356293,894,811797,7.069620132446289,-30.267410278320312,60.885948181152344,generated_videos/surface_grid_5_hard.mp4
4607,18,356452,900,811712,5.683868408203125,-29.771560668945312,59.95528793334961,generated_videos/surface_grid_5_hard.mp4
4608,19,356605,905,809899,5.44189453125,-29.14403533935547,59.848567962646484,generated_videos/surface_grid_5_hard.mp4
4609,18,356765,907,817575,6.31341552734375,-28.226043701171875,59.48965072631836,generated_videos/surface_grid_5_hard.mp4
4610,17,356918,911,815303,7.20416259765625,-26.80853271484375,58.80165100097656,generated_videos/surface_grid_5_hard.mp4
4611,20,357070,902,805470,9.343658447265625,-25.66128158569336,59.89657974243164,generated_videos/surface_grid_5_hard.mp4
4612,20,357231,911,804564,8.750642776489258,-23.197723388671875,59.85272216796875,generated_videos/surface_grid_5_hard.mp4
4613,20,357397,916,803406,9.28094482421875,-21.031883239746094,60.89073181152344,generated_videos/surface_grid_5_hard.mp4
4614,18,357553,914,806543,9.15557861328125,-18.84686279296875,60.38359069824219,generated_videos/surface_grid_5_hard.mp4
4615,19,357696,910,808381,10.915584564208984,-17.995254516601562,61.476966857910156,generated_videos/surface_grid_5_hard.mp4
4616,18,357847,914,806681,11.850601196289062,-14.944747924804688,62.95832443237305,generated_videos/surface_grid_5_hard.mp4
4617,17,357992,911,809492,11.50738525390625,-13.5904541015625,62.187992095947266,generated_videos/surface_grid_5_hard.mp4
4618,15,358126,913,814936,12.7489013671875,-12.54296875,63.04867935180664,generated_videos/surface_grid_5_hard.mp4
4619,16,358267,911,813995,14.052389144897461,-11.993743896484375,63.61817932128906,generated_videos/surface_grid_5_hard.mp4
4620,17,358407,916,813180,13.699127197265625,-11.774261474609375,62.996826171875,generated_videos/surface_grid_5_hard.mp4
4621,14,358548,917,816708,13.921600341796875,-11.772811889648438,63.129947662353516,generated_videos/surface_grid_5_hard.mp4
4622,13,358695,914,817521,14.913410186767578,-11.530048370361328,63.26527786254883,generated_videos/surface_grid_5_hard.mp4
4623,19,358833,907,815128,15.7213134765625,-12.413970947265625,63.45344543457031,generated_videos/surface_grid_5_hard.mp4
4624,15,358973,914,815229,15.175981521606445,-13.036605834960938,63.53491973876953,generated_videos/surface_grid_5_hard.mp4
4625,17,359110,908,816275,15.57696533203125,-14.050201416015625,64.47875213623047,generated_videos/surface_grid_5_hard.mp4
4626,18,359257,904,816192,15.79925537109375,-13.800848960876465,64.45980072021484,generated_videos/surface_grid_5_hard.mp4
4627,18,359399,907,816763,15.6068115234375,-13.453559875488281,63.76564025878906,generated_videos/surface_grid_5_hard.mp4
4628,19,359533,908,815984,14.644454956054688,-13.194854736328125,63.856285095214844,generated_videos/surface_grid_5_hard.mp4
4629,18,359671,898,816046,12.6856689453125,-13.97427749633789,64.21599578857422,generated_videos/surface_grid_5_hard.mp4
4630,20,359815,897,815776,13.5399169921875,-14.810359954833984,63.6362190246582,generated_videos/surface_grid_5_hard.mp4
4631,18,359955,893,816499,12.171630859375,-15.024383544921875,63.4482307434082,generated_videos/surface_grid_5_hard.mp4
4632,18,360097,900,817548,10.450164794921875,-15.23134994506836,63.296409606933594,generated_videos/surface_grid_5_hard.mp4
4633,16,360244,898,818070,9.338272094726562,-15.405956268310547,62.78483581542969,generated_videos/surface_grid_5_hard.mp4
4634,17,360372,902,817682,8.046646118164062,-14.716033935546875,62.6705207824707,generated_videos/surface_grid_5_hard.mp4
4635,15,360510,909,819182,7.157073974609375,-14.476806640625,62.45197677612305,generated_videos/surface_grid_5_hard.mp4
4636,12,360649,909,814321,6.5213623046875,-14.380401611328125,63.283382415771484,generated_videos/surface_grid_5_hard.mp4
4637,14,360799,922,820971,4.6267805099487305,-12.726573944091797,61.75920104980469,generated_videos/surface_grid_5_hard.mp4
4638,14,360937,925,818899,3.1517333984375,-12.255218505859375,62.58030700683594,generated_videos/surface_grid_5_hard.mp4
4639,13,361077,932,822013,2.00323486328125,-11.828018188476562,61.6458740234375,generated_videos/surface_grid_5_hard.mp4
4640,14,361205,929,820704,1.5968017578125,-10.49700927734375,61.44554138183594,generated_videos/surface_grid_5_hard.mp4
4641,12,361344,930,824382,1.1558837890625,-10.466397285461426,61.131446838378906,generated_videos/surface_grid_5_hard.mp4
4642,12,361487,928,820705,0.61529541015625,-9.596282958984375,60.833892822265625,generated_videos/surface_grid_5_hard.mp4
4643,11,361622,927,823226,1.3011474609375,-8.595867156982422,60.618919372558594,generated_videos/surface_grid_5_hard.mp4
4644,12,361755,925,822550,0.51055908203125,-8.56988525390625,60.873172760009766,generated_videos/surface_grid_5_hard.mp4
4645,14,361897,922,821362,0.0,-8.344314575195312,60.759273529052734,generated_videos/surface_grid_5_hard.mp4
4646,16,362031,918,811940,0.0,-8.508712768554688,61.48075485229492,generated_videos/surface_grid_5_hard.mp4
4647,13,362174,909,809058,0.0,-8.20916748046875,60.9863166809082,generated_videos/surface_grid_5_hard.mp4
4648,18,362308,910,809016,0.0,-8.046592712402344,60.415855407714844,generated_videos/surface_grid_5_hard.mp4
4649,18,362458,912,808378,0.0,-7.73834228515625,58.755531311035156,generated_videos/surface_grid_5_hard.mp4
4650,20,362596,922,807713,0.0,-7.474342346191406,58.65595245361328,generated_videos/surface_grid_5_hard.mp4
4651,17,362731,923,809595,0.0,-7.448028564453125,58.930755615234375,generated_videos/surface_grid_5_hard.mp4
4652,18,362872,935,811505,0.0,-6.574432373046875,58.30500411987305,generated_videos/surface_grid_5_hard.mp4
4653,17,363008,943,814327,0.0,-6.7651824951171875,58.1736946105957,generated_videos/surface_grid_5_hard.mp4
4654,15,363144,929,811572,0.0,-7.2722930908203125,58.91920852661133,generated_videos/surface_grid_5_hard.mp4
4655,13,363293,930,816546,0.0,-7.42558479309082,59.92744064331055,generated_videos/surface_grid_5_hard.mp4
4656,17,363433,936,812487,0.0,-7.129364013671875,60.642730712890625,generated_videos/surface_grid_5_hard.mp4
4657,21,363592,939,812373,0.0,-7.197845458984375,59.6486930847168,generated_videos/surface_grid_5_hard.mp4
4658,17,363723,934,812729,0.0,-8.294181823730469,60.19065856933594,generated_videos/surface_grid_5_hard.mp4
4659,19,363870,934,813693,0.0,-8.087533950805664,60.107635498046875,generated_videos/surface_grid_5_hard.mp4
4660,14,364043,952,825692,0.0,-6.9522705078125,58.886131286621094,generated_videos/surface_grid_5_hard.mp4
4661,15,364196,937,815633,0.0,-7.806304931640625,60.6565055847168,generated_videos/surface_grid_5_hard.mp4
4662,17,364348,946,815188,0.0,-7.834136962890625,59.089744567871094,generated_videos/surface_grid_5_hard.mp4
4663,15,364508,957,814413,0.0,-7.2602996826171875,58.46487808227539,generated_videos/surface_grid_5_hard.mp4
4664,13,364664,960,814601,0.0,-7.1794891357421875,54.802696228027344,generated_videos/surface_grid_5_hard.mp4
4665,17,364811,959,812509,0.0,-7.366199493408203,55.729881286621094,generated_videos/surface_grid_5_hard.mp4
4666,16,364963,967,823306,0.0,-7.60894775390625,56.74058532714844,generated_videos/surface_grid_5_hard.mp4
4667,14,365108,966,823204,0.0,-8.494338989257812,58.365509033203125,generated_videos/surface_grid_5_hard.mp4
4668,14,365254,969,823176,0.0,-7.7520751953125,57.51740646362305,generated_videos/surface_grid_5_hard.mp4
4669,16,365397,967,820752,0.0,-8.312932014465332,57.677284240722656,generated_videos/surface_grid_5_hard.mp4
4670,15,365542,977,828738,0.0,-8.12701416015625,55.067832946777344,generated_videos/surface_grid_5_hard.mp4
4671,12,365682,986,829675,0.0,-7.7346954345703125,55.23752975463867,generated_videos/surface_grid_5_hard.mp4
4672,15,365820,989,824439,0.0,-7.99017333984375,56.931941986083984,generated_videos/surface_grid_5_hard.mp4
4673,15,365952,985,825905,0.0,-8.388641357421875,59.87592315673828,generated_videos/surface_grid_5_hard.mp4
4674,15,366088,988,828264,0.0,-8.621894836425781,60.93504333496094,generated_videos/surface_grid_5_hard.mp4
4675,12,366228,990,828364,0.0,-8.795700073242188,60.533817291259766,generated_videos/surface_grid_5_hard.mp4
4676,14,366366,989,829165,0.0,-8.906402587890625,55.98910140991211,generated_videos/surface_grid_5_hard.mp4
4677,14,366498,973,829212,0.0,-8.781005859375,58.19699478149414,generated_videos/surface_grid_5_hard.mp4
4678,13,366628,977,827777,0.0,-8.297882080078125,57.29391098022461,generated_videos/surface_grid_5_hard.mp4
4679,13,366766,983,830071,0.0,-8.9329833984375,57.513671875,generated_videos/surface_grid_5_hard.mp4
4680,13,366894,982,832134,0.0,-8.94790267944336,60.35523986816406,generated_videos/surface_grid_5_hard.mp4
4681,12,367031,986,830155,0.0,-8.177780151367188,58.142601013183594,generated_videos/surface_grid_5_hard.mp4
4682,12,367166,990,829441,0.0,-7.82684326171875,58.21551513671875,generated_videos/surface_grid_5_hard.mp4
4683,13,367301,996,830127,0.0,-7.8736572265625,58.482505798339844,generated_videos/surface_grid_5_hard.mp4
4684,13,367429,994,826275,0.0,-7.554264068603516,58.052886962890625,generated_videos/surface_grid_5_hard.mp4
4685,11,367570,994,829698,0.0,-7.7956085205078125,56.72209167480469,generated_videos/surface_grid_5_hard.mp4
4686,12,367690,990,828846,0.0,-7.9434356689453125,58.30329132080078,generated_videos/surface_grid_5_hard.mp4
4687,14,367820,988,827864,0.0,-7.483795166015625,59.33245849609375,generated_videos/surface_grid_5_hard.mp4
4688,14,367953,997,826467,0.0,-7.3249664306640625,59.663795471191406,generated_videos/surface_grid_5_hard.mp4
4689,15,368092,1000,823671,0.0,-7.529335021972656,59.64654541015625,generated_videos/surface_grid_5_hard.mp4
4690,17,368220,996,822873,0.0,-8.291877746582031,61.46869659423828,generated_videos/surface_grid_5_hard.mp4
4691,15,368361,1010,828537,0.0,-7.9686279296875,60.73479461669922,generated_videos/surface_grid_5_hard.mp4
4692,14,368489,1011,828477,0.0,-8.8779296875,62.93605041503906,generated_videos/surface_grid_5_hard.mp4
4693,16,368631,1015,829757,0.0,-8.620338439941406,63.50798034667969,generated_videos/surface_grid_5_hard.mp4
4694,12,368772,1023,832751,0.0,-8.385406494140625,64.00286102294922,generated_videos/surface_grid_5_hard.mp4
4695,13,368904,1025,828608,0.0,-8.814544677734375,66.4249496459961,generated_videos/surface_grid_5_hard.mp4
4696,14,369050,1032,829252,0.0,-9.360809326171875,67.44685363769531,generated_videos/surface_grid_5_hard.mp4
4697,11,369196,1039,831934,0.0,-9.859161376953125,68.43026733398438,generated_videos/surface_grid_5_hard.mp4
4698,16,369341,1049,828115,-0.460357666015625,-10.18975830078125,68.5903091430664,generated_videos/surface_grid_5_hard.mp4
4699,16,369478,1044,829187,-0.8804783821105957,-11.086593627929688,69.53103637695312,generated_videos/surface_grid_5_hard.mp4
4700,14,369629,1054,833381,0.0,-10.883026123046875,68.04574584960938,generated_videos/surface_grid_5_hard.mp4
4701,14,369773,1039,832726,0.0,-11.166961669921875,67.96144104003906,generated_videos/surface_grid_5_hard.mp4
4702,13,369913,1024,835966,0.0,-12.191787719726562,65.89037322998047,generated_videos/surface_grid_5_hard.mp4
4703,13,370063,1027,836293,0.0,-11.45703125,65.16522979736328,generated_videos/surface_grid_5_hard.mp4
4704,14,370211,1018,832935,0.0,-11.735595703125,61.45440673828125,generated_videos/surface_grid_5_hard.mp4
4705,13,370357,1015,833081,0.0,-10.538665771484375,58.41378402709961,generated_videos/surface_grid_5_hard.mp4
4706,13,370513,1006,830343,0.0,-9.444992065429688,56.70783233642578,generated_videos/surface_grid_5_hard.mp4
4707,12,370665,1006,832353,0.0,-9.254085540771484,55.90659713745117,generated_videos/surface_grid_5_hard.mp4
4708,12,370814,995,832131,0.0,-9.0762939453125,53.54266357421875,generated_videos/surface_grid_5_hard.mp4
4709,8,370964,991,836337,0.0,-8.991134643554688,53.08175277709961,generated_videos/surface_grid_5_hard.mp4
4710,15,371110,989,830691,0.0,-8.081451416015625,53.56418991088867,generated_videos/surface_grid_5_hard.mp4
4711,12,371256,979,833966,0.0,-8.14068603515625,54.1657829284668,generated_videos/surface_grid_5_hard.mp4
4712,9,371407,987,832856,0.0,-7.83758544921875,54.73697280883789,generated_videos/surface_grid_5_hard.mp4
4713,11,371556,981,829530,0.0,-8.246337890625,55.57406234741211,generated_videos/surface_grid_5_hard.mp4
4714,13,371693,983,830653,0.0,-8.413337707519531,57.264404296875,generated_videos/surface_grid_5_hard.mp4
4715,13,371839,981,827406,0.0,-8.884750366210938,55.831016540527344,generated_videos/surface_grid_5_hard.mp4
4716,12,371974,971,826803,0.0,-8.95770263671875,57.93085479736328,generated_videos/surface_grid_5_hard.mp4
4717,12,372115,967,827776,0.0,-9.23834228515625,58.588321685791016,generated_videos/surface_grid_5_hard.mp4
4718,11,372266,975,827090,0.0,-8.79486083984375,57.491729736328125,generated_videos/surface_grid_5_hard.mp4
4719,11,372396,964,826598,0.0,-9.856788635253906,60.27938461303711,generated_videos/surface_grid_5_hard.mp4
4720,11,372537,974,829818,0.0,-10.056343078613281,58.51878356933594,generated_videos/surface_grid_5_hard.mp4
4721,13,372678,979,827476,0.0,-10.289459228515625,57.353336334228516,generated_videos/surface_grid_5_hard.mp4
4722,14,372814,978,826955,0.0,-10.442642211914062,57.688804626464844,generated_videos/surface_grid_5_hard.mp4
4723,14,372950,977,826119,0.0,-11.10662841796875,58.74787139892578,generated_videos/surface_grid_5_hard.mp4
4724,12,373088,974,829170,0.0,-11.209014892578125,57.518829345703125,generated_videos/surface_grid_5_hard.mp4
4725,12,373232,969,824008,0.0,-11.05694580078125,58.00353240966797,generated_videos/surface_grid_5_hard.mp4
4726,13,373370,969,823614,0.0,-11.421112060546875,57.903446197509766,generated_videos/surface_grid_5_hard.mp4
4727,14,373510,964,823600,0.0,-11.951614379882812,57.140968322753906,generated_videos/surface_grid_5_hard.mp4
4728,14,373641,967,824938,0.0,-11.80096435546875,57.09950637817383,generated_videos/surface_grid_5_hard.mp4
4729,13,373775,968,827376,0.0,-12.537803649902344,57.00956726074219,generated_videos/surface_grid_5_hard.mp4
4730,13,373909,976,832740,0.0,-12.066986083984375,55.64927673339844,generated_videos/surface_grid_5_hard.mp4
4731,15,374046,973,824364,0.0,-12.81793212890625,57.34116744995117,generated_videos/surface_grid_5_hard.mp4
4732,14,374196,991,831580,0.0,-12.668869018554688,56.56439971923828,generated_videos/surface_grid_5_hard.mp4
4733,12,374344,995,833214,0.0,-12.057342529296875,56.03205871582031,generated_videos/surface_grid_5_hard.mp4
4734,13,374491,1004,836822,0.0,-11.3863525390625,55.7620849609375,generated_videos/surface_grid_5_hard.mp4
4735,11,374618,997,836072,-0.2701416015625,-12.189315795898438,58.16429901123047,generated_videos/surface_grid_5_hard.mp4
4736,12,374761,982,833143,0.0,-11.229644775390625,53.68857955932617,generated_videos/surface_grid_5_hard.mp4
4737,14,374897,961,829568,0.0,-11.305984497070312,51.483612060546875,generated_videos/surface_grid_5_hard.mp4
4738,13,375031,957,831530,0.0,-11.5579833984375,53.24494552612305,generated_videos/surface_grid_5_hard.mp4
4739,17,375176,972,833152,0.0,-11.329170227050781,52.150352478027344,generated_videos/surface_grid_5_hard.mp4
4740,11,375304,973,831375,-0.94671630859375,-10.7657470703125,52.634033203125,generated_videos/surface_grid_5_hard.mp4
4741,14,375467,953,828545,0.0,-7.70965576171875,47.42390441894531,generated_videos/surface_grid_5_hard.mp4
4742,12,375612,958,837964,0.0,-7.2010955810546875,45.26868438720703,generated_videos/surface_grid_5_hard.mp4
4743,14,375761,951,839595,0.0,-7.9792022705078125,46.48398971557617,generated_videos/surface_grid_5_hard.mp4
4744,15,375896,918,832061,0.0,-8.090797424316406,42.09546661376953,generated_videos/surface_grid_5_hard.mp4
4745,15,376035,905,826883,0.0,-8.74261474609375,41.6810417175293,generated_videos/surface_grid_5_hard.mp4
4746,17,376185,913,826826,0.0,-8.9208984375,42.52021408081055,generated_videos/surface_grid_5_hard.mp4
4747,17,376329,912,824111,0.0,-9.379436492919922,42.323177337646484,generated_videos/surface_grid_5_hard.mp4
4748,17,376490,924,826994,0.0,-9.453323364257812,41.682289123535156,generated_videos/surface_grid_5_hard.mp4
4749,14,376629,923,829916,0.0,-9.704414367675781,42.6490364074707,generated_videos/surface_grid_5_hard.mp4
4750,16,376772,925,826157,0.0,-8.957046508789062,43.67490005493164,generated_videos/surface_grid_5_hard.mp4
4751,15,376923,923,827606,0.0,-8.26922607421875,44.43643569946289,generated_videos/surface_grid_5_hard.mp4
4752,15,377070,925,825297,0.0,-8.233734130859375,45.31672668457031,generated_videos/surface_grid_5_hard.mp4
4753,10,377224,937,836535,0.0,-7.300943374633789,45.39760971069336,generated_videos/surface_grid_5_hard.mp4
4754,12,377362,925,830404,0.0,-8.876144409179688,46.76119613647461,generated_videos/surface_grid_5_hard.mp4
4755,11,377509,922,836242,0.0,-8.156494140625,46.74625015258789,generated_videos/surface_grid_5_hard.mp4
4756,12,377652,922,833802,0.0,-6.410739898681641,46.07855224609375,generated_videos/surface_grid_5_hard.mp4
4757,15,377792,914,828272,0.0,-6.515913009643555,46.988487243652344,generated_videos/surface_grid_5_hard.mp4
4758,13,377939,910,834280,0.0,-5.9868927001953125,45.48737335205078,generated_videos/surface_grid_5_hard.mp4
4759,10,378086,908,837444,0.0,-5.327667236328125,44.9934196472168,generated_videos/surface_grid_5_hard.mp4
4760,12,378230,905,829470,0.0,-5.81268310546875,46.37675857543945,generated_videos/surface_grid_5_hard.mp4
4761,10,378376,897,836891,0.0,-5.386871337890625,44.918575286865234,generated_videos/surface_grid_5_hard.mp4
4762,9,378528,892,836181,-0.23773193359375,-4.997440814971924,43.930091857910156,generated_videos/surface_grid_5_hard.mp4
4763,11,378673,870,832971,-1.4510955810546875,-4.564727783203125,43.49588394165039,generated_videos/surface_grid_5_hard.mp4
4764,10,378825,879,835827,-1.00408935546875,-4.416534423828125,44.2876091003418,generated_videos/surface_grid_5_hard.mp4
4765,10,378960,876,831977,-2.4974822998046875,-3.5389404296875,45.33600616455078,generated_videos/surface_grid_5_hard.mp4
4766,14,379110,881,823108,-2.186981201171875,-2.4713134765625,46.489906311035156,generated_videos/surface_grid_5_hard.mp4
4767,11,379243,878,826676,-1.837799072265625,-1.3072657585144043,45.551307678222656,generated_videos/surface_grid_5_hard.mp4
4768,11,379383,883,838174,-1.769775390625,-0.55426025390625,45.85615921020508,generated_videos/surface_grid_5_hard.mp4
4769,11,379515,879,835107,-1.4547119140625,-0.775482177734375,47.672882080078125,generated_videos/surface_grid_5_hard.mp4
4770,10,379652,879,833162,-0.9378662109375,-0.97894287109375,48.43572235107422,generated_videos/surface_grid_5_hard.mp4
4771,15,379775,872,823038,-2.1938400268554688,-1.7263946533203125,49.76133728027344,generated_videos/surface_grid_5_hard.mp4
4772,11,379907,874,827064,-1.917999267578125,-1.94677734375,50.60265350341797,generated_videos/surface_grid_5_hard.mp4
4773,16,380029,871,816913,-2.5245819091796875,-3.017059326171875,52.195796966552734,generated_videos/surface_grid_5_hard.mp4
4774,14,380152,875,817764,-2.6076974868774414,-3.6132278442382812,53.32811737060547,generated_videos/surface_grid_5_hard.mp4
4775,14,380289,896,829089,-2.221343994140625,-3.8319931030273438,52.21549987792969,generated_videos/surface_grid_5_hard.mp4
4776,14,380413,887,818310,-2.902587890625,-5.0390167236328125,53.84020233154297,generated_videos/surface_grid_5_hard.mp4
4777,12,380543,897,827498,-2.0694580078125,-5.185211181640625,53.42637252807617,generated_videos/surface_grid_5_hard.mp4
4778,13,380674,899,825293,-0.97711181640625,-6.14190673828125,54.49911880493164,generated_videos/surface_grid_5_hard.mp4
4779,9,380810,908,831005,-0.630859375,-6.18365478515625,54.97068786621094,generated_videos/surface_grid_5_hard.mp4
4780,12,380936,903,824086,-1.2052001953125,-7.63482666015625,55.76048278808594,generated_videos/surface_grid_5_hard.mp4
4781,13,381059,907,823484,-1.2752685546875,-8.996917724609375,56.64036560058594,generated_videos/surface_grid_5_hard.mp4
4782,13,381181,898,820614,-1.260009765625,-10.423229217529297,59.71977996826172,generated_videos/surface_grid_5_hard.mp4
4783,14,381308,896,825287,-0.7212677001953125,-11.345870971679688,58.71504592895508,generated_videos/surface_grid_5_hard.mp4
4784,12,381439,904,824909,-0.2353973388671875,-11.76116943359375,59.57195281982422,generated_videos/surface_grid_5_hard.mp4
4785,11,381566,905,825805,-1.006103515625,-12.343719482421875,59.2526969909668,generated_videos/surface_grid_5_hard.mp4
4786,14,381689,903,822715,-1.04266357421875,-13.2039794921875,60.479671478271484,generated_videos/surface_grid_5_hard.mp4
4787,10,381810,889,825551,-0.81329345703125,-14.065277099609375,60.09362030029297,generated_videos/surface_grid_5_hard.mp4
4788,9,381941,874,825935,0.0,-14.433761596679688,57.13955307006836,generated_videos/surface_grid_5_hard.mp4
4789,11,382061,868,819865,0.0,-14.6624755859375,57.871612548828125,generated_videos/surface_grid_5_hard.mp4
4790,10,382193,869,815991,0.0,-14.98675537109375,57.39925765991211,generated_videos/surface_grid_5_hard.mp4
4791,9,382315,865,816257,0.0,-15.393829345703125,58.04707336425781,generated_videos/surface_grid_5_hard.mp4
4792,11,382441,869,815911,0.0,-15.563446044921875,56.94142150878906,generated_videos/surface_grid_5_hard.mp4
4793,10,382566,876,815341,0.0,-15.428192138671875,57.42390823364258,generated_videos/surface_grid_5_hard.mp4
4794,12,382680,859,803536,0.0,-16.622467041015625,58.411460876464844,generated_videos/surface_grid_5_hard.mp4
4795,11,382793,855,804475,-0.219482421875,-17.07049560546875,60.69488525390625,generated_videos/surface_grid_5_hard.mp4
4796,11,382919,865,806439,0.0,-16.131378173828125,60.42959976196289,generated_videos/surface_grid_5_hard.mp4
4797,15,383045,866,798224,-0.6014251708984375,-15.530426025390625,58.99542999267578,generated_videos/surface_grid_5_hard.mp4
4798,18,383163,859,794226,-0.685791015625,-16.125274658203125,59.44149398803711,generated_videos/surface_grid_5_hard.mp4
4799,14,383288,872,793890,-0.9326705932617188,-16.580657958984375,60.509429931640625,generated_videos/surface_grid_5_hard.mp4
4800,14,383407,870,792030,-1.524566650390625,-17.087997436523438,62.084251403808594,generated_videos/surface_grid_5_hard.mp4
4801,13,383540,889,797455,0.0,-16.267364501953125,58.84406661987305,generated_videos/surface_grid_5_hard.mp4
4802,13,383664,877,793502,0.0,-17.040557861328125,58.173988342285156,generated_videos/surface_grid_5_hard.mp4
4803,12,383793,881,795638,-0.526458740234375,-16.326385498046875,56.78423309326172,generated_videos/surface_grid_5_hard.mp4
4804,13,383927,890,805634,0.0,-15.829986572265625,56.18024444580078,generated_videos/surface_grid_5_hard.mp4
4805,10,384049,892,808308,0.0,-15.643798828125,56.13570785522461,generated_videos/surface_grid_5_hard.mp4
4806,13,384165,885,806544,-0.23577880859375,-15.221843719482422,55.07905197143555,generated_videos/surface_grid_5_hard.mp4
4807,15,384287,870,793742,-2.4855270385742188,-15.350845336914062,55.4432258605957,generated_videos/surface_grid_5_hard.mp4
4808,15,384418,857,799652,-0.06317138671875,-15.350250244140625,53.721153259277344,generated_videos/surface_grid_5_hard.mp4
4809,16,384553,849,784590,0.0,-15.02587890625,53.3823127746582,generated_videos/surface_grid_5_hard.mp4
4810,14,384675,840,783778,-0.42431640625,-14.273941040039062,51.857460021972656,generated_videos/surface_grid_5_hard.mp4
4811,14,384800,832,783731,-0.3229222297668457,-12.9915771484375,50.089942932128906,generated_videos/surface_grid_5_hard.mp4
4812,15,384913,816,780365,-0.839385986328125,-12.4698486328125,50.8804817199707,generated_videos/surface_grid_5_hard.mp4
4813,18,385026,799,776318,-1.42364501953125,-11.6510009765625,50.804935455322266,generated_videos/surface_grid_5_hard.mp4
4814,14,385140,799,787290,-2.00909423828125,-10.9462890625,49.766746520996094,generated_videos/surface_grid_5_hard.mp4
4815,16,385250,801,784629,-2.61688232421875,-10.647064208984375,51.54832077026367,generated_videos/surface_grid_5_hard.mp4
4816,16,385365,794,780384,-0.86517333984375,-10.775299072265625,52.012847900390625,generated_videos/surface_grid_5_hard.mp4
4817,14,385476,787,778581,-0.04315185546875,-11.06134033203125,51.39353561401367,generated_videos/surface_grid_5_hard.mp4
4818,13,385600,808,784347,0.0,-10.679214477539062,50.997642517089844,generated_videos/surface_grid_5_hard.mp4
4819,17,385700,801,776079,-1.384765625,-11.683334350585938,53.05414581298828,generated_videos/surface_grid_5_hard.mp4
4820,18,385805,803,779517,-0.78546142578125,-11.818572998046875,53.45325469970703,generated_videos/surface_grid_5_hard.mp4
4821,14,385909,815,789347,-1.0072021484375,-10.65655517578125,54.203529357910156,generated_videos/surface_grid_5_hard.mp4
4822,17,386016,807,779874,0.0,-10.87225341796875,56.130531311035156,generated_videos/surface_grid_5_hard.mp4
4823,15,386115,814,788386,-0.5569000244140625,-10.583084106445312,56.15446472167969,generated_videos/surface_grid_5_hard.mp4
4824,16,386204,811,779363,-2.1912841796875,-10.7189302444458,57.68563461303711,generated_videos/surface_grid_5_hard.mp4
4825,17,386282,810,776536,-4.377593994140625,-10.971878051757812,58.49892044067383,generated_videos/surface_grid_5_hard.mp4
4826,14,386355,808,774151,-3.828826904296875,-11.69903564453125,60.61576843261719,generated_videos/surface_grid_5_hard.mp4
4827,18,386431,808,772829,-4.152740478515625,-12.5445556640625,61.412269592285156,generated_videos/surface_grid_5_hard.mp4
4828,19,386505,803,769266,-5.12353515625,-13.489715576171875,64.06340789794922,generated_videos/surface_grid_5_hard.mp4
4829,16,386581,812,770055,-4.422821044921875,-12.638885498046875,63.49789047241211,generated_videos/surface_grid_5_hard.mp4
4830,18,386653,803,766856,-3.19989013671875,-13.49298095703125,66.36380767822266,generated_videos/surface_grid_5_hard.mp4
4831,18,386717,796,757235,-5.012969970703125,-14.1094970703125,66.89594268798828,generated_videos/surface_grid_5_hard.mp4
4832,16,386786,797,755277,-5.449066162109375,-13.38421630859375,65.91065979003906,generated_videos/surface_grid_5_hard.mp4
4833,17,386857,793,760924,-3.783203125,-13.73037338256836,65.03160858154297,generated_videos/surface_grid_5_hard.mp4
4834,17,386924,800,760748,-5.022342681884766,-13.316482543945312,66.15491485595703,generated_videos/surface_grid_5_hard.mp4
4835,18,386988,803,762733,-5.97039794921875,-13.459640502929688,68.6808090209961,generated_videos/surface_grid_5_hard.mp4
4836,15,387065,813,767750,-2.82403564453125,-12.581817626953125,68.5262451171875,generated_videos/surface_grid_5_hard.mp4
4837,20,387140,793,755403,-3.43292236328125,-13.588531494140625,67.11852264404297,generated_videos/surface_grid_5_hard.mp4
4838,17,387234,804,767780,-2.1744728088378906,-12.788764953613281,67.05974578857422,generated_videos/surface_grid_5_hard.mp4
4839,19,387318,797,764850,-2.5882186889648438,-12.69671630859375,64.56744384765625,generated_videos/surface_grid_5_hard.mp4
4840,18,387405,775,765476,-0.54058837890625,-15.260848999023438,63.973270416259766,generated_videos/surface_grid_5_hard.mp4
4841,14,387496,776,764619,-0.174652099609375,-15.919357299804688,62.43644714355469,generated_videos/surface_grid_5_hard.mp4
4842,16,387589,778,764413,-0.086334228515625,-16.40294647216797,61.27934265136719,generated_videos/surface_grid_5_hard.mp4
4843,14,387677,781,770895,-0.2421875,-17.132965087890625,58.61053466796875,generated_videos/surface_grid_5_hard.mp4
4844,14,387774,788,764964,0.0,-16.986392974853516,58.92878341674805,generated_videos/surface_grid_5_hard.mp4
4845,16,387861,781,763093,0.0,-16.564208984375,60.9002685546875,generated_videos/surface_grid_5_hard.mp4
4846,14,387948,771,763001,-1.0390625,-18.195526123046875,60.792720794677734,generated_videos/surface_grid_5_hard.mp4
4847,11,388034,767,763437,0.0,-19.310791015625,62.56769943237305,generated_videos/surface_grid_5_hard.mp4
4848,11,388129,773,762771,0.0,-20.48583984375,61.13679122924805,generated_videos/surface_grid_5_hard.mp4
4849,12,388218,776,765365,0.0,-21.593887329101562,62.48124694824219,generated_videos/surface_grid_5_hard.mp4
4850,12,388300,771,764431,-0.3048095703125,-22.2783203125,62.6563606262207,generated_videos/surface_grid_5_hard.mp4
4851,12,388386,770,767842,-0.828765869140625,-22.78606414794922,63.11784362792969,generated_videos/surface_grid_5_hard.mp4
4852,11,388489,786,767496,0.0,-21.68128204345703,62.34674835205078,generated_videos/surface_grid_5_hard.mp4
4853,12,388590,796,768378,0.0,-20.7001953125,60.93547439575195,generated_videos/surface_grid_5_hard.mp4
4854,13,388688,790,769618,0.0,-21.33116912841797,59.716636657714844,generated_videos/surface_grid_5_hard.mp4
4855,14,388786,793,766525,0.0,-21.026763916015625,59.795570373535156,generated_videos/surface_grid_5_hard.mp4
4856,15,388882,794,765431,0.0,-20.863128662109375,58.88153076171875,generated_videos/surface_grid_5_hard.mp4
4857,13,388977,792,767572,0.0,-21.196571350097656,61.33933639526367,generated_videos/surface_grid_5_hard.mp4
4858,11,389075,800,774945,0.0,-20.181777954101562,62.59558868408203,generated_videos/surface_grid_5_hard.mp4
4859,16,389181,806,775095,0.0,-19.84868621826172,61.10803985595703,generated_videos/surface_grid_5_hard.mp4
4860,12,389281,806,778926,-0.713134765625,-18.800554275512695,62.82829284667969,generated_videos/surface_grid_5_hard.mp4
4861,13,389390,808,774013,-0.67401123046875,-19.013216018676758,62.917152404785156,generated_videos/surface_grid_5_hard.mp4
4862,15,389495,799,774165,0.0,-19.657814025878906,63.4544563293457,generated_videos/surface_grid_5_hard.mp4
4863,14,389609,783,776917,0.0,-20.67852783203125,62.88066864013672,generated_videos/surface_grid_5_hard.mp4
4864,14,389735,794,780413,0.0,-19.88214874267578,60.37158966064453,generated_videos/surface_grid_5_hard.mp4
4865,12,389864,787,782683,0.0,-18.870361328125,58.070465087890625,generated_videos/surface_grid_5_hard.mp4
4866,13,389997,792,783290,0.0,-18.773456573486328,57.67015838623047,generated_videos/surface_grid_5_hard.mp4
4867,13,390119,789,783620,0.0,-19.239501953125,58.448089599609375,generated_videos/surface_grid_5_hard.mp4
4868,13,390254,797,783994,0.0,-19.228240966796875,58.08434295654297,generated_videos/surface_grid_5_hard.mp4
4869,11,390377,797,786815,0.0,-18.415069580078125,55.88311004638672,generated_videos/surface_grid_5_hard.mp4
4870,13,390504,782,788159,0.0,-17.811813354492188,56.33489990234375,generated_videos/surface_grid_5_hard.mp4
4871,10,390619,775,790544,-0.215087890625,-17.760696411132812,56.015708923339844,generated_videos/surface_grid_5_hard.mp4
4872,11,390744,778,789926,0.0,-17.167160034179688,55.13798522949219,generated_videos/surface_grid_5_hard.mp4
4873,11,390858,782,792543,-1.504638671875,-15.919323921203613,54.50365447998047,generated_videos/surface_grid_5_hard.mp4
4874,11,390990,795,796754,-0.86920166015625,-13.560165405273438,53.25132369995117,generated_videos/surface_grid_5_hard.mp4
4875,8,391104,801,801856,-2.22576904296875,-13.660003662109375,54.67379379272461,generated_videos/surface_grid_5_hard.mp4
4876,8,391217,795,803273,-2.32647705078125,-14.139533996582031,55.668392181396484,generated_videos/surface_grid_5_hard.mp4
4877,10,391324,798,805907,-3.2025604248046875,-13.926605224609375,57.65763854980469,generated_videos/surface_grid_5_hard.mp4
4878,13,391430,797,804929,-4.22735595703125,-13.71390151977539,58.299217224121094,generated_videos/surface_grid_5_hard.mp4
4879,11,391530,807,813097,-5.36712646484375,-13.2076416015625,56.464107513427734,generated_videos/surface_grid_5_hard.mp4
4880,13,391634,814,809001,-5.7587432861328125,-13.139129638671875,57.51458740234375,generated_videos/surface_grid_5_hard.mp4
4881,10,391746,819,817719,-4.25408935546875,-12.38604736328125,57.18726348876953,generated_videos/surface_grid_5_hard.mp4
4882,10,391846,811,808453,-5.484619140625,-12.862701416015625,59.80788040161133,generated_videos/surface_grid_5_hard.mp4
4883,13,391947,812,806893,-6.60662841796875,-13.315582275390625,59.625946044921875,generated_videos/surface_grid_5_hard.mp4
4884,13,392056,820,803965,-7.0948028564453125,-12.139787673950195,60.92251205444336,generated_videos/surface_grid_5_hard.mp4
4885,13,392156,817,804483,-8.0469970703125,-12.3348388671875,62.35429000854492,generated_videos/surface_grid_5_hard.mp4
4886,12,392258,829,806316,-6.760986328125,-12.446983337402344,62.71248245239258,generated_videos/surface_grid_5_hard.mp4
4887,15,392356,837,805251,-8.238296508789062,-13.831390380859375,62.9675407409668,generated_videos/surface_grid_5_hard.mp4
4888,11,392455,842,811083,-9.092803955078125,-14.392617225646973,63.25910949707031,generated_videos/surface_grid_5_hard.mp4
4889,11,392556,853,813610,-7.45550537109375,-15.390670776367188,64.15554809570312,generated_videos/surface_grid_5_hard.mp4
4890,10,392654,839,811986,-8.191116333007812,-16.201080322265625,63.29219055175781,generated_videos/surface_grid_5_hard.mp4
4891,13,392750,849,809122,-7.02752685546875,-16.2796630859375,64.17961883544922,generated_videos/surface_grid_5_hard.mp4
4892,11,392848,858,814240,-8.89642333984375,-15.92205810546875,64.64567565917969,generated_videos/surface_grid_5_hard.mp4
4893,10,392945,865,816794,-9.319562911987305,-15.468597412109375,64.76691436767578,generated_videos/surface_grid_5_hard.mp4
4894,10,393043,881,817539,-8.02264404296875,-15.540435791015625,65.12677764892578,generated_videos/surface_grid_5_hard.mp4
4895,9,393136,886,821963,-8.883148193359375,-15.569175720214844,67.21247100830078,generated_videos/surface_grid_5_hard.mp4
4896,9,393238,883,820407,-9.550537109375,-15.853256225585938,67.35486602783203,generated_videos/surface_grid_5_hard.mp4
4897,9,393336,873,822269,-10.224365234375,-16.552886962890625,63.88903045654297,generated_videos/surface_grid_5_hard.mp4
4898,10,393446,872,815639,-9.462478637695312,-15.913772583007812,61.522926330566406,generated_videos/surface_grid_5_hard.mp4
4899,10,393554,878,821229,-7.1338348388671875,-16.299049377441406,60.73363494873047,generated_videos/surface_grid_5_hard.mp4
4900,9,393665,881,823646,-7.275482177734375,-15.39312744140625,60.69182205200195,generated_videos/surface_grid_5_hard.mp4
4901,10,393782,890,822665,-6.0743255615234375,-12.969162940979004,57.56983947753906,generated_videos/surface_grid_5_hard.mp4
4902,10,393890,877,826733,-6.003173828125,-11.908668518066406,57.61399841308594,generated_videos/surface_grid_5_hard.mp4
4903,11,394010,848,822633,-4.216228485107422,-9.745124816894531,52.4080696105957,generated_videos/surface_grid_5_hard.mp4
4904,11,394123,824,822858,-2.4420166015625,-9.309539794921875,51.09101104736328,generated_videos/surface_grid_5_hard.mp4
4905,12,394249,823,824095,-1.8875732421875,-6.608642578125,47.729095458984375,generated_videos/surface_grid_5_hard.mp4
4906,12,394369,841,826470,-3.064605712890625,-6.321990966796875,45.951622009277344,generated_videos/surface_grid_5_hard.mp4
4907,13,394479,859,828616,-4.0928955078125,-6.369873046875,44.074127197265625,generated_videos/surface_grid_5_hard.mp4
4908,12,394595,862,829094,-3.690537452697754,-6.4351348876953125,45.8765869140625,generated_videos/surface_grid_5_hard.mp4
4909,10,394707,865,835542,-4.496826171875,-6.445159912109375,47.34758758544922,generated_videos/surface_grid_5_hard.mp4
4910,9,394831,863,834178,-2.44451904296875,-7.4386138916015625,48.80204391479492,generated_videos/surface_grid_5_hard.mp4
4911,11,394949,855,834478,-3.773529052734375,-7.792083740234375,48.041873931884766,generated_videos/surface_grid_5_hard.mp4
4912,10,395086,848,835679,-2.343841552734375,-8.1595458984375,48.85867691040039,generated_videos/surface_grid_5_hard.mp4
4913,11,395221,829,830538,-1.9452362060546875,-9.7061767578125,45.97495651245117,generated_videos/surface_grid_5_hard.mp4
4914,8,395361,835,839768,-1.922943115234375,-9.838233947753906,45.45107650756836,generated_videos/surface_grid_5_hard.mp4
4915,9,395481,842,839836,-2.4813995361328125,-9.971954345703125,47.53887176513672,generated_videos/surface_grid_5_hard.mp4
4916,9,395615,851,838040,-0.75628662109375,-10.903594970703125,49.33719253540039,generated_videos/surface_grid_5_hard.mp4
4917,8,395740,849,838306,-2.29791259765625,-11.19866943359375,51.871089935302734,generated_videos/surface_grid_5_hard.mp4
4918,7,395891,861,846404,-0.00762939453125,-11.5279541015625,52.402976989746094,generated_videos/surface_grid_5_hard.mp4
4919,10,396008,859,842914,-1.908447265625,-11.686737060546875,53.91056442260742,generated_videos/surface_grid_5_hard.mp4
4920,7,396144,856,846242,-0.24310302734375,-12.248947143554688,55.09346008300781,generated_videos/surface_grid_5_hard.mp4
4921,7,396267,851,846565,-2.099090576171875,-12.545013427734375,56.95044708251953,generated_videos/surface_grid_5_hard.mp4
4922,8,396393,839,837335,-2.586761474609375,-14.200714111328125,58.18003845214844,generated_videos/surface_grid_5_hard.mp4
4923,9,396516,849,836678,-2.44720458984375,-14.495941162109375,57.418357849121094,generated_videos/surface_grid_5_hard.mp4
4924,11,396649,834,812211,-1.1379165649414062,-16.358062744140625,58.47718811035156,generated_videos/surface_grid_5_hard.mp4
4925,10,396767,836,816068,-2.247650146484375,-17.504653930664062,60.27821731567383,generated_videos/surface_grid_5_hard.mp4
4926,11,396893,841,814760,-2.06219482421875,-18.641571044921875,60.99858093261719,generated_videos/surface_grid_5_hard.mp4
4927,9,397031,866,840386,-0.731414794921875,-18.257339477539062,59.01200485229492,generated_videos/surface_grid_5_hard.mp4
4928,13,397169,856,827646,-0.7305908203125,-20.246231079101562,61.9213981628418,generated_videos/surface_grid_5_hard.mp4
4929,8,397304,868,841892,-0.29010009765625,-21.207275390625,60.633602142333984,generated_videos/surface_grid_5_hard.mp4
4930,11,397451,874,835790,0.0,-22.414642333984375,59.9398078918457,generated_videos/surface_grid_5_hard.mp4
4931,11,397568,859,834695,-2.410888671875,-23.4384765625,60.025413513183594,generated_videos/surface_grid_5_hard.mp4
4932,13,397707,872,833900,-1.264312744140625,-22.55476188659668,60.42845916748047,generated_videos/surface_grid_5_hard.mp4
4933,10,397835,877,836838,-0.861236572265625,-23.266571044921875,59.457672119140625,generated_videos/surface_grid_5_hard.mp4
4934,9,397977,876,838824,0.0,-23.282608032226562,59.8144645690918,generated_videos/surface_grid_5_hard.mp4
4935,9,398113,880,839582,-1.2763824462890625,-23.894119262695312,58.105159759521484,generated_videos/surface_grid_5_hard.mp4
4936,10,398257,884,841373,0.0,-23.14349365234375,57.46674346923828,generated_videos/surface_grid_5_hard.mp4
4937,11,398398,894,837591,-0.0610504150390625,-21.766448974609375,57.55799865722656,generated_videos/surface_grid_5_hard.mp4
4938,10,398523,883,830457,-0.5037689208984375,-22.75958251953125,59.574745178222656,generated_videos/surface_grid_5_hard.mp4
4939,12,398656,894,834023,-0.734954833984375,-20.8936767578125,56.7398681640625,generated_videos/surface_grid_5_hard.mp4
4940,9,398808,909,843931,-0.00439453125,-19.677032470703125,56.37086486816406,generated_videos/surface_grid_5_hard.mp4
4941,12,398940,908,838780,-1.0950469970703125,-18.576217651367188,58.12999725341797,generated_videos/surface_grid_5_hard.mp4
4942,15,399092,914,839760,-0.478424072265625,-16.59331512451172,56.89985656738281,generated_videos/surface_grid_5_hard.mp4
4943,13,399238,925,838427,0.0,-15.005897521972656,58.53947067260742,generated_videos/surface_grid_5_hard.mp4
4944,11,399385,925,840130,0.0,-13.7176513671875,57.61799240112305,generated_videos/surface_grid_5_hard.mp4
4945,14,399526,919,836724,0.0,-12.7685546875,56.7431526184082,generated_videos/surface_grid_5_hard.mp4
4946,11,399669,916,836366,0.0,-9.453445434570312,55.46445083618164,generated_videos/surface_grid_5_hard.mp4
4947,10,399793,898,836236,0.0,-9.153533935546875,55.30484390258789,generated_videos/surface_grid_5_hard.mp4
4948,11,399932,884,836280,0.0,-8.050155639648438,53.38178253173828,generated_videos/surface_grid_5_hard.mp4
4949,11,400064,885,834522,0.0,-7.227874755859375,53.35346221923828,generated_videos/surface_grid_5_hard.mp4
4950,12,400193,870,833578,0.0,-7.309272766113281,53.516357421875,generated_videos/surface_grid_5_hard.mp4
4951,14,400321,871,831162,0.0,-7.44610595703125,55.63920593261719,generated_videos/surface_grid_5_hard.mp4
4952,10,400485,881,832589,0.0,-3.571014404296875,54.7769660949707,generated_videos/surface_grid_5_hard.mp4
4953,10,400617,889,832175,-0.747802734375,-2.82525634765625,53.25661849975586,generated_videos/surface_grid_5_hard.mp4
4954,10,400756,888,832982,-0.099700927734375,-2.8524551391601562,54.56022262573242,generated_videos/surface_grid_5_hard.mp4
4955,9,400884,905,831522,-0.4058837890625,-1.8675613403320312,53.17332458496094,generated_videos/surface_grid_5_hard.mp4
4956,12,401019,909,830557,0.0,-1.9632072448730469,54.50819396972656,generated_videos/surface_grid_5_hard.mp4
4957,10,401149,908,830307,-0.44403076171875,-0.984130859375,52.311126708984375,generated_videos/surface_grid_5_hard.mp4
4958,12,401283,907,826374,0.0,-1.3812255859375,53.521888732910156,generated_videos/surface_grid_5_hard.mp4
4959,8,401416,912,835137,0.0,-0.185760498046875,52.85948944091797,generated_videos/surface_grid_5_hard.mp4
4960,12,401557,906,828389,0.0,0.0,54.683509826660156,generated_videos/surface_grid_5_hard.mp4
4961,12,401686,905,829259,-0.4398193359375,0.0,55.46564483642578,generated_videos/surface_grid_5_hard.mp4
4962,9,401831,907,840102,0.0,0.0,53.56327438354492,generated_videos/surface_grid_5_hard.mp4
4963,11,401967,910,840063,-0.3221435546875,0.0,53.21854782104492,generated_videos/surface_grid_5_hard.mp4
4964,10,402108,903,840206,-1.029083251953125,0.0,54.195735931396484,generated_videos/surface_grid_5_hard.mp4
4965,7,402242,907,842311,-1.5831298828125,0.0,54.538848876953125,generated_videos/surface_grid_5_hard.mp4
4966,11,402390,905,827641,-1.8022003173828125,0.0,55.094024658203125,generated_videos/surface_grid_5_hard.mp4
4967,12,402527,920,830364,-2.674468994140625,0.0,55.13330841064453,generated_videos/surface_grid_5_hard.mp4
4968,15,402665,919,826652,-4.6263427734375,0.0,58.14115524291992,generated_videos/surface_grid_5_hard.mp4
4969,13,402812,936,838000,-3.54461669921875,0.0,56.24753952026367,generated_videos/surface_grid_5_hard.mp4
4970,12,402957,928,831497,-4.584320068359375,-0.0002899169921875,55.634193420410156,generated_videos/surface_grid_5_hard.mp4
4971,10,403089,929,830385,-5.271240234375,-0.959442138671875,55.8403434753418,generated_videos/surface_grid_5_hard.mp4
4972,14,403236,931,826205,-5.340972900390625,-1.73748779296875,57.268089294433594,generated_videos/surface_grid_5_hard.mp4
4973,14,403371,922,821213,-6.668121337890625,-3.0800247192382812,59.06739044189453,generated_videos/surface_grid_5_hard.mp4
4974,14,403518,923,826862,-6.084716796875,-3.0874481201171875,59.159725189208984,generated_videos/surface_grid_5_hard.mp4
4975,11,403670,924,828348,-4.878173828125,-2.9634246826171875,58.140594482421875,generated_videos/surface_grid_5_hard.mp4
4976,14,403821,928,825294,-5.255317687988281,-3.6068267822265625,57.088645935058594,generated_videos/surface_grid_5_hard.mp4
4977,10,403964,928,829944,-3.9050827026367188,-3.2108840942382812,55.24645233154297,generated_videos/surface_grid_5_hard.mp4
4978,12,404105,926,830854,-4.6676025390625,-4.4430389404296875,56.612972259521484,generated_videos/surface_grid_5_hard.mp4
4979,12,404238,925,831821,-5.572976112365723,-4.6812744140625,56.95952606201172,generated_videos/surface_grid_5_hard.mp4
4980,14,404389,938,833955,-4.6825408935546875,-5.0013017654418945,55.986175537109375,generated_videos/surface_grid_5_hard.mp4
4981,10,404529,936,833224,-4.91802978515625,-4.5211181640625,55.283912658691406,generated_videos/surface_grid_5_hard.mp4
4982,11,404674,940,832309,-5.929203033447266,-4.7219696044921875,57.713829040527344,generated_videos/surface_grid_5_hard.mp4
4983,11,404807,940,831202,-5.451308727264404,-4.6245880126953125,56.45867156982422,generated_videos/surface_grid_5_hard.mp4
4984,13,404945,942,831312,-5.556610107421875,-4.7853193283081055,56.53692626953125,generated_videos/surface_grid_5_hard.mp4
4985,13,405084,940,829704,-5.08160400390625,-5.271697998046875,55.25277328491211,generated_videos/surface_grid_5_hard.mp4
4986,13,405219,931,826362,-5.4817047119140625,-5.7119140625,56.683719635009766,generated_videos/surface_grid_5_hard.mp4
4987,13,405358,922,825912,-4.1918792724609375,-5.0523681640625,52.448917388916016,generated_videos/surface_grid_5_hard.mp4
4988,12,405492,920,828635,-3.5773696899414062,-5.51263427734375,51.53731155395508,generated_videos/surface_grid_5_hard.mp4
4989,13,405620,918,829255,-4.457973480224609,-6.1003570556640625,53.091522216796875,generated_videos/surface_grid_5_hard.mp4
4990,10,405768,931,828647,-3.15777587890625,-5.5156402587890625,51.79963302612305,generated_videos/surface_grid_5_hard.mp4
4991,10,405895,919,826017,-3.796630859375,-6.801605224609375,51.75421142578125,generated_videos/surface_grid_5_hard.mp4
4992,10,406025,915,825967,-3.057373046875,-7.271240234375,51.71360397338867,generated_videos/surface_grid_5_hard.mp4
4993,9,406163,925,832127,-3.194061279296875,-8.227767944335938,51.35148239135742,generated_videos/surface_grid_5_hard.mp4
4994,10,406289,930,831265,-4.707305908203125,-8.941085815429688,52.96560287475586,generated_videos/surface_grid_5_hard.mp4
4995,12,406420,930,824873,-3.3793373107910156,-9.132492065429688,52.63148498535156,generated_videos/surface_grid_5_hard.mp4
4996,12,406557,921,825059,-2.607025146484375,-9.771820068359375,54.121341705322266,generated_videos/surface_grid_5_hard.mp4
4997,10,406685,917,825586,-2.3088836669921875,-10.49853515625,56.712623596191406,generated_videos/surface_grid_5_hard.mp4
4998,11,406817,906,825538,-3.230262279510498,-10.829242706298828,58.53279113769531,generated_videos/surface_grid_5_hard.mp4
4999,8,406956,918,825468,-1.235992431640625,-10.9837646484375,53.521915435791016,generated_videos/surface_grid_5_hard.mp4
5000,8,407100,928,825972,-1.7005844116210938,-10.395378112792969,51.82345199584961,generated_videos/surface_grid_5_hard.mp4
5001,9,407258,919,824484,-1.51470947265625,-9.139068603515625,52.866756439208984,generated_videos/surface_grid_5_hard.mp4
5002,10,407413,913,823389,-0.5571441650390625,-8.388626098632812,52.53008270263672,generated_videos/surface_grid_5_hard.mp4
5003,8,407556,921,825263,-0.6345787048339844,-7.725341796875,52.417293548583984,generated_videos/surface_grid_5_hard.mp4
5004,8,407701,928,825883,-1.66436767578125,-7.19439697265625,52.49776840209961,generated_videos/surface_grid_5_hard.mp4
5005,8,407828,925,826257,-2.090179443359375,-7.547393798828125,53.51033020019531,generated_videos/surface_grid_5_hard.mp4
5006,9,407972,925,825752,-0.9908447265625,-7.932098388671875,53.47447204589844,generated_videos/surface_grid_5_hard.mp4
5007,9,408109,930,826334,-0.9950714111328125,-8.080093383789062,51.87431335449219,generated_videos/surface_grid_5_hard.mp4
5008,8,408260,933,827893,-0.76776123046875,-8.3507080078125,51.181026458740234,generated_videos/surface_grid_5_hard.mp4
5009,9,408383,919,826879,-1.625091552734375,-8.616668701171875,51.36517333984375,generated_videos/surface_grid_5_hard.mp4
5010,9,408531,925,827272,-0.31842041015625,-8.94561767578125,51.42478942871094,generated_videos/surface_grid_5_hard.mp4
5011,9,408667,922,826983,-0.45880126953125,-8.728530883789062,51.19672393798828,generated_videos/surface_grid_5_hard.mp4
5012,10,408823,924,827381,0.0,-7.64459228515625,48.47813415527344,generated_videos/surface_grid_5_hard.mp4
5013,7,408970,922,828143,-0.00579833984375,-7.6872406005859375,46.19710159301758,generated_videos/surface_grid_5_hard.mp4
5014,7,409119,900,827905,0.0,-6.6601104736328125,44.75907516479492,generated_videos/surface_grid_5_hard.mp4
5015,7,409259,889,828417,0.0,-6.912811279296875,43.284210205078125,generated_videos/surface_grid_5_hard.mp4
5016,7,409417,875,829263,0.0,-7.369453430175781,39.908023834228516,generated_videos/surface_grid_5_hard.mp4
5017,7,409553,885,829395,0.0,-7.695465087890625,38.098697662353516,generated_videos/surface_grid_5_hard.mp4
5018,7,409710,894,830247,0.0,-7.4742279052734375,37.86157989501953,generated_videos/surface_grid_5_hard.mp4
5019,6,409847,895,831965,0.0,-8.114555358886719,38.6550407409668,generated_videos/surface_grid_5_hard.mp4
5020,5,409986,896,835133,0.0,-8.264862060546875,38.840423583984375,generated_videos/surface_grid_5_hard.mp4
5021,6,410112,890,829755,0.0,-8.705604553222656,42.52629089355469,generated_videos/surface_grid_5_hard.mp4
5022,6,410262,895,828583,0.0,-8.7921142578125,43.65998077392578,generated_videos/surface_grid_5_hard.mp4
5023,7,410399,871,828806,0.0,-9.7509765625,41.82233810424805,generated_videos/surface_grid_5_hard.mp4
5024,6,410544,878,828509,0.0,-9.13897705078125,41.96907043457031,generated_videos/surface_grid_5_hard.mp4
5025,6,410690,882,827849,0.0,-8.782546997070312,42.59756088256836,generated_videos/surface_grid_5_hard.mp4
5026,6,410828,882,827793,0.0,-8.569290161132812,43.00914764404297,generated_videos/surface_grid_5_hard.mp4
5027,7,410961,882,828638,0.0,-8.501876831054688,44.74213409423828,generated_videos/surface_grid_5_hard.mp4
5028,9,411094,883,827070,0.0,-7.909423828125,46.071510314941406,generated_videos/surface_grid_5_hard.mp4
5029,7,411221,887,827951,0.0,-7.086151123046875,45.977622985839844,generated_videos/surface_grid_5_hard.mp4
5030,6,411357,896,832589,0.0,-6.610748291015625,45.74795150756836,generated_videos/surface_grid_5_hard.mp4
5031,7,411487,898,827216,0.0,-6.482574462890625,45.971954345703125,generated_videos/surface_grid_5_hard.mp4
5032,6,411613,900,831132,0.0,-5.9444427490234375,46.49879455566406,generated_videos/surface_grid_5_hard.mp4
5033,5,411746,904,834239,0.0,-5.5831146240234375,46.695838928222656,generated_videos/surface_grid_5_hard.mp4
5034,5,411866,915,833999,-0.321136474609375,-4.774810791015625,44.93370056152344,generated_videos/surface_grid_5_hard.mp4
5035,6,411973,906,828841,-1.2201385498046875,-4.977752685546875,45.91014099121094,generated_videos/surface_grid_5_hard.mp4
5036,6,412095,905,827367,-0.499725341796875,-4.764373779296875,46.25642013549805,generated_videos/surface_grid_5_hard.mp4
5037,6,412217,905,826752,-0.3895263671875,-4.62359619140625,47.710296630859375,generated_videos/surface_grid_5_hard.mp4
5038,6,412344,907,825917,-0.387939453125,-4.321345329284668,48.980857849121094,generated_videos/surface_grid_5_hard.mp4
5039,7,412459,907,822510,-0.93133544921875,-4.4019775390625,49.73924255371094,generated_videos/surface_grid_5_hard.mp4
5040,9,412589,907,822344,-0.93572998046875,-4.445892333984375,50.690269470214844,generated_videos/surface_grid_5_hard.mp4
5041,9,412701,904,822626,-1.4621810913085938,-5.265960693359375,51.94359588623047,generated_videos/surface_grid_5_hard.mp4
5042,6,412823,911,823892,-1.341064453125,-5.548675537109375,52.46284866333008,generated_videos/surface_grid_5_hard.mp4
5043,5,412939,918,824143,-1.7430038452148438,-5.7633819580078125,54.0504150390625,generated_videos/surface_grid_5_hard.mp4
5044,5,413051,909,821694,-1.95587158203125,-5.19110107421875,53.175071716308594,generated_videos/surface_grid_5_hard.mp4
5045,5,413164,906,820930,-2.378326416015625,-5.786338806152344,53.434661865234375,generated_videos/surface_grid_5_hard.mp4
5046,5,413285,916,820022,-1.9392547607421875,-5.81512451171875,53.820796966552734,generated_videos/surface_grid_5_hard.mp4
5047,5,413398,914,818655,-2.792755126953125,-6.382957458496094,54.02715301513672,generated_videos/surface_grid_5_hard.mp4
5048,5,413519,922,818171,-3.4154510498046875,-6.209205627441406,54.695831298828125,generated_videos/surface_grid_5_hard.mp4
5049,5,413628,919,818593,-4.41015625,-6.321014404296875,53.97675704956055,generated_videos/surface_grid_5_hard.mp4
5050,6,413747,921,817123,-3.98065185546875,-6.5551605224609375,53.46355056762695,generated_videos/surface_grid_5_hard.mp4
5051,5,413862,922,817848,-4.449382781982422,-7.527549743652344,54.17174530029297,generated_videos/surface_grid_5_hard.mp4
5052,5,413978,925,817799,-4.5972900390625,-8.123817443847656,54.475196838378906,generated_videos/surface_grid_5_hard.mp4
5053,5,414082,926,816168,-5.4512481689453125,-8.198944091796875,54.235145568847656,generated_videos/surface_grid_5_hard.mp4
5054,6,414194,927,815198,-6.1699981689453125,-8.742568969726562,57.04249572753906,generated_videos/surface_grid_5_hard.mp4
5055,5,414297,923,814936,-5.3621826171875,-8.90167236328125,54.553794860839844,generated_videos/surface_grid_5_hard.mp4
5056,5,414410,926,814216,-5.2914581298828125,-8.569610595703125,54.112464904785156,generated_videos/surface_grid_5_hard.mp4
5057,6,414504,891,789844,-4.74603271484375,-8.439605712890625,55.127723693847656,generated_videos/surface_grid_5_hard.mp4
5058,7,414610,893,792106,-4.580169677734375,-7.202667236328125,53.34839630126953,generated_videos/surface_grid_5_hard.mp4
5059,7,414703,895,789330,-4.97015380859375,-6.8189191818237305,53.406715393066406,generated_videos/surface_grid_5_hard.mp4
5060,5,414845,920,824002,-2.3657684326171875,-5.110076904296875,48.29125213623047,generated_videos/surface_grid_5_hard.mp4
5061,6,414949,911,813332,-3.5670166015625,-4.0885772705078125,46.876564025878906,generated_videos/surface_grid_5_hard.mp4
5062,6,415047,893,812780,-3.7730712890625,-3.32427978515625,45.426849365234375,generated_videos/surface_grid_5_hard.mp4
5063,7,415148,886,811614,-4.16888427734375,-1.6120338439941406,41.53251266479492,generated_videos/surface_grid_5_hard.mp4
5064,6,415252,845,786972,-2.4739990234375,-2.520416259765625,40.34133529663086,generated_videos/surface_grid_5_hard.mp4
5065,6,415354,832,789448,-1.417673110961914,-1.0889739990234375,39.7906494140625,generated_videos/surface_grid_5_hard.mp4
5066,4,415475,834,814497,0.0,0.0,35.83697509765625,generated_videos/surface_grid_5_hard.mp4
5067,6,415580,808,783562,0.0,-0.536224365234375,37.987274169921875,generated_videos/surface_grid_5_hard.mp4
5068,6,415679,812,781980,-0.13134765625,-0.451690673828125,38.357521057128906,generated_videos/surface_grid_5_hard.mp4
5069,5,415776,811,782296,-0.472076416015625,-1.134368896484375,38.431087493896484,generated_videos/surface_grid_5_hard.mp4
5070,5,415882,811,782634,-0.283782958984375,-1.683013916015625,37.927799224853516,generated_videos/surface_grid_5_hard.mp4
5071,6,415979,808,780166,-0.955963134765625,-1.9663162231445312,38.44866943359375,generated_videos/surface_grid_5_hard.mp4
5072,7,416068,811,779717,-1.268951416015625,-2.5475311279296875,39.11518096923828,generated_videos/surface_grid_5_hard.mp4
5073,8,416160,809,777366,-1.105682373046875,-3.2117919921875,40.05815124511719,generated_videos/surface_grid_5_hard.mp4
5074,8,416265,808,774626,-0.17950439453125,-3.874725341796875,40.46124267578125,generated_videos/surface_grid_5_hard.mp4
5075,7,416365,813,774894,-0.65069580078125,-4.43768310546875,39.450626373291016,generated_videos/surface_grid_5_hard.mp4
5076,8,416469,813,775246,-0.6513671875,-5.0062255859375,40.017765045166016,generated_videos/surface_grid_5_hard.mp4
5077,7,416569,812,775520,-1.091156005859375,-5.4700469970703125,40.147727966308594,generated_videos/surface_grid_5_hard.mp4
5078,7,416676,799,774543,-0.4078369140625,-6.020660400390625,40.31343078613281,generated_videos/surface_grid_5_hard.mp4
5079,7,416792,818,783153,-0.1298828125,-5.7210693359375,40.29732894897461,generated_videos/surface_grid_5_hard.mp4
5080,7,416888,810,783055,-0.6848983764648438,-6.33563232421875,40.39111328125,generated_videos/surface_grid_5_hard.mp4
5081,7,416976,802,779512,-1.40875244140625,-6.6616058349609375,42.03362274169922,generated_videos/surface_grid_5_hard.mp4
5082,6,417084,814,785096,-0.65576171875,-6.4033660888671875,39.2292594909668,generated_videos/surface_grid_5_hard.mp4
5083,6,417183,806,784919,-0.99951171875,-6.6106109619140625,39.696075439453125,generated_videos/surface_grid_5_hard.mp4
5084,7,417282,803,778832,-0.9068603515625,-6.938873291015625,40.5132942199707,generated_videos/surface_grid_5_hard.mp4
5085,7,417381,801,777742,-1.174072265625,-7.069183349609375,39.96821212768555,generated_videos/surface_grid_5_hard.mp4
5086,7,417479,797,769364,-1.353759765625,-7.0804443359375,40.83466720581055,generated_videos/surface_grid_5_hard.mp4
5087,7,417571,785,768077,-1.784454345703125,-7.155487060546875,41.31752014160156,generated_videos/surface_grid_5_hard.mp4
5088,8,417668,776,767486,-1.8460631370544434,-7.585121154785156,42.93989944458008,generated_videos/surface_grid_5_hard.mp4
5089,8,417773,793,779651,-2.3125,-6.9758148193359375,42.459686279296875,generated_videos/surface_grid_5_hard.mp4
5090,8,417870,792,776799,-2.821258544921875,-7.381797790527344,43.051910400390625,generated_videos/surface_grid_5_hard.mp4
5091,6,417966,801,778849,-2.8773193359375,-7.5291748046875,43.574642181396484,generated_videos/surface_grid_5_hard.mp4
5092,7,418061,787,765161,-3.4942626953125,-8.416412353515625,44.2783088684082,generated_videos/surface_grid_5_hard.mp4
5093,7,418154,785,765243,-4.13360595703125,-8.7757568359375,45.21117401123047,generated_videos/surface_grid_5_hard.mp4
5094,5,418265,799,777993,-3.06903076171875,-8.173828125,43.809410095214844,generated_videos/surface_grid_5_hard.mp4
5095,5,418359,793,777148,-3.10699462890625,-8.35150146484375,44.62225341796875,generated_videos/surface_grid_5_hard.mp4
5096,6,418454,793,775400,-3.1517333984375,-8.4007568359375,46.15909194946289,generated_videos/surface_grid_5_hard.mp4
5097,6,418550,796,774658,-2.8692169189453125,-7.780889511108398,45.872833251953125,generated_videos/surface_grid_5_hard.mp4
5098,9,418647,787,766716,-3.42205810546875,-8.58624267578125,47.12607955932617,generated_videos/surface_grid_5_hard.mp4
5099,6,418754,792,768540,-2.8765411376953125,-8.219284057617188,46.40544128417969,generated_videos/surface_grid_5_hard.mp4
5100,5,418851,796,773670,-2.806285858154297,-7.531410217285156,46.613014221191406,generated_videos/surface_grid_5_hard.mp4
5101,7,418945,788,762690,-2.7156219482421875,-7.15116024017334,46.17425537109375,generated_videos/surface_grid_5_hard.mp4
5102,7,419046,794,761970,-2.8708419799804688,-6.9220733642578125,45.23658752441406,generated_videos/surface_grid_5_hard.mp4
5103,7,419149,799,760654,-2.283843994140625,-6.8420867919921875,42.93545150756836,generated_videos/surface_grid_5_hard.mp4
5104,6,419247,792,760226,-1.3081130981445312,-6.8227691650390625,43.54313278198242,generated_videos/surface_grid_5_hard.mp4
5105,6,419341,790,759700,-0.7042999267578125,-7.156578063964844,43.68177032470703,generated_videos/surface_grid_5_hard.mp4
5106,7,419442,788,756277,0.0,-7.36517333984375,44.247032165527344,generated_videos/surface_grid_5_hard.mp4
5107,7,419528,786,754317,0.0,-7.278724670410156,44.309322357177734,generated_videos/surface_grid_5_hard.mp4
5108,7,419624,801,758820,0.0,-7.161712646484375,43.092315673828125,generated_videos/surface_grid_5_hard.mp4
5109,9,419711,799,757417,0.0,-7.289306640625,42.37076950073242,generated_videos/surface_grid_5_hard.mp4
5110,8,419804,801,757001,0.0,-7.696746826171875,41.954227447509766,generated_videos/surface_grid_5_hard.mp4
5111,8,419897,804,754709,0.0,-8.201400756835938,41.916526794433594,generated_videos/surface_grid_5_hard.mp4
5112,7,419994,807,755489,0.0,-7.336395263671875,42.98731994628906,generated_videos/surface_grid_5_hard.mp4
5113,7,420089,815,754291,1.041046142578125,-6.99462890625,41.566932678222656,generated_videos/surface_grid_5_hard.mp4
5114,7,420186,823,752515,3.2909202575683594,-6.6479339599609375,41.76096725463867,generated_videos/surface_grid_5_hard.mp4
5115,7,420271,817,753933,5.392822265625,-6.4741973876953125,41.66535568237305,generated_videos/surface_grid_5_hard.mp4
5116,6,420356,817,754478,7.790618896484375,-6.2230987548828125,41.96104049682617,generated_videos/surface_grid_5_hard.mp4
5117,6,420440,812,755554,10.730667114257812,-6.345207214355469,43.5919189453125,generated_videos/surface_grid_5_hard.mp4
5118,8,420532,816,756370,13.127334594726562,-5.951324462890625,43.75502014160156,generated_videos/surface_grid_5_hard.mp4
5119,8,420619,814,757310,16.090049743652344,-5.774482727050781,45.13806915283203,generated_videos/surface_grid_5_hard.mp4
5120,6,420704,819,758357,18.329376220703125,-5.34674072265625,45.88995361328125,generated_videos/surface_grid_5_hard.mp4
5121,8,420788,821,758514,21.3115234375,-5.036712646484375,48.1002311706543,generated_videos/surface_grid_5_hard.mp4
5122,7,420879,822,756293,23.620216369628906,-4.5360107421875,49.987545013427734,generated_videos/surface_grid_5_hard.mp4
5123,6,420956,814,757297,27.369110107421875,-4.785736083984375,52.9353141784668,generated_videos/surface_grid_5_hard.mp4
5124,5,421039,815,759009,28.887710571289062,-3.793975830078125,54.52051544189453,generated_videos/surface_grid_5_hard.mp4
5125,6,421121,821,757514,29.55120849609375,-3.27838134765625,56.628273010253906,generated_videos/surface_grid_5_hard.mp4
5126,6,421202,820,757304,32.324668884277344,-3.0895156860351562,58.825050354003906,generated_videos/surface_grid_5_hard.mp4
5127,6,421282,818,760218,33.75307083129883,-2.6580810546875,60.306671142578125,generated_videos/surface_grid_5_hard.mp4
5128,6,421381,829,760457,35.715179443359375,-2.2071762084960938,61.53253173828125,generated_videos/surface_grid_5_hard.mp4
5129,7,421466,823,758402,38.06597900390625,-1.91259765625,64.17193603515625,generated_videos/surface_grid_5_hard.mp4
5130,6,421555,819,758216,40.59620666503906,-2.3231201171875,66.2543716430664,generated_videos/surface_grid_5_hard.mp4
5131,7,421649,821,760794,42.51953125,-2.2657470703125,68.41159057617188,generated_videos/surface_grid_5_hard.mp4
5132,4,421738,818,763636,44.66527557373047,-1.8704071044921875,70.12333679199219,generated_videos/surface_grid_5_hard.mp4
5133,3,421831,827,769672,48.090118408203125,-1.2081298828125,72.8280029296875,generated_videos/surface_grid_5_hard.mp4
5134,3,421920,825,765438,50.60184860229492,-1.020477294921875,74.99707794189453,generated_videos/surface_grid_5_hard.mp4
5135,4,422011,828,766831,53.897796630859375,-1.01519775390625,77.42922973632812,generated_videos/surface_grid_5_hard.mp4
5136,6,422102,820,757842,57.461090087890625,-0.8094100952148438,79.50106811523438,generated_videos/surface_grid_5_hard.mp4
5137,5,422178,823,762006,60.34442138671875,-0.373291015625,81.92193603515625,generated_videos/surface_grid_5_hard.mp4
5138,5,422266,829,765190,62.733184814453125,0.0,83.68804168701172,generated_videos/surface_grid_5_hard.mp4
5139,6,422355,832,765150,64.5335693359375,0.0,85.48423767089844,generated_videos/surface_grid_5_hard.mp4
5140,5,422440,840,768532,67.38694763183594,0.0,87.59608459472656,generated_videos/surface_grid_5_hard.mp4
5141,5,422521,844,769344,69.09608459472656,0.0,89.91789245605469,generated_videos/surface_grid_5_hard.mp4
5142,5,422605,849,771025,71.75244140625,0.0,92.24942016601562,generated_videos/surface_grid_5_hard.mp4
5143,6,422688,853,771187,73.5203857421875,0.0,94.85511016845703,generated_videos/surface_grid_5_hard.mp4
5144,4,422777,855,773179,76.23129272460938,0.0,98.08854675292969,generated_videos/surface_grid_5_hard.mp4
5145,4,422869,860,776447,78.8968505859375,0.0,99.95792388916016,generated_videos/surface_grid_5_hard.mp4
5146,4,422999,892,819019,77.10002136230469,0.0,99.24832153320312,generated_videos/surface_grid_5_hard.mp4
5147,3,423105,891,821721,78.55859375,-0.138336181640625,100.07002258300781,generated_videos/surface_grid_5_hard.mp4
5148,3,423205,891,823595,81.94375610351562,-0.35479736328125,103.56485748291016,generated_videos/surface_grid_5_hard.mp4
5149,3,423302,888,825783,83.84884643554688,-0.5530815124511719,105.43940734863281,generated_videos/surface_grid_5_hard.mp4
5150,5,423408,886,825151,86.02201843261719,-1.0171966552734375,107.18121337890625,generated_videos/surface_grid_5_hard.mp4
5151,3,423520,897,829529,85.75439453125,-1.3902587890625,108.50812530517578,generated_videos/surface_grid_5_hard.mp4
5152,3,423638,910,831491,87.6959228515625,-2.0071945190429688,108.59954071044922,generated_videos/surface_grid_5_hard.mp4
5153,4,423727,864,789499,97.6990737915039,-3.218111991882324,117.56436157226562,generated_videos/surface_grid_5_hard.mp4
5154,4,423823,868,792087,100.31745910644531,-3.77764892578125,121.02079772949219,generated_videos/surface_grid_5_hard.mp4
5155,6,423929,881,792449,100.19416809082031,-4.12860107421875,120.87479400634766,generated_videos/surface_grid_5_hard.mp4
5156,5,424039,887,795731,97.79803466796875,-4.496246337890625,121.50479888916016,generated_videos/surface_grid_5_hard.mp4
5157,7,424145,899,796273,98.108154296875,-4.6219482421875,122.8748779296875,generated_videos/surface_grid_5_hard.mp4
5158,5,424250,898,800015,99.13382720947266,-5.0011444091796875,125.11611938476562,generated_videos/surface_grid_5_hard.mp4
5159,6,424350,895,801085,101.87335205078125,-5.702911376953125,127.64740753173828,generated_videos/surface_grid_5_hard.mp4
5160,5,424453,898,800219,100.62258911132812,-5.8171844482421875,127.83930969238281,generated_videos/surface_grid_5_hard.mp4
5161,6,424551,893,799779,102.60858154296875,-6.23358154296875,129.27655029296875,generated_videos/surface_grid_5_hard.mp4
5162,6,424648,890,801893,105.39249420166016,-6.6681671142578125,130.94808959960938,generated_videos/surface_grid_5_hard.mp4
5163,7,424748,892,802717,105.17981719970703,-7.5675201416015625,129.8087615966797,generated_videos/surface_grid_5_hard.mp4
5164,8,424846,887,803333,109.80145263671875,-8.916778564453125,132.55023193359375,generated_videos/surface_grid_5_hard.mp4
5165,10,424952,900,806133,107.07456970214844,-9.579559326171875,131.55838012695312,generated_videos/surface_grid_5_hard.mp4
5166,9,425031,860,765984,114.7830810546875,-11.675445556640625,137.91249084472656,generated_videos/surface_grid_5_hard.mp4
5167,9,425130,880,777028,110.87315368652344,-11.974342346191406,136.29513549804688,generated_videos/surface_grid_5_hard.mp4
5168,10,425211,861,768218,116.385009765625,-13.582489013671875,139.89866638183594,generated_videos/surface_grid_5_hard.mp4
5169,10,425333,896,810546,109.44609832763672,-12.582244873046875,132.03854370117188,generated_videos/surface_grid_5_hard.mp4
5170,10,425420,898,811235,110.6298599243164,-12.832015991210938,132.01626586914062,generated_videos/surface_grid_5_hard.mp4
5171,9,425517,904,811593,110.93758392333984,-12.531539916992188,130.87686157226562,generated_videos/surface_grid_5_hard.mp4
5172,11,425623,905,811574,108.80718994140625,-11.93511962890625,129.4553680419922,generated_videos/surface_grid_5_hard.mp4
5173,11,425715,905,812911,110.412841796875,-11.394500732421875,129.83456420898438,generated_videos/surface_grid_5_hard.mp4
5174,11,425822,916,813081,106.98643493652344,-10.254150390625,129.2648468017578,generated_videos/surface_grid_5_hard.mp4
5175,10,425923,910,814181,109.98641967773438,-9.9423828125,129.50637817382812,generated_videos/surface_grid_5_hard.mp4
5176,8,426020,915,816010,109.5487060546875,-9.154998779296875,129.83056640625,generated_videos/surface_grid_5_hard.mp4
5177,9,426110,911,816657,111.47093200683594,-9.047515869140625,130.48623657226562,generated_videos/surface_grid_5_hard.mp4
5178,8,426209,911,820273,104.05020141601562,-9.098175048828125,129.72048950195312,generated_videos/surface_grid_5_hard.mp4
5179,10,426294,870,770145,116.9630126953125,-10.727104187011719,139.33901977539062,generated_videos/surface_grid_5_hard.mp4
5180,10,426390,871,771014,116.6234130859375,-10.975555419921875,135.80177307128906,generated_videos/surface_grid_5_hard.mp4
5181,13,426470,869,767507,118.17446899414062,-11.796600341796875,139.466796875,generated_videos/surface_grid_5_hard.mp4
5182,10,426562,873,766777,115.43994903564453,-12.23178482055664,136.60406494140625,generated_videos/surface_grid_5_hard.mp4
5183,10,426646,863,760351,115.21868896484375,-13.330673217773438,139.1915740966797,generated_videos/surface_grid_5_hard.mp4
5184,12,426739,857,751799,113.7301025390625,-13.0218505859375,140.37652587890625,generated_videos/surface_grid_5_hard.mp4
5185,11,426824,862,761881,106.19792175292969,-12.937042236328125,139.06277465820312,generated_videos/surface_grid_5_hard.mp4
5186,7,427002,948,864003,69.35231018066406,-8.021484375,110.78062438964844,generated_videos/surface_grid_5_hard.mp4
5187,9,427110,943,863223,69.91650390625,-8.731414794921875,111.41168975830078,generated_videos/surface_grid_5_hard.mp4
5188,10,427216,928,862687,71.56027221679688,-9.267898559570312,112.28633880615234,generated_videos/surface_grid_5_hard.mp4
5189,10,427300,836,749939,102.251953125,-15.706520080566406,137.91030883789062,generated_videos/surface_grid_5_hard.mp4
5190,10,427393,832,741351,102.03018188476562,-15.880634307861328,135.48289489746094,generated_videos/surface_grid_5_hard.mp4
5191,9,427553,896,812973,74.92023468017578,-11.128211975097656,116.92134094238281,generated_videos/surface_grid_5_hard.mp4
5192,9,427677,902,818677,67.24188232421875,-10.637672424316406,110.6424560546875,generated_videos/surface_grid_5_hard.mp4
5193,9,427797,906,814924,65.95361328125,-10.373504638671875,106.33745574951172,generated_videos/surface_grid_5_hard.mp4
5194,9,427958,946,863464,46.76910400390625,-6.389617919921875,91.92877197265625,generated_videos/surface_grid_5_hard.mp4
5195,10,428076,903,814100,61.3487548828125,-10.230926513671875,102.32048797607422,generated_videos/surface_grid_5_hard.mp4
5196,10,428225,933,859466,46.41705322265625,-7.365081787109375,90.98228454589844,generated_videos/surface_grid_5_hard.mp4
5197,10,428342,937,859119,45.40679931640625,-7.00555419921875,90.25028991699219,generated_videos/surface_grid_5_hard.mp4
5198,8,428465,931,859806,45.25714111328125,-7.52166748046875,92.63106536865234,generated_videos/surface_grid_5_hard.mp4
5199,9,428583,929,858781,41.40179443359375,-7.389862060546875,92.2988052368164,generated_videos/surface_grid_5_hard.mp4
5200,12,428705,941,856883,30.87506103515625,-6.2924041748046875,90.43586730957031,generated_videos/surface_grid_5_hard.mp4
5201,11,428813,938,857240,28.765533447265625,-6.0278778076171875,89.70120239257812,generated_videos/surface_grid_5_hard.mp4
5202,11,428925,897,811000,42.38104248046875,-9.067230224609375,97.8924331665039,generated_videos/surface_grid_5_hard.mp4
5203,11,429080,938,855614,23.352630615234375,-5.897369384765625,87.47065734863281,generated_videos/surface_grid_5_hard.mp4
5204,9,429193,897,812194,32.735626220703125,-8.540496826171875,96.75507354736328,generated_videos/surface_grid_5_hard.mp4
5205,11,429305,904,810134,21.78021240234375,-7.25665283203125,92.05606842041016,generated_videos/surface_grid_5_hard.mp4
5206,10,429421,904,810198,18.630844116210938,-7.4660186767578125,89.73968505859375,generated_videos/surface_grid_5_hard.mp4
5207,9,429534,901,810676,16.1854248046875,-7.708967685699463,91.79817199707031,generated_videos/surface_grid_5_hard.mp4
5208,9,429644,902,807957,12.698165893554688,-7.4261474609375,90.97052001953125,generated_videos/surface_grid_5_hard.mp4
5209,10,429753,907,811554,9.06689453125,-7.5287933349609375,90.9782485961914,generated_videos/surface_grid_5_hard.mp4
5210,11,429867,894,804637,7.00225830078125,-7.943511962890625,91.07079315185547,generated_videos/surface_grid_5_hard.mp4
5211,12,429977,898,806789,3.92413330078125,-7.950325012207031,92.24778747558594,generated_videos/surface_grid_5_hard.mp4
5212,12,430092,894,800621,1.96820068359375,-7.987762451171875,91.66572570800781,generated_videos/surface_grid_5_hard.mp4
5213,12,430210,897,801725,0.0,-7.799835205078125,88.59982299804688,generated_videos/surface_grid_5_hard.mp4
5214,11,430321,897,802772,0.0,-7.194793701171875,89.42322540283203,generated_videos/surface_grid_5_hard.mp4
5215,11,430433,902,801730,0.0,-6.77581787109375,87.66395568847656,generated_videos/surface_grid_5_hard.mp4
5216,13,430558,917,805058,0.0,-6.295440673828125,82.21371459960938,generated_videos/surface_grid_5_hard.mp4
5217,10,430703,955,850966,0.0,-4.2496795654296875,75.80269622802734,generated_videos/surface_grid_5_hard.mp4
5218,11,430816,948,850098,0.0,-4.923332214355469,79.16384887695312,generated_videos/surface_grid_5_hard.mp4
5219,12,430931,949,849742,0.0,-5.3035125732421875,79.11518096923828,generated_videos/surface_grid_5_hard.mp4
5220,13,431062,953,848194,0.0,-5.002349853515625,77.24329376220703,generated_videos/surface_grid_5_hard.mp4
5221,15,431187,961,849625,0.0,-4.69635009765625,76.17028045654297,generated_videos/surface_grid_5_hard.mp4
5222,17,431317,963,843579,0.0,-4.625732421875,75.64598083496094,generated_videos/surface_grid_5_hard.mp4
5223,13,431435,962,849685,0.0,-4.94679594039917,78.27273559570312,generated_videos/surface_grid_5_hard.mp4
5224,13,431539,958,848567,0.0,-5.0741119384765625,81.14189147949219,generated_videos/surface_grid_5_hard.mp4
5225,16,431644,951,842799,0.0,-5.279022216796875,83.45243072509766,generated_videos/surface_grid_5_hard.mp4
5226,16,431760,962,846379,0.0,-5.3722686767578125,83.62782287597656,generated_videos/surface_grid_5_hard.mp4
5227,15,431865,955,840535,-0.473236083984375,-5.9771270751953125,85.83769989013672,generated_videos/surface_grid_5_hard.mp4
5228,19,431974,962,843237,-1.337921142578125,-5.8314361572265625,87.63134765625,generated_videos/surface_grid_5_hard.mp4
5229,15,432078,963,843317,-3.39508056640625,-5.523895263671875,89.53412628173828,generated_videos/surface_grid_5_hard.mp4
5230,18,432189,971,841387,-3.65283203125,-5.4453887939453125,88.01801300048828,generated_videos/surface_grid_5_hard.mp4
5231,18,432290,970,841929,-6.0726318359375,-5.422401428222656,88.48902893066406,generated_videos/surface_grid_5_hard.mp4
5232,19,432390,970,839279,-7.746086120605469,-5.8189544677734375,87.44796752929688,generated_videos/surface_grid_5_hard.mp4
5233,18,432479,966,840719,-10.800262451171875,-6.123687744140625,90.18464660644531,generated_videos/surface_grid_5_hard.mp4
5234,17,432581,954,839477,-11.11602783203125,-6.491630554199219,88.77824401855469,generated_videos/surface_grid_5_hard.mp4
5235,18,432685,962,841951,-10.67767333984375,-6.69285249710083,88.34093475341797,generated_videos/surface_grid_5_hard.mp4
5236,19,432777,947,834444,-13.586669921875,-7.34747314453125,91.79496765136719,generated_videos/surface_grid_5_hard.mp4
5237,18,432878,956,833510,-14.086212158203125,-7.135215759277344,91.69625091552734,generated_videos/surface_grid_5_hard.mp4
5238,18,432986,960,838619,-13.364471435546875,-6.482997894287109,91.0190200805664,generated_videos/surface_grid_5_hard.mp4
5239,17,433079,953,834690,-15.713981628417969,-6.6029052734375,91.48474884033203,generated_videos/surface_grid_5_hard.mp4
5240,19,433178,969,839644,-17.567108154296875,-6.711456298828125,91.7660140991211,generated_videos/surface_grid_5_hard.mp4
5241,20,433274,965,835882,-17.49169921875,-6.602569580078125,92.07472229003906,generated_videos/surface_grid_5_hard.mp4
5242,25,433365,959,832431,-19.27880859375,-7.1866455078125,92.67152404785156,generated_videos/surface_grid_5_hard.mp4
5243,20,433453,957,829937,-21.397930145263672,-7.4377593994140625,94.59330749511719,generated_videos/surface_grid_5_hard.mp4
5244,21,433545,957,826885,-21.832763671875,-7.672027587890625,96.57685089111328,generated_videos/surface_grid_5_hard.mp4
5245,25,433637,954,825807,-21.7371826171875,-7.941145896911621,95.65568542480469,generated_videos/surface_grid_5_hard.mp4
5246,23,433725,947,827025,-24.281005859375,-8.073959350585938,95.31121063232422,generated_videos/surface_grid_5_hard.mp4
5247,21,433815,955,834809,-25.3720703125,-7.715087890625,96.07705688476562,generated_videos/surface_grid_5_hard.mp4
5248,16,433900,953,838187,-25.4075927734375,-8.292694091796875,97.58547973632812,generated_videos/surface_grid_5_hard.mp4
5249,18,433989,956,834287,-24.830108642578125,-8.290374755859375,98.08584594726562,generated_videos/surface_grid_5_hard.mp4
5250,21,434081,951,833212,-24.725830078125,-8.708831787109375,97.44979858398438,generated_videos/surface_grid_5_hard.mp4
5251,18,434182,945,833897,-22.1341552734375,-8.424713134765625,94.41694641113281,generated_videos/surface_grid_5_hard.mp4
5252,26,434279,936,831703,-21.54703140258789,-7.905975341796875,91.23548889160156,generated_videos/surface_grid_5_hard.mp4
5253,20,434375,933,835070,-18.9049072265625,-7.457183837890625,86.39591979980469,generated_videos/surface_grid_5_hard.mp4
5254,22,434457,917,831640,-22.0201416015625,-8.2646484375,88.81996154785156,generated_videos/surface_grid_5_hard.mp4
5255,19,434554,922,832248,-21.484649658203125,-8.419624328613281,87.10565185546875,generated_videos/surface_grid_5_hard.mp4
5256,22,434647,916,829486,-23.080150604248047,-8.624755859375,86.05827331542969,generated_videos/surface_grid_5_hard.mp4
5257,19,434745,929,832281,-22.983154296875,-8.958587646484375,87.32553100585938,generated_videos/surface_grid_5_hard.mp4
5258,19,434823,917,829347,-24.7518310546875,-9.660980224609375,88.52828216552734,generated_videos/surface_grid_5_hard.mp4
5259,19,434913,922,832274,-27.20098876953125,-10.135181427001953,89.16468811035156,generated_videos/surface_grid_5_hard.mp4
5260,18,435010,935,831295,-26.78350830078125,-10.51397705078125,89.90267944335938,generated_videos/surface_grid_5_hard.mp4
5261,21,435100,939,830682,-27.05126953125,-11.07672119140625,89.67153930664062,generated_videos/surface_grid_5_hard.mp4
5262,20,435198,951,835427,-28.49481201171875,-10.736602783203125,88.95671081542969,generated_videos/surface_grid_5_hard.mp4
5263,19,435288,946,836843,-31.190231323242188,-10.671142578125,88.30802917480469,generated_videos/surface_grid_5_hard.mp4
5264,19,435374,936,839057,-33.721160888671875,-10.49603271484375,88.56578063964844,generated_videos/surface_grid_5_hard.mp4
5265,17,435461,921,837123,-35.4281005859375,-10.79400634765625,88.61920166015625,generated_videos/surface_grid_5_hard.mp4
5266,19,435551,906,834132,-38.73606872558594,-10.920604705810547,90.51200866699219,generated_videos/surface_grid_5_hard.mp4
5267,21,435651,909,838926,-38.5501708984375,-10.730255126953125,87.39948272705078,generated_videos/surface_grid_5_hard.mp4
5268,23,435754,909,835144,-40.068695068359375,-11.06011962890625,85.60777282714844,generated_videos/surface_grid_5_hard.mp4
5269,20,435861,913,838470,-37.230712890625,-11.13604736328125,83.07271575927734,generated_videos/surface_grid_5_hard.mp4
5270,17,435955,916,840318,-38.42742919921875,-11.44500732421875,81.10382080078125,generated_videos/surface_grid_5_hard.mp4
5271,17,436046,918,841852,-39.55352783203125,-11.460517883300781,81.17741394042969,generated_videos/surface_grid_5_hard.mp4
5272,18,436141,919,838722,-40.48222351074219,-11.72637939453125,80.8021011352539,generated_videos/surface_grid_5_hard.mp4
5273,17,436231,921,841939,-40.7303466796875,-11.775123596191406,79.7953872680664,generated_videos/surface_grid_5_hard.mp4
5274,17,436328,925,843495,-42.827392578125,-11.644500732421875,78.50251770019531,generated_videos/surface_grid_5_hard.mp4
5275,15,436421,929,843439,-43.84423828125,-11.799205780029297,79.6103286743164,generated_videos/surface_grid_5_hard.mp4
5276,15,436518,923,841491,-45.87347412109375,-12.127763748168945,80.87938690185547,generated_videos/surface_grid_5_hard.mp4
5277,18,436608,916,839789,-45.460235595703125,-12.19072437286377,82.88636779785156,generated_videos/surface_grid_5_hard.mp4
5278,18,436708,921,841185,-45.63929748535156,-12.129119873046875,82.89952087402344,generated_videos/surface_grid_5_hard.mp4
5279,16,436800,921,840711,-48.653228759765625,-11.651824951171875,83.80277252197266,generated_videos/surface_grid_5_hard.mp4
5280,19,436899,924,838147,-49.69537353515625,-11.490249633789062,84.77128601074219,generated_videos/surface_grid_5_hard.mp4
5281,19,436990,927,837707,-51.3594970703125,-11.310820579528809,83.71025848388672,generated_videos/surface_grid_5_hard.mp4
5282,18,437091,932,837386,-52.767608642578125,-10.783233642578125,83.87379455566406,generated_videos/surface_grid_5_hard.mp4
5283,18,437179,930,833660,-54.56121826171875,-10.571269989013672,84.2601318359375,generated_videos/surface_grid_5_hard.mp4
5284,19,437265,928,831738,-57.097999572753906,-10.406455993652344,87.40113067626953,generated_videos/surface_grid_5_hard.mp4
5285,19,437361,927,834488,-53.78021240234375,-9.675430297851562,87.23103332519531,generated_videos/surface_grid_5_hard.mp4
5286,16,437460,929,835116,-54.56512451171875,-9.599517822265625,87.1053695678711,generated_videos/surface_grid_5_hard.mp4
5287,19,437554,930,831296,-56.47822570800781,-9.557815551757812,87.28575134277344,generated_videos/surface_grid_5_hard.mp4
5288,19,437644,921,828695,-58.76318359375,-9.952068328857422,88.05525207519531,generated_videos/surface_grid_5_hard.mp4
5289,18,437728,909,826388,-58.111785888671875,-10.39034652709961,86.84646606445312,generated_videos/surface_grid_5_hard.mp4
5290,18,437842,929,849620,-54.80580139160156,-9.48529052734375,83.84334564208984,generated_videos/surface_grid_5_hard.mp4
5291,16,437939,919,848476,-55.94683837890625,-9.60809326171875,85.04226684570312,generated_videos/surface_grid_5_hard.mp4
5292,18,438032,901,831702,-58.6610107421875,-10.581210136413574,86.81394958496094,generated_videos/surface_grid_5_hard.mp4
5293,21,438130,896,829115,-57.172515869140625,-10.819374084472656,85.62386322021484,generated_videos/surface_grid_5_hard.mp4
5294,19,438225,895,824639,-58.224639892578125,-11.354278564453125,87.4296875,generated_videos/surface_grid_5_hard.mp4
5295,20,438317,894,827724,-59.857757568359375,-11.597625732421875,88.08868408203125,generated_videos/surface_grid_5_hard.mp4
5296,20,438416,906,834920,-58.935302734375,-10.445556640625,86.12556457519531,generated_videos/surface_grid_5_hard.mp4
5297,20,438505,903,833124,-57.50592041015625,-10.56878662109375,86.46501159667969,generated_videos/surface_grid_5_hard.mp4
5298,20,438606,914,836635,-55.319427490234375,-9.823173522949219,86.37928771972656,generated_videos/surface_grid_5_hard.mp4
5299,18,438692,908,835276,-56.2965087890625,-10.191635131835938,87.26010131835938,generated_videos/surface_grid_5_hard.mp4
5300,19,438788,902,832406,-57.96434020996094,-10.526870727539062,87.85298156738281,generated_videos/surface_grid_5_hard.mp4
5301,16,438882,904,840602,-55.17510986328125,-10.21329116821289,87.93597412109375,generated_videos/surface_grid_5_hard.mp4
5302,19,438973,903,838148,-55.016845703125,-10.31689453125,87.18357849121094,generated_videos/surface_grid_5_hard.mp4
5303,19,439061,901,834080,-55.572998046875,-10.552398681640625,87.00465393066406,generated_videos/surface_grid_5_hard.mp4
5304,20,439154,899,840354,-54.04103088378906,-10.280364990234375,86.78489685058594,generated_videos/surface_grid_5_hard.mp4
5305,15,439246,902,836236,-54.566802978515625,-10.38638687133789,86.67462158203125,generated_videos/surface_grid_5_hard.mp4
5306,19,439330,901,839788,-56.39501953125,-10.189888000488281,86.804931640625,generated_videos/surface_grid_5_hard.mp4
5307,17,439416,903,842094,-55.583099365234375,-9.88201904296875,86.45928192138672,generated_videos/surface_grid_5_hard.mp4
5308,20,439510,904,839664,-54.342498779296875,-9.717634201049805,86.28502655029297,generated_videos/surface_grid_5_hard.mp4
5309,21,439596,901,840749,-54.66729736328125,-9.974395751953125,86.59341430664062,generated_videos/surface_grid_5_hard.mp4
5310,19,439687,904,843295,-54.32676696777344,-9.798553466796875,87.43802642822266,generated_videos/surface_grid_5_hard.mp4
5311,20,439775,907,846960,-52.53643798828125,-9.483154296875,86.28312683105469,generated_videos/surface_grid_5_hard.mp4
5312,19,439873,910,848291,-52.815643310546875,-9.23331069946289,86.51275634765625,generated_videos/surface_grid_5_hard.mp4
5313,19,439962,909,847459,-51.19647216796875,-9.240470886230469,86.41189575195312,generated_videos/surface_grid_5_hard.mp4
5314,17,440059,908,856788,-49.7349853515625,-9.05803108215332,84.95250701904297,generated_videos/surface_grid_5_hard.mp4
5315,16,440149,911,858584,-49.5267333984375,-8.8677978515625,84.85913848876953,generated_videos/surface_grid_5_hard.mp4
5316,17,440252,907,863738,-48.7701416015625,-8.7890625,84.6854476928711,generated_videos/surface_grid_5_hard.mp4
5317,17,440356,908,865226,-48.26316833496094,-8.400371551513672,83.81939697265625,generated_videos/surface_grid_5_hard.mp4
5318,15,440451,908,863362,-46.7852783203125,-8.160709381103516,82.26022338867188,generated_videos/surface_grid_5_hard.mp4
5319,16,440547,896,851413,-48.145751953125,-8.488510131835938,85.01712036132812,generated_videos/surface_grid_5_hard.mp4
5320,16,440642,889,848457,-47.3427734375,-8.700286865234375,83.0085678100586,generated_videos/surface_grid_5_hard.mp4
5321,14,440739,895,855831,-46.96685791015625,-7.569549560546875,83.61359405517578,generated_videos/surface_grid_5_hard.mp4
5322,15,440827,894,853317,-46.835845947265625,-8.0672607421875,83.496337890625,generated_videos/surface_grid_5_hard.mp4
5323,15,440923,895,854029,-46.0909423828125,-7.7930908203125,83.89454650878906,generated_videos/surface_grid_5_hard.mp4
5324,17,441018,898,851157,-45.6732177734375,-7.125152587890625,82.75283813476562,generated_videos/surface_grid_5_hard.mp4
5325,19,441107,891,851604,-45.67919921875,-7.2655029296875,84.04117584228516,generated_videos/surface_grid_5_hard.mp4
5326,17,441205,902,860396,-44.85185241699219,-6.08148193359375,81.7479248046875,generated_videos/surface_grid_5_hard.mp4
5327,16,441304,912,861769,-44.02679443359375,-5.106666564941406,79.8573989868164,generated_videos/surface_grid_5_hard.mp4
5328,19,441397,909,859344,-44.3675537109375,-4.9039306640625,80.09757232666016,generated_videos/surface_grid_5_hard.mp4
5329,21,441488,907,854636,-44.42108154296875,-4.417999267578125,80.3377685546875,generated_videos/surface_grid_5_hard.mp4
5330,19,441587,909,853530,-43.74688720703125,-3.92474365234375,79.66777038574219,generated_videos/surface_grid_5_hard.mp4
5331,19,441685,915,856010,-42.0279541015625,-3.29473876953125,79.044677734375,generated_videos/surface_grid_5_hard.mp4
5332,16,441796,932,867160,-40.63215637207031,-2.0397491455078125,75.55699157714844,generated_videos/surface_grid_5_hard.mp4
5333,17,441895,925,861036,-41.325592041015625,-1.731903076171875,76.24250030517578,generated_videos/surface_grid_5_hard.mp4
5334,24,441985,913,852982,-42.67919921875,-1.4979248046875,77.23855590820312,generated_videos/surface_grid_5_hard.mp4
5335,19,442081,916,860610,-42.429962158203125,-0.962188720703125,76.5201644897461,generated_videos/surface_grid_5_hard.mp4
5336,23,442183,914,859492,-42.414024353027344,-0.5479469299316406,76.51689910888672,generated_videos/surface_grid_5_hard.mp4
5337,19,442271,916,859904,-42.647254943847656,-0.00588226318359375,76.18324279785156,generated_videos/surface_grid_5_hard.mp4
5338,19,442366,919,861923,-42.0389404296875,0.0,75.27299499511719,generated_videos/surface_grid_5_hard.mp4
5339,17,442460,927,864811,-41.372467041015625,0.0,74.51097106933594,generated_videos/surface_grid_5_hard.mp4
5340,21,442557,924,861091,-41.68257141113281,-0.07163524627685547,74.6764144897461,generated_videos/surface_grid_5_hard.mp4
5341,19,442653,926,864117,-41.264892578125,-0.0417022705078125,74.67373657226562,generated_videos/surface_grid_5_hard.mp4
5342,17,442746,927,865690,-41.3653564453125,-0.18189239501953125,74.79298400878906,generated_videos/surface_grid_5_hard.mp4
5343,19,442832,925,862476,-41.58349609375,-0.313232421875,75.09629821777344,generated_videos/surface_grid_5_hard.mp4
5344,17,442923,927,864842,-40.60455322265625,-0.23681640625,74.87086486816406,generated_videos/surface_grid_5_hard.mp4
5345,19,443014,923,863842,-40.587890625,-0.390045166015625,74.8661880493164,generated_videos/surface_grid_5_hard.mp4
5346,20,443103,921,864266,-39.614105224609375,-0.543487548828125,74.83995056152344,generated_videos/surface_grid_5_hard.mp4
5347,19,443193,922,864587,-38.575653076171875,-0.2751007080078125,74.2139663696289,generated_videos/surface_grid_5_hard.mp4
5348,20,443297,927,867329,-37.4990234375,-0.01727294921875,73.29547119140625,generated_videos/surface_grid_5_hard.mp4
5349,20,443388,924,865748,-37.967437744140625,-0.0533599853515625,73.46649169921875,generated_videos/surface_grid_5_hard.mp4
5350,19,443482,929,868956,-35.706787109375,-0.051025390625,73.06678771972656,generated_videos/surface_grid_5_hard.mp4
5351,18,443578,933,871679,-35.567352294921875,-0.012939453125,72.3893814086914,generated_videos/surface_grid_5_hard.mp4
5352,20,443670,932,868749,-35.613525390625,-0.04412841796875,72.28411865234375,generated_videos/surface_grid_5_hard.mp4
5353,18,443760,932,873712,-35.716583251953125,-0.011566162109375,72.36689758300781,generated_videos/surface_grid_5_hard.mp4
5354,19,443851,934,872306,-35.38182067871094,-0.01117706298828125,71.65396118164062,generated_videos/surface_grid_5_hard.mp4
5355,17,443949,933,873174,-35.42950439453125,-0.01434326171875,71.976318359375,generated_videos/surface_grid_5_hard.mp4
5356,18,444041,931,872538,-35.398345947265625,-0.017333984375,71.99629974365234,generated_videos/surface_grid_5_hard.mp4
5357,17,444133,933,874152,-35.44366455078125,-0.0037841796875,71.41876220703125,generated_videos/surface_grid_5_hard.mp4
5358,23,444224,932,870376,-35.508575439453125,-0.05522584915161133,71.72383117675781,generated_videos/surface_grid_5_hard.mp4
5359,19,444320,937,874214,-35.40130615234375,-0.0167236328125,71.3780746459961,generated_videos/surface_grid_5_hard.mp4
5360,21,444415,932,869140,-35.602020263671875,-0.0151824951171875,71.89599609375,generated_videos/surface_grid_5_hard.mp4
5361,21,444508,932,868376,-35.54356384277344,-0.1023712158203125,72.10591125488281,generated_videos/surface_grid_5_hard.mp4
5362,20,444607,937,872548,-35.394439697265625,-0.11260986328125,71.06217193603516,generated_videos/surface_grid_5_hard.mp4
5363,20,444702,935,869023,-35.27081298828125,-0.16168212890625,71.27190399169922,generated_videos/surface_grid_5_hard.mp4
5364,20,444788,941,872979,-35.203125,-0.08966064453125,70.49382019042969,generated_videos/surface_grid_5_hard.mp4
5365,20,444866,936,865748,-35.32769775390625,0.0,71.03819274902344,generated_videos/surface_grid_5_hard.mp4
5366,20,444946,931,862002,-35.9425048828125,0.0,72.23924255371094,generated_videos/surface_grid_5_hard.mp4
5367,15,445029,934,864356,-35.58984375,0.0,71.741455078125,generated_videos/surface_grid_5_hard.mp4
5368,16,445112,936,863357,-35.388824462890625,0.0,71.42354583740234,generated_videos/surface_grid_5_hard.mp4
5369,17,445195,938,862763,-35.347442626953125,0.0,70.91963195800781,generated_videos/surface_grid_5_hard.mp4
5370,17,445272,938,864725,-35.299346923828125,0.0,70.50775146484375,generated_videos/surface_grid_5_hard.mp4
5371,19,445353,932,860821,-35.656402587890625,0.0,71.69488525390625,generated_videos/surface_grid_5_hard.mp4
5372,19,445433,934,861699,-35.43267822265625,0.0,70.90663146972656,generated_videos/surface_grid_5_hard.mp4
5373,17,445514,936,863027,-35.33122253417969,0.0,70.35812377929688,generated_videos/surface_grid_5_hard.mp4
5374,17,445593,934,863461,-35.38653564453125,0.0,70.8912353515625,generated_videos/surface_grid_5_hard.mp4
5375,17,445675,932,860771,-35.329132080078125,0.0,70.88619232177734,generated_videos/surface_grid_5_hard.mp4
5376,17,445756,932,865059,-35.3262939453125,0.0,70.86920166015625,generated_videos/surface_grid_5_hard.mp4
5377,15,445836,935,868857,-35.276458740234375,0.0,70.59040832519531,generated_videos/surface_grid_5_hard.mp4
5378,14,445913,935,869253,-35.2764892578125,0.0,70.57694244384766,generated_videos/surface_grid_5_hard.mp4
5379,15,445990,932,867369,-35.32170104980469,0.0,70.85408782958984,generated_videos/surface_grid_5_hard.mp4
5380,16,446069,929,865015,-35.434326171875,0.0,71.55497741699219,generated_videos/surface_grid_5_hard.mp4
5381,17,446147,930,866063,-35.39202880859375,0.0,71.32492065429688,generated_videos/surface_grid_5_hard.mp4
5382,18,446229,928,861929,-35.31706237792969,0.0,70.96604919433594,generated_videos/surface_grid_5_hard.mp4
5383,19,446305,927,860737,-35.3472900390625,0.0,71.0891342163086,generated_videos/surface_grid_5_hard.mp4
5384,17,446381,926,861253,-35.38340759277344,0.0,71.28646850585938,generated_videos/surface_grid_5_hard.mp4
5385,17,446460,928,861657,-35.30841064453125,0.0,71.03733825683594,generated_videos/surface_grid_5_hard.mp4
5386,18,446542,929,861859,-34.30712890625,0.0,70.97528076171875,generated_videos/surface_grid_5_hard.mp4
5387,22,446618,925,859689,-35.27447509765625,0.0,71.12771606445312,generated_videos/surface_grid_5_hard.mp4
5388,17,446703,931,865339,-33.75146484375,0.0,70.39873504638672,generated_videos/surface_grid_5_hard.mp4
5389,17,446784,928,863978,-33.9991455078125,0.0,70.41996765136719,generated_videos/surface_grid_5_hard.mp4
5390,18,446861,926,862859,-34.74046325683594,-3.0517578125e-05,70.83575439453125,generated_videos/surface_grid_5_hard.mp4
5391,19,446939,923,859445,-35.26165771484375,0.0,71.0919418334961,generated_videos/surface_grid_5_hard.mp4
5392,18,447014,923,859285,-35.275115966796875,0.0,71.09038543701172,generated_videos/surface_grid_5_hard.mp4
5393,18,447097,927,866100,-33.7548828125,0.0,69.96995544433594,generated_videos/surface_grid_5_hard.mp4
5394,19,447174,924,863830,-34.74073791503906,-0.00054931640625,70.47158813476562,generated_videos/surface_grid_5_hard.mp4
